{"data_name": "AirfoilSelfNoise", "n_neighbors": 20, "level": 0.95, "random_state": 409, "test_size": 0.2, "n": 1503, "d": 5, "oob_score": 0.9331783621437999, "test_score": 0.9445501239986087, "coverage": 0.9501661129568106, "width_mean": 0.817022411610385, "width_sd": 0.3318968169235569, "width_min": 0.2287380146918414, "width_q1": 0.5826305194159573, "width_q2": 0.7772902909208139, "width_q3": 0.9662035657609731, "width_max": 2.606613789645279}