{"data_name": "AirfoilSelfNoise", "n_neighbors": 50, "level": 0.9, "random_state": 3657, "test_size": 0.2, "n": 1503, "d": 5, "oob_score": 0.932848671829512, "test_score": 0.929925861633084, "coverage": 0.9136212624584718, "width_mean": 0.8263882238571313, "width_sd": 0.12438805455232775, "width_min": 0.5377414361108098, "width_q1": 0.7825702722770111, "width_q2": 0.8230458039261224, "width_q3": 0.8691780041392606, "width_max": 1.704096692516275}