{"data_name": "AirfoilSelfNoise", "n_neighbors": 10, "level": 0.95, "random_state": 1824, "test_size": 0.2, "n": 1503, "d": 5, "oob_score": 0.935499682081493, "test_score": 0.9395852106156674, "coverage": 0.9102990033222591, "width_mean": 0.6657774140562711, "width_sd": 0.30332667816691183, "width_min": 0.1438891853720985, "width_q1": 0.45910937284919595, "width_q2": 0.6046930212576171, "width_q3": 0.8339863284422133, "width_max": 2.114794368913774}