{"data_name": "AirfoilSelfNoise", "n_neighbors": 1000, "level": 0.95, "random_state": 1424, "test_size": 0.2, "n": 1503, "d": 5, "oob_score": 0.929046567599568, "test_score": 0.9399693958691046, "coverage": 0.973421926910299, "width_mean": 1.0880298087129634, "width_sd": 0.0029489565676927456, "width_min": 1.0843232746095155, "width_q1": 1.085424087490063, "width_q2": 1.0894637879590743, "width_q3": 1.0894637879590743, "width_max": 1.1040328618738058}