{"data_name": "AirfoilSelfNoise", "n_neighbors": 5, "level": 0.8, "random_state": 8935, "test_size": 0.2, "n": 1503, "d": 5, "oob_score": 0.9249563570694352, "test_score": 0.9522831430277262, "coverage": 0.7641196013289037, "width_mean": 0.422799631083973, "width_sd": 0.26101154990067804, "width_min": 0.0759343760484763, "width_q1": 0.2547019111129776, "width_q2": 0.36095394400628167, "width_q3": 0.5387614955791247, "width_max": 2.2378516375128976}