{"data_name": "AirfoilSelfNoise", "n_neighbors": 50, "level": 0.99, "random_state": 409, "test_size": 0.2, "n": 1503, "d": 5, "oob_score": 0.9331783621437999, "test_score": 0.9445501239986087, "coverage": 0.9900332225913622, "width_mean": 1.2793398029946004, "width_sd": 0.2777218787013532, "width_min": 0.6532466023048414, "width_q1": 1.1295814757653062, "width_q2": 1.2219044345709413, "width_q3": 1.4624561349115233, "width_max": 2.638617157511483}