{"data_name": "AirfoilSelfNoise", "n_neighbors": 1000, "level": 0.99, "random_state": 8935, "test_size": 0.2, "n": 1503, "d": 5, "oob_score": 0.9249563570694352, "test_score": 0.9522831430277262, "coverage": 1.0, "width_mean": 1.7805699286272967, "width_sd": 0.0003201718231461478, "width_min": 1.7750243899788858, "width_q1": 1.7805884137561245, "width_q2": 1.7805884137561248, "width_q3": 1.7805884137561248, "width_max": 1.7805884137561248}