{"data_name": "AirfoilSelfNoise", "n_neighbors": 10, "level": 0.9, "random_state": 4012, "test_size": 0.2, "n": 1503, "d": 5, "oob_score": 0.9340642128419144, "test_score": 0.9418699770188035, "coverage": 0.8970099667774086, "width_mean": 0.6391198386572374, "width_sd": 0.3004259373774077, "width_min": 0.15137512628285577, "width_q1": 0.40773214179273265, "width_q2": 0.5978000075937842, "width_q3": 0.8053676707049041, "width_max": 1.777841226391268}