{"data_name": "AirfoilSelfNoise", "n_neighbors": 20, "level": 0.99, "random_state": 3657, "test_size": 0.2, "n": 1503, "d": 5, "oob_score": 0.932848671829512, "test_score": 0.929925861633084, "coverage": 0.9601328903654485, "width_mean": 0.9982194405457145, "width_sd": 0.3509484699645526, "width_min": 0.30724310679069855, "width_q1": 0.8035173606926631, "width_q2": 0.9508930175358603, "width_q3": 1.1406726106432843, "width_max": 2.4211593924160786}