{"data_name": "AirfoilSelfNoise", "n_neighbors": 20, "level": 0.9, "random_state": 3657, "test_size": 0.2, "n": 1503, "d": 5, "oob_score": 0.932848671829512, "test_score": 0.929925861633084, "coverage": 0.9003322259136213, "width_mean": 0.7435521482304073, "width_sd": 0.28055999460546005, "width_min": 0.2761571752825781, "width_q1": 0.5605555402118355, "width_q2": 0.7253316475451581, "width_q3": 0.8823467964307522, "width_max": 2.125663523985625}