{"data_name": "AirfoilSelfNoise", "n_neighbors": 10, "level": 0.99, "random_state": 3657, "test_size": 0.2, "n": 1503, "d": 5, "oob_score": 0.932848671829512, "test_score": 0.929925861633084, "coverage": 0.9036544850498339, "width_mean": 0.7730907431276296, "width_sd": 0.3954130647781282, "width_min": 0.1339984502664331, "width_q1": 0.485651265797747, "width_q2": 0.68774898545326, "width_q3": 0.9553717924127741, "width_max": 2.3836773268934777}