{"data_name": "AirfoilSelfNoise", "n_neighbors": "all", "level": 0.95, "random_state": 8935, "test_size": 0.2, "n": 1503, "d": 5, "oob_score": 0.9249563570694352, "test_score": 0.9522831430277262, "coverage": 0.9601328903654485, "width_mean": 1.0498727081781214, "width_sd": 2.220446049250313e-16, "width_min": 1.0498727081781216, "width_q1": 1.0498727081781216, "width_q2": 1.0498727081781216, "width_q3": 1.0498727081781216, "width_max": 1.0498727081781216}