{"data_name": "AirfoilSelfNoise", "n_neighbors": "all", "level": 0.8, "random_state": 3657, "test_size": 0.2, "n": 1503, "d": 5, "oob_score": 0.932848671829512, "test_score": 0.929925861633084, "coverage": 0.7973421926910299, "width_mean": 0.5619884994156695, "width_sd": 1.0278667914282462e-16, "width_min": 0.5619884994156694, "width_q1": 0.5619884994156696, "width_q2": 0.5619884994156696, "width_q3": 0.5619884994156696, "width_max": 0.5619884994156696}