{"data_name": "AirfoilSelfNoise", "n_neighbors": 10, "level": 0.9, "random_state": 3657, "test_size": 0.2, "n": 1503, "d": 5, "oob_score": 0.932848671829512, "test_score": 0.929925861633084, "coverage": 0.8604651162790697, "width_mean": 0.6434137747124133, "width_sd": 0.31761074143710166, "width_min": 0.11442121933853544, "width_q1": 0.4163225943541339, "width_q2": 0.5757425487992825, "width_q3": 0.7835211323459056, "width_max": 2.170957898918093}