{"data_name": "AirfoilSelfNoise", "n_neighbors": 10, "level": 0.95, "random_state": 1424, "test_size": 0.2, "n": 1503, "d": 5, "oob_score": 0.929046567599568, "test_score": 0.9399693958691046, "coverage": 0.920265780730897, "width_mean": 0.7242634605420597, "width_sd": 0.32372475969776915, "width_min": 0.1894515753849737, "width_q1": 0.49028827641136563, "width_q2": 0.6792162537122948, "width_q3": 0.9075255464908263, "width_max": 2.3107618219065795}