{"data_name": "AirfoilSelfNoise", "n_neighbors": 500, "level": 0.99, "random_state": 9674, "test_size": 0.2, "n": 1503, "d": 5, "oob_score": 0.9322529953959641, "test_score": 0.9414652569945038, "coverage": 0.9900332225913622, "width_mean": 1.565826924325969, "width_sd": 0.03556138025598518, "width_min": 1.5471461047570898, "width_q1": 1.54714610475709, "width_q2": 1.5471461047570902, "width_q3": 1.5721376207076547, "width_max": 1.931507884337151}