{"data_name": "AirfoilSelfNoise", "n_neighbors": 100, "level": 0.8, "random_state": 1679, "test_size": 0.2, "n": 1503, "d": 5, "oob_score": 0.931531925032759, "test_score": 0.9210163297142773, "coverage": 0.7641196013289037, "width_mean": 0.49100212789997716, "width_sd": 0.04168188636473998, "width_min": 0.41427872998018217, "width_q1": 0.4657395251524898, "width_q2": 0.4879056049790066, "width_q3": 0.517157400469473, "width_max": 0.6140527066392059}