{"data_name": "AirfoilSelfNoise", "n_neighbors": 500, "level": 0.8, "random_state": 4506, "test_size": 0.2, "n": 1503, "d": 5, "oob_score": 0.9290266085493077, "test_score": 0.9539994008817684, "coverage": 0.8338870431893688, "width_mean": 0.5678117579892519, "width_sd": 0.007501430401038083, "width_min": 0.5520947585970664, "width_q1": 0.5622344048305972, "width_q2": 0.5679510487034829, "width_q3": 0.5732185646528722, "width_max": 0.5906047979431387}