{"data_name": "AirfoilSelfNoise", "n_neighbors": 1000, "level": 0.9, "random_state": 4012, "test_size": 0.2, "n": 1503, "d": 5, "oob_score": 0.9340642128419144, "test_score": 0.9418699770188035, "coverage": 0.9069767441860465, "width_mean": 0.8266209530747421, "width_sd": 0.004611255995909689, "width_min": 0.8168728032526672, "width_q1": 0.8236272216654954, "width_q2": 0.8236272216654955, "width_q3": 0.8314977316682295, "width_max": 0.8401344503838601}