{"data_name": "AirfoilSelfNoise", "n_neighbors": 200, "level": 0.8, "random_state": 8935, "test_size": 0.2, "n": 1503, "d": 5, "oob_score": 0.9249563570694352, "test_score": 0.9522831430277262, "coverage": 0.840531561461794, "width_mean": 0.5711629046088673, "width_sd": 0.03135741454748178, "width_min": 0.5146847624418535, "width_q1": 0.5489172540291378, "width_q2": 0.5575924306775414, "width_q3": 0.5933829052371946, "width_max": 0.7050578022425666}