{"data_name": "AirfoilSelfNoise", "n_neighbors": "all", "level": 0.9, "random_state": 1679, "test_size": 0.2, "n": 1503, "d": 5, "oob_score": 0.931531925032759, "test_score": 0.9210163297142773, "coverage": 0.9136212624584718, "width_mean": 0.8416335271465378, "width_sd": 2.0397354129751008e-16, "width_min": 0.8416335271465374, "width_q1": 0.8416335271465376, "width_q2": 0.8416335271465376, "width_q3": 0.8416335271465377, "width_max": 0.8416335271465378}