{"data_name": "AirfoilSelfNoise", "n_neighbors": 5, "level": 0.99, "random_state": 4506, "test_size": 0.2, "n": 1503, "d": 5, "oob_score": 0.9290266085493077, "test_score": 0.9539994008817684, "coverage": 0.8106312292358804, "width_mean": 0.5520256474577742, "width_sd": 0.3267818825084044, "width_min": 0.06967438175948748, "width_q1": 0.31979663123336266, "width_q2": 0.4724118185285036, "width_q3": 0.7040283722444935, "width_max": 2.1196684312455316}