{"data_name": "AirfoilSelfNoise", "n_neighbors": 500, "level": 0.99, "random_state": 8935, "test_size": 0.2, "n": 1503, "d": 5, "oob_score": 0.9249563570694352, "test_score": 0.9522831430277262, "coverage": 1.0, "width_mean": 1.9046935804012537, "width_sd": 0.012787023641445568, "width_min": 1.7916357565053262, "width_q1": 1.9045787455704697, "width_q2": 1.9045787455704697, "width_q3": 1.9045787455704697, "width_max": 2.0518281627224866}