{"data_name": "AirfoilSelfNoise", "n_neighbors": 200, "level": 0.99, "random_state": 4012, "test_size": 0.2, "n": 1503, "d": 5, "oob_score": 0.9340642128419144, "test_score": 0.9418699770188035, "coverage": 0.9933554817275747, "width_mean": 1.5386590529640114, "width_sd": 0.04727001993316765, "width_min": 1.5268235880648668, "width_q1": 1.5268235880648673, "width_q2": 1.5268235880648673, "width_q3": 1.5268235880648673, "width_max": 2.046146614306747}