{"data_name": "AirfoilSelfNoise", "n_neighbors": 5, "level": 0.9, "random_state": 409, "test_size": 0.2, "n": 1503, "d": 5, "oob_score": 0.9331783621437999, "test_score": 0.9445501239986087, "coverage": 0.770764119601329, "width_mean": 0.46567615334532964, "width_sd": 0.2993116597791672, "width_min": 0.06450308938487481, "width_q1": 0.27990672754048074, "width_q2": 0.37847228567059976, "width_q3": 0.5776695245345889, "width_max": 2.1227847379531317}