{"data_name": "AirfoilSelfNoise", "n_neighbors": 200, "level": 0.9, "random_state": 9674, "test_size": 0.2, "n": 1503, "d": 5, "oob_score": 0.9322529953959641, "test_score": 0.9414652569945038, "coverage": 0.9136212624584718, "width_mean": 0.7463326812607549, "width_sd": 0.03145833498660858, "width_min": 0.6881191834431134, "width_q1": 0.7284429420380405, "width_q2": 0.7366973181783811, "width_q3": 0.7677281243130275, "width_max": 0.9062132326711814}