{"data_name": "AirfoilSelfNoise", "n_neighbors": 100, "level": 0.99, "random_state": 2286, "test_size": 0.2, "n": 1503, "d": 5, "oob_score": 0.9304107233218608, "test_score": 0.9240071624225819, "coverage": 0.9867109634551495, "width_mean": 1.3530219452820926, "width_sd": 0.21365408911196626, "width_min": 1.1457280065654658, "width_q1": 1.1900127552464586, "width_q2": 1.300971931310766, "width_q3": 1.4525411362312408, "width_max": 2.537031412407245}