{"data_name": "AirfoilSelfNoise", "n_neighbors": 200, "level": 0.8, "random_state": 9674, "test_size": 0.2, "n": 1503, "d": 5, "oob_score": 0.9322529953959641, "test_score": 0.9414652569945038, "coverage": 0.8239202657807309, "width_mean": 0.565020853313448, "width_sd": 0.020800281733100993, "width_min": 0.4892395961410219, "width_q1": 0.5541424760337799, "width_q2": 0.5644103183205996, "width_q3": 0.5779734901313209, "width_max": 0.6292735935566804}