{"data_name": "AirfoilSelfNoise", "n_neighbors": 1000, "level": 0.9, "random_state": 4506, "test_size": 0.2, "n": 1503, "d": 5, "oob_score": 0.9290266085493077, "test_score": 0.9539994008817684, "coverage": 0.9235880398671097, "width_mean": 0.80858902310377, "width_sd": 0.004503116018014978, "width_min": 0.8026254607505936, "width_q1": 0.8043916549519007, "width_q2": 0.8106755100714962, "width_q3": 0.8127513430515019, "width_max": 0.8173992541609414}