{"data_name": "AirfoilSelfNoise", "n_neighbors": 20, "level": 0.95, "random_state": 4506, "test_size": 0.2, "n": 1503, "d": 5, "oob_score": 0.9290266085493077, "test_score": 0.9539994008817684, "coverage": 0.9534883720930233, "width_mean": 0.7727025421193563, "width_sd": 0.2952869655275953, "width_min": 0.30526279100817755, "width_q1": 0.5467369666976551, "width_q2": 0.747026660307959, "width_q3": 0.9032131807720716, "width_max": 2.072979312614592}