{"data_name": "AirfoilSelfNoise", "n_neighbors": 5, "level": 0.95, "random_state": 8935, "test_size": 0.2, "n": 1503, "d": 5, "oob_score": 0.9249563570694352, "test_score": 0.9522831430277262, "coverage": 0.8172757475083057, "width_mean": 0.5235080486051493, "width_sd": 0.33190251118340497, "width_min": 0.10840031628003333, "width_q1": 0.31448378295282176, "width_q2": 0.43636053596032504, "width_q3": 0.6736078278142377, "width_max": 3.007952432480552}