{"data_name": "AirfoilSelfNoise", "n_neighbors": 100, "level": 0.95, "random_state": 9674, "test_size": 0.2, "n": 1503, "d": 5, "oob_score": 0.9322529953959641, "test_score": 0.9414652569945038, "coverage": 0.9601328903654485, "width_mean": 0.892198604961432, "width_sd": 0.09533633199524727, "width_min": 0.7753814014908404, "width_q1": 0.8401654468443864, "width_q2": 0.8722615356353416, "width_q3": 0.9255044758117972, "width_max": 1.6102255993733983}