{"data_name": "AirfoilSelfNoise", "n_neighbors": 200, "level": 0.95, "random_state": 8935, "test_size": 0.2, "n": 1503, "d": 5, "oob_score": 0.9249563570694352, "test_score": 0.9522831430277262, "coverage": 0.9534883720930233, "width_mean": 1.0375865123985462, "width_sd": 0.06828190050710516, "width_min": 0.9427337924128949, "width_q1": 0.9711757226593094, "width_q2": 1.0747741575811547, "width_q3": 1.0956886394806848, "width_max": 1.282904078209183}