{"data_name": "AirfoilSelfNoise", "n_neighbors": 5, "level": 0.95, "random_state": 9674, "test_size": 0.2, "n": 1503, "d": 5, "oob_score": 0.9322529953959641, "test_score": 0.9414652569945038, "coverage": 0.7973421926910299, "width_mean": 0.5065114433202069, "width_sd": 0.328196124680912, "width_min": 0.06578729394700855, "width_q1": 0.27894823141111325, "width_q2": 0.4600476930362849, "width_q3": 0.6269099398871112, "width_max": 2.9695189973079335}