{"data_name": "AirfoilSelfNoise", "n_neighbors": 5, "level": 0.95, "random_state": 409, "test_size": 0.2, "n": 1503, "d": 5, "oob_score": 0.9331783621437999, "test_score": 0.9445501239986087, "coverage": 0.7906976744186046, "width_mean": 0.4958733359118264, "width_sd": 0.31768764420207746, "width_min": 0.06898259920499117, "width_q1": 0.2951940291106976, "width_q2": 0.3940206501651826, "width_q3": 0.6062253832379156, "width_max": 2.2142124999884922}