{"data_name": "AirfoilSelfNoise", "n_neighbors": 200, "level": 0.95, "random_state": 4506, "test_size": 0.2, "n": 1503, "d": 5, "oob_score": 0.9290266085493077, "test_score": 0.9539994008817684, "coverage": 0.973421926910299, "width_mean": 0.9939303186224693, "width_sd": 0.048924736124546356, "width_min": 0.9164299968278097, "width_q1": 0.9695147726063441, "width_q2": 0.977419598707082, "width_q3": 1.0138837468797641, "width_max": 1.2895546963805056}