{"data_name": "AirfoilSelfNoise", "n_neighbors": 50, "level": 0.8, "random_state": 4506, "test_size": 0.2, "n": 1503, "d": 5, "oob_score": 0.9290266085493077, "test_score": 0.9539994008817684, "coverage": 0.8039867109634552, "width_mean": 0.5315347176662104, "width_sd": 0.07252850532806913, "width_min": 0.35156252719676245, "width_q1": 0.48847239236817663, "width_q2": 0.527707989215217, "width_q3": 0.5616878850988887, "width_max": 0.8424685939691628}