{"data_name": "AirfoilSelfNoise", "n_neighbors": 10, "level": 0.8, "random_state": 409, "test_size": 0.2, "n": 1503, "d": 5, "oob_score": 0.9331783621437999, "test_score": 0.9445501239986087, "coverage": 0.7973421926910299, "width_mean": 0.48513978869651553, "width_sd": 0.2574741149067682, "width_min": 0.1220700507995105, "width_q1": 0.3024723558192846, "width_q2": 0.44568912453463194, "width_q3": 0.6135469879299968, "width_max": 2.054991374999169}