{"data_name": "AirfoilSelfNoise", "n_neighbors": 50, "level": 0.99, "random_state": 1824, "test_size": 0.2, "n": 1503, "d": 5, "oob_score": 0.935499682081493, "test_score": 0.9395852106156674, "coverage": 0.9833887043189369, "width_mean": 1.0763295540038869, "width_sd": 0.17844083161411115, "width_min": 0.735710391400717, "width_q1": 0.9796746155830425, "width_q2": 1.0240775419708852, "width_q3": 1.1736269170406373, "width_max": 2.0992544777024547}