{"data_name": "AirfoilSelfNoise", "n_neighbors": 200, "level": 0.95, "random_state": 2286, "test_size": 0.2, "n": 1503, "d": 5, "oob_score": 0.9304107233218608, "test_score": 0.9240071624225819, "coverage": 0.9501661129568106, "width_mean": 1.0302725681794858, "width_sd": 0.05010491766667264, "width_min": 0.9611652763914947, "width_q1": 1.0099205337797657, "width_q2": 1.0099205337797657, "width_q3": 1.0473634674430192, "width_max": 1.3593808416709012}