{"data_name": "AirfoilSelfNoise", "n_neighbors": 5, "level": 0.95, "random_state": 4506, "test_size": 0.2, "n": 1503, "d": 5, "oob_score": 0.9290266085493077, "test_score": 0.9539994008817684, "coverage": 0.7973421926910299, "width_mean": 0.5249967785023438, "width_sd": 0.31028043204665706, "width_min": 0.06688128443030594, "width_q1": 0.3042378795834637, "width_q2": 0.4475851977674683, "width_q3": 0.6782703700284294, "width_max": 2.039188556813591}