{"data_name": "AirfoilSelfNoise", "n_neighbors": 500, "level": 0.9, "random_state": 4012, "test_size": 0.2, "n": 1503, "d": 5, "oob_score": 0.9340642128419144, "test_score": 0.9418699770188035, "coverage": 0.920265780730897, "width_mean": 0.8627190164502534, "width_sd": 0.011974870474340728, "width_min": 0.8391951375740738, "width_q1": 0.8528358873445225, "width_q2": 0.8637765150725809, "width_q3": 0.8678581885203924, "width_max": 0.8928146481049275}