{"data_name": "AirfoilSelfNoise", "n_neighbors": "all", "level": 0.95, "random_state": 409, "test_size": 0.2, "n": 1503, "d": 5, "oob_score": 0.9331783621437999, "test_score": 0.9445501239986087, "coverage": 0.9601328903654485, "width_mean": 1.0255143364429795, "width_sd": 4.0147132089184813e-16, "width_min": 1.025514336442979, "width_q1": 1.025514336442979, "width_q2": 1.025514336442979, "width_q3": 1.025514336442979, "width_max": 1.0255143364429795}