{"data_name": "AirfoilSelfNoise", "n_neighbors": 20, "level": 0.95, "random_state": 3657, "test_size": 0.2, "n": 1503, "d": 5, "oob_score": 0.932848671829512, "test_score": 0.929925861633084, "coverage": 0.9401993355481728, "width_mean": 0.8850339772944665, "width_sd": 0.30808789761145544, "width_min": 0.2963914330962124, "width_q1": 0.6999280570324045, "width_q2": 0.8812149130625935, "width_q3": 1.0081131618212817, "width_max": 2.2898278953358764}