{"data_name": "AirfoilSelfNoise", "n_neighbors": "auto", "level": 0.99, "random_state": 409, "test_size": 0.2, "n": 1503, "d": 5, "oob_score": 0.9331783621437999, "test_score": 0.9445501239986087, "coverage": 0.9601328903654485, "width_mean": 0.8687673973502175, "width_sd": 0.40898669080934313, "width_min": 0.20540763583155575, "width_q1": 0.5794369343445657, "width_q2": 0.8167698355185035, "width_q3": 1.0639006890540474, "width_max": 2.6615760953285426}