{"data_name": "AirfoilSelfNoise", "n_neighbors": 20, "level": 0.9, "random_state": 4012, "test_size": 0.2, "n": 1503, "d": 5, "oob_score": 0.9340642128419144, "test_score": 0.9418699770188035, "coverage": 0.9136212624584718, "width_mean": 0.7900444249327746, "width_sd": 0.289214076364134, "width_min": 0.23403028290572592, "width_q1": 0.5689394460607934, "width_q2": 0.766929099029273, "width_q3": 0.9819777125525719, "width_max": 1.8205100153405764}