{"data_name": "AirfoilSelfNoise", "n_neighbors": "auto", "level": 0.99, "random_state": 1824, "test_size": 0.2, "n": 1503, "d": 5, "oob_score": 0.935499682081493, "test_score": 0.9395852106156674, "coverage": 0.9601328903654485, "width_mean": 0.8311461469413678, "width_sd": 0.3236399922887801, "width_min": 0.25206343037548384, "width_q1": 0.5990976005628524, "width_q2": 0.7650401646294913, "width_q3": 1.0301603375275237, "width_max": 2.223573607393023}