{"data_name": "AirfoilSelfNoise", "n_neighbors": "auto", "level": 0.8, "random_state": 2286, "test_size": 0.2, "n": 1503, "d": 5, "oob_score": 0.9304107233218608, "test_score": 0.9240071624225819, "coverage": 0.8305647840531561, "width_mean": 0.5560564175557142, "width_sd": 0.25342621553244454, "width_min": 0.1550766397693667, "width_q1": 0.3719567052108881, "width_q2": 0.5190646559627621, "width_q3": 0.6951371783569846, "width_max": 1.873371103209848}