{"data_name": "AirfoilSelfNoise", "n_neighbors": 1000, "level": 0.99, "random_state": 4506, "test_size": 0.2, "n": 1503, "d": 5, "oob_score": 0.9290266085493077, "test_score": 0.9539994008817684, "coverage": 0.9966777408637874, "width_mean": 1.5710318742779257, "width_sd": 0.0052061933702744504, "width_min": 1.5701716108146915, "width_q1": 1.5701716108146915, "width_q2": 1.5701716108146917, "width_q3": 1.570171610814692, "width_max": 1.6025390236188812}