{"data_name": "AirfoilSelfNoise", "n_neighbors": 1000, "level": 0.9, "random_state": 8935, "test_size": 0.2, "n": 1503, "d": 5, "oob_score": 0.9249563570694352, "test_score": 0.9522831430277262, "coverage": 0.9235880398671097, "width_mean": 0.8389357226290987, "width_sd": 0.0022198014200438656, "width_min": 0.8330214990809623, "width_q1": 0.8386507655930544, "width_q2": 0.8386507655930544, "width_q3": 0.8386507655930546, "width_max": 0.8508479519521094}