{"data_name": "AirfoilSelfNoise", "n_neighbors": 200, "level": 0.99, "random_state": 4506, "test_size": 0.2, "n": 1503, "d": 5, "oob_score": 0.9290266085493077, "test_score": 0.9539994008817684, "coverage": 0.9933554817275747, "width_mean": 1.4367724542375364, "width_sd": 0.09008199279111967, "width_min": 1.3288098614865709, "width_q1": 1.328809861486571, "width_q2": 1.4428572668951891, "width_q3": 1.5148242348322534, "width_max": 1.8566254403394202}