{"data_name": "AirfoilSelfNoise", "n_neighbors": 50, "level": 0.95, "random_state": 1679, "test_size": 0.2, "n": 1503, "d": 5, "oob_score": 0.931531925032759, "test_score": 0.9210163297142773, "coverage": 0.9767441860465116, "width_mean": 1.0178916444234785, "width_sd": 0.1531678272504482, "width_min": 0.7478070257818002, "width_q1": 0.9619722392815624, "width_q2": 0.976894737459082, "width_q3": 1.0280852315559201, "width_max": 2.108798496767389}