{"data_name": "AirfoilSelfNoise", "n_neighbors": 5, "level": 0.9, "random_state": 1679, "test_size": 0.2, "n": 1503, "d": 5, "oob_score": 0.931531925032759, "test_score": 0.9210163297142773, "coverage": 0.8471760797342193, "width_mean": 0.5314373317305009, "width_sd": 0.33503869067414666, "width_min": 0.04363810263732293, "width_q1": 0.30535849922706926, "width_q2": 0.4385380064554031, "width_q3": 0.6831099608466861, "width_max": 2.2611036482446916}