{"data_name": "AirfoilSelfNoise", "n_neighbors": 500, "level": 0.95, "random_state": 1424, "test_size": 0.2, "n": 1503, "d": 5, "oob_score": 0.929046567599568, "test_score": 0.9399693958691046, "coverage": 0.9767441860465116, "width_mean": 1.1380207166129612, "width_sd": 0.011320350214739263, "width_min": 1.119472030170128, "width_q1": 1.1331773875578057, "width_q2": 1.133177387557806, "width_q3": 1.140441378917727, "width_max": 1.1890041455756784}