{"data_name": "AirfoilSelfNoise", "n_neighbors": "auto", "level": 0.95, "random_state": 8935, "test_size": 0.2, "n": 1503, "d": 5, "oob_score": 0.9249563570694352, "test_score": 0.9522831430277262, "coverage": 0.9401993355481728, "width_mean": 0.8186637480872031, "width_sd": 0.3494670721453967, "width_min": 0.20175899425230703, "width_q1": 0.556886202099308, "width_q2": 0.7732509579016664, "width_q3": 1.0241206670055634, "width_max": 2.9337258985613337}