{"data_name": "AirfoilSelfNoise", "n_neighbors": 500, "level": 0.95, "random_state": 2286, "test_size": 0.2, "n": 1503, "d": 5, "oob_score": 0.9304107233218608, "test_score": 0.9240071624225819, "coverage": 0.946843853820598, "width_mean": 1.074314171764671, "width_sd": 0.015446074835179225, "width_min": 1.0574794191223658, "width_q1": 1.068042524789358, "width_q2": 1.0682075205139407, "width_q3": 1.079155980111492, "width_max": 1.1851662905009142}