{"data_name": "AirfoilSelfNoise", "n_neighbors": 200, "level": 0.9, "random_state": 4506, "test_size": 0.2, "n": 1503, "d": 5, "oob_score": 0.9290266085493077, "test_score": 0.9539994008817684, "coverage": 0.9136212624584718, "width_mean": 0.743751419323767, "width_sd": 0.03204415771512148, "width_min": 0.6820031540868449, "width_q1": 0.7286358255369814, "width_q2": 0.7350788049618502, "width_q3": 0.7576748463908931, "width_max": 0.9030145963898597}