{"data_name": "AirfoilSelfNoise", "n_neighbors": 5, "level": 0.8, "random_state": 2286, "test_size": 0.2, "n": 1503, "d": 5, "oob_score": 0.9304107233218608, "test_score": 0.9240071624225819, "coverage": 0.7508305647840532, "width_mean": 0.4301976826513962, "width_sd": 0.27547788827364056, "width_min": 0.07191093635867618, "width_q1": 0.25197285350100707, "width_q2": 0.3512210828631209, "width_q3": 0.5280000730933989, "width_max": 1.8264442256707831}