{"data_name": "AirfoilSelfNoise", "n_neighbors": 100, "level": 0.9, "random_state": 3657, "test_size": 0.2, "n": 1503, "d": 5, "oob_score": 0.932848671829512, "test_score": 0.929925861633084, "coverage": 0.8970099667774086, "width_mean": 0.8088927209652149, "width_sd": 0.052104668043830175, "width_min": 0.7249007959823289, "width_q1": 0.7791590239458079, "width_q2": 0.7946581856764985, "width_q3": 0.8350797715453927, "width_max": 1.2497645646966107}