{"data_name": "AirfoilSelfNoise", "n_neighbors": 1000, "level": 0.99, "random_state": 1424, "test_size": 0.2, "n": 1503, "d": 5, "oob_score": 0.929046567599568, "test_score": 0.9399693958691046, "coverage": 0.9933554817275747, "width_mean": 1.5202889475292845, "width_sd": 0.027146842268614836, "width_min": 1.504872810289104, "width_q1": 1.5048728102891042, "width_q2": 1.5285273876905379, "width_q3": 1.5285273876905379, "width_max": 1.6985526710003072}