{"data_name": "AirfoilSelfNoise", "n_neighbors": "all", "level": 0.99, "random_state": 9674, "test_size": 0.2, "n": 1503, "d": 5, "oob_score": 0.9322529953959641, "test_score": 0.9414652569945038, "coverage": 0.9933554817275747, "width_mean": 1.6032883408049436, "width_sd": 2.220446049250313e-16, "width_min": 1.6032883408049434, "width_q1": 1.6032883408049434, "width_q2": 1.6032883408049434, "width_q3": 1.6032883408049434, "width_max": 1.6032883408049434}