{"data_name": "AirfoilSelfNoise", "n_neighbors": "all", "level": 0.95, "random_state": 1679, "test_size": 0.2, "n": 1503, "d": 5, "oob_score": 0.931531925032759, "test_score": 0.9210163297142773, "coverage": 0.946843853820598, "width_mean": 1.0886383788932543, "width_sd": 3.996311065245188e-16, "width_min": 1.0886383788932545, "width_q1": 1.0886383788932545, "width_q2": 1.0886383788932548, "width_q3": 1.0886383788932548, "width_max": 1.088638378893255}