{"data_name": "AirfoilSelfNoise", "n_neighbors": "auto", "level": 0.99, "random_state": 4012, "test_size": 0.2, "n": 1503, "d": 5, "oob_score": 0.9340642128419144, "test_score": 0.9418699770188035, "coverage": 0.9368770764119602, "width_mean": 0.8927569174260982, "width_sd": 0.3659335793055347, "width_min": 0.21370476939743344, "width_q1": 0.6131635241934364, "width_q2": 0.8456836468744848, "width_q3": 1.1261486313427254, "width_max": 2.204239235089564}