{"data_name": "AirfoilSelfNoise", "n_neighbors": 10, "level": 0.95, "random_state": 1679, "test_size": 0.2, "n": 1503, "d": 5, "oob_score": 0.931531925032759, "test_score": 0.9210163297142773, "coverage": 0.9269102990033222, "width_mean": 0.7397723417154081, "width_sd": 0.3719280448372713, "width_min": 0.17594498831830202, "width_q1": 0.4385580575329606, "width_q2": 0.6813316021056643, "width_q3": 0.9435028166443312, "width_max": 2.345406391488004}