{"data_name": "AirfoilSelfNoise", "n_neighbors": 100, "level": 0.99, "random_state": 8935, "test_size": 0.2, "n": 1503, "d": 5, "oob_score": 0.9249563570694352, "test_score": 0.9522831430277262, "coverage": 0.9867109634551495, "width_mean": 1.3479963690301113, "width_sd": 0.16206102138100137, "width_min": 1.1686489984951438, "width_q1": 1.255315009987809, "width_q2": 1.2990147584110563, "width_q3": 1.3733567352006895, "width_max": 2.668984459434582}