{"data_name": "AirfoilSelfNoise", "n_neighbors": 1000, "level": 0.95, "random_state": 9674, "test_size": 0.2, "n": 1503, "d": 5, "oob_score": 0.9322529953959641, "test_score": 0.9414652569945038, "coverage": 0.9601328903654485, "width_mean": 1.026895584251124, "width_sd": 0.0047578664801712425, "width_min": 1.016893567248671, "width_q1": 1.0262969673256674, "width_q2": 1.0269220448383516, "width_q3": 1.0269220448383518, "width_max": 1.049802834825222}