{"data_name": "AirfoilSelfNoise", "n_neighbors": 500, "level": 0.95, "random_state": 1679, "test_size": 0.2, "n": 1503, "d": 5, "oob_score": 0.931531925032759, "test_score": 0.9210163297142773, "coverage": 0.946843853820598, "width_mean": 1.0820959096780156, "width_sd": 0.007336936338821001, "width_min": 1.071158703191326, "width_q1": 1.0753641443296316, "width_q2": 1.0819065273357142, "width_q3": 1.0864929677853779, "width_max": 1.1032320008992416}