{"data_name": "AirfoilSelfNoise", "n_neighbors": 10, "level": 0.8, "random_state": 3657, "test_size": 0.2, "n": 1503, "d": 5, "oob_score": 0.932848671829512, "test_score": 0.929925861633084, "coverage": 0.7906976744186046, "width_mean": 0.49932825425106214, "width_sd": 0.2537588348061035, "width_min": 0.09266874052976015, "width_q1": 0.3430009889270941, "width_q2": 0.4389530441263906, "width_q3": 0.5668758564593783, "width_max": 1.961336374806046}