{"data_name": "AirfoilSelfNoise", "n_neighbors": 20, "level": 0.9, "random_state": 1824, "test_size": 0.2, "n": 1503, "d": 5, "oob_score": 0.935499682081493, "test_score": 0.9395852106156674, "coverage": 0.9136212624584718, "width_mean": 0.6881910484012957, "width_sd": 0.24400258837640856, "width_min": 0.30221239154630264, "width_q1": 0.5101098678560356, "width_q2": 0.6456878510862474, "width_q3": 0.8006897420918494, "width_max": 1.551473312503377}