{"data_name": "AirfoilSelfNoise", "n_neighbors": 20, "level": 0.99, "random_state": 409, "test_size": 0.2, "n": 1503, "d": 5, "oob_score": 0.9331783621437999, "test_score": 0.9445501239986087, "coverage": 0.9601328903654485, "width_mean": 0.9357199475103948, "width_sd": 0.3902605344646056, "width_min": 0.23586258326693132, "width_q1": 0.6331027438929143, "width_q2": 0.8686805068829656, "width_q3": 1.1518990970530707, "width_max": 2.6594889191633557}