{"data_name": "AirfoilSelfNoise", "n_neighbors": 10, "level": 0.99, "random_state": 2286, "test_size": 0.2, "n": 1503, "d": 5, "oob_score": 0.9304107233218608, "test_score": 0.9240071624225819, "coverage": 0.9269102990033222, "width_mean": 0.7557662230381159, "width_sd": 0.3936408345077557, "width_min": 0.1503971991060189, "width_q1": 0.48040389660054084, "width_q2": 0.6722942376172858, "width_q3": 0.9452498261553626, "width_max": 2.497570721523589}