{"data_name": "AirfoilSelfNoise", "n_neighbors": 200, "level": 0.99, "random_state": 409, "test_size": 0.2, "n": 1503, "d": 5, "oob_score": 0.9331783621437999, "test_score": 0.9445501239986087, "coverage": 1.0, "width_mean": 1.632612665413916, "width_sd": 0.07052643658051118, "width_min": 1.4959298374406735, "width_q1": 1.6189262062736196, "width_q2": 1.6189262062736196, "width_q3": 1.6189262062736198, "width_max": 2.534258349252121}