{"data_name": "AirfoilSelfNoise", "n_neighbors": "auto", "level": 0.95, "random_state": 1824, "test_size": 0.2, "n": 1503, "d": 5, "oob_score": 0.935499682081493, "test_score": 0.9395852106156674, "coverage": 0.9235880398671097, "width_mean": 0.755333852805815, "width_sd": 0.2904705969802725, "width_min": 0.22886468889683265, "width_q1": 0.5504927328266155, "width_q2": 0.69694143838519, "width_q3": 0.9317651513177372, "width_max": 1.9593954568005605}