{"data_name": "AirfoilSelfNoise", "n_neighbors": 500, "level": 0.9, "random_state": 8935, "test_size": 0.2, "n": 1503, "d": 5, "oob_score": 0.9249563570694352, "test_score": 0.9522831430277262, "coverage": 0.9368770764119602, "width_mean": 0.9197196488053667, "width_sd": 0.0074571987183537376, "width_min": 0.902403021079788, "width_q1": 0.9138382184416409, "width_q2": 0.9180775264329739, "width_q3": 0.922772294143319, "width_max": 0.9658996544837843}