{"data_name": "AirfoilSelfNoise", "n_neighbors": "auto", "level": 0.9, "random_state": 1424, "test_size": 0.2, "n": 1503, "d": 5, "oob_score": 0.929046567599568, "test_score": 0.9399693958691046, "coverage": 0.9069767441860465, "width_mean": 0.7165130390033642, "width_sd": 0.2755776243130607, "width_min": 0.22415618005814153, "width_q1": 0.5397833172033673, "width_q2": 0.6827213242319226, "width_q3": 0.8632029930939962, "width_max": 2.2670882933327614}