{"data_name": "AirfoilSelfNoise", "n_neighbors": 100, "level": 0.8, "random_state": 9674, "test_size": 0.2, "n": 1503, "d": 5, "oob_score": 0.9322529953959641, "test_score": 0.9414652569945038, "coverage": 0.8239202657807309, "width_mean": 0.5629022203684373, "width_sd": 0.03384676459290255, "width_min": 0.41044232565739225, "width_q1": 0.5410646309221889, "width_q2": 0.5617308111333575, "width_q3": 0.5788425221512985, "width_max": 0.702682687512065}