{"data_name": "AirfoilSelfNoise", "n_neighbors": 100, "level": 0.99, "random_state": 4012, "test_size": 0.2, "n": 1503, "d": 5, "oob_score": 0.9340642128419144, "test_score": 0.9418699770188035, "coverage": 0.9966777408637874, "width_mean": 1.58351626343133, "width_sd": 0.06903126078581263, "width_min": 1.5628096253005574, "width_q1": 1.5628096253005577, "width_q2": 1.5628096253005577, "width_q3": 1.562809625300558, "width_max": 2.1837308072814023}