{"data_name": "AirfoilSelfNoise", "n_neighbors": 200, "level": 0.95, "random_state": 409, "test_size": 0.2, "n": 1503, "d": 5, "oob_score": 0.9331783621437999, "test_score": 0.9445501239986087, "coverage": 0.9601328903654485, "width_mean": 1.0461598162645567, "width_sd": 0.04841930365996028, "width_min": 0.8760687039889954, "width_q1": 1.0325451822187195, "width_q2": 1.0343969654881822, "width_q3": 1.050022877058642, "width_max": 1.4561115196088412}