{"data_name": "AirfoilSelfNoise", "n_neighbors": "auto", "level": 0.99, "random_state": 3657, "test_size": 0.2, "n": 1503, "d": 5, "oob_score": 0.932848671829512, "test_score": 0.929925861633084, "coverage": 0.9501661129568106, "width_mean": 0.908617606042366, "width_sd": 0.397536126252367, "width_min": 0.29075369374367943, "width_q1": 0.5925775398983305, "width_q2": 0.8807530549086431, "width_q3": 1.1274474070003766, "width_max": 2.4315276685013574}