{"data_name": "AirfoilSelfNoise", "n_neighbors": 100, "level": 0.95, "random_state": 2286, "test_size": 0.2, "n": 1503, "d": 5, "oob_score": 0.9304107233218608, "test_score": 0.9240071624225819, "coverage": 0.9302325581395349, "width_mean": 0.8704903182675484, "width_sd": 0.12178741272562722, "width_min": 0.6876774621282185, "width_q1": 0.7889882086525832, "width_q2": 0.8412199229966102, "width_q3": 0.9176732207004019, "width_max": 1.5866438568454693}