{"data_name": "AirfoilSelfNoise", "n_neighbors": "auto", "level": 0.95, "random_state": 9674, "test_size": 0.2, "n": 1503, "d": 5, "oob_score": 0.9322529953959641, "test_score": 0.9414652569945038, "coverage": 0.920265780730897, "width_mean": 0.7761510719099194, "width_sd": 0.3578599482829601, "width_min": 0.23885069932914238, "width_q1": 0.5584624708767243, "width_q2": 0.6789562550349768, "width_q3": 0.9191690227206332, "width_max": 2.8935422108670883}