{"data_name": "AirfoilSelfNoise", "n_neighbors": 200, "level": 0.8, "random_state": 1679, "test_size": 0.2, "n": 1503, "d": 5, "oob_score": 0.931531925032759, "test_score": 0.9210163297142773, "coverage": 0.7906976744186046, "width_mean": 0.5239601232785575, "width_sd": 0.017606928284406093, "width_min": 0.48695096786852843, "width_q1": 0.5116071652061047, "width_q2": 0.5230648410904719, "width_q3": 0.5356007331168047, "width_max": 0.59024941683512}