{"data_name": "AirfoilSelfNoise", "n_neighbors": "auto", "level": 0.95, "random_state": 4012, "test_size": 0.2, "n": 1503, "d": 5, "oob_score": 0.9340642128419144, "test_score": 0.9418699770188035, "coverage": 0.9335548172757475, "width_mean": 0.7971327652317187, "width_sd": 0.31906369949048163, "width_min": 0.1818079175741658, "width_q1": 0.5548801257413243, "width_q2": 0.7551499408425236, "width_q3": 0.991441900543249, "width_max": 2.0236607787370993}