{"data_name": "AirfoilSelfNoise", "n_neighbors": 500, "level": 0.8, "random_state": 9674, "test_size": 0.2, "n": 1503, "d": 5, "oob_score": 0.9322529953959641, "test_score": 0.9414652569945038, "coverage": 0.8205980066445183, "width_mean": 0.5602250115530991, "width_sd": 0.005720136235677429, "width_min": 0.5423401446774165, "width_q1": 0.5576305859571458, "width_q2": 0.5598577039859353, "width_q3": 0.563157017772464, "width_max": 0.5853095769289387}