{"data_name": "AirfoilSelfNoise", "n_neighbors": 5, "level": 0.95, "random_state": 1424, "test_size": 0.2, "n": 1503, "d": 5, "oob_score": 0.929046567599568, "test_score": 0.9399693958691046, "coverage": 0.8272425249169435, "width_mean": 0.5345110031720862, "width_sd": 0.324548151922957, "width_min": 0.06595830833731708, "width_q1": 0.30427173006440233, "width_q2": 0.46202807953133423, "width_q3": 0.6534284827075918, "width_max": 2.3532650018055836}