{"data_name": "AirfoilSelfNoise", "n_neighbors": 200, "level": 0.8, "random_state": 2286, "test_size": 0.2, "n": 1503, "d": 5, "oob_score": 0.9304107233218608, "test_score": 0.9240071624225819, "coverage": 0.8006644518272426, "width_mean": 0.5620382169671813, "width_sd": 0.0229667588895763, "width_min": 0.5032244784779492, "width_q1": 0.5442328036028601, "width_q2": 0.5605465709013574, "width_q3": 0.5807079524478075, "width_max": 0.6214766867520001}