{"data_name": "AirfoilSelfNoise", "n_neighbors": 50, "level": 0.95, "random_state": 8935, "test_size": 0.2, "n": 1503, "d": 5, "oob_score": 0.9249563570694352, "test_score": 0.9522831430277262, "coverage": 0.9767441860465116, "width_mean": 1.0704778152002685, "width_sd": 0.1403950141695392, "width_min": 0.8340367077761522, "width_q1": 0.9737904026032107, "width_q2": 1.0239056484505726, "width_q3": 1.136416102818378, "width_max": 1.9526081899520267}