{"data_name": "AirfoilSelfNoise", "n_neighbors": 100, "level": 0.9, "random_state": 8935, "test_size": 0.2, "n": 1503, "d": 5, "oob_score": 0.9249563570694352, "test_score": 0.9522831430277262, "coverage": 0.9102990033222591, "width_mean": 0.8038485375532187, "width_sd": 0.051440262622399056, "width_min": 0.7236989606261715, "width_q1": 0.7855210732804596, "width_q2": 0.7976809166367578, "width_q3": 0.8327468635554272, "width_max": 1.127187919230698}