{"data_name": "AirfoilSelfNoise", "n_neighbors": "all", "level": 0.95, "random_state": 3657, "test_size": 0.2, "n": 1503, "d": 5, "oob_score": 0.932848671829512, "test_score": 0.929925861633084, "coverage": 0.9435215946843853, "width_mean": 1.0816694740780117, "width_sd": 1.1589478759441156e-16, "width_min": 1.0816694740780113, "width_q1": 1.0816694740780117, "width_q2": 1.0816694740780117, "width_q3": 1.0816694740780117, "width_max": 1.0816694740780117}