{"data_name": "AirfoilSelfNoise", "n_neighbors": 50, "level": 0.99, "random_state": 8935, "test_size": 0.2, "n": 1503, "d": 5, "oob_score": 0.9249563570694352, "test_score": 0.9522831430277262, "coverage": 0.9867109634551495, "width_mean": 1.3725000486743952, "width_sd": 0.2001764869050172, "width_min": 0.970366760908181, "width_q1": 1.2311231670400369, "width_q2": 1.3581423411672708, "width_q3": 1.3947875402996726, "width_max": 2.9698270038968015}