{"data_name": "AirfoilSelfNoise", "n_neighbors": 5, "level": 0.99, "random_state": 8935, "test_size": 0.2, "n": 1503, "d": 5, "oob_score": 0.9249563570694352, "test_score": 0.9522831430277262, "coverage": 0.8272425249169435, "width_mean": 0.5503636266107964, "width_sd": 0.3519258776665115, "width_min": 0.11418276768520741, "width_q1": 0.32235678563613335, "width_q2": 0.4509638387887557, "width_q3": 0.70535721153157, "width_max": 3.213312644471927}