{"data_name": "AirfoilSelfNoise", "n_neighbors": 500, "level": 0.95, "random_state": 8935, "test_size": 0.2, "n": 1503, "d": 5, "oob_score": 0.9249563570694352, "test_score": 0.9522831430277262, "coverage": 0.9601328903654485, "width_mean": 1.1431380420042225, "width_sd": 0.02238659084727204, "width_min": 1.11778710928033, "width_q1": 1.1298611996923096, "width_q2": 1.1298611996923098, "width_q3": 1.1659859344329142, "width_max": 1.2284697365751365}