{"data_name": "AirfoilSelfNoise", "n_neighbors": 100, "level": 0.9, "random_state": 1424, "test_size": 0.2, "n": 1503, "d": 5, "oob_score": 0.929046567599568, "test_score": 0.9399693958691046, "coverage": 0.9368770764119602, "width_mean": 0.8227843602038464, "width_sd": 0.0891553379318403, "width_min": 0.6095226685233617, "width_q1": 0.7581233552458777, "width_q2": 0.8314558364859712, "width_q3": 0.884037362810285, "width_max": 1.082265057999812}