{"data_name": "AirfoilSelfNoise", "n_neighbors": 50, "level": 0.9, "random_state": 2286, "test_size": 0.2, "n": 1503, "d": 5, "oob_score": 0.9304107233218608, "test_score": 0.9240071624225819, "coverage": 0.8970099667774086, "width_mean": 0.7234096343358123, "width_sd": 0.13607919418244274, "width_min": 0.49405405315394507, "width_q1": 0.6345581029480027, "width_q2": 0.6992100427702386, "width_q3": 0.777986916376842, "width_max": 1.4155259162396816}