{"data_name": "AirfoilSelfNoise", "n_neighbors": 100, "level": 0.99, "random_state": 409, "test_size": 0.2, "n": 1503, "d": 5, "oob_score": 0.9331783621437999, "test_score": 0.9445501239986087, "coverage": 0.9966777408637874, "width_mean": 1.5563553629346156, "width_sd": 0.13087903326349054, "width_min": 1.4175991929104947, "width_q1": 1.516922215660053, "width_q2": 1.5238274495991513, "width_q3": 1.537849669223416, "width_max": 2.603830888091695}