{"data_name": "AirfoilSelfNoise", "n_neighbors": "all", "level": 0.9, "random_state": 409, "test_size": 0.2, "n": 1503, "d": 5, "oob_score": 0.9331783621437999, "test_score": 0.9445501239986087, "coverage": 0.920265780730897, "width_mean": 0.8035733806981067, "width_sd": 1.3589868455355422e-16, "width_min": 0.8035733806981065, "width_q1": 0.8035733806981066, "width_q2": 0.8035733806981066, "width_q3": 0.8035733806981066, "width_max": 0.8035733806981069}