{"data_name": "AirfoilSelfNoise", "n_neighbors": 500, "level": 0.9, "random_state": 409, "test_size": 0.2, "n": 1503, "d": 5, "oob_score": 0.9331783621437999, "test_score": 0.9445501239986087, "coverage": 0.9235880398671097, "width_mean": 0.8411825827115033, "width_sd": 0.009380869412204468, "width_min": 0.8345437027288105, "width_q1": 0.8345437027288107, "width_q2": 0.8366579570272752, "width_q3": 0.8455145090130236, "width_max": 0.890245989289276}