{"data_name": "AirfoilSelfNoise", "n_neighbors": 200, "level": 0.8, "random_state": 1824, "test_size": 0.2, "n": 1503, "d": 5, "oob_score": 0.935499682081493, "test_score": 0.9395852106156674, "coverage": 0.867109634551495, "width_mean": 0.6034888740886292, "width_sd": 0.021623441311147785, "width_min": 0.5650619823049349, "width_q1": 0.5855729111719452, "width_q2": 0.5975018736211644, "width_q3": 0.614266869624144, "width_max": 0.6689554868792188}