{"data_name": "AirfoilSelfNoise", "n_neighbors": "auto", "level": 0.99, "random_state": 9674, "test_size": 0.2, "n": 1503, "d": 5, "oob_score": 0.9322529953959641, "test_score": 0.9414652569945038, "coverage": 0.9269102990033222, "width_mean": 0.8744860228162531, "width_sd": 0.43484987686601384, "width_min": 0.26667568613796805, "width_q1": 0.6183049427735212, "width_q2": 0.7616738097819287, "width_q3": 1.0554284886879697, "width_max": 3.1769648005455027}