{"data_name": "AirfoilSelfNoise", "n_neighbors": 20, "level": 0.95, "random_state": 1824, "test_size": 0.2, "n": 1503, "d": 5, "oob_score": 0.935499682081493, "test_score": 0.9395852106156674, "coverage": 0.9401993355481728, "width_mean": 0.8089127648238228, "width_sd": 0.2630163722966445, "width_min": 0.35127996783147364, "width_q1": 0.6200438504086387, "width_q2": 0.7798414736245319, "width_q3": 0.9635038320936589, "width_max": 1.920545728772257}