{"data_name": "AirfoilSelfNoise", "n_neighbors": 10, "level": 0.8, "random_state": 4012, "test_size": 0.2, "n": 1503, "d": 5, "oob_score": 0.9340642128419144, "test_score": 0.9418699770188035, "coverage": 0.7973421926910299, "width_mean": 0.49957615475437783, "width_sd": 0.2449052222015641, "width_min": 0.09576430177593842, "width_q1": 0.3156814458674871, "width_q2": 0.43722608680539743, "width_q3": 0.6426929641023669, "width_max": 1.5590904410104236}