{"data_name": "AirfoilSelfNoise", "n_neighbors": 500, "level": 0.95, "random_state": 9674, "test_size": 0.2, "n": 1503, "d": 5, "oob_score": 0.9322529953959641, "test_score": 0.9414652569945038, "coverage": 0.9601328903654485, "width_mean": 1.0326212393731478, "width_sd": 0.017288393182421296, "width_min": 1.017366691458318, "width_q1": 1.0188997670727695, "width_q2": 1.0281199384927453, "width_q3": 1.0491465172912968, "width_max": 1.1147633691016428}