{"data_name": "AirfoilSelfNoise", "n_neighbors": 500, "level": 0.8, "random_state": 8935, "test_size": 0.2, "n": 1503, "d": 5, "oob_score": 0.9249563570694352, "test_score": 0.9522831430277262, "coverage": 0.8704318936877077, "width_mean": 0.6587273696025, "width_sd": 0.006402949669518239, "width_min": 0.651646165106093, "width_q1": 0.6537834503734323, "width_q2": 0.6563416222289191, "width_q3": 0.6623089149686456, "width_max": 0.6896663269533273}