{"data_name": "AirfoilSelfNoise", "n_neighbors": "all", "level": 0.8, "random_state": 1424, "test_size": 0.2, "n": 1503, "d": 5, "oob_score": 0.929046567599568, "test_score": 0.9399693958691046, "coverage": 0.7940199335548173, "width_mean": 0.5637321940536226, "width_sd": 1.0397500392874388e-16, "width_min": 0.5637321940536224, "width_q1": 0.5637321940536225, "width_q2": 0.5637321940536226, "width_q3": 0.5637321940536226, "width_max": 0.5637321940536228}