{"data_name": "AirfoilSelfNoise", "n_neighbors": 1000, "level": 0.95, "random_state": 4506, "test_size": 0.2, "n": 1503, "d": 5, "oob_score": 0.9290266085493077, "test_score": 0.9539994008817684, "coverage": 0.9867109634551495, "width_mean": 1.1072081358999344, "width_sd": 0.01210048806364377, "width_min": 1.1016074421154223, "width_q1": 1.1016074421154225, "width_q2": 1.1016074421154225, "width_q3": 1.1016074421154225, "width_max": 1.1387803216209735}