{"data_name": "AirfoilSelfNoise", "n_neighbors": "all", "level": 0.9, "random_state": 1424, "test_size": 0.2, "n": 1503, "d": 5, "oob_score": 0.929046567599568, "test_score": 0.9399693958691046, "coverage": 0.9102990033222591, "width_mean": 0.8434777641811282, "width_sd": 8.043693718065451e-17, "width_min": 0.8434777641811277, "width_q1": 0.8434777641811282, "width_q2": 0.8434777641811282, "width_q3": 0.8434777641811282, "width_max": 0.8434777641811282}