{"data_name": "AirfoilSelfNoise", "n_neighbors": 20, "level": 0.99, "random_state": 8935, "test_size": 0.2, "n": 1503, "d": 5, "oob_score": 0.9249563570694352, "test_score": 0.9522831430277262, "coverage": 0.9667774086378738, "width_mean": 1.0546385545080799, "width_sd": 0.37311118394822335, "width_min": 0.2113474035942957, "width_q1": 0.8076477193278327, "width_q2": 1.0628339281854609, "width_q3": 1.2353700945289803, "width_max": 3.1503325305741297}