{"data_name": "AirfoilSelfNoise", "n_neighbors": 20, "level": 0.8, "random_state": 4012, "test_size": 0.2, "n": 1503, "d": 5, "oob_score": 0.9340642128419144, "test_score": 0.9418699770188035, "coverage": 0.8372093023255814, "width_mean": 0.587580328473193, "width_sd": 0.22090933955712097, "width_min": 0.15099646989679605, "width_q1": 0.4182055349353371, "width_q2": 0.5456828280664201, "width_q3": 0.7277617975381037, "width_max": 1.52162291323034}