{"data_name": "AirfoilSelfNoise", "n_neighbors": 500, "level": 0.9, "random_state": 3657, "test_size": 0.2, "n": 1503, "d": 5, "oob_score": 0.932848671829512, "test_score": 0.929925861633084, "coverage": 0.8770764119601329, "width_mean": 0.7271477503291318, "width_sd": 0.019145372083650084, "width_min": 0.7000327874618812, "width_q1": 0.7103320301813962, "width_q2": 0.719345023849562, "width_q3": 0.7444335055372218, "width_max": 0.7788822865871732}