{"data_name": "AirfoilSelfNoise", "n_neighbors": 200, "level": 0.99, "random_state": 1424, "test_size": 0.2, "n": 1503, "d": 5, "oob_score": 0.929046567599568, "test_score": 0.9399693958691046, "coverage": 0.9966777408637874, "width_mean": 1.4161449399817134, "width_sd": 0.12202106336290768, "width_min": 1.2777042002786096, "width_q1": 1.3602221301110689, "width_q2": 1.4128213389933884, "width_q3": 1.4456198582550877, "width_max": 2.2858101895255367}