{"data_name": "AirfoilSelfNoise", "n_neighbors": 1000, "level": 0.95, "random_state": 409, "test_size": 0.2, "n": 1503, "d": 5, "oob_score": 0.9331783621437999, "test_score": 0.9445501239986087, "coverage": 0.9601328903654485, "width_mean": 1.039650021363278, "width_sd": 0.008098619921229705, "width_min": 1.0305834031123666, "width_q1": 1.0312826749888826, "width_q2": 1.0456591290756705, "width_q3": 1.0456591290756705, "width_max": 1.0603283813008852}