{"data_name": "AirfoilSelfNoise", "n_neighbors": 50, "level": 0.9, "random_state": 1824, "test_size": 0.2, "n": 1503, "d": 5, "oob_score": 0.935499682081493, "test_score": 0.9395852106156674, "coverage": 0.9335548172757475, "width_mean": 0.7779986672832723, "width_sd": 0.116065388351344, "width_min": 0.5160190165684301, "width_q1": 0.7091823616643509, "width_q2": 0.7616184163716534, "width_q3": 0.8446630649556504, "width_max": 1.2927663408275327}