{"data_name": "AirfoilSelfNoise", "n_neighbors": "all", "level": 0.95, "random_state": 2286, "test_size": 0.2, "n": 1503, "d": 5, "oob_score": 0.9304107233218608, "test_score": 0.9240071624225819, "coverage": 0.946843853820598, "width_mean": 1.073743872843787, "width_sd": 3.9675158600330293e-16, "width_min": 1.0737438728437865, "width_q1": 1.0737438728437865, "width_q2": 1.0737438728437865, "width_q3": 1.0737438728437867, "width_max": 1.073743872843787}