{"data_name": "AirfoilSelfNoise", "n_neighbors": 500, "level": 0.95, "random_state": 1824, "test_size": 0.2, "n": 1503, "d": 5, "oob_score": 0.935499682081493, "test_score": 0.9395852106156674, "coverage": 0.9568106312292359, "width_mean": 1.0675917357503777, "width_sd": 0.012154306133654324, "width_min": 1.0190266616569965, "width_q1": 1.0684610956011, "width_q2": 1.0684610956011, "width_q3": 1.0684610956011, "width_max": 1.1065301375137642}