{"data_name": "AirfoilSelfNoise", "n_neighbors": "all", "level": 0.99, "random_state": 409, "test_size": 0.2, "n": 1503, "d": 5, "oob_score": 0.9331783621437999, "test_score": 0.9445501239986087, "coverage": 1.0, "width_mean": 1.8000705450605077, "width_sd": 1.3604926485964007e-16, "width_min": 1.8000705450605077, "width_q1": 1.8000705450605077, "width_q2": 1.8000705450605077, "width_q3": 1.800070545060508, "width_max": 1.8000705450605081}