{"data_name": "AirfoilSelfNoise", "n_neighbors": 1000, "level": 0.8, "random_state": 1424, "test_size": 0.2, "n": 1503, "d": 5, "oob_score": 0.929046567599568, "test_score": 0.9399693958691046, "coverage": 0.7873754152823921, "width_mean": 0.558623666992743, "width_sd": 0.003293568117309038, "width_min": 0.5510858531454136, "width_q1": 0.5563678278916996, "width_q2": 0.5584121700800129, "width_q3": 0.5607150161410965, "width_max": 0.5692619378322483}