{"data_name": "AirfoilSelfNoise", "n_neighbors": 5, "level": 0.95, "random_state": 1679, "test_size": 0.2, "n": 1503, "d": 5, "oob_score": 0.931531925032759, "test_score": 0.9210163297142773, "coverage": 0.8504983388704319, "width_mean": 0.5665125338940972, "width_sd": 0.3573168167380263, "width_min": 0.04548437306544573, "width_q1": 0.32387540693070704, "width_q2": 0.46406291023765833, "width_q3": 0.7280722287165193, "width_max": 2.340761792858678}