{"data_name": "AirfoilSelfNoise", "n_neighbors": 5, "level": 0.99, "random_state": 1424, "test_size": 0.2, "n": 1503, "d": 5, "oob_score": 0.929046567599568, "test_score": 0.9399693958691046, "coverage": 0.8372093023255814, "width_mean": 0.5605355883312415, "width_sd": 0.3412551286889661, "width_min": 0.06887661200213435, "width_q1": 0.31829653021871596, "width_q2": 0.48230046720839986, "width_q3": 0.6875136967129991, "width_max": 2.4150626687726753}