{"data_name": "AirfoilSelfNoise", "n_neighbors": 100, "level": 0.8, "random_state": 2286, "test_size": 0.2, "n": 1503, "d": 5, "oob_score": 0.9304107233218608, "test_score": 0.9240071624225819, "coverage": 0.7940199335548173, "width_mean": 0.5185950027578684, "width_sd": 0.043662983703627596, "width_min": 0.42361501451990974, "width_q1": 0.49181046875859136, "width_q2": 0.5143540577500922, "width_q3": 0.5494616422979395, "width_max": 0.6185718272534001}