{"data_name": "AirfoilSelfNoise", "n_neighbors": 10, "level": 0.99, "random_state": 1824, "test_size": 0.2, "n": 1503, "d": 5, "oob_score": 0.935499682081493, "test_score": 0.9395852106156674, "coverage": 0.9235880398671097, "width_mean": 0.7128673858979644, "width_sd": 0.32749178193743345, "width_min": 0.15082537949704267, "width_q1": 0.4921887473924873, "width_q2": 0.6405935760444033, "width_q3": 0.918146650752123, "width_max": 2.254653389815666}