{"data_name": "AirfoilSelfNoise", "n_neighbors": 100, "level": 0.95, "random_state": 409, "test_size": 0.2, "n": 1503, "d": 5, "oob_score": 0.9331783621437999, "test_score": 0.9445501239986087, "coverage": 0.9767441860465116, "width_mean": 1.0838837112177342, "width_sd": 0.09473592214699145, "width_min": 0.8761760816647398, "width_q1": 1.0404483679074112, "width_q2": 1.072310980742976, "width_q3": 1.0938217904398992, "width_max": 1.7226754464165486}