{"data_name": "AirfoilSelfNoise", "n_neighbors": 1000, "level": 0.99, "random_state": 1824, "test_size": 0.2, "n": 1503, "d": 5, "oob_score": 0.935499682081493, "test_score": 0.9395852106156674, "coverage": 0.9933554817275747, "width_mean": 1.6031124694206575, "width_sd": 0.010101256072059035, "width_min": 1.589411864153937, "width_q1": 1.5894118641539374, "width_q2": 1.6105599779246185, "width_q3": 1.6105599779246185, "width_max": 1.6105599779246185}