{"data_name": "AirfoilSelfNoise", "n_neighbors": "auto", "level": 0.95, "random_state": 4506, "test_size": 0.2, "n": 1503, "d": 5, "oob_score": 0.9290266085493077, "test_score": 0.9539994008817684, "coverage": 0.9269102990033222, "width_mean": 0.7732297513121219, "width_sd": 0.32059252636371416, "width_min": 0.27113403456642826, "width_q1": 0.5193606016977839, "width_q2": 0.7368264027985858, "width_q3": 0.927399927776817, "width_max": 2.1244945314226173}