{"data_name": "AirfoilSelfNoise", "n_neighbors": 200, "level": 0.95, "random_state": 1424, "test_size": 0.2, "n": 1503, "d": 5, "oob_score": 0.929046567599568, "test_score": 0.9399693958691046, "coverage": 0.973421926910299, "width_mean": 1.0633333740815236, "width_sd": 0.050491977906468664, "width_min": 0.9399887484365814, "width_q1": 1.0308746052346367, "width_q2": 1.053648211790737, "width_q3": 1.0827736804382058, "width_max": 1.2642734927787225}