{"data_name": "AirfoilSelfNoise", "n_neighbors": 500, "level": 0.8, "random_state": 4012, "test_size": 0.2, "n": 1503, "d": 5, "oob_score": 0.9340642128419144, "test_score": 0.9418699770188035, "coverage": 0.813953488372093, "width_mean": 0.5510376903234349, "width_sd": 0.0069988992815338555, "width_min": 0.5232775738299213, "width_q1": 0.5465668417417784, "width_q2": 0.5516893903893224, "width_q3": 0.5558450644161664, "width_max": 0.5721047409149969}