{"data_name": "AirfoilSelfNoise", "n_neighbors": 50, "level": 0.8, "random_state": 9674, "test_size": 0.2, "n": 1503, "d": 5, "oob_score": 0.9322529953959641, "test_score": 0.9414652569945038, "coverage": 0.8172757475083057, "width_mean": 0.5315618208983445, "width_sd": 0.06999378368115804, "width_min": 0.31562797295953215, "width_q1": 0.4896223663611503, "width_q2": 0.5264241441600152, "width_q3": 0.5694502552218402, "width_max": 0.978742371517773}