{"data_name": "AirfoilSelfNoise", "n_neighbors": "all", "level": 0.95, "random_state": 9674, "test_size": 0.2, "n": 1503, "d": 5, "oob_score": 0.9322529953959641, "test_score": 0.9414652569945038, "coverage": 0.9667774086378738, "width_mean": 1.0516699795704298, "width_sd": 1.525109933822699e-16, "width_min": 1.0516699795704296, "width_q1": 1.0516699795704298, "width_q2": 1.0516699795704298, "width_q3": 1.0516699795704298, "width_max": 1.05166997957043}