{"data_name": "AirfoilSelfNoise", "n_neighbors": 20, "level": 0.9, "random_state": 8935, "test_size": 0.2, "n": 1503, "d": 5, "oob_score": 0.9249563570694352, "test_score": 0.9522831430277262, "coverage": 0.9302325581395349, "width_mean": 0.7694679403359016, "width_sd": 0.27786140360578654, "width_min": 0.18825419236218233, "width_q1": 0.5612860087012521, "width_q2": 0.7494289717680651, "width_q3": 0.933501922355882, "width_max": 2.1214510285133543}