{"data_name": "AirfoilSelfNoise", "n_neighbors": 100, "level": 0.8, "random_state": 4012, "test_size": 0.2, "n": 1503, "d": 5, "oob_score": 0.9340642128419144, "test_score": 0.9418699770188035, "coverage": 0.8604651162790697, "width_mean": 0.6437793790445605, "width_sd": 0.06410592739716878, "width_min": 0.5432449432698809, "width_q1": 0.5985804349099055, "width_q2": 0.6274564609962121, "width_q3": 0.6847889516636021, "width_max": 0.9297080873198544}