{"data_name": "AirfoilSelfNoise", "n_neighbors": 20, "level": 0.9, "random_state": 1424, "test_size": 0.2, "n": 1503, "d": 5, "oob_score": 0.929046567599568, "test_score": 0.9399693958691046, "coverage": 0.9235880398671097, "width_mean": 0.8215126763321255, "width_sd": 0.26333929326077327, "width_min": 0.3174577089658317, "width_q1": 0.6319332798849311, "width_q2": 0.8312065619076525, "width_q3": 0.9985419224121757, "width_max": 2.087865034479691}