{"data_name": "AirfoilSelfNoise", "n_neighbors": 200, "level": 0.9, "random_state": 4012, "test_size": 0.2, "n": 1503, "d": 5, "oob_score": 0.9340642128419144, "test_score": 0.9418699770188035, "coverage": 0.9401993355481728, "width_mean": 0.9301662317553034, "width_sd": 0.027795645658403447, "width_min": 0.9093546750123753, "width_q1": 0.9168022278673345, "width_q2": 0.9233759627975902, "width_q3": 0.9280294566559961, "width_max": 1.2409908870023978}