{"data_name": "AirfoilSelfNoise", "n_neighbors": 200, "level": 0.95, "random_state": 1824, "test_size": 0.2, "n": 1503, "d": 5, "oob_score": 0.935499682081493, "test_score": 0.9395852106156674, "coverage": 0.9568106312292359, "width_mean": 1.0578789287436554, "width_sd": 0.060820884573771855, "width_min": 0.9207131304161986, "width_q1": 1.0219113214268947, "width_q2": 1.071467331503169, "width_q3": 1.0938150195284955, "width_max": 1.3330672066290985}