{"data_name": "AirfoilSelfNoise", "n_neighbors": "all", "level": 0.8, "random_state": 1824, "test_size": 0.2, "n": 1503, "d": 5, "oob_score": 0.935499682081493, "test_score": 0.9395852106156674, "coverage": 0.8604651162790697, "width_mean": 0.574040609907454, "width_sd": 9.620135775769615e-17, "width_min": 0.5740406099074538, "width_q1": 0.5740406099074539, "width_q2": 0.574040609907454, "width_q3": 0.574040609907454, "width_max": 0.574040609907454}