{"data_name": "AirfoilSelfNoise", "n_neighbors": 5, "level": 0.99, "random_state": 409, "test_size": 0.2, "n": 1503, "d": 5, "oob_score": 0.9331783621437999, "test_score": 0.9445501239986087, "coverage": 0.8073089700996677, "width_mean": 0.5200310819650239, "width_sd": 0.33282559137156703, "width_min": 0.07118402563159809, "width_q1": 0.3082274175986792, "width_q2": 0.41261479736739515, "width_q3": 0.6383043635112176, "width_max": 2.2873547096167797}