{"data_name": "AirfoilSelfNoise", "n_neighbors": "auto", "level": 0.8, "random_state": 1679, "test_size": 0.2, "n": 1503, "d": 5, "oob_score": 0.931531925032759, "test_score": 0.9210163297142773, "coverage": 0.840531561461794, "width_mean": 0.5678202756898116, "width_sd": 0.26473321474980416, "width_min": 0.11940602705537962, "width_q1": 0.3719585364387097, "width_q2": 0.5245497790391456, "width_q3": 0.6951360135545552, "width_max": 1.9987740320017782}