{"data_name": "AirfoilSelfNoise", "n_neighbors": 1000, "level": 0.8, "random_state": 1679, "test_size": 0.2, "n": 1503, "d": 5, "oob_score": 0.931531925032759, "test_score": 0.9210163297142773, "coverage": 0.8172757475083057, "width_mean": 0.5914674337607577, "width_sd": 0.004107573662757725, "width_min": 0.5833814392575787, "width_q1": 0.5897371733746593, "width_q2": 0.5906715587506203, "width_q3": 0.5953514614373189, "width_max": 0.5980188174351482}