{"data_name": "AirfoilSelfNoise", "n_neighbors": "auto", "level": 0.9, "random_state": 3657, "test_size": 0.2, "n": 1503, "d": 5, "oob_score": 0.932848671829512, "test_score": 0.929925861633084, "coverage": 0.8903654485049833, "width_mean": 0.6892785547414011, "width_sd": 0.3096134419879304, "width_min": 0.21891321901376404, "width_q1": 0.4867719519208704, "width_q2": 0.6307673863781994, "width_q3": 0.8040198504153119, "width_max": 2.2293462848384156}