{"data_name": "AirfoilSelfNoise", "n_neighbors": 1000, "level": 0.95, "random_state": 2286, "test_size": 0.2, "n": 1503, "d": 5, "oob_score": 0.9304107233218608, "test_score": 0.9240071624225819, "coverage": 0.946843853820598, "width_mean": 1.0843020228147349, "width_sd": 0.0015294906170118508, "width_min": 1.0743909884288854, "width_q1": 1.0842996394502507, "width_q2": 1.0842996394502507, "width_q3": 1.0842996394502509, "width_max": 1.088938081327051}