{"data_name": "AirfoilSelfNoise", "n_neighbors": 200, "level": 0.99, "random_state": 3657, "test_size": 0.2, "n": 1503, "d": 5, "oob_score": 0.932848671829512, "test_score": 0.929925861633084, "coverage": 0.9700996677740864, "width_mean": 1.2456743010999212, "width_sd": 0.12055443458056471, "width_min": 1.1773440814817326, "width_q1": 1.1773440814817329, "width_q2": 1.195791264818384, "width_q3": 1.2813499293227055, "width_max": 2.110111109857705}