{"data_name": "AirfoilSelfNoise", "n_neighbors": 1000, "level": 0.99, "random_state": 4012, "test_size": 0.2, "n": 1503, "d": 5, "oob_score": 0.9340642128419144, "test_score": 0.9418699770188035, "coverage": 0.9933554817275747, "width_mean": 1.6386061612372265, "width_sd": 0.004095092673677994, "width_min": 1.6128844592187215, "width_q1": 1.6381937190403677, "width_q2": 1.638193719040368, "width_q3": 1.638193719040368, "width_max": 1.6600391716525844}