{"data_name": "AirfoilSelfNoise", "n_neighbors": 10, "level": 0.9, "random_state": 1824, "test_size": 0.2, "n": 1503, "d": 5, "oob_score": 0.935499682081493, "test_score": 0.9395852106156674, "coverage": 0.8803986710963455, "width_mean": 0.6069149492541543, "width_sd": 0.2771494917723732, "width_min": 0.13521894271591806, "width_q1": 0.41578621697775986, "width_q2": 0.5559853334261805, "width_q3": 0.741255220916899, "width_max": 1.939970592786409}