{"data_name": "AirfoilSelfNoise", "n_neighbors": 100, "level": 0.95, "random_state": 1679, "test_size": 0.2, "n": 1503, "d": 5, "oob_score": 0.931531925032759, "test_score": 0.9210163297142773, "coverage": 0.9435215946843853, "width_mean": 0.9252185800827454, "width_sd": 0.08856966120641638, "width_min": 0.8341769575999289, "width_q1": 0.8574205161970745, "width_q2": 0.9136340403059964, "width_q3": 0.9496452855834316, "width_max": 1.4624589662561456}