{"data_name": "AirfoilSelfNoise", "n_neighbors": "auto", "level": 0.8, "random_state": 1824, "test_size": 0.2, "n": 1503, "d": 5, "oob_score": 0.935499682081493, "test_score": 0.9395852106156674, "coverage": 0.7940199335548173, "width_mean": 0.5301050267172145, "width_sd": 0.22691175257006146, "width_min": 0.16633295545371363, "width_q1": 0.36188593583887696, "width_q2": 0.4840307407781609, "width_q3": 0.6349581610996675, "width_max": 1.4100487600236251}