{"data_name": "AirfoilSelfNoise", "n_neighbors": 500, "level": 0.9, "random_state": 1679, "test_size": 0.2, "n": 1503, "d": 5, "oob_score": 0.931531925032759, "test_score": 0.9210163297142773, "coverage": 0.9269102990033222, "width_mean": 0.8690980694701055, "width_sd": 0.01562600555569355, "width_min": 0.826320533904345, "width_q1": 0.8579682822408929, "width_q2": 0.8694068070365146, "width_q3": 0.8747368448611674, "width_max": 0.933702322358419}