{"data_name": "AirfoilSelfNoise", "n_neighbors": 200, "level": 0.99, "random_state": 2286, "test_size": 0.2, "n": 1503, "d": 5, "oob_score": 0.9304107233218608, "test_score": 0.9240071624225819, "coverage": 0.9800664451827242, "width_mean": 1.4518627073524473, "width_sd": 0.10225251115708774, "width_min": 1.4212571745992602, "width_q1": 1.4212571745992602, "width_q2": 1.4212571745992602, "width_q3": 1.4212571745992602, "width_max": 2.2395298548243185}