{"data_name": "AirfoilSelfNoise", "n_neighbors": 200, "level": 0.9, "random_state": 2286, "test_size": 0.2, "n": 1503, "d": 5, "oob_score": 0.9304107233218608, "test_score": 0.9240071624225819, "coverage": 0.9036544850498339, "width_mean": 0.8100462346314079, "width_sd": 0.028710150115708002, "width_min": 0.7590415981789808, "width_q1": 0.789314935657947, "width_q2": 0.8095323004530948, "width_q3": 0.827417761892691, "width_max": 0.8931279398474796}