{"data_name": "AirfoilSelfNoise", "n_neighbors": 100, "level": 0.95, "random_state": 1424, "test_size": 0.2, "n": 1503, "d": 5, "oob_score": 0.929046567599568, "test_score": 0.9399693958691046, "coverage": 0.973421926910299, "width_mean": 1.043256979729596, "width_sd": 0.07721405557221175, "width_min": 0.8773280730782695, "width_q1": 1.001104829640659, "width_q2": 1.0186772885938977, "width_q3": 1.0804926565607578, "width_max": 1.4776834171586983}