{"data_name": "AirfoilSelfNoise", "n_neighbors": "auto", "level": 0.95, "random_state": 409, "test_size": 0.2, "n": 1503, "d": 5, "oob_score": 0.9331783621437999, "test_score": 0.9445501239986087, "coverage": 0.946843853820598, "width_mean": 0.7785562562844244, "width_sd": 0.35727325543349914, "width_min": 0.19273989028205918, "width_q1": 0.5199854842467156, "width_q2": 0.7430410240904599, "width_q3": 0.9425529067083025, "width_max": 2.6170496704712147}