{"data_name": "AirfoilSelfNoise", "n_neighbors": 10, "level": 0.99, "random_state": 409, "test_size": 0.2, "n": 1503, "d": 5, "oob_score": 0.9331783621437999, "test_score": 0.9445501239986087, "coverage": 0.9368770764119602, "width_mean": 0.7449404787895263, "width_sd": 0.387676137791722, "width_min": 0.16254679849440934, "width_q1": 0.4868712362847181, "width_q2": 0.6617976920505292, "width_q3": 0.907833949808996, "width_max": 2.592684321003686}