{"data_name": "AirfoilSelfNoise", "n_neighbors": 10, "level": 0.9, "random_state": 8935, "test_size": 0.2, "n": 1503, "d": 5, "oob_score": 0.9249563570694352, "test_score": 0.9522831430277262, "coverage": 0.9102990033222591, "width_mean": 0.6457371721075603, "width_sd": 0.32158959646383856, "width_min": 0.15040647376966665, "width_q1": 0.3980398229402957, "width_q2": 0.5849837456683755, "width_q3": 0.8187244556618938, "width_max": 2.7231361174377833}