{"data_name": "AirfoilSelfNoise", "n_neighbors": 100, "level": 0.99, "random_state": 1424, "test_size": 0.2, "n": 1503, "d": 5, "oob_score": 0.929046567599568, "test_score": 0.9399693958691046, "coverage": 0.9933554817275747, "width_mean": 1.347799592259314, "width_sd": 0.15354976610960885, "width_min": 1.1972700792073585, "width_q1": 1.2796464164976333, "width_q2": 1.2908458795579834, "width_q3": 1.3349722196485438, "width_max": 2.386139100756078}