{"data_name": "AirfoilSelfNoise", "n_neighbors": 1000, "level": 0.99, "random_state": 409, "test_size": 0.2, "n": 1503, "d": 5, "oob_score": 0.9331783621437999, "test_score": 0.9445501239986087, "coverage": 1.0, "width_mean": 1.8238309715393441, "width_sd": 0.0003593037390742371, "width_min": 1.8202499309680396, "width_q1": 1.8238670222833506, "width_q2": 1.8238670222833508, "width_q3": 1.8238670222833508, "width_max": 1.823867022283351}