{"data_name": "AirfoilSelfNoise", "n_neighbors": 50, "level": 0.8, "random_state": 1679, "test_size": 0.2, "n": 1503, "d": 5, "oob_score": 0.931531925032759, "test_score": 0.9210163297142773, "coverage": 0.8338870431893688, "width_mean": 0.5963919238898946, "width_sd": 0.09529886153918819, "width_min": 0.3737693692954534, "width_q1": 0.529226855980607, "width_q2": 0.5869252154235883, "width_q3": 0.6584882910760275, "width_max": 0.9660273670221815}