{"data_name": "AirfoilSelfNoise", "n_neighbors": "auto", "level": 0.8, "random_state": 4506, "test_size": 0.2, "n": 1503, "d": 5, "oob_score": 0.9290266085493077, "test_score": 0.9539994008817684, "coverage": 0.813953488372093, "width_mean": 0.5046347093271875, "width_sd": 0.2202220415526428, "width_min": 0.12688201198348326, "width_q1": 0.3550565010407061, "width_q2": 0.4537284309220128, "width_q3": 0.5986290750753729, "width_max": 1.5154905450713496}