{"data_name": "AirfoilSelfNoise", "n_neighbors": "all", "level": 0.99, "random_state": 8935, "test_size": 0.2, "n": 1503, "d": 5, "oob_score": 0.9249563570694352, "test_score": 0.9522831430277262, "coverage": 0.9933554817275747, "width_mean": 1.7310375376412672, "width_sd": 3.8523086557866097e-16, "width_min": 1.7310375376412668, "width_q1": 1.7310375376412668, "width_q2": 1.7310375376412668, "width_q3": 1.731037537641267, "width_max": 1.7310375376412672}