{"data_name": "AirfoilSelfNoise", "n_neighbors": 50, "level": 0.8, "random_state": 409, "test_size": 0.2, "n": 1503, "d": 5, "oob_score": 0.9331783621437999, "test_score": 0.9445501239986087, "coverage": 0.8006644518272426, "width_mean": 0.49392706299041667, "width_sd": 0.08921016579289866, "width_min": 0.3220902565298406, "width_q1": 0.42467772198138914, "width_q2": 0.4751120384397607, "width_q3": 0.5500126897625884, "width_max": 0.991048735745573}