{"data_name": "AirfoilSelfNoise", "n_neighbors": "all", "level": 0.8, "random_state": 2286, "test_size": 0.2, "n": 1503, "d": 5, "oob_score": 0.9304107233218608, "test_score": 0.9240071624225819, "coverage": 0.8205980066445183, "width_mean": 0.6034469377797844, "width_sd": 1.2588745812754728e-16, "width_min": 0.6034469377797844, "width_q1": 0.6034469377797844, "width_q2": 0.6034469377797845, "width_q3": 0.6034469377797845, "width_max": 0.6034469377797846}