{"data_name": "AirfoilSelfNoise", "n_neighbors": 200, "level": 0.9, "random_state": 1424, "test_size": 0.2, "n": 1503, "d": 5, "oob_score": 0.929046567599568, "test_score": 0.9399693958691046, "coverage": 0.9169435215946844, "width_mean": 0.8306375348753341, "width_sd": 0.046624144700735774, "width_min": 0.6726479153769176, "width_q1": 0.7943609654770507, "width_q2": 0.8175716776923045, "width_q3": 0.8562496023649562, "width_max": 0.9933301426841508}