{"data_name": "AirfoilSelfNoise", "n_neighbors": 50, "level": 0.95, "random_state": 3657, "test_size": 0.2, "n": 1503, "d": 5, "oob_score": 0.932848671829512, "test_score": 0.929925861633084, "coverage": 0.946843853820598, "width_mean": 0.9766118712709488, "width_sd": 0.17405385730396314, "width_min": 0.62921411291849, "width_q1": 0.8814913323136749, "width_q2": 0.9036244574928916, "width_q3": 1.0457833124838594, "width_max": 2.006087928419622}