{"data_name": "AirfoilSelfNoise", "n_neighbors": 200, "level": 0.9, "random_state": 3657, "test_size": 0.2, "n": 1503, "d": 5, "oob_score": 0.932848671829512, "test_score": 0.929925861633084, "coverage": 0.8803986710963455, "width_mean": 0.739010296451346, "width_sd": 0.027522389594469322, "width_min": 0.6793287028302066, "width_q1": 0.7185158123015556, "width_q2": 0.7294505151331232, "width_q3": 0.7605924648658042, "width_max": 0.8230343260664681}