{"data_name": "AirfoilSelfNoise", "n_neighbors": 10, "level": 0.95, "random_state": 409, "test_size": 0.2, "n": 1503, "d": 5, "oob_score": 0.9331783621437999, "test_score": 0.9445501239986087, "coverage": 0.9235880398671097, "width_mean": 0.690245596664682, "width_sd": 0.35361947899562746, "width_min": 0.15402537792706217, "width_q1": 0.4455374984319318, "width_q2": 0.6206152400525237, "width_q3": 0.8459260983126844, "width_max": 2.478968053327913}