{"data_name": "AirfoilSelfNoise", "n_neighbors": 500, "level": 0.9, "random_state": 9674, "test_size": 0.2, "n": 1503, "d": 5, "oob_score": 0.9322529953959641, "test_score": 0.9414652569945038, "coverage": 0.9235880398671097, "width_mean": 0.7742970953803636, "width_sd": 0.012061976654524345, "width_min": 0.7530314718801097, "width_q1": 0.7673602555935117, "width_q2": 0.7727398147797673, "width_q3": 0.779567814571255, "width_max": 0.8250246866971797}