{"data_name": "AirfoilSelfNoise", "n_neighbors": 20, "level": 0.99, "random_state": 4506, "test_size": 0.2, "n": 1503, "d": 5, "oob_score": 0.9290266085493077, "test_score": 0.9539994008817684, "coverage": 0.9634551495016611, "width_mean": 0.8851345793391673, "width_sd": 0.35997591166026854, "width_min": 0.32330717452538754, "width_q1": 0.5837035787229196, "width_q2": 0.8633478473054541, "width_q3": 1.0617284726919545, "width_max": 2.2687371440850868}