{"data_name": "AirfoilSelfNoise", "n_neighbors": 500, "level": 0.99, "random_state": 409, "test_size": 0.2, "n": 1503, "d": 5, "oob_score": 0.9331783621437999, "test_score": 0.9445501239986087, "coverage": 0.9966777408637874, "width_mean": 1.5652572223667314, "width_sd": 0.037574188779653794, "width_min": 1.5515206555353132, "width_q1": 1.5515206555353134, "width_q2": 1.5515206555353134, "width_q3": 1.5708088376014007, "width_max": 1.8895859543109848}