{"data_name": "AirfoilSelfNoise", "n_neighbors": 100, "level": 0.99, "random_state": 4506, "test_size": 0.2, "n": 1503, "d": 5, "oob_score": 0.9290266085493077, "test_score": 0.9539994008817684, "coverage": 0.9900332225913622, "width_mean": 1.1170214895512107, "width_sd": 0.18117156652731192, "width_min": 0.8927673713847333, "width_q1": 0.9742331633434556, "width_q2": 1.0903310588505668, "width_q3": 1.1892021233518875, "width_max": 2.062676268852987}