{"data_name": "AirfoilSelfNoise", "n_neighbors": 50, "level": 0.95, "random_state": 1424, "test_size": 0.2, "n": 1503, "d": 5, "oob_score": 0.929046567599568, "test_score": 0.9399693958691046, "coverage": 0.9601328903654485, "width_mean": 1.0530180570291836, "width_sd": 0.1447741090730453, "width_min": 0.8319641651749328, "width_q1": 0.9785630287655256, "width_q2": 1.0008429596185748, "width_q3": 1.0945858157775739, "width_max": 1.9710215330675163}