{"data_name": "AirfoilSelfNoise", "n_neighbors": 50, "level": 0.9, "random_state": 409, "test_size": 0.2, "n": 1503, "d": 5, "oob_score": 0.9331783621437999, "test_score": 0.9445501239986087, "coverage": 0.9102990033222591, "width_mean": 0.6838018741847102, "width_sd": 0.16880219312024697, "width_min": 0.4261484192216785, "width_q1": 0.5768635284616797, "width_q2": 0.6584337621288865, "width_q3": 0.7633582986489867, "width_max": 1.6824762488169553}