{"data_name": "AirfoilSelfNoise", "n_neighbors": 100, "level": 0.9, "random_state": 9674, "test_size": 0.2, "n": 1503, "d": 5, "oob_score": 0.9322529953959641, "test_score": 0.9414652569945038, "coverage": 0.9069767441860465, "width_mean": 0.7190206602088207, "width_sd": 0.0542238263041367, "width_min": 0.6022238361987876, "width_q1": 0.6861081369459239, "width_q2": 0.6987151864334571, "width_q3": 0.7367583396930075, "width_max": 1.1651997522883153}