{"data_name": "AirfoilSelfNoise", "n_neighbors": 10, "level": 0.8, "random_state": 8935, "test_size": 0.2, "n": 1503, "d": 5, "oob_score": 0.9249563570694352, "test_score": 0.9522831430277262, "coverage": 0.813953488372093, "width_mean": 0.5112892490396495, "width_sd": 0.2581887706585524, "width_min": 0.111550729708213, "width_q1": 0.3270530810476442, "width_q2": 0.4652548716536986, "width_q3": 0.6465846962136648, "width_max": 2.1816195374057967}