{"data_name": "AirfoilSelfNoise", "n_neighbors": 5, "level": 0.9, "random_state": 3657, "test_size": 0.2, "n": 1503, "d": 5, "oob_score": 0.932848671829512, "test_score": 0.929925861633084, "coverage": 0.760797342192691, "width_mean": 0.48893848329223627, "width_sd": 0.3108763656881437, "width_min": 0.06395834241549836, "width_q1": 0.2900149548793999, "width_q2": 0.40219569635811103, "width_q3": 0.5960199573969498, "width_max": 1.980327013216714}