{"data_name": "AirfoilSelfNoise", "n_neighbors": 50, "level": 0.99, "random_state": 2286, "test_size": 0.2, "n": 1503, "d": 5, "oob_score": 0.9304107233218608, "test_score": 0.9240071624225819, "coverage": 0.9867109634551495, "width_mean": 1.3043242350591993, "width_sd": 0.24241042048533712, "width_min": 0.7357039885328294, "width_q1": 1.1917163170800074, "width_q2": 1.2389297684511393, "width_q3": 1.353939973568605, "width_max": 2.6857821911987094}