{"data_name": "AirfoilSelfNoise", "n_neighbors": 500, "level": 0.8, "random_state": 3657, "test_size": 0.2, "n": 1503, "d": 5, "oob_score": 0.932848671829512, "test_score": 0.929925861633084, "coverage": 0.760797342192691, "width_mean": 0.5133029204910932, "width_sd": 0.00844142576509365, "width_min": 0.4945116098406436, "width_q1": 0.5085460910425881, "width_q2": 0.5129120423241071, "width_q3": 0.5187353618647677, "width_max": 0.5397397149968394}