{"data_name": "AirfoilSelfNoise", "n_neighbors": 20, "level": 0.8, "random_state": 1824, "test_size": 0.2, "n": 1503, "d": 5, "oob_score": 0.935499682081493, "test_score": 0.9395852106156674, "coverage": 0.8438538205980066, "width_mean": 0.5466573871062542, "width_sd": 0.19319738587961613, "width_min": 0.19543071468617002, "width_q1": 0.4024263594777282, "width_q2": 0.5078335708377337, "width_q3": 0.6439161080176836, "width_max": 1.383053060156553}