{"data_name": "AirfoilSelfNoise", "n_neighbors": 20, "level": 0.95, "random_state": 1424, "test_size": 0.2, "n": 1503, "d": 5, "oob_score": 0.929046567599568, "test_score": 0.9399693958691046, "coverage": 0.9534883720930233, "width_mean": 0.979941049286869, "width_sd": 0.28734278776884853, "width_min": 0.356148567518731, "width_q1": 0.8092604568599479, "width_q2": 0.990718444532096, "width_q3": 1.1257691070142728, "width_max": 2.371635194330385}