{"data_name": "AirfoilSelfNoise", "n_neighbors": 500, "level": 0.9, "random_state": 4506, "test_size": 0.2, "n": 1503, "d": 5, "oob_score": 0.9290266085493077, "test_score": 0.9539994008817684, "coverage": 0.9269102990033222, "width_mean": 0.8265051859379879, "width_sd": 0.006515911524286086, "width_min": 0.8100291053337493, "width_q1": 0.8232297006806962, "width_q2": 0.827100886753571, "width_q3": 0.8319963344964068, "width_max": 0.858733443132442}