{"data_name": "AirfoilSelfNoise", "n_neighbors": 200, "level": 0.95, "random_state": 1679, "test_size": 0.2, "n": 1503, "d": 5, "oob_score": 0.931531925032759, "test_score": 0.9210163297142773, "coverage": 0.9501661129568106, "width_mean": 0.9581298747776881, "width_sd": 0.061095800199633794, "width_min": 0.88031280717716, "width_q1": 0.9233543902516413, "width_q2": 0.955891392914417, "width_q3": 0.9983468844110672, "width_max": 1.231189440292395}