{"data_name": "AirfoilSelfNoise", "n_neighbors": 100, "level": 0.9, "random_state": 4012, "test_size": 0.2, "n": 1503, "d": 5, "oob_score": 0.9340642128419144, "test_score": 0.9418699770188035, "coverage": 0.9568106312292359, "width_mean": 0.9868210824272776, "width_sd": 0.057029229659140875, "width_min": 0.9170250751434001, "width_q1": 0.9321770576411347, "width_q2": 1.0058817641407047, "width_q3": 1.0151338967246302, "width_max": 1.3828526163755313}