{"data_name": "AirfoilSelfNoise", "n_neighbors": 50, "level": 0.99, "random_state": 9674, "test_size": 0.2, "n": 1503, "d": 5, "oob_score": 0.9322529953959641, "test_score": 0.9414652569945038, "coverage": 0.9867109634551495, "width_mean": 1.0481024019845144, "width_sd": 0.30246181890454965, "width_min": 0.7972015225772466, "width_q1": 0.8615680553537636, "width_q2": 0.9556761816814439, "width_q3": 1.1070558597260947, "width_max": 2.9998256819964944}