{"data_name": "AirfoilSelfNoise", "n_neighbors": 20, "level": 0.9, "random_state": 409, "test_size": 0.2, "n": 1503, "d": 5, "oob_score": 0.9331783621437999, "test_score": 0.9445501239986087, "coverage": 0.9036544850498339, "width_mean": 0.6686504917353734, "width_sd": 0.2857280764610974, "width_min": 0.21983230397297926, "width_q1": 0.48084056423974786, "width_q2": 0.6268699404608853, "width_q3": 0.7771319519208715, "width_max": 2.540519877747683}