{"data_name": "AirfoilSelfNoise", "n_neighbors": 500, "level": 0.95, "random_state": 409, "test_size": 0.2, "n": 1503, "d": 5, "oob_score": 0.9331783621437999, "test_score": 0.9445501239986087, "coverage": 0.9601328903654485, "width_mean": 1.0485481781775092, "width_sd": 0.0054966145747465224, "width_min": 1.0445451790911737, "width_q1": 1.0445451790911737, "width_q2": 1.0445451790911737, "width_q3": 1.0519368182224855, "width_max": 1.0763864463575583}