{"data_name": "AirfoilSelfNoise", "n_neighbors": 1000, "level": 0.99, "random_state": 1679, "test_size": 0.2, "n": 1503, "d": 5, "oob_score": 0.931531925032759, "test_score": 0.9210163297142773, "coverage": 0.9833887043189369, "width_mean": 1.7396528617116647, "width_sd": 1.3300527192411362e-16, "width_min": 1.7396528617116642, "width_q1": 1.7396528617116644, "width_q2": 1.7396528617116647, "width_q3": 1.7396528617116647, "width_max": 1.7396528617116647}