{"data_name": "AirfoilSelfNoise", "n_neighbors": 100, "level": 0.9, "random_state": 1679, "test_size": 0.2, "n": 1503, "d": 5, "oob_score": 0.931531925032759, "test_score": 0.9210163297142773, "coverage": 0.9036544850498339, "width_mean": 0.7140995947651859, "width_sd": 0.07681417593456882, "width_min": 0.5846057335040601, "width_q1": 0.6621871844295998, "width_q2": 0.6961532253850032, "width_q3": 0.7782728587339152, "width_max": 0.9635212281497683}