{"data_name": "AirfoilSelfNoise", "n_neighbors": 5, "level": 0.9, "random_state": 4012, "test_size": 0.2, "n": 1503, "d": 5, "oob_score": 0.9340642128419144, "test_score": 0.9418699770188035, "coverage": 0.8006644518272426, "width_mean": 0.5033084746838329, "width_sd": 0.30444005592421103, "width_min": 0.04858810096450883, "width_q1": 0.28108647146453125, "width_q2": 0.4190144511786634, "width_q3": 0.6621879000595294, "width_max": 1.673117569189884}