{"data_name": "AirfoilSelfNoise", "n_neighbors": "auto", "level": 0.8, "random_state": 3657, "test_size": 0.2, "n": 1503, "d": 5, "oob_score": 0.932848671829512, "test_score": 0.929925861633084, "coverage": 0.7940199335548173, "width_mean": 0.5306881587254068, "width_sd": 0.2441308589674677, "width_min": 0.18635047013811312, "width_q1": 0.38890225056922084, "width_q2": 0.47305109155775876, "width_q3": 0.6154628323085285, "width_max": 1.9390101136448976}