{"data_name": "AirfoilSelfNoise", "n_neighbors": 50, "level": 0.8, "random_state": 4012, "test_size": 0.2, "n": 1503, "d": 5, "oob_score": 0.9340642128419144, "test_score": 0.9418699770188035, "coverage": 0.8704318936877077, "width_mean": 0.6324496760635558, "width_sd": 0.11232766704743617, "width_min": 0.38587146859272314, "width_q1": 0.5566636098615645, "width_q2": 0.6054840796888471, "width_q3": 0.6942458792323346, "width_max": 1.2131951754622583}