{"data_name": "AirfoilSelfNoise", "n_neighbors": 20, "level": 0.95, "random_state": 2286, "test_size": 0.2, "n": 1503, "d": 5, "oob_score": 0.9304107233218608, "test_score": 0.9240071624225819, "coverage": 0.9335548172757475, "width_mean": 0.8224719444461713, "width_sd": 0.31910923038284084, "width_min": 0.2691911352974675, "width_q1": 0.6174290263306521, "width_q2": 0.7517523518433769, "width_q3": 0.9867917042281944, "width_max": 2.5489314747105625}