{"data_name": "AirfoilSelfNoise", "n_neighbors": "all", "level": 0.9, "random_state": 1824, "test_size": 0.2, "n": 1503, "d": 5, "oob_score": 0.935499682081493, "test_score": 0.9395852106156674, "coverage": 0.9235880398671097, "width_mean": 0.8116770569306575, "width_sd": 6.30249992448969e-17, "width_min": 0.8116770569306574, "width_q1": 0.8116770569306575, "width_q2": 0.8116770569306575, "width_q3": 0.8116770569306575, "width_max": 0.8116770569306576}