{"data_name": "AirfoilSelfNoise", "n_neighbors": 1000, "level": 0.9, "random_state": 409, "test_size": 0.2, "n": 1503, "d": 5, "oob_score": 0.9331783621437999, "test_score": 0.9445501239986087, "coverage": 0.920265780730897, "width_mean": 0.8371323612931628, "width_sd": 0.007210650863088341, "width_min": 0.8219841666912009, "width_q1": 0.8357691677025013, "width_q2": 0.8357691677025014, "width_q3": 0.8435346522008296, "width_max": 0.8461139899607967}