{"data_name": "AirfoilSelfNoise", "n_neighbors": 100, "level": 0.99, "random_state": 9674, "test_size": 0.2, "n": 1503, "d": 5, "oob_score": 0.9322529953959641, "test_score": 0.9414652569945038, "coverage": 0.9933554817275747, "width_mean": 1.2247557917026508, "width_sd": 0.21601037200505235, "width_min": 0.99530888293848, "width_q1": 1.0914932377561115, "width_q2": 1.1488286051116539, "width_q3": 1.303177488252043, "width_max": 2.7589386520935975}