{"data_name": "AirfoilSelfNoise", "n_neighbors": 100, "level": 0.8, "random_state": 3657, "test_size": 0.2, "n": 1503, "d": 5, "oob_score": 0.932848671829512, "test_score": 0.929925861633084, "coverage": 0.8305647840531561, "width_mean": 0.6036205963072969, "width_sd": 0.04227468628553101, "width_min": 0.5175430167697173, "width_q1": 0.5729914975815078, "width_q2": 0.6023257835154072, "width_q3": 0.625776722056758, "width_max": 0.7521463361515337}