{"data_name": "AirfoilSelfNoise", "n_neighbors": 200, "level": 0.9, "random_state": 409, "test_size": 0.2, "n": 1503, "d": 5, "oob_score": 0.9331783621437999, "test_score": 0.9445501239986087, "coverage": 0.9269102990033222, "width_mean": 0.7934284765095886, "width_sd": 0.03282632428816467, "width_min": 0.7048383171649346, "width_q1": 0.7798240576036486, "width_q2": 0.7885597867050856, "width_q3": 0.8163558712833476, "width_max": 0.9541812440860629}