{"data_name": "AirfoilSelfNoise", "n_neighbors": 50, "level": 0.9, "random_state": 1424, "test_size": 0.2, "n": 1503, "d": 5, "oob_score": 0.929046567599568, "test_score": 0.9399693958691046, "coverage": 0.9235880398671097, "width_mean": 0.8654735269796838, "width_sd": 0.12356827482196069, "width_min": 0.5579134142928074, "width_q1": 0.7836968604530791, "width_q2": 0.8409907616356682, "width_q3": 0.9145085947797676, "width_max": 1.484826636760179}