{"data_name": "AirfoilSelfNoise", "n_neighbors": 200, "level": 0.99, "random_state": 1824, "test_size": 0.2, "n": 1503, "d": 5, "oob_score": 0.935499682081493, "test_score": 0.9395852106156674, "coverage": 0.9900332225913622, "width_mean": 1.5209334893479578, "width_sd": 0.046227873301238336, "width_min": 1.5009803402323745, "width_q1": 1.5009803402323745, "width_q2": 1.5009803402323745, "width_q3": 1.5009803402323745, "width_max": 1.8009314020168685}