{"data_name": "AirfoilSelfNoise", "n_neighbors": 5, "level": 0.95, "random_state": 3657, "test_size": 0.2, "n": 1503, "d": 5, "oob_score": 0.932848671829512, "test_score": 0.929925861633084, "coverage": 0.770764119601329, "width_mean": 0.5225395984400427, "width_sd": 0.3342002563192171, "width_min": 0.0644668221739857, "width_q1": 0.3107646522338158, "width_q2": 0.4312666858446569, "width_q3": 0.6461461728934523, "width_max": 2.1441443012656407}