{"data_name": "AirfoilSelfNoise", "n_neighbors": 200, "level": 0.99, "random_state": 9674, "test_size": 0.2, "n": 1503, "d": 5, "oob_score": 0.9322529953959641, "test_score": 0.9414652569945038, "coverage": 0.9867109634551495, "width_mean": 1.3072990109503988, "width_sd": 0.10442593321791221, "width_min": 1.205986895761553, "width_q1": 1.2776011492401103, "width_q2": 1.2776011492401103, "width_q3": 1.2963350074702777, "width_max": 2.2651186562637924}