{"data_name": "AirQuality", "n_neighbors": 20, "level": 0.99, "random_state": 1824, "test_size": 0.2, "n": 9357, "d": 12, "oob_score": 0.6131328326386252, "test_score": 0.5793023522422014, "coverage": 0.938034188034188, "width_mean": 1.6995890146048453, "width_sd": 1.5385200557339924, "width_min": 0.005354394800341611, "width_q1": 0.19923427160707657, "width_q2": 0.8975637861509144, "width_q3": 3.2409071522504327, "width_max": 5.098354281144241}