{"data_name": "AirQuality", "n_neighbors": 20, "level": 0.99, "random_state": 2286, "test_size": 0.2, "n": 9357, "d": 12, "oob_score": 0.611187500745163, "test_score": 0.6078545094932084, "coverage": 0.9476495726495726, "width_mean": 1.7516710351798674, "width_sd": 1.5138826100742133, "width_min": 0.006025031540012327, "width_q1": 0.24289145748574703, "width_q2": 1.331754643293026, "width_q3": 3.193392424400833, "width_max": 5.011236077941782}