{"data_name": "AirQuality", "n_neighbors": 10, "level": 0.95, "random_state": 1424, "test_size": 0.2, "n": 9357, "d": 12, "oob_score": 0.6276816939224087, "test_score": 0.559643175191915, "coverage": 0.8563034188034188, "width_mean": 1.104226717634911, "width_sd": 1.2608389694918802, "width_min": 2.6645352591003757e-15, "width_q1": 0.10240844429040324, "width_q2": 0.36520569071326137, "width_q3": 2.3386905180071236, "width_max": 4.545864949226605}