{"data_name": "AirQuality", "n_neighbors": 10, "level": 0.8, "random_state": 409, "test_size": 0.2, "n": 9357, "d": 12, "oob_score": 0.6115090907756653, "test_score": 0.5956873989782108, "coverage": 0.7441239316239316, "width_mean": 0.8700979597912853, "width_sd": 1.1153182346862618, "width_min": 0.0017054311697918823, "width_q1": 0.07606836149072385, "width_q2": 0.31216034871095155, "width_q3": 1.1398795207409107, "width_max": 3.9424208232598392}