{"data_name": "AirQuality", "n_neighbors": 2000, "level": 0.8, "random_state": 4012, "test_size": 0.2, "n": 9357, "d": 12, "oob_score": 0.612002337512547, "test_score": 0.5957691642602831, "coverage": 0.8141025641025641, "width_mean": 0.8717945053047678, "width_sd": 0.08543445569792131, "width_min": 0.7772486468271398, "width_q1": 0.8108534993939329, "width_q2": 0.845184611502032, "width_q3": 0.9007977042361408, "width_max": 1.1889923866829735}