{"data_name": "AirQuality", "n_neighbors": 10, "level": 0.9, "random_state": 2286, "test_size": 0.2, "n": 9357, "d": 12, "oob_score": 0.611187500745163, "test_score": 0.6078545094932084, "coverage": 0.8386752136752137, "width_mean": 1.0671583833768095, "width_sd": 1.209211145410143, "width_min": 1.3322676295501878e-15, "width_q1": 0.09492353977413139, "width_q2": 0.35432449984167225, "width_q3": 2.0032316593704005, "width_max": 4.676117163778896}