{"data_name": "AirQuality", "n_neighbors": 200, "level": 0.95, "random_state": 1824, "test_size": 0.2, "n": 9357, "d": 12, "oob_score": 0.6131328326386252, "test_score": 0.5793023522422014, "coverage": 0.9588675213675214, "width_mean": 2.700122476777271, "width_sd": 0.638139522846385, "width_min": 0.3595615627017703, "width_q1": 2.408128459581168, "width_q2": 2.65282606495253, "width_q3": 3.1744392799619776, "width_max": 3.9884677900874737}