{"data_name": "AirQuality", "n_neighbors": 2000, "level": 0.95, "random_state": 1824, "test_size": 0.2, "n": 9357, "d": 12, "oob_score": 0.6131328326386252, "test_score": 0.5793023522422014, "coverage": 0.9396367521367521, "width_mean": 3.054467841637347, "width_sd": 0.11477802579942535, "width_min": 2.5808177977362763, "width_q1": 3.0272075929783897, "width_q2": 3.0421540021200117, "width_q3": 3.0818762222933493, "width_max": 3.424627050125478}