{"data_name": "AirQuality", "n_neighbors": 200, "level": 0.95, "random_state": 1424, "test_size": 0.2, "n": 9357, "d": 12, "oob_score": 0.6276816939224087, "test_score": 0.559643175191915, "coverage": 0.9519230769230769, "width_mean": 2.3153250204269464, "width_sd": 0.8928459813493954, "width_min": 0.27479323954538826, "width_q1": 1.5825861475739709, "width_q2": 2.315844794932901, "width_q3": 3.0749062975747194, "width_max": 4.066192659872234}