{"data_name": "AirQuality", "n_neighbors": 200, "level": 0.8, "random_state": 4506, "test_size": 0.2, "n": 9357, "d": 12, "oob_score": 0.6137163295774629, "test_score": 0.615622931239119, "coverage": 0.8717948717948718, "width_mean": 0.7708846687273572, "width_sd": 0.6753955550416972, "width_min": 0.1784471703402325, "width_q1": 0.31391081543763266, "width_q2": 0.44106253571649173, "width_q3": 0.928451255096354, "width_max": 3.022364773967076}