{"data_name": "AirQuality", "n_neighbors": 500, "level": 0.8, "random_state": 409, "test_size": 0.2, "n": 9357, "d": 12, "oob_score": 0.6115090907756653, "test_score": 0.5956873989782108, "coverage": 0.8477564102564102, "width_mean": 0.8823840846870807, "width_sd": 0.3134790590031011, "width_min": 0.4287316780144894, "width_q1": 0.6930207482795043, "width_q2": 0.7553612329953254, "width_q3": 0.9724129595250819, "width_max": 2.297230438418121}