{"data_name": "AirQuality", "n_neighbors": 10, "level": 0.99, "random_state": 4012, "test_size": 0.2, "n": 9357, "d": 12, "oob_score": 0.612002337512547, "test_score": 0.5957691642602831, "coverage": 0.8680555555555556, "width_mean": 1.32546923817449, "width_sd": 1.3950584031676583, "width_min": 1.3322676295501878e-15, "width_q1": 0.12842936604879326, "width_q2": 0.4741501859790709, "width_q3": 2.8408561024067334, "width_max": 4.731619746121961}