{"data_name": "AirQuality", "n_neighbors": 20, "level": 0.9, "random_state": 4012, "test_size": 0.2, "n": 9357, "d": 12, "oob_score": 0.612002337512547, "test_score": 0.5957691642602831, "coverage": 0.875, "width_mean": 1.2373691189387184, "width_sd": 1.3280282283854075, "width_min": 1.7763568394002505e-15, "width_q1": 0.14650002870033574, "width_q2": 0.44465120461533086, "width_q3": 2.779147319128973, "width_max": 4.433601110225281}