{"data_name": "AirQuality", "n_neighbors": "all", "level": 0.95, "random_state": 8935, "test_size": 0.2, "n": 9357, "d": 12, "oob_score": 0.6156951819901489, "test_score": 0.5914927295070573, "coverage": 0.9481837606837606, "width_mean": 3.4033466816570157, "width_sd": 5.512072573232574e-16, "width_min": 3.403346681657016, "width_q1": 3.403346681657016, "width_q2": 3.403346681657016, "width_q3": 3.403346681657016, "width_max": 3.403346681657017}