{"data_name": "AirQuality", "n_neighbors": 2000, "level": 0.95, "random_state": 1424, "test_size": 0.2, "n": 9357, "d": 12, "oob_score": 0.6276816939224087, "test_score": 0.559643175191915, "coverage": 0.9396367521367521, "width_mean": 3.1426248914518182, "width_sd": 0.09600550082696038, "width_min": 2.6617040011724793, "width_q1": 3.1092386127528524, "width_q2": 3.1486637217932807, "width_q3": 3.199395340324492, "width_max": 3.466137700939648}