{"data_name": "AirQuality", "n_neighbors": "all", "level": 0.8, "random_state": 9674, "test_size": 0.2, "n": 9357, "d": 12, "oob_score": 0.6153184733672921, "test_score": 0.6103516376302558, "coverage": 0.811965811965812, "width_mean": 0.8231545942681211, "width_sd": 2.721295197192755e-16, "width_min": 0.8231545942681207, "width_q1": 0.8231545942681208, "width_q2": 0.8231545942681209, "width_q3": 0.8231545942681209, "width_max": 0.8231545942681209}