{"data_name": "AirQuality", "n_neighbors": "all", "level": 0.95, "random_state": 1424, "test_size": 0.2, "n": 9357, "d": 12, "oob_score": 0.6276816939224087, "test_score": 0.559643175191915, "coverage": 0.9391025641025641, "width_mean": 3.302320084391227, "width_sd": 1.2729034590726086e-15, "width_min": 3.3023200843912273, "width_q1": 3.302320084391228, "width_q2": 3.302320084391228, "width_q3": 3.302320084391228, "width_max": 3.302320084391228}