{"data_name": "AirQuality", "n_neighbors": 1000, "level": 0.8, "random_state": 4506, "test_size": 0.2, "n": 9357, "d": 12, "oob_score": 0.6137163295774629, "test_score": 0.615622931239119, "coverage": 0.8344017094017094, "width_mean": 0.7492515229526189, "width_sd": 0.15147039396834705, "width_min": 0.6176680614883394, "width_q1": 0.65340368970525, "width_q2": 0.6844530132617166, "width_q3": 0.7782726198611938, "width_max": 1.4155344493038795}