{"data_name": "AirQuality", "n_neighbors": 20, "level": 0.8, "random_state": 1824, "test_size": 0.2, "n": 9357, "d": 12, "oob_score": 0.6131328326386252, "test_score": 0.5793023522422014, "coverage": 0.7986111111111112, "width_mean": 0.9004960804232619, "width_sd": 1.1625331564491692, "width_min": 1.7763568394002505e-15, "width_q1": 0.07763440552074458, "width_q2": 0.2693509917359766, "width_q3": 1.9106219003001148, "width_max": 4.4305676108006455}