{"data_name": "AirQuality", "n_neighbors": 10, "level": 0.9, "random_state": 1424, "test_size": 0.2, "n": 9357, "d": 12, "oob_score": 0.6276816939224087, "test_score": 0.559643175191915, "coverage": 0.8290598290598291, "width_mean": 0.9763104795009341, "width_sd": 1.1531532956575388, "width_min": 2.6645352591003757e-15, "width_q1": 0.08715174694004316, "width_q2": 0.3242747382429503, "width_q3": 1.807769321123026, "width_max": 4.230938308611034}