{"data_name": "AirQuality", "n_neighbors": 5, "level": 0.9, "random_state": 9674, "test_size": 0.2, "n": 9357, "d": 12, "oob_score": 0.6153184733672921, "test_score": 0.6103516376302558, "coverage": 0.6891025641025641, "width_mean": 0.7964386246791162, "width_sd": 1.0730651907980593, "width_min": 1.3322676295501878e-15, "width_q1": 0.0650059800212538, "width_q2": 0.23075692838826636, "width_q3": 1.1669344021047365, "width_max": 3.9462765909260913}