{"data_name": "AirQuality", "n_neighbors": 20, "level": 0.95, "random_state": 1424, "test_size": 0.2, "n": 9357, "d": 12, "oob_score": 0.6276816939224087, "test_score": 0.559643175191915, "coverage": 0.9225427350427351, "width_mean": 1.4082602539205697, "width_sd": 1.3519721190429206, "width_min": 0.0047674881597924434, "width_q1": 0.17706628349861497, "width_q2": 0.721210888186788, "width_q3": 2.815146162215229, "width_max": 4.637153732149014}