{"data_name": "AirQuality", "n_neighbors": 500, "level": 0.8, "random_state": 8935, "test_size": 0.2, "n": 9357, "d": 12, "oob_score": 0.6156951819901489, "test_score": 0.5914927295070573, "coverage": 0.8520299145299145, "width_mean": 1.0049417556044935, "width_sd": 0.2884748794028472, "width_min": 0.46654571804431155, "width_q1": 0.8653477969422841, "width_q2": 0.9055503617073393, "width_q3": 1.086241084127357, "width_max": 2.3951500841179785}