{"data_name": "AirQuality", "n_neighbors": 20, "level": 0.9, "random_state": 1824, "test_size": 0.2, "n": 9357, "d": 12, "oob_score": 0.6131328326386252, "test_score": 0.5793023522422014, "coverage": 0.8888888888888888, "width_mean": 1.2029558459806016, "width_sd": 1.3544234642702135, "width_min": 0.004550882408139945, "width_q1": 0.10332806495177044, "width_q2": 0.40656513659452725, "width_q3": 2.7642421297113415, "width_max": 4.927894178125056}