{"data_name": "AirQuality", "n_neighbors": 100, "level": 0.95, "random_state": 9674, "test_size": 0.2, "n": 9357, "d": 12, "oob_score": 0.6153184733672921, "test_score": 0.6103516376302558, "coverage": 0.9642094017094017, "width_mean": 2.0554034598615947, "width_sd": 1.2348121053406333, "width_min": 0.05128008162262937, "width_q1": 0.7806762778981123, "width_q2": 2.247147656291858, "width_q3": 3.2097122805615816, "width_max": 4.453721518188308}