{"data_name": "AirQuality", "n_neighbors": 200, "level": 0.9, "random_state": 4012, "test_size": 0.2, "n": 9357, "d": 12, "oob_score": 0.612002337512547, "test_score": 0.5957691642602831, "coverage": 0.9428418803418803, "width_mean": 1.8377377977536207, "width_sd": 0.8202152320071104, "width_min": 0.33447552828562377, "width_q1": 1.2567348126828295, "width_q2": 1.5663886587364828, "width_q3": 2.573948383173171, "width_max": 3.7662301851346798}