{"data_name": "AirQuality", "n_neighbors": 2000, "level": 0.95, "random_state": 8935, "test_size": 0.2, "n": 9357, "d": 12, "oob_score": 0.6156951819901489, "test_score": 0.5914927295070573, "coverage": 0.9513888888888888, "width_mean": 3.3708125824787865, "width_sd": 0.07204608249973785, "width_min": 3.0388396763814467, "width_q1": 3.3588907174950418, "width_q2": 3.3811046844498716, "width_q3": 3.4035053457400997, "width_max": 3.536006936289743}