{"data_name": "AirQuality", "n_neighbors": 500, "level": 0.8, "random_state": 4506, "test_size": 0.2, "n": 9357, "d": 12, "oob_score": 0.6137163295774629, "test_score": 0.615622931239119, "coverage": 0.8450854700854701, "width_mean": 0.7041422220560012, "width_sd": 0.3061861788079516, "width_min": 0.37221027621829433, "width_q1": 0.5087720615917566, "width_q2": 0.5871916611625971, "width_q3": 0.784116969403098, "width_max": 2.2290337120419124}