{"data_name": "AirQuality", "n_neighbors": 50, "level": 0.99, "random_state": 409, "test_size": 0.2, "n": 9357, "d": 12, "oob_score": 0.6115090907756653, "test_score": 0.5956873989782108, "coverage": 0.9743589743589743, "width_mean": 2.408734268855507, "width_sd": 1.4887665299645856, "width_min": 0.018517871846639833, "width_q1": 0.5789832385927013, "width_q2": 2.992501530986406, "width_q3": 3.6763672461550794, "width_max": 4.81864668066206}