{"data_name": "AirQuality", "n_neighbors": 5000, "level": 0.9, "random_state": 4506, "test_size": 0.2, "n": 9357, "d": 12, "oob_score": 0.6137163295774629, "test_score": 0.615622931239119, "coverage": 0.9107905982905983, "width_mean": 2.1426198571119093, "width_sd": 0.01840489469813954, "width_min": 2.0733241603463926, "width_q1": 2.1262368263223834, "width_q2": 2.151602735004573, "width_q3": 2.153755114058204, "width_max": 2.2056789179866283}