{"data_name": "AirQuality", "n_neighbors": "all", "level": 0.8, "random_state": 4012, "test_size": 0.2, "n": 9357, "d": 12, "oob_score": 0.612002337512547, "test_score": 0.5957691642602831, "coverage": 0.7948717948717948, "width_mean": 0.8215589222672931, "width_sd": 9.944713454457566e-17, "width_min": 0.821558922267293, "width_q1": 0.8215589222672932, "width_q2": 0.8215589222672932, "width_q3": 0.8215589222672932, "width_max": 0.8215589222672932}