{"data_name": "AirQuality", "n_neighbors": 500, "level": 0.95, "random_state": 409, "test_size": 0.2, "n": 9357, "d": 12, "oob_score": 0.6115090907756653, "test_score": 0.5956873989782108, "coverage": 0.9529914529914529, "width_mean": 3.1999940313546213, "width_sd": 0.5871171432128822, "width_min": 0.847242888200368, "width_q1": 3.123140976680071, "width_q2": 3.199602554486833, "width_q3": 3.582557754203682, "width_max": 3.942798890011508}