{"data_name": "AirQuality", "n_neighbors": 5000, "level": 0.9, "random_state": 1824, "test_size": 0.2, "n": 9357, "d": 12, "oob_score": 0.6131328326386252, "test_score": 0.5793023522422014, "coverage": 0.8856837606837606, "width_mean": 1.9151917051331042, "width_sd": 0.02077378479715681, "width_min": 1.8722331376916392, "width_q1": 1.906529626926197, "width_q2": 1.9086742314511245, "width_q3": 1.915877430429054, "width_max": 2.0392408866016964}