{"data_name": "AirQuality", "n_neighbors": 1000, "level": 0.9, "random_state": 4506, "test_size": 0.2, "n": 9357, "d": 12, "oob_score": 0.6137163295774629, "test_score": 0.615622931239119, "coverage": 0.9145299145299145, "width_mean": 1.8011992885293562, "width_sd": 0.24741190593178708, "width_min": 1.2738856535951024, "width_q1": 1.6478846709778643, "width_q2": 1.687433335747579, "width_q3": 1.8878654322609807, "width_max": 2.7653245105727153}