{"data_name": "AirQuality", "n_neighbors": 5000, "level": 0.8, "random_state": 4506, "test_size": 0.2, "n": 9357, "d": 12, "oob_score": 0.6137163295774629, "test_score": 0.615622931239119, "coverage": 0.8141025641025641, "width_mean": 0.8250603154577048, "width_sd": 0.021918912019099762, "width_min": 0.8019356247354141, "width_q1": 0.8118229823129988, "width_q2": 0.8179199502125989, "width_q3": 0.8261451655578578, "width_max": 0.9201257274921513}