{"data_name": "AirQuality", "n_neighbors": 100, "level": 0.8, "random_state": 1679, "test_size": 0.2, "n": 9357, "d": 12, "oob_score": 0.6046689139026998, "test_score": 0.6207355472699623, "coverage": 0.8616452991452992, "width_mean": 0.9267169113809682, "width_sd": 0.9381508267466631, "width_min": 0.0058061462563636645, "width_q1": 0.2782895351102094, "width_q2": 0.45475663295462093, "width_q3": 1.4659806969558125, "width_max": 3.341154870782927}