{"data_name": "AirQuality", "n_neighbors": 1000, "level": 0.95, "random_state": 3657, "test_size": 0.2, "n": 9357, "d": 12, "oob_score": 0.6067964763219993, "test_score": 0.624104213296435, "coverage": 0.9588675213675214, "width_mean": 3.152467372364376, "width_sd": 0.26263472227958556, "width_min": 1.9706566691402854, "width_q1": 3.146794515350399, "width_q2": 3.177416000989997, "width_q3": 3.3067024028669216, "width_max": 3.727960442930396}