{"data_name": "AirQuality", "n_neighbors": 200, "level": 0.9, "random_state": 1679, "test_size": 0.2, "n": 9357, "d": 12, "oob_score": 0.6046689139026998, "test_score": 0.6207355472699623, "coverage": 0.9326923076923077, "width_mean": 1.8675161494607087, "width_sd": 0.7748068537106233, "width_min": 0.3954332652230286, "width_q1": 1.2866208704415214, "width_q2": 1.6083977052664924, "width_q3": 2.621859811437557, "width_max": 3.69184236191606}