{"data_name": "AirQuality", "n_neighbors": 5, "level": 0.9, "random_state": 1824, "test_size": 0.2, "n": 9357, "d": 12, "oob_score": 0.6131328326386252, "test_score": 0.5793023522422014, "coverage": 0.7019230769230769, "width_mean": 0.8445246273184054, "width_sd": 1.1354407633366836, "width_min": 8.881784197001252e-16, "width_q1": 0.05518710279145615, "width_q2": 0.20659322033784844, "width_q3": 1.8228418227215557, "width_max": 4.401061996717024}