{"data_name": "AirQuality", "n_neighbors": 20, "level": 0.9, "random_state": 1424, "test_size": 0.2, "n": 9357, "d": 12, "oob_score": 0.6276816939224087, "test_score": 0.559643175191915, "coverage": 0.8776709401709402, "width_mean": 1.118256094390096, "width_sd": 1.2874147294833074, "width_min": 0.0038120035850228717, "width_q1": 0.13133778846815802, "width_q2": 0.3927679784577589, "width_q3": 2.6215676441284548, "width_max": 4.489850727908192}