{"data_name": "AirQuality", "n_neighbors": 5, "level": 0.95, "random_state": 3657, "test_size": 0.2, "n": 9357, "d": 12, "oob_score": 0.6067964763219993, "test_score": 0.624104213296435, "coverage": 0.7222222222222222, "width_mean": 0.8885125477046225, "width_sd": 1.184248012815964, "width_min": 1.3322676295501878e-15, "width_q1": 0.06635924246653944, "width_q2": 0.2393851098911952, "width_q3": 1.6479619909723937, "width_max": 4.1469728862244}