{"data_name": "AirQuality", "n_neighbors": "auto", "level": 0.8, "random_state": 4012, "test_size": 0.2, "n": 9357, "d": 12, "oob_score": 0.612002337512547, "test_score": 0.5957691642602831, "coverage": 0.8076923076923077, "width_mean": 0.8161547442182598, "width_sd": 0.9776439876854146, "width_min": 0.0060650825573304035, "width_q1": 0.1356108719416222, "width_q2": 0.3545712290960613, "width_q3": 1.0251052622876244, "width_max": 3.4416284052843116}