{"data_name": "AirQuality", "n_neighbors": 500, "level": 0.95, "random_state": 1424, "test_size": 0.2, "n": 9357, "d": 12, "oob_score": 0.6276816939224087, "test_score": 0.559643175191915, "coverage": 0.9535256410256411, "width_mean": 2.9297786193047948, "width_sd": 0.5465341123783249, "width_min": 0.8292021823592437, "width_q1": 2.8448760824943937, "width_q2": 2.953879756329272, "width_q3": 3.263629731395949, "width_max": 3.9149312018101217}