{"data_name": "AirQuality", "n_neighbors": 50, "level": 0.99, "random_state": 9674, "test_size": 0.2, "n": 9357, "d": 12, "oob_score": 0.6153184733672921, "test_score": 0.6103516376302558, "coverage": 0.9770299145299145, "width_mean": 2.3909731026918766, "width_sd": 1.4500228549082395, "width_min": 0.015137715678559094, "width_q1": 0.6722594497963895, "width_q2": 2.8928593497488726, "width_q3": 3.582107607601574, "width_max": 4.774679369065596}