{"data_name": "AirQuality", "n_neighbors": 500, "level": 0.8, "random_state": 2286, "test_size": 0.2, "n": 9357, "d": 12, "oob_score": 0.611187500745163, "test_score": 0.6078545094932084, "coverage": 0.8477564102564102, "width_mean": 0.9082553205030196, "width_sd": 0.28978947018084816, "width_min": 0.4004668178125126, "width_q1": 0.7293176920920219, "width_q2": 0.786989704285177, "width_q3": 0.9950752674900558, "width_max": 2.2087300154201674}