{"data_name": "AirQuality", "n_neighbors": 5000, "level": 0.9, "random_state": 4012, "test_size": 0.2, "n": 9357, "d": 12, "oob_score": 0.612002337512547, "test_score": 0.5957691642602831, "coverage": 0.8969017094017094, "width_mean": 2.037829762272732, "width_sd": 0.02042552118579809, "width_min": 1.9826601331546936, "width_q1": 2.027486313835394, "width_q2": 2.0297935505657714, "width_q3": 2.0476242382237295, "width_max": 2.124486498912731}