{"data_name": "AirQuality", "n_neighbors": 20, "level": 0.8, "random_state": 409, "test_size": 0.2, "n": 9357, "d": 12, "oob_score": 0.6115090907756653, "test_score": 0.5956873989782108, "coverage": 0.7996794871794872, "width_mean": 0.9420561532644107, "width_sd": 1.1464544995989951, "width_min": 0.0031201201310732674, "width_q1": 0.08692386884100613, "width_q2": 0.3164515665031883, "width_q3": 2.034898910729851, "width_max": 3.927580431798118}