{"data_name": "AirQuality", "n_neighbors": 200, "level": 0.95, "random_state": 409, "test_size": 0.2, "n": 9357, "d": 12, "oob_score": 0.6115090907756653, "test_score": 0.5956873989782108, "coverage": 0.9577991452991453, "width_mean": 2.9604654131273045, "width_sd": 0.7231031005382095, "width_min": 0.5081323585162165, "width_q1": 2.716130942109682, "width_q2": 3.1842591549190837, "width_q3": 3.4320428123276576, "width_max": 4.046893658654779}