{"data_name": "AirQuality", "n_neighbors": 200, "level": 0.95, "random_state": 4012, "test_size": 0.2, "n": 9357, "d": 12, "oob_score": 0.612002337512547, "test_score": 0.5957691642602831, "coverage": 0.9668803418803419, "width_mean": 2.9624703588758976, "width_sd": 0.8356089149613123, "width_min": 0.5361124128915895, "width_q1": 2.3833297062710033, "width_q2": 3.196433560234598, "width_q3": 3.633140447487688, "width_max": 4.124820898110354}