{"data_name": "AirQuality", "n_neighbors": 1000, "level": 0.99, "random_state": 1824, "test_size": 0.2, "n": 9357, "d": 12, "oob_score": 0.6131328326386252, "test_score": 0.5793023522422014, "coverage": 0.9834401709401709, "width_mean": 4.351530015552767, "width_sd": 0.07107175907955371, "width_min": 3.9058791288503, "width_q1": 4.32388538037818, "width_q2": 4.347310844170263, "width_q3": 4.3729064936821915, "width_max": 4.836403417641275}