{"data_name": "AirQuality", "n_neighbors": 10, "level": 0.8, "random_state": 1824, "test_size": 0.2, "n": 9357, "d": 12, "oob_score": 0.6131328326386252, "test_score": 0.5793023522422014, "coverage": 0.7446581196581197, "width_mean": 0.8361797697103418, "width_sd": 1.1267006023395942, "width_min": 1.3322676295501878e-15, "width_q1": 0.06559882242402404, "width_q2": 0.2601860978870901, "width_q3": 1.0188304595110647, "width_max": 3.9145406567746823}