{"data_name": "AirQuality", "n_neighbors": 50, "level": 0.9, "random_state": 4506, "test_size": 0.2, "n": 9357, "d": 12, "oob_score": 0.6137163295774629, "test_score": 0.615622931239119, "coverage": 0.9236111111111112, "width_mean": 1.3186020649705905, "width_sd": 1.311772095939377, "width_min": 0.008418834884362847, "width_q1": 0.19661742565131266, "width_q2": 0.5260042159452776, "width_q3": 2.7433580799935733, "width_max": 4.065552386681336}