{"data_name": "AirQuality", "n_neighbors": 100, "level": 0.99, "random_state": 1679, "test_size": 0.2, "n": 9357, "d": 12, "oob_score": 0.6046689139026998, "test_score": 0.6207355472699623, "coverage": 0.9893162393162394, "width_mean": 3.3899413029767724, "width_sd": 1.0329548782729256, "width_min": 0.17681815086869285, "width_q1": 3.0385823155513476, "width_q2": 3.733243649703829, "width_q3": 4.131959327107861, "width_max": 4.892039682993095}