{"data_name": "AirQuality", "n_neighbors": "auto", "level": 0.99, "random_state": 1424, "test_size": 0.2, "n": 9357, "d": 12, "oob_score": 0.6276816939224087, "test_score": 0.559643175191915, "coverage": 0.968482905982906, "width_mean": 2.2414243586315488, "width_sd": 1.4941882486936222, "width_min": 0.03600256267863361, "width_q1": 0.5144000199148838, "width_q2": 2.7473241690255508, "width_q3": 3.5885859497339316, "width_max": 4.803075670349633}