{"data_name": "AirQuality", "n_neighbors": 2000, "level": 0.95, "random_state": 2286, "test_size": 0.2, "n": 9357, "d": 12, "oob_score": 0.611187500745163, "test_score": 0.6078545094932084, "coverage": 0.9556623931623932, "width_mean": 3.4208831648239366, "width_sd": 0.1327321223188458, "width_min": 2.719214836813898, "width_q1": 3.4470357025262253, "width_q2": 3.449320354282797, "width_q3": 3.4775029470759984, "width_max": 3.7652909491701334}