{"data_name": "AirQuality", "n_neighbors": 10, "level": 0.99, "random_state": 1679, "test_size": 0.2, "n": 9357, "d": 12, "oob_score": 0.6046689139026998, "test_score": 0.6207355472699623, "coverage": 0.8808760683760684, "width_mean": 1.3016113101973035, "width_sd": 1.3985180246917703, "width_min": 8.881784197001252e-16, "width_q1": 0.1357655622933223, "width_q2": 0.4683703209780602, "width_q3": 2.796153848028034, "width_max": 4.750647211364749}