{"data_name": "AirQuality", "n_neighbors": 100, "level": 0.8, "random_state": 9674, "test_size": 0.2, "n": 9357, "d": 12, "oob_score": 0.6153184733672921, "test_score": 0.6103516376302558, "coverage": 0.8386752136752137, "width_mean": 0.8133162404508649, "width_sd": 0.9099986854183328, "width_min": 0.012660499565429473, "width_q1": 0.21314554693541438, "width_q2": 0.3272685358622107, "width_q3": 1.1038123369306834, "width_max": 3.515995186009718}