{"data_name": "AirQuality", "n_neighbors": 5000, "level": 0.99, "random_state": 4012, "test_size": 0.2, "n": 9357, "d": 12, "oob_score": 0.612002337512547, "test_score": 0.5957691642602831, "coverage": 0.9903846153846154, "width_mean": 4.691262785955034, "width_sd": 0.008955453258194256, "width_min": 4.676482250742449, "width_q1": 4.6903157053701525, "width_q2": 4.6903157053701525, "width_q3": 4.6903157053701525, "width_max": 4.767939874877591}