{"data_name": "AirQuality", "n_neighbors": "all", "level": 0.8, "random_state": 4506, "test_size": 0.2, "n": 9357, "d": 12, "oob_score": 0.6137163295774629, "test_score": 0.615622931239119, "coverage": 0.8071581196581197, "width_mean": 0.823296237307178, "width_sd": 1.260480027378852e-16, "width_min": 0.8232962373071779, "width_q1": 0.8232962373071782, "width_q2": 0.8232962373071782, "width_q3": 0.8232962373071782, "width_max": 0.8232962373071784}