{"data_name": "AirQuality", "n_neighbors": "all", "level": 0.95, "random_state": 4012, "test_size": 0.2, "n": 9357, "d": 12, "oob_score": 0.612002337512547, "test_score": 0.5957691642602831, "coverage": 0.9519230769230769, "width_mean": 3.421266965575702, "width_sd": 4.73036393786297e-16, "width_min": 3.4212669655757013, "width_q1": 3.4212669655757018, "width_q2": 3.4212669655757018, "width_q3": 3.4212669655757018, "width_max": 3.421266965575702}