{"data_name": "AirQuality", "n_neighbors": 1000, "level": 0.95, "random_state": 2286, "test_size": 0.2, "n": 9357, "d": 12, "oob_score": 0.611187500745163, "test_score": 0.6078545094932084, "coverage": 0.9583333333333334, "width_mean": 3.333236196938305, "width_sd": 0.32939112970380674, "width_min": 1.8346811257522617, "width_q1": 3.3374210687113175, "width_q2": 3.4144837368882857, "width_q3": 3.499155385885262, "width_max": 3.8087528863715607}