{"data_name": "AirQuality", "n_neighbors": 5000, "level": 0.9, "random_state": 3657, "test_size": 0.2, "n": 9357, "d": 12, "oob_score": 0.6067964763219993, "test_score": 0.624104213296435, "coverage": 0.9081196581196581, "width_mean": 2.0939975140047142, "width_sd": 0.025880097372531066, "width_min": 2.035613174229945, "width_q1": 2.0700757208687905, "width_q2": 2.0946066841912625, "width_q3": 2.0987726471081056, "width_max": 2.2543135228228737}