{"data_name": "AirQuality", "n_neighbors": 5, "level": 0.9, "random_state": 1424, "test_size": 0.2, "n": 9357, "d": 12, "oob_score": 0.6276816939224087, "test_score": 0.559643175191915, "coverage": 0.6826923076923077, "width_mean": 0.7534194068032836, "width_sd": 1.0386499486974967, "width_min": 4.440892098500626e-16, "width_q1": 0.05979314239123623, "width_q2": 0.2049759212799709, "width_q3": 1.0085256921096835, "width_max": 4.367197133541927}