{"data_name": "AirQuality", "n_neighbors": 50, "level": 0.99, "random_state": 4506, "test_size": 0.2, "n": 9357, "d": 12, "oob_score": 0.6137163295774629, "test_score": 0.615622931239119, "coverage": 0.969551282051282, "width_mean": 2.2859717483828335, "width_sd": 1.501977782092447, "width_min": 0.010459432411407343, "width_q1": 0.5275694664979986, "width_q2": 2.8085261677591316, "width_q3": 3.5451123662711423, "width_max": 4.8472420745973945}