{"data_name": "AirQuality", "n_neighbors": 5000, "level": 0.99, "random_state": 1424, "test_size": 0.2, "n": 9357, "d": 12, "oob_score": 0.6276816939224087, "test_score": 0.559643175191915, "coverage": 0.9834401709401709, "width_mean": 4.611797185844537, "width_sd": 0.03046339283268519, "width_min": 4.598097997539021, "width_q1": 4.598097997539022, "width_q2": 4.598097997539022, "width_q3": 4.598097997539022, "width_max": 4.73501863504837}