{"data_name": "AirQuality", "n_neighbors": 1000, "level": 0.99, "random_state": 4506, "test_size": 0.2, "n": 9357, "d": 12, "oob_score": 0.6137163295774629, "test_score": 0.615622931239119, "coverage": 0.9818376068376068, "width_mean": 4.810335444919585, "width_sd": 0.1354368705887607, "width_min": 4.200619194056195, "width_q1": 4.8213688580765846, "width_q2": 4.8213688580765846, "width_q3": 4.858232940911109, "width_max": 5.037013698522172}