{"data_name": "AirQuality", "n_neighbors": 5, "level": 0.99, "random_state": 8935, "test_size": 0.2, "n": 9357, "d": 12, "oob_score": 0.6156951819901489, "test_score": 0.5914927295070573, "coverage": 0.7345085470085471, "width_mean": 0.9397102312667456, "width_sd": 1.221900409977061, "width_min": 8.881784197001252e-16, "width_q1": 0.07379197948925327, "width_q2": 0.2699419622721102, "width_q3": 2.0041875818541057, "width_max": 4.667006101505893}