{"data_name": "AirQuality", "n_neighbors": 2000, "level": 0.9, "random_state": 1824, "test_size": 0.2, "n": 9357, "d": 12, "oob_score": 0.6131328326386252, "test_score": 0.5793023522422014, "coverage": 0.8931623931623932, "width_mean": 1.9759780520418677, "width_sd": 0.1107333428661531, "width_min": 1.619498069829214, "width_q1": 1.934845634715716, "width_q2": 1.9685103052685196, "width_q3": 2.019128584051795, "width_max": 2.361177868678384}