{"data_name": "AirQuality", "n_neighbors": "all", "level": 0.95, "random_state": 3657, "test_size": 0.2, "n": 9357, "d": 12, "oob_score": 0.6067964763219993, "test_score": 0.624104213296435, "coverage": 0.9572649572649573, "width_mean": 3.3606057515003864, "width_sd": 1.2595916844844553e-15, "width_min": 3.360605751500385, "width_q1": 3.360605751500385, "width_q2": 3.360605751500385, "width_q3": 3.360605751500385, "width_max": 3.360605751500386}