{"data_name": "AirQuality", "n_neighbors": 200, "level": 0.99, "random_state": 1824, "test_size": 0.2, "n": 9357, "d": 12, "oob_score": 0.6131328326386252, "test_score": 0.5793023522422014, "coverage": 0.9829059829059829, "width_mean": 3.9216941701009365, "width_sd": 0.5230472587715592, "width_min": 0.5993846092080011, "width_q1": 3.8835253645036545, "width_q2": 4.019828488173274, "width_q3": 4.127823640844329, "width_max": 4.9189225937556245}