{"data_name": "AirQuality", "n_neighbors": 1000, "level": 0.99, "random_state": 4012, "test_size": 0.2, "n": 9357, "d": 12, "oob_score": 0.612002337512547, "test_score": 0.5957691642602831, "coverage": 0.9898504273504274, "width_mean": 4.693126702405661, "width_sd": 0.051936849261793726, "width_min": 4.292734768766222, "width_q1": 4.677885035260738, "width_q2": 4.677885035260738, "width_q3": 4.696898526506645, "width_max": 4.9132627261382416}