{"data_name": "AirQuality", "n_neighbors": 50, "level": 0.95, "random_state": 4012, "test_size": 0.2, "n": 9357, "d": 12, "oob_score": 0.612002337512547, "test_score": 0.5957691642602831, "coverage": 0.9545940170940171, "width_mean": 1.7665114100528163, "width_sd": 1.4358191059228576, "width_min": 0.02110772342911671, "width_q1": 0.28915650504646795, "width_q2": 1.8765338273882692, "width_q3": 3.1856970554856563, "width_max": 4.384939229996727}