{"data_name": "AirQuality", "n_neighbors": 5, "level": 0.99, "random_state": 4506, "test_size": 0.2, "n": 9357, "d": 12, "oob_score": 0.6137163295774629, "test_score": 0.615622931239119, "coverage": 0.7264957264957265, "width_mean": 0.8887191332772961, "width_sd": 1.2044385381274354, "width_min": 4.440892098500626e-16, "width_q1": 0.0685408280646888, "width_q2": 0.22438145203868431, "width_q3": 1.3661552893947633, "width_max": 4.744394561733936}