{"data_name": "AirQuality", "n_neighbors": "auto", "level": 0.9, "random_state": 4506, "test_size": 0.2, "n": 9357, "d": 12, "oob_score": 0.6137163295774629, "test_score": 0.615622931239119, "coverage": 0.8942307692307693, "width_mean": 1.1935385824702391, "width_sd": 1.2227110121000835, "width_min": 0.008964619170808097, "width_q1": 0.1980408341846598, "width_q2": 0.5278481072415517, "width_q3": 2.5469732775230565, "width_max": 4.052199759963171}