{"data_name": "AirQuality", "n_neighbors": "all", "level": 0.95, "random_state": 4506, "test_size": 0.2, "n": 9357, "d": 12, "oob_score": 0.6137163295774629, "test_score": 0.615622931239119, "coverage": 0.9492521367521367, "width_mean": 3.337334980323581, "width_sd": 8.92556332261923e-16, "width_min": 3.3373349803235794, "width_q1": 3.33733498032358, "width_q2": 3.33733498032358, "width_q3": 3.33733498032358, "width_max": 3.3373349803235803}