{"data_name": "AirQuality", "n_neighbors": 50, "level": 0.95, "random_state": 2286, "test_size": 0.2, "n": 9357, "d": 12, "oob_score": 0.611187500745163, "test_score": 0.6078545094932084, "coverage": 0.9540598290598291, "width_mean": 1.7730154483455507, "width_sd": 1.4399124664014056, "width_min": 0.021754912993217246, "width_q1": 0.30369327842771, "width_q2": 1.9000424639665403, "width_q3": 3.1649636174001357, "width_max": 4.5377863274508154}