{"data_name": "AirQuality", "n_neighbors": 200, "level": 0.99, "random_state": 3657, "test_size": 0.2, "n": 9357, "d": 12, "oob_score": 0.6067964763219993, "test_score": 0.624104213296435, "coverage": 0.9871794871794872, "width_mean": 3.841295018025635, "width_sd": 0.5741783012670643, "width_min": 0.5729262226473595, "width_q1": 3.594191595708286, "width_q2": 4.0174808071893455, "width_q3": 4.102376520765228, "width_max": 4.738506030541966}