{"data_name": "AirQuality", "n_neighbors": 5, "level": 0.99, "random_state": 3657, "test_size": 0.2, "n": 9357, "d": 12, "oob_score": 0.6067964763219993, "test_score": 0.624104213296435, "coverage": 0.7403846153846154, "width_mean": 0.9364858730170744, "width_sd": 1.246394290799531, "width_min": 1.3322676295501878e-15, "width_q1": 0.07024831088114157, "width_q2": 0.2516944498828033, "width_q3": 1.689452877750665, "width_max": 4.242993849470581}