{"data_name": "AirQuality", "n_neighbors": 1000, "level": 0.9, "random_state": 1824, "test_size": 0.2, "n": 9357, "d": 12, "oob_score": 0.6131328326386252, "test_score": 0.5793023522422014, "coverage": 0.8979700854700855, "width_mean": 2.031112177579445, "width_sd": 0.19552885327808683, "width_min": 1.353255100541452, "width_q1": 1.9513871091699895, "width_q2": 1.9820483911426365, "width_q3": 2.1220227500047795, "width_max": 2.7308918541108187}