{"data_name": "AirQuality", "n_neighbors": 5000, "level": 0.9, "random_state": 409, "test_size": 0.2, "n": 9357, "d": 12, "oob_score": 0.6115090907756653, "test_score": 0.5956873989782108, "coverage": 0.8872863247863247, "width_mean": 1.9762450440180528, "width_sd": 0.016954636872770948, "width_min": 1.9229954554397803, "width_q1": 1.9684332157625923, "width_q2": 1.9708497787406305, "width_q3": 1.9847602681860983, "width_max": 2.0511223273396135}