{"data_name": "AirQuality", "n_neighbors": "all", "level": 0.9, "random_state": 1824, "test_size": 0.2, "n": 9357, "d": 12, "oob_score": 0.6131328326386252, "test_score": 0.5793023522422014, "coverage": 0.8931623931623932, "width_mean": 2.1196930414428157, "width_sd": 4.440892098500626e-16, "width_min": 2.119693041442816, "width_q1": 2.119693041442816, "width_q2": 2.119693041442816, "width_q3": 2.119693041442816, "width_max": 2.119693041442816}