{"data_name": "AirQuality", "n_neighbors": 10, "level": 0.8, "random_state": 3657, "test_size": 0.2, "n": 9357, "d": 12, "oob_score": 0.6067964763219993, "test_score": 0.624104213296435, "coverage": 0.7660256410256411, "width_mean": 0.8118138877193225, "width_sd": 1.0975824059214687, "width_min": 0.0021450757251170183, "width_q1": 0.07574078548879316, "width_q2": 0.2539546494163371, "width_q3": 0.9815174885463255, "width_max": 4.052888160622476}