{"data_name": "AirQuality", "n_neighbors": 50, "level": 0.9, "random_state": 1679, "test_size": 0.2, "n": 9357, "d": 12, "oob_score": 0.6046689139026998, "test_score": 0.6207355472699623, "coverage": 0.9230769230769231, "width_mean": 1.4026568236324488, "width_sd": 1.314664725163464, "width_min": 0.011171102124631682, "width_q1": 0.22282827316903472, "width_q2": 0.6397788065520579, "width_q3": 2.8391158205661995, "width_max": 4.248707587338189}