{"data_name": "AirQuality", "n_neighbors": "all", "level": 0.9, "random_state": 4012, "test_size": 0.2, "n": 9357, "d": 12, "oob_score": 0.612002337512547, "test_score": 0.5957691642602831, "coverage": 0.8963675213675214, "width_mean": 2.0487947862529374, "width_sd": 3.611416860406948e-16, "width_min": 2.048794786252937, "width_q1": 2.048794786252937, "width_q2": 2.048794786252937, "width_q3": 2.0487947862529374, "width_max": 2.0487947862529374}