{"data_name": "AirQuality", "n_neighbors": 100, "level": 0.95, "random_state": 2286, "test_size": 0.2, "n": 9357, "d": 12, "oob_score": 0.611187500745163, "test_score": 0.6078545094932084, "coverage": 0.968482905982906, "width_mean": 2.1097313159721636, "width_sd": 1.1993640615982086, "width_min": 0.12923548939659318, "width_q1": 0.9273163816427819, "width_q2": 2.213112748946579, "width_q3": 3.2222687977755053, "width_max": 4.415968343569304}