{"data_name": "AirQuality", "n_neighbors": "all", "level": 0.99, "random_state": 1824, "test_size": 0.2, "n": 9357, "d": 12, "oob_score": 0.6131328326386252, "test_score": 0.5793023522422014, "coverage": 0.9893162393162394, "width_mean": 4.702887732857013, "width_sd": 2.8885500018027295e-16, "width_min": 4.702887732857012, "width_q1": 4.702887732857013, "width_q2": 4.702887732857013, "width_q3": 4.702887732857013, "width_max": 4.702887732857013}