{"data_name": "AirQuality", "n_neighbors": 20, "level": 0.95, "random_state": 3657, "test_size": 0.2, "n": 9357, "d": 12, "oob_score": 0.6067964763219993, "test_score": 0.624104213296435, "coverage": 0.9262820512820513, "width_mean": 1.5137703123068211, "width_sd": 1.3936520077939554, "width_min": 0.0057280471033672176, "width_q1": 0.20098147676603498, "width_q2": 0.9702450873635841, "width_q3": 2.972633449708507, "width_max": 4.461315843235427}