{"data_name": "AirQuality", "n_neighbors": "auto", "level": 0.95, "random_state": 409, "test_size": 0.2, "n": 9357, "d": 12, "oob_score": 0.6115090907756653, "test_score": 0.5956873989782108, "coverage": 0.9225427350427351, "width_mean": 1.704899282860394, "width_sd": 1.397349338307865, "width_min": 0.018372310955304838, "width_q1": 0.33422385662853776, "width_q2": 1.1570762873219127, "width_q3": 3.1722895856054985, "width_max": 4.406068960168886}