{"data_name": "AirQuality", "n_neighbors": 10, "level": 0.9, "random_state": 1824, "test_size": 0.2, "n": 9357, "d": 12, "oob_score": 0.6131328326386252, "test_score": 0.5793023522422014, "coverage": 0.8311965811965812, "width_mean": 1.0812297995493105, "width_sd": 1.2455558320890443, "width_min": 1.7763568394002505e-15, "width_q1": 0.08256613342456459, "width_q2": 0.3436026053482916, "width_q3": 2.062998693536396, "width_max": 4.287596074741128}