{"data_name": "AirQuality", "n_neighbors": 50, "level": 0.95, "random_state": 409, "test_size": 0.2, "n": 9357, "d": 12, "oob_score": 0.6115090907756653, "test_score": 0.5956873989782108, "coverage": 0.9428418803418803, "width_mean": 1.8675472800211426, "width_sd": 1.4494981685670119, "width_min": 0.013294559458950028, "width_q1": 0.3228547035199334, "width_q2": 2.1538746126143757, "width_q3": 3.2726634875955654, "width_max": 4.566223581567146}