{"data_name": "AirQuality", "n_neighbors": 50, "level": 0.95, "random_state": 1679, "test_size": 0.2, "n": 9357, "d": 12, "oob_score": 0.6046689139026998, "test_score": 0.6207355472699623, "coverage": 0.9604700854700855, "width_mean": 1.8332980633263136, "width_sd": 1.4561575857213496, "width_min": 0.013911579183659706, "width_q1": 0.3184090899878095, "width_q2": 2.115145931242971, "width_q3": 3.2285194407075464, "width_max": 4.521316754219057}