{"data_name": "AirQuality", "n_neighbors": 500, "level": 0.8, "random_state": 9674, "test_size": 0.2, "n": 9357, "d": 12, "oob_score": 0.6153184733672921, "test_score": 0.6103516376302558, "coverage": 0.8482905982905983, "width_mean": 0.6722212381177838, "width_sd": 0.32060474636984787, "width_min": 0.3047597819656316, "width_q1": 0.4671537366036329, "width_q2": 0.5344661768092891, "width_q3": 0.7202381431843465, "width_max": 1.987371112441946}