{"data_name": "AirQuality", "n_neighbors": 50, "level": 0.99, "random_state": 3657, "test_size": 0.2, "n": 9357, "d": 12, "oob_score": 0.6067964763219993, "test_score": 0.624104213296435, "coverage": 0.9754273504273504, "width_mean": 2.3996467903164986, "width_sd": 1.467967604734746, "width_min": 0.036800462542730616, "width_q1": 0.5941042473729456, "width_q2": 2.921894726186969, "width_q3": 3.6728503765461453, "width_max": 4.751066072872036}