{"data_name": "AirQuality", "n_neighbors": "auto", "level": 0.99, "random_state": 1679, "test_size": 0.2, "n": 9357, "d": 12, "oob_score": 0.6046689139026998, "test_score": 0.6207355472699623, "coverage": 0.9786324786324786, "width_mean": 2.3906556736869544, "width_sd": 1.4819858621702775, "width_min": 0.01698870545233172, "width_q1": 0.6863064542394665, "width_q2": 2.9453348508800046, "width_q3": 3.6456406944289292, "width_max": 4.836962629069939}