{"data_name": "AirQuality", "n_neighbors": 1000, "level": 0.95, "random_state": 4506, "test_size": 0.2, "n": 9357, "d": 12, "oob_score": 0.6137163295774629, "test_score": 0.615622931239119, "coverage": 0.9577991452991453, "width_mean": 3.111688827378334, "width_sd": 0.23625024770295774, "width_min": 2.047450735924581, "width_q1": 3.000156352759277, "width_q2": 3.037558499909209, "width_q3": 3.1977643213105247, "width_max": 3.8312458867333223}