{"data_name": "AirQuality", "n_neighbors": 1000, "level": 0.99, "random_state": 9674, "test_size": 0.2, "n": 9357, "d": 12, "oob_score": 0.6153184733672921, "test_score": 0.6103516376302558, "coverage": 0.9887820512820513, "width_mean": 4.477211410395482, "width_sd": 0.06197854099659701, "width_min": 3.9825170338928846, "width_q1": 4.4779552405469945, "width_q2": 4.477955240546995, "width_q3": 4.480847762971935, "width_max": 4.753189839509825}