{"data_name": "AirQuality", "n_neighbors": 10, "level": 0.95, "random_state": 3657, "test_size": 0.2, "n": 9357, "d": 12, "oob_score": 0.6067964763219993, "test_score": 0.624104213296435, "coverage": 0.8648504273504274, "width_mean": 1.192897893698336, "width_sd": 1.3174808198809749, "width_min": 0.0031356631818241776, "width_q1": 0.1249070641949675, "width_q2": 0.3815372752462244, "width_q3": 2.4891383796010778, "width_max": 4.179751757783448}