{"data_name": "AirQuality", "n_neighbors": 10, "level": 0.8, "random_state": 1679, "test_size": 0.2, "n": 9357, "d": 12, "oob_score": 0.6046689139026998, "test_score": 0.6207355472699623, "coverage": 0.7516025641025641, "width_mean": 0.7996089680425508, "width_sd": 1.0697219858041778, "width_min": 8.881784197001252e-16, "width_q1": 0.07648400022121728, "width_q2": 0.2897800960390676, "width_q3": 0.8885800085082511, "width_max": 4.227241125785447}