{"data_name": "AirQuality", "n_neighbors": 1000, "level": 0.8, "random_state": 1679, "test_size": 0.2, "n": 9357, "d": 12, "oob_score": 0.6046689139026998, "test_score": 0.6207355472699623, "coverage": 0.8338675213675214, "width_mean": 0.8023121747570824, "width_sd": 0.13385908291698856, "width_min": 0.6739010675546098, "width_q1": 0.7134269683437958, "width_q2": 0.7345654227695035, "width_q3": 0.8333462528217692, "width_max": 1.2949739396270348}