{"data_name": "AirQuality", "n_neighbors": 10, "level": 0.95, "random_state": 4506, "test_size": 0.2, "n": 9357, "d": 12, "oob_score": 0.6137163295774629, "test_score": 0.615622931239119, "coverage": 0.8472222222222222, "width_mean": 1.1497900323046601, "width_sd": 1.2934491490244617, "width_min": 1.7763568394002505e-15, "width_q1": 0.08929277650264764, "width_q2": 0.36807028829515565, "width_q3": 2.414711281726133, "width_max": 4.707089090346174}