{"data_name": "AirQuality", "n_neighbors": "all", "level": 0.8, "random_state": 1679, "test_size": 0.2, "n": 9357, "d": 12, "oob_score": 0.6046689139026998, "test_score": 0.6207355472699623, "coverage": 0.8039529914529915, "width_mean": 0.8397449507769145, "width_sd": 7.783075104344814e-17, "width_min": 0.8397449507769144, "width_q1": 0.8397449507769144, "width_q2": 0.8397449507769145, "width_q3": 0.8397449507769145, "width_max": 0.8397449507769146}