{"data_name": "AirQuality", "n_neighbors": 2000, "level": 0.8, "random_state": 1679, "test_size": 0.2, "n": 9357, "d": 12, "oob_score": 0.6046689139026998, "test_score": 0.6207355472699623, "coverage": 0.8237179487179487, "width_mean": 0.854754115073193, "width_sd": 0.07620043731213512, "width_min": 0.7544175477685906, "width_q1": 0.8020598931973217, "width_q2": 0.8280252394262078, "width_q3": 0.8705205093869599, "width_max": 1.1237708603316299}