{"data_name": "AirQuality", "n_neighbors": 2000, "level": 0.9, "random_state": 9674, "test_size": 0.2, "n": 9357, "d": 12, "oob_score": 0.6153184733672921, "test_score": 0.6103516376302558, "coverage": 0.9086538461538461, "width_mean": 2.0565603209915753, "width_sd": 0.1067190919663065, "width_min": 1.6813591664496053, "width_q1": 2.008224119198462, "width_q2": 2.0421603422266354, "width_q3": 2.078676652462057, "width_max": 2.4792003807121437}