{"data_name": "AirQuality", "n_neighbors": 1000, "level": 0.99, "random_state": 3657, "test_size": 0.2, "n": 9357, "d": 12, "oob_score": 0.6067964763219993, "test_score": 0.624104213296435, "coverage": 0.9887820512820513, "width_mean": 4.564033183936024, "width_sd": 0.06027715312321609, "width_min": 3.7057327711683925, "width_q1": 4.553792103643845, "width_q2": 4.553877838093183, "width_q3": 4.575307392519724, "width_max": 4.9382469018960204}