{"data_name": "AirQuality", "n_neighbors": 50, "level": 0.99, "random_state": 1424, "test_size": 0.2, "n": 9357, "d": 12, "oob_score": 0.6276816939224087, "test_score": 0.559643175191915, "coverage": 0.9716880341880342, "width_mean": 2.324035786178667, "width_sd": 1.5053278716361902, "width_min": 0.021637444216458135, "width_q1": 0.5146266366946264, "width_q2": 2.8314871200825324, "width_q3": 3.570016404615879, "width_max": 4.914953800908151}