{"data_name": "AirQuality", "n_neighbors": 500, "level": 0.8, "random_state": 3657, "test_size": 0.2, "n": 9357, "d": 12, "oob_score": 0.6067964763219993, "test_score": 0.624104213296435, "coverage": 0.842948717948718, "width_mean": 0.711192218488508, "width_sd": 0.28588501037916464, "width_min": 0.3076393290125949, "width_q1": 0.5248961853568475, "width_q2": 0.6008744114920603, "width_q3": 0.7967052511432988, "width_max": 1.897667139547955}