{"data_name": "AirQuality", "n_neighbors": 20, "level": 0.99, "random_state": 1679, "test_size": 0.2, "n": 9357, "d": 12, "oob_score": 0.6046689139026998, "test_score": 0.6207355472699623, "coverage": 0.9455128205128205, "width_mean": 1.7797110514271843, "width_sd": 1.499858282306162, "width_min": 2.220446049250313e-15, "width_q1": 0.2505287854068883, "width_q2": 1.7812178440029036, "width_q3": 3.1738286618861573, "width_max": 4.812370137399141}