{"data_name": "AirQuality", "n_neighbors": 5000, "level": 0.99, "random_state": 1824, "test_size": 0.2, "n": 9357, "d": 12, "oob_score": 0.6131328326386252, "test_score": 0.5793023522422014, "coverage": 0.9882478632478633, "width_mean": 4.679252550710578, "width_sd": 0.00784907811478321, "width_min": 4.670159800937555, "width_q1": 4.67180711949683, "width_q2": 4.6782714914177, "width_q3": 4.685024983744258, "width_max": 4.738980849334229}