{"data_name": "AirQuality", "n_neighbors": 200, "level": 0.95, "random_state": 1679, "test_size": 0.2, "n": 9357, "d": 12, "oob_score": 0.6046689139026998, "test_score": 0.6207355472699623, "coverage": 0.969017094017094, "width_mean": 2.9567486387060904, "width_sd": 0.7397070515679267, "width_min": 0.4721226894756163, "width_q1": 2.513997363429415, "width_q2": 3.1507006847647343, "width_q3": 3.4324618212345097, "width_max": 4.291672391229704}