{"data_name": "AirQuality", "n_neighbors": 20, "level": 0.99, "random_state": 1424, "test_size": 0.2, "n": 9357, "d": 12, "oob_score": 0.6276816939224087, "test_score": 0.559643175191915, "coverage": 0.9396367521367521, "width_mean": 1.6402635815449498, "width_sd": 1.484634846584472, "width_min": 0.005412359894337415, "width_q1": 0.209163438514136, "width_q2": 0.8255680400411131, "width_q3": 3.078787594168885, "width_max": 4.931069201915582}