{"data_name": "AirQuality", "n_neighbors": 10, "level": 0.9, "random_state": 9674, "test_size": 0.2, "n": 9357, "d": 12, "oob_score": 0.6153184733672921, "test_score": 0.6103516376302558, "coverage": 0.8333333333333334, "width_mean": 1.0384247735250067, "width_sd": 1.1776086380232538, "width_min": 1.7763568394002505e-15, "width_q1": 0.1092337967350198, "width_q2": 0.34629493668088696, "width_q3": 1.9234835690437802, "width_max": 4.329321135270376}