{"data_name": "AirQuality", "n_neighbors": 50, "level": 0.9, "random_state": 409, "test_size": 0.2, "n": 9357, "d": 12, "oob_score": 0.6115090907756653, "test_score": 0.5956873989782108, "coverage": 0.9049145299145299, "width_mean": 1.4376519836631374, "width_sd": 1.3282888344514747, "width_min": 0.00985129213865038, "width_q1": 0.23299257167143722, "width_q2": 0.7708378667826048, "width_q3": 2.8733438084717635, "width_max": 4.311493574958883}