{"data_name": "AirQuality", "n_neighbors": 5, "level": 0.9, "random_state": 2286, "test_size": 0.2, "n": 9357, "d": 12, "oob_score": 0.611187500745163, "test_score": 0.6078545094932084, "coverage": 0.7029914529914529, "width_mean": 0.8437818585120536, "width_sd": 1.1135828531820609, "width_min": 4.440892098500626e-16, "width_q1": 0.061539716893850294, "width_q2": 0.22691825211511468, "width_q3": 1.858558646089868, "width_max": 4.699022081318567}