{"data_name": "AirQuality", "n_neighbors": 5000, "level": 0.95, "random_state": 9674, "test_size": 0.2, "n": 9357, "d": 12, "oob_score": 0.6153184733672921, "test_score": 0.6103516376302558, "coverage": 0.9487179487179487, "width_mean": 3.3190799021930344, "width_sd": 0.009668328275488722, "width_min": 3.2917593571332207, "width_q1": 3.314644193377451, "width_q2": 3.3162814663994626, "width_q3": 3.3263876649336663, "width_max": 3.3721090505891795}