{"data_name": "AirQuality", "n_neighbors": 500, "level": 0.9, "random_state": 4012, "test_size": 0.2, "n": 9357, "d": 12, "oob_score": 0.612002337512547, "test_score": 0.5957691642602831, "coverage": 0.9289529914529915, "width_mean": 1.9148551469767308, "width_sd": 0.507754666599086, "width_min": 0.6875284281244962, "width_q1": 1.6660407985070398, "width_q2": 1.7260704990710427, "width_q3": 2.21464513668185, "width_max": 3.41533628091089}