{"data_name": "AirQuality", "n_neighbors": 100, "level": 0.9, "random_state": 9674, "test_size": 0.2, "n": 9357, "d": 12, "oob_score": 0.6153184733672921, "test_score": 0.6103516376302558, "coverage": 0.9204059829059829, "width_mean": 1.4018595486062462, "width_sd": 1.1776226915238297, "width_min": 0.01569882724542826, "width_q1": 0.3508467005440595, "width_q2": 0.7816547848076516, "width_q3": 2.6931386967079147, "width_max": 3.9523831122680733}