{"data_name": "AirQuality", "n_neighbors": 200, "level": 0.99, "random_state": 9674, "test_size": 0.2, "n": 9357, "d": 12, "oob_score": 0.6153184733672921, "test_score": 0.6103516376302558, "coverage": 0.9925213675213675, "width_mean": 3.6151646534596433, "width_sd": 0.5217750672234895, "width_min": 0.4474576951543061, "width_q1": 3.4917188066457703, "width_q2": 3.6033518557918045, "width_q3": 3.821712558929436, "width_max": 4.971021379154491}