{"data_name": "AirQuality", "n_neighbors": 200, "level": 0.9, "random_state": 3657, "test_size": 0.2, "n": 9357, "d": 12, "oob_score": 0.6067964763219993, "test_score": 0.624104213296435, "coverage": 0.9444444444444444, "width_mean": 1.7008023174293032, "width_sd": 0.8314174978767847, "width_min": 0.26791438497943343, "width_q1": 0.9924282573100704, "width_q2": 1.5388705823925313, "width_q3": 2.33948813489746, "width_max": 3.6075967861125586}