{"data_name": "AirQuality", "n_neighbors": "all", "level": 0.8, "random_state": 8935, "test_size": 0.2, "n": 9357, "d": 12, "oob_score": 0.6156951819901489, "test_score": 0.5914927295070573, "coverage": 0.8039529914529915, "width_mean": 0.825231595467347, "width_sd": 2.0036202167494647e-16, "width_min": 0.8252315954673468, "width_q1": 0.8252315954673468, "width_q2": 0.8252315954673468, "width_q3": 0.8252315954673468, "width_max": 0.825231595467347}