{"data_name": "AirQuality", "n_neighbors": 2000, "level": 0.8, "random_state": 2286, "test_size": 0.2, "n": 9357, "d": 12, "oob_score": 0.611187500745163, "test_score": 0.6078545094932084, "coverage": 0.8157051282051282, "width_mean": 0.946253959341324, "width_sd": 0.06658706422686524, "width_min": 0.8173157643727718, "width_q1": 0.9062046564790983, "width_q2": 0.91643238464263, "width_q3": 0.9828534691088031, "width_max": 1.1908947572622195}