{"data_name": "AirQuality", "n_neighbors": 100, "level": 0.9, "random_state": 1424, "test_size": 0.2, "n": 9357, "d": 12, "oob_score": 0.6276816939224087, "test_score": 0.559643175191915, "coverage": 0.9220085470085471, "width_mean": 1.3057897701367027, "width_sd": 1.1882354543090632, "width_min": 0.03010445472529999, "width_q1": 0.2943968830029339, "width_q2": 0.5847924873986583, "width_q3": 2.600940669498114, "width_max": 3.908297133938501}