{"data_name": "AirQuality", "n_neighbors": 5000, "level": 0.8, "random_state": 409, "test_size": 0.2, "n": 9357, "d": 12, "oob_score": 0.6115090907756653, "test_score": 0.5956873989782108, "coverage": 0.7772435897435898, "width_mean": 0.7755383550768331, "width_sd": 0.02988313419853768, "width_min": 0.7505026181557681, "width_q1": 0.7574900324982039, "width_q2": 0.7600555017947742, "width_q3": 0.7843757229517574, "width_max": 0.8874239935494312}