{"data_name": "AirQuality", "n_neighbors": 2000, "level": 0.99, "random_state": 2286, "test_size": 0.2, "n": 9357, "d": 12, "oob_score": 0.611187500745163, "test_score": 0.6078545094932084, "coverage": 0.9930555555555556, "width_mean": 4.766376489862265, "width_sd": 0.05646819584004513, "width_min": 4.539607515097923, "width_q1": 4.71690460509031, "width_q2": 4.784890712473636, "width_q3": 4.784890712473636, "width_max": 4.928297181905741}