{"data_name": "AirQuality", "n_neighbors": 5, "level": 0.99, "random_state": 2286, "test_size": 0.2, "n": 9357, "d": 12, "oob_score": 0.611187500745163, "test_score": 0.6078545094932084, "coverage": 0.7425213675213675, "width_mean": 0.9527302154057558, "width_sd": 1.2487186692672618, "width_min": 4.440892098500626e-16, "width_q1": 0.072696028232521, "width_q2": 0.25581431070564525, "width_q3": 2.1592823759252973, "width_max": 5.004729019474539}