{"data_name": "AirQuality", "n_neighbors": 100, "level": 0.8, "random_state": 4506, "test_size": 0.2, "n": 9357, "d": 12, "oob_score": 0.6137163295774629, "test_score": 0.615622931239119, "coverage": 0.8547008547008547, "width_mean": 0.86113373321265, "width_sd": 0.9527556448494124, "width_min": 0.00969289088143771, "width_q1": 0.165412211475044, "width_q2": 0.3525370522838905, "width_q3": 1.4540171079766286, "width_max": 3.4719534363351046}