{"data_name": "AirQuality", "n_neighbors": 5, "level": 0.99, "random_state": 9674, "test_size": 0.2, "n": 9357, "d": 12, "oob_score": 0.6153184733672921, "test_score": 0.6103516376302558, "coverage": 0.7329059829059829, "width_mean": 0.903359797609113, "width_sd": 1.2120919230154146, "width_min": 1.3322676295501878e-15, "width_q1": 0.07422792954364363, "width_q2": 0.2542795699707562, "width_q3": 1.3004617028158143, "width_max": 4.259731732728113}