{"data_name": "AirQuality", "n_neighbors": 200, "level": 0.95, "random_state": 3657, "test_size": 0.2, "n": 9357, "d": 12, "oob_score": 0.6067964763219993, "test_score": 0.624104213296435, "coverage": 0.9658119658119658, "width_mean": 2.668823041995871, "width_sd": 0.7619730056350184, "width_min": 0.3560076235870442, "width_q1": 2.188437527335069, "width_q2": 2.6276958229206655, "width_q3": 3.3134966410390305, "width_max": 4.149672894877199}