{"data_name": "AirQuality", "n_neighbors": 1000, "level": 0.9, "random_state": 409, "test_size": 0.2, "n": 9357, "d": 12, "oob_score": 0.6115090907756653, "test_score": 0.5956873989782108, "coverage": 0.907051282051282, "width_mean": 2.018044079653158, "width_sd": 0.2416563444868735, "width_min": 1.2202623152260015, "width_q1": 1.9037233124448636, "width_q2": 1.98054290980621, "width_q3": 2.1041115572822715, "width_max": 2.9984183848702015}