{"data_name": "AirQuality", "n_neighbors": 20, "level": 0.9, "random_state": 8935, "test_size": 0.2, "n": 9357, "d": 12, "oob_score": 0.6156951819901489, "test_score": 0.5914927295070573, "coverage": 0.875534188034188, "width_mean": 1.2565989881207367, "width_sd": 1.3481932321507681, "width_min": 1.7763568394002505e-15, "width_q1": 0.133775820460431, "width_q2": 0.4658834784629065, "width_q3": 2.786627837278566, "width_max": 4.534766324553461}