{"data_name": "AirQuality", "n_neighbors": "all", "level": 0.8, "random_state": 3657, "test_size": 0.2, "n": 9357, "d": 12, "oob_score": 0.6067964763219993, "test_score": 0.624104213296435, "coverage": 0.8044871794871795, "width_mean": 0.8322329409443223, "width_sd": 1.3216788265304542e-16, "width_min": 0.8322329409443219, "width_q1": 0.8322329409443222, "width_q2": 0.8322329409443222, "width_q3": 0.8322329409443222, "width_max": 0.8322329409443223}