{"data_name": "AirQuality", "n_neighbors": 5, "level": 0.95, "random_state": 409, "test_size": 0.2, "n": 9357, "d": 12, "oob_score": 0.6115090907756653, "test_score": 0.5956873989782108, "coverage": 0.7094017094017094, "width_mean": 0.9665613612927584, "width_sd": 1.2240899963351148, "width_min": 1.3322676295501878e-15, "width_q1": 0.06982232860549537, "width_q2": 0.2587731755688729, "width_q3": 2.310538133264883, "width_max": 4.583172830474232}