{"data_name": "AirQuality", "n_neighbors": 100, "level": 0.8, "random_state": 8935, "test_size": 0.2, "n": 9357, "d": 12, "oob_score": 0.6156951819901489, "test_score": 0.5914927295070573, "coverage": 0.8563034188034188, "width_mean": 0.901524365024901, "width_sd": 0.9839528551032273, "width_min": 0.012111703613350067, "width_q1": 0.18280481869360646, "width_q2": 0.4143489073087695, "width_q3": 1.4558904224496663, "width_max": 3.5322309193943298}