{"data_name": "AirQuality", "n_neighbors": 5000, "level": 0.99, "random_state": 1679, "test_size": 0.2, "n": 9357, "d": 12, "oob_score": 0.6046689139026998, "test_score": 0.6207355472699623, "coverage": 0.9903846153846154, "width_mean": 4.7026498203826375, "width_sd": 0.006814468384650249, "width_min": 4.696652588668709, "width_q1": 4.700447496203126, "width_q2": 4.702946859925264, "width_q3": 4.702946859925264, "width_max": 4.814610334867089}