{"data_name": "AirQuality", "n_neighbors": 50, "level": 0.8, "random_state": 3657, "test_size": 0.2, "n": 9357, "d": 12, "oob_score": 0.6067964763219993, "test_score": 0.624104213296435, "coverage": 0.8498931623931624, "width_mean": 0.8695904657204819, "width_sd": 1.0827800863939412, "width_min": 0.005614118703807569, "width_q1": 0.11160249708142651, "width_q2": 0.2959991457480823, "width_q3": 1.5419667307035552, "width_max": 3.6046252876560105}