{"data_name": "AirQuality", "n_neighbors": "auto", "level": 0.8, "random_state": 9674, "test_size": 0.2, "n": 9357, "d": 12, "oob_score": 0.6153184733672921, "test_score": 0.6103516376302558, "coverage": 0.813034188034188, "width_mean": 0.7899504943252117, "width_sd": 0.9466781941509347, "width_min": 0.004126736567364286, "width_q1": 0.13558599927557513, "width_q2": 0.32933845568477127, "width_q3": 1.0330340346127866, "width_max": 3.5602150536255817}