{"data_name": "AirQuality", "n_neighbors": 10, "level": 0.9, "random_state": 4506, "test_size": 0.2, "n": 9357, "d": 12, "oob_score": 0.6137163295774629, "test_score": 0.615622931239119, "coverage": 0.8269230769230769, "width_mean": 1.0195573910366282, "width_sd": 1.1866984164338101, "width_min": 1.7763568394002505e-15, "width_q1": 0.0824422153547248, "width_q2": 0.3237097842462553, "width_q3": 1.8690030017714783, "width_max": 4.62129233641712}