{"data_name": "AirQuality", "n_neighbors": 1000, "level": 0.95, "random_state": 4012, "test_size": 0.2, "n": 9357, "d": 12, "oob_score": 0.612002337512547, "test_score": 0.5957691642602831, "coverage": 0.9626068376068376, "width_mean": 3.615777142912173, "width_sd": 0.16921405527271874, "width_min": 2.1767326406616316, "width_q1": 3.6324923298656246, "width_q2": 3.6460661055416925, "width_q3": 3.687113996439223, "width_max": 3.8996611255885325}