{"data_name": "AirQuality", "n_neighbors": 10, "level": 0.9, "random_state": 4012, "test_size": 0.2, "n": 9357, "d": 12, "oob_score": 0.612002337512547, "test_score": 0.5957691642602831, "coverage": 0.8226495726495726, "width_mean": 1.0894437038846656, "width_sd": 1.2032260364581027, "width_min": 1.3322676295501878e-15, "width_q1": 0.09792326892401798, "width_q2": 0.39188353583606717, "width_q3": 2.009940101910744, "width_max": 4.49413756452298}