{"data_name": "AirQuality", "n_neighbors": 2000, "level": 0.99, "random_state": 3657, "test_size": 0.2, "n": 9357, "d": 12, "oob_score": 0.6067964763219993, "test_score": 0.624104213296435, "coverage": 0.9877136752136753, "width_mean": 4.492931356313292, "width_sd": 0.02062307072923074, "width_min": 4.428861663288417, "width_q1": 4.489616426392271, "width_q2": 4.489616426392271, "width_q3": 4.491992270727355, "width_max": 4.688894348594864}