{"data_name": "AirQuality", "n_neighbors": 1000, "level": 0.95, "random_state": 1824, "test_size": 0.2, "n": 9357, "d": 12, "oob_score": 0.6131328326386252, "test_score": 0.5793023522422014, "coverage": 0.9417735042735043, "width_mean": 3.019986834347087, "width_sd": 0.19808003485964232, "width_min": 2.1223857787017306, "width_q1": 2.963087491389565, "width_q2": 2.975666205736768, "width_q3": 3.0893580962256086, "width_max": 3.5573624316382015}