{"data_name": "AirQuality", "n_neighbors": 10, "level": 0.95, "random_state": 1679, "test_size": 0.2, "n": 9357, "d": 12, "oob_score": 0.6046689139026998, "test_score": 0.6207355472699623, "coverage": 0.8616452991452992, "width_mean": 1.1959266065857765, "width_sd": 1.3009756142084385, "width_min": 8.881784197001252e-16, "width_q1": 0.12097490133695324, "width_q2": 0.4280018998318249, "width_q3": 2.4681186723695907, "width_max": 4.640456456505948}