{"data_name": "AirQuality", "n_neighbors": 2000, "level": 0.99, "random_state": 4506, "test_size": 0.2, "n": 9357, "d": 12, "oob_score": 0.6137163295774629, "test_score": 0.615622931239119, "coverage": 0.9861111111111112, "width_mean": 4.486718620636046, "width_sd": 0.04123474737861002, "width_min": 4.408552759438862, "width_q1": 4.468875895941207, "width_q2": 4.468875895941208, "width_q3": 4.507628709236989, "width_max": 4.7998178247217815}