{"data_name": "AirQuality", "n_neighbors": 20, "level": 0.95, "random_state": 9674, "test_size": 0.2, "n": 9357, "d": 12, "oob_score": 0.6153184733672921, "test_score": 0.6103516376302558, "coverage": 0.9252136752136753, "width_mean": 1.4754136458340776, "width_sd": 1.3632377769614867, "width_min": 0.005807198307911043, "width_q1": 0.20571942360238166, "width_q2": 0.8672164574508172, "width_q3": 2.899513443519914, "width_max": 4.545543636815017}