{"data_name": "AirQuality", "n_neighbors": 10, "level": 0.8, "random_state": 8935, "test_size": 0.2, "n": 9357, "d": 12, "oob_score": 0.6156951819901489, "test_score": 0.5914927295070573, "coverage": 0.7467948717948718, "width_mean": 0.8362846157191862, "width_sd": 1.0925761491865091, "width_min": 1.3322676295501878e-15, "width_q1": 0.07885093033621975, "width_q2": 0.2905530013810426, "width_q3": 1.0324727416701729, "width_max": 3.9830451631317194}