{"data_name": "AirQuality", "n_neighbors": 10, "level": 0.95, "random_state": 8935, "test_size": 0.2, "n": 9357, "d": 12, "oob_score": 0.6156951819901489, "test_score": 0.5914927295070573, "coverage": 0.8568376068376068, "width_mean": 1.2361353626272045, "width_sd": 1.3174084629703902, "width_min": 1.7763568394002505e-15, "width_q1": 0.12252124538723781, "width_q2": 0.44778293403587544, "width_q3": 2.5729054948472516, "width_max": 4.528941683256874}