{"data_name": "AirQuality", "n_neighbors": 5, "level": 0.8, "random_state": 4012, "test_size": 0.2, "n": 9357, "d": 12, "oob_score": 0.612002337512547, "test_score": 0.5957691642602831, "coverage": 0.6362179487179487, "width_mean": 0.718414119161304, "width_sd": 0.959809704266864, "width_min": 8.881784197001252e-16, "width_q1": 0.04854267174275029, "width_q2": 0.2000369389653491, "width_q3": 1.4285898427637052, "width_max": 4.088147111640621}