{"data_name": "AirQuality", "n_neighbors": 5000, "level": 0.99, "random_state": 409, "test_size": 0.2, "n": 9357, "d": 12, "oob_score": 0.6115090907756653, "test_score": 0.5956873989782108, "coverage": 0.9903846153846154, "width_mean": 4.7057584407530175, "width_sd": 0.007300728295988929, "width_min": 4.685057964695915, "width_q1": 4.708574198052196, "width_q2": 4.709043219337558, "width_q3": 4.709043219337558, "width_max": 4.7408691553671565}