{"data_name": "AirQuality", "n_neighbors": 20, "level": 0.9, "random_state": 409, "test_size": 0.2, "n": 9357, "d": 12, "oob_score": 0.6115090907756653, "test_score": 0.5956873989782108, "coverage": 0.8830128205128205, "width_mean": 1.288911181807054, "width_sd": 1.3483254845992536, "width_min": 0.005864739049527112, "width_q1": 0.1469537805582734, "width_q2": 0.49263808151237043, "width_q3": 2.805931503943675, "width_max": 4.331135007103283}