{"data_name": "AirQuality", "n_neighbors": "all", "level": 0.99, "random_state": 409, "test_size": 0.2, "n": 9357, "d": 12, "oob_score": 0.6115090907756653, "test_score": 0.5956873989782108, "coverage": 0.9903846153846154, "width_mean": 4.708405622026015, "width_sd": 1.8475227888400252e-16, "width_min": 4.708405622026014, "width_q1": 4.708405622026015, "width_q2": 4.708405622026015, "width_q3": 4.708405622026015, "width_max": 4.7084056220260155}