{"data_name": "AirQuality", "n_neighbors": 100, "level": 0.99, "random_state": 4012, "test_size": 0.2, "n": 9357, "d": 12, "oob_score": 0.612002337512547, "test_score": 0.5957691642602831, "coverage": 0.9834401709401709, "width_mean": 3.229303377610925, "width_sd": 1.1106026325436806, "width_min": 0.18728794979394525, "width_q1": 2.539701144131018, "width_q2": 3.5201016314875755, "width_q3": 4.117057213671759, "width_max": 4.77241319370105}