{"data_name": "AirQuality", "n_neighbors": 1000, "level": 0.99, "random_state": 2286, "test_size": 0.2, "n": 9357, "d": 12, "oob_score": 0.611187500745163, "test_score": 0.6078545094932084, "coverage": 0.9925213675213675, "width_mean": 4.766747067165834, "width_sd": 0.11992951891807649, "width_min": 4.07293680209859, "width_q1": 4.704444388143204, "width_q2": 4.721133125110878, "width_q3": 4.869185114407073, "width_max": 5.034446068911511}