{"data_name": "AirQuality", "n_neighbors": 50, "level": 0.8, "random_state": 1424, "test_size": 0.2, "n": 9357, "d": 12, "oob_score": 0.6276816939224087, "test_score": 0.559643175191915, "coverage": 0.8311965811965812, "width_mean": 0.8021640126695775, "width_sd": 1.0362480816236697, "width_min": 1.7763568394002505e-15, "width_q1": 0.09828883955287655, "width_q2": 0.2698123039280818, "width_q3": 0.8806311341994274, "width_max": 3.649837836476986}