{"data_name": "AirQuality", "n_neighbors": "auto", "level": 0.9, "random_state": 3657, "test_size": 0.2, "n": 9357, "d": 12, "oob_score": 0.6067964763219993, "test_score": 0.624104213296435, "coverage": 0.8969017094017094, "width_mean": 1.2434820146710537, "width_sd": 1.2364031834556881, "width_min": 0.014062439088649459, "width_q1": 0.20259532778963046, "width_q2": 0.6200745733468442, "width_q3": 2.6304818266233125, "width_max": 4.2401248533665985}