{"data_name": "AirQuality", "n_neighbors": 500, "level": 0.9, "random_state": 2286, "test_size": 0.2, "n": 9357, "d": 12, "oob_score": 0.611187500745163, "test_score": 0.6078545094932084, "coverage": 0.9241452991452992, "width_mean": 1.9274344909679118, "width_sd": 0.4335996997534776, "width_min": 0.6308449775737259, "width_q1": 1.7624492707719424, "width_q2": 1.8234865940575415, "width_q3": 2.092306206664897, "width_max": 3.1985639109807953}