{"data_name": "AirQuality", "n_neighbors": 100, "level": 0.8, "random_state": 1824, "test_size": 0.2, "n": 9357, "d": 12, "oob_score": 0.6131328326386252, "test_score": 0.5793023522422014, "coverage": 0.8616452991452992, "width_mean": 0.8856746055218504, "width_sd": 0.9635464093918289, "width_min": 0.009498996942210236, "width_q1": 0.18432732064127827, "width_q2": 0.4273950419681368, "width_q3": 1.5067706538012637, "width_max": 3.4177701026616765}