{"data_name": "AirQuality", "n_neighbors": 5000, "level": 0.95, "random_state": 1424, "test_size": 0.2, "n": 9357, "d": 12, "oob_score": 0.6276816939224087, "test_score": 0.559643175191915, "coverage": 0.9401709401709402, "width_mean": 3.2756591833267947, "width_sd": 0.013930750897140808, "width_min": 3.2498310634923993, "width_q1": 3.262281408056064, "width_q2": 3.281434893891972, "width_q3": 3.2829251562391093, "width_max": 3.36816096791929}