{"data_name": "AirQuality", "n_neighbors": 20, "level": 0.99, "random_state": 3657, "test_size": 0.2, "n": 9357, "d": 12, "oob_score": 0.6067964763219993, "test_score": 0.624104213296435, "coverage": 0.9401709401709402, "width_mean": 1.7490246934387106, "width_sd": 1.5146726164207263, "width_min": 0.006114139053460588, "width_q1": 0.24195198582929744, "width_q2": 1.2675969690766642, "width_q3": 3.2133917218311367, "width_max": 4.7057230846496}