{"data_name": "AirQuality", "n_neighbors": 5, "level": 0.95, "random_state": 1424, "test_size": 0.2, "n": 9357, "d": 12, "oob_score": 0.6276816939224087, "test_score": 0.559643175191915, "coverage": 0.7077991452991453, "width_mean": 0.8073593746206584, "width_sd": 1.107721172175868, "width_min": 4.440892098500626e-16, "width_q1": 0.06636119473377572, "width_q2": 0.21871537081202516, "width_q3": 1.064372902454095, "width_max": 4.527043393628111}