{"data_name": "AirQuality", "n_neighbors": 50, "level": 0.8, "random_state": 2286, "test_size": 0.2, "n": 9357, "d": 12, "oob_score": 0.611187500745163, "test_score": 0.6078545094932084, "coverage": 0.8472222222222222, "width_mean": 0.8740190170110741, "width_sd": 1.0787356715260359, "width_min": 0.006971633963040069, "width_q1": 0.12430683121340284, "width_q2": 0.3076708864927477, "width_q3": 1.6905603904564597, "width_max": 3.8204171606529638}