{"data_name": "AirQuality", "n_neighbors": 1000, "level": 0.8, "random_state": 3657, "test_size": 0.2, "n": 9357, "d": 12, "oob_score": 0.6067964763219993, "test_score": 0.624104213296435, "coverage": 0.8317307692307693, "width_mean": 0.7499868246922018, "width_sd": 0.16710587611177186, "width_min": 0.6000337808150743, "width_q1": 0.6396930143589268, "width_q2": 0.6788949804619289, "width_q3": 0.804070502913057, "width_max": 1.3707011085404859}