{"data_name": "AirQuality", "n_neighbors": "all", "level": 0.95, "random_state": 2286, "test_size": 0.2, "n": 9357, "d": 12, "oob_score": 0.611187500745163, "test_score": 0.6078545094932084, "coverage": 0.9471153846153846, "width_mean": 3.3426808370752776, "width_sd": 5.500593062181607e-16, "width_min": 3.342680837075278, "width_q1": 3.342680837075278, "width_q2": 3.342680837075278, "width_q3": 3.342680837075278, "width_max": 3.342680837075279}