{"data_name": "AirQuality", "n_neighbors": 2000, "level": 0.9, "random_state": 2286, "test_size": 0.2, "n": 9357, "d": 12, "oob_score": 0.611187500745163, "test_score": 0.6078545094932084, "coverage": 0.905448717948718, "width_mean": 2.1188660552925054, "width_sd": 0.1205188434713704, "width_min": 1.6624052433175276, "width_q1": 2.0748748238411148, "width_q2": 2.111422595419823, "width_q3": 2.1754608515099463, "width_max": 2.546197422979553}