{"data_name": "AirQuality", "n_neighbors": 5, "level": 0.8, "random_state": 3657, "test_size": 0.2, "n": 9357, "d": 12, "oob_score": 0.6067964763219993, "test_score": 0.624104213296435, "coverage": 0.657051282051282, "width_mean": 0.7086125777829279, "width_sd": 0.9681008952175846, "width_min": 8.881784197001252e-16, "width_q1": 0.04807365278698811, "width_q2": 0.18847050351738495, "width_q3": 1.3471844796039742, "width_max": 3.8060092890911412}