{"data_name": "AirQuality", "n_neighbors": 1000, "level": 0.9, "random_state": 3657, "test_size": 0.2, "n": 9357, "d": 12, "oob_score": 0.6067964763219993, "test_score": 0.624104213296435, "coverage": 0.9182692307692307, "width_mean": 1.819977298227826, "width_sd": 0.22984064868320941, "width_min": 1.3172442867540513, "width_q1": 1.7092512256483732, "width_q2": 1.729459948284676, "width_q3": 1.9157589462136635, "width_max": 2.932933688447465}