{"data_name": "AirQuality", "n_neighbors": 100, "level": 0.99, "random_state": 9674, "test_size": 0.2, "n": 9357, "d": 12, "oob_score": 0.6153184733672921, "test_score": 0.6103516376302558, "coverage": 0.9850427350427351, "width_mean": 3.087285421787166, "width_sd": 0.9773664090071554, "width_min": 0.22577825160620485, "width_q1": 2.714192306113221, "width_q2": 3.3656627275700943, "width_q3": 3.7120767831356605, "width_max": 4.849915522305981}