{"data_name": "AirQuality", "n_neighbors": 5, "level": 0.95, "random_state": 9674, "test_size": 0.2, "n": 9357, "d": 12, "oob_score": 0.6153184733672921, "test_score": 0.6103516376302558, "coverage": 0.7136752136752137, "width_mean": 0.8558392763068923, "width_sd": 1.1493509485733104, "width_min": 1.3322676295501878e-15, "width_q1": 0.07050529522335626, "width_q2": 0.24534540558845216, "width_q3": 1.2523765939418436, "width_max": 4.120418336371658}