{"data_name": "AirQuality", "n_neighbors": 5, "level": 0.8, "random_state": 1679, "test_size": 0.2, "n": 9357, "d": 12, "oob_score": 0.6046689139026998, "test_score": 0.6207355472699623, "coverage": 0.6378205128205128, "width_mean": 0.6848574595707374, "width_sd": 0.9425161793006852, "width_min": 8.881784197001252e-16, "width_q1": 0.04930567792420838, "width_q2": 0.1945183528066408, "width_q3": 1.0092456393022815, "width_max": 4.142944544784437}