{"data_name": "AirQuality", "n_neighbors": 100, "level": 0.8, "random_state": 1424, "test_size": 0.2, "n": 9357, "d": 12, "oob_score": 0.6276816939224087, "test_score": 0.559643175191915, "coverage": 0.8456196581196581, "width_mean": 0.7653832703871668, "width_sd": 0.9182592050484291, "width_min": 0.010456593321350127, "width_q1": 0.15205834377885313, "width_q2": 0.3123380773834741, "width_q3": 0.9278164058718587, "width_max": 3.504086153769715}