{"data_name": "AirQuality", "n_neighbors": 5000, "level": 0.95, "random_state": 4012, "test_size": 0.2, "n": 9357, "d": 12, "oob_score": 0.612002337512547, "test_score": 0.5957691642602831, "coverage": 0.9540598290598291, "width_mean": 3.4599205387565677, "width_sd": 0.005720374680242409, "width_min": 3.4518713655780418, "width_q1": 3.458209887855628, "width_q2": 3.4582098878556287, "width_q3": 3.461974306234867, "width_max": 3.4958191177742526}