{"data_name": "AirQuality", "n_neighbors": 2000, "level": 0.8, "random_state": 9674, "test_size": 0.2, "n": 9357, "d": 12, "oob_score": 0.6153184733672921, "test_score": 0.6103516376302558, "coverage": 0.8360042735042735, "width_mean": 0.8053034840024603, "width_sd": 0.08602523459383941, "width_min": 0.7010732380372628, "width_q1": 0.7462494929134109, "width_q2": 0.7709404553684378, "width_q3": 0.8279849266595599, "width_max": 1.1397359540750538}