{"data_name": "AirQuality", "n_neighbors": 200, "level": 0.99, "random_state": 4506, "test_size": 0.2, "n": 9357, "d": 12, "oob_score": 0.6137163295774629, "test_score": 0.615622931239119, "coverage": 0.9877136752136753, "width_mean": 4.2022894508615005, "width_sd": 0.5706486527363162, "width_min": 0.6393522825557238, "width_q1": 4.06834618328506, "width_q2": 4.443227147308763, "width_q3": 4.482924264218787, "width_max": 5.022667438799368}