{"data_name": "AirQuality", "n_neighbors": 50, "level": 0.99, "random_state": 4012, "test_size": 0.2, "n": 9357, "d": 12, "oob_score": 0.612002337512547, "test_score": 0.5957691642602831, "coverage": 0.9764957264957265, "width_mean": 2.3537397323083598, "width_sd": 1.4642131467891182, "width_min": 0.05299699044728673, "width_q1": 0.5981502387881136, "width_q2": 2.9196692509497293, "width_q3": 3.5384601012885755, "width_max": 4.967200768959255}