{"data_name": "AirQuality", "n_neighbors": 10, "level": 0.95, "random_state": 1824, "test_size": 0.2, "n": 9357, "d": 12, "oob_score": 0.6131328326386252, "test_score": 0.5793023522422014, "coverage": 0.8589743589743589, "width_mean": 1.203754814468795, "width_sd": 1.3411662839002347, "width_min": 1.7763568394002505e-15, "width_q1": 0.08962204757921717, "width_q2": 0.37867809214205095, "width_q3": 2.5777354246963147, "width_max": 4.529662553834322}