{"data_name": "AirQuality", "n_neighbors": "all", "level": 0.95, "random_state": 409, "test_size": 0.2, "n": 9357, "d": 12, "oob_score": 0.6115090907756653, "test_score": 0.5956873989782108, "coverage": 0.9417735042735043, "width_mean": 3.3605993614532883, "width_sd": 4.791217805727497e-16, "width_min": 3.3605993614532883, "width_q1": 3.3605993614532887, "width_q2": 3.3605993614532887, "width_q3": 3.3605993614532887, "width_max": 3.360599361453289}