{"data_name": "AirQuality", "n_neighbors": "auto", "level": 0.95, "random_state": 9674, "test_size": 0.2, "n": 9357, "d": 12, "oob_score": 0.6153184733672921, "test_score": 0.6103516376302558, "coverage": 0.9391025641025641, "width_mean": 1.6305899949724487, "width_sd": 1.3700346595038448, "width_min": 0.015104729821404983, "width_q1": 0.33066829240371415, "width_q2": 1.0661908594697664, "width_q3": 3.087850726069192, "width_max": 4.3889184769965865}