{"data_name": "AirQuality", "n_neighbors": 5, "level": 0.8, "random_state": 4506, "test_size": 0.2, "n": 9357, "d": 12, "oob_score": 0.6137163295774629, "test_score": 0.615622931239119, "coverage": 0.6410256410256411, "width_mean": 0.6691099924157309, "width_sd": 0.9331978839541236, "width_min": 4.440892098500626e-16, "width_q1": 0.04526300724078601, "width_q2": 0.1702950489152, "width_q3": 1.0345876769466407, "width_max": 4.172563380987759}