{"data_name": "AirQuality", "n_neighbors": "auto", "level": 0.8, "random_state": 4506, "test_size": 0.2, "n": 9357, "d": 12, "oob_score": 0.6137163295774629, "test_score": 0.615622931239119, "coverage": 0.8082264957264957, "width_mean": 0.7875452198252445, "width_sd": 0.9666407872108643, "width_min": 0.0059114329833437895, "width_q1": 0.1166188561004427, "width_q2": 0.30576228205545886, "width_q3": 1.035204637273082, "width_max": 3.8058197148203927}