{"data_name": "AirQuality", "n_neighbors": 100, "level": 0.8, "random_state": 2286, "test_size": 0.2, "n": 9357, "d": 12, "oob_score": 0.611187500745163, "test_score": 0.6078545094932084, "coverage": 0.8536324786324786, "width_mean": 0.836445560651047, "width_sd": 0.9593560959651891, "width_min": 0.011594721632782024, "width_q1": 0.1583198008517485, "width_q2": 0.3422126535487106, "width_q3": 1.3821186974530124, "width_max": 3.387659136897148}