{"data_name": "AirQuality", "n_neighbors": 100, "level": 0.9, "random_state": 4506, "test_size": 0.2, "n": 9357, "d": 12, "oob_score": 0.6137163295774629, "test_score": 0.615622931239119, "coverage": 0.9375, "width_mean": 1.5561721569696079, "width_sd": 1.1554219531202694, "width_min": 0.06195602213666912, "width_q1": 0.40497372376026414, "width_q2": 1.366833651454912, "width_q3": 2.69014167910333, "width_max": 3.9695382995944133}