{"data_name": "AirQuality", "n_neighbors": "auto", "level": 0.95, "random_state": 4506, "test_size": 0.2, "n": 9357, "d": 12, "oob_score": 0.6137163295774629, "test_score": 0.615622931239119, "coverage": 0.9342948717948718, "width_mean": 1.5793723451315644, "width_sd": 1.384631083299621, "width_min": 0.01063664817691945, "width_q1": 0.28840425004350245, "width_q2": 1.026251566764976, "width_q3": 3.0463858787414724, "width_max": 4.296621051496961}