{"data_name": "AirQuality", "n_neighbors": "auto", "level": 0.9, "random_state": 8935, "test_size": 0.2, "n": 9357, "d": 12, "oob_score": 0.6156951819901489, "test_score": 0.5914927295070573, "coverage": 0.8931623931623932, "width_mean": 1.292009083477309, "width_sd": 1.2545593219026594, "width_min": 0.010449398690459855, "width_q1": 0.2041662141375946, "width_q2": 0.6831287783429939, "width_q3": 2.7215559259764888, "width_max": 4.12566287598311}