{"data_name": "AirQuality", "n_neighbors": 100, "level": 0.99, "random_state": 2286, "test_size": 0.2, "n": 9357, "d": 12, "oob_score": 0.611187500745163, "test_score": 0.6078545094932084, "coverage": 0.9930555555555556, "width_mean": 3.255059329970956, "width_sd": 0.9565225249345012, "width_min": 0.18510604524132862, "width_q1": 3.043606389125958, "width_q2": 3.513246254770996, "width_q3": 3.8991910449657117, "width_max": 5.121862241374549}