{"data_name": "AirQuality", "n_neighbors": "all", "level": 0.99, "random_state": 3657, "test_size": 0.2, "n": 9357, "d": 12, "oob_score": 0.6067964763219993, "test_score": 0.624104213296435, "coverage": 0.9893162393162394, "width_mean": 4.659273895656447, "width_sd": 1.0372243457895343e-15, "width_min": 4.659273895656445, "width_q1": 4.659273895656446, "width_q2": 4.659273895656446, "width_q3": 4.659273895656446, "width_max": 4.659273895656446}