{"data_name": "AirQuality", "n_neighbors": 100, "level": 0.95, "random_state": 4506, "test_size": 0.2, "n": 9357, "d": 12, "oob_score": 0.6137163295774629, "test_score": 0.615622931239119, "coverage": 0.9674145299145299, "width_mean": 2.238101663650686, "width_sd": 1.1022595312647858, "width_min": 0.08605111703788859, "width_q1": 1.3903227078175853, "width_q2": 2.392679509480333, "width_q3": 3.1790265050330055, "width_max": 4.424485056582909}