{"data_name": "AirQuality", "n_neighbors": 100, "level": 0.95, "random_state": 1424, "test_size": 0.2, "n": 9357, "d": 12, "oob_score": 0.6276816939224087, "test_score": 0.559643175191915, "coverage": 0.9572649572649573, "width_mean": 1.8926144189836516, "width_sd": 1.2802408506685334, "width_min": 0.07462059891601341, "width_q1": 0.554798842441661, "width_q2": 1.9455000992455862, "width_q3": 3.11261522588985, "width_max": 4.293841073880601}