{"data_name": "AirQuality", "n_neighbors": 500, "level": 0.9, "random_state": 9674, "test_size": 0.2, "n": 9357, "d": 12, "oob_score": 0.6153184733672921, "test_score": 0.6103516376302558, "coverage": 0.9123931623931624, "width_mean": 1.7624471122816565, "width_sd": 0.4749858477809261, "width_min": 0.66839484854418, "width_q1": 1.38734694605782, "width_q2": 1.742816276636764, "width_q3": 2.0133427584970054, "width_max": 3.102165042211234}