{"data_name": "AirQuality", "n_neighbors": 50, "level": 0.99, "random_state": 8935, "test_size": 0.2, "n": 9357, "d": 12, "oob_score": 0.6156951819901489, "test_score": 0.5914927295070573, "coverage": 0.9791666666666666, "width_mean": 2.4427560023250137, "width_sd": 1.4770390200166608, "width_min": 0.01625130949284831, "width_q1": 0.5931862654601029, "width_q2": 3.0046070169614323, "width_q3": 3.659600209295541, "width_max": 4.78207495518497}