{"data_name": "AirQuality", "n_neighbors": 5000, "level": 0.9, "random_state": 9674, "test_size": 0.2, "n": 9357, "d": 12, "oob_score": 0.6153184733672921, "test_score": 0.6103516376302558, "coverage": 0.9043803418803419, "width_mean": 2.076327890099487, "width_sd": 0.028419783236387768, "width_min": 2.0195107693545955, "width_q1": 2.0613313702829865, "width_q2": 2.0674030123833425, "width_q3": 2.0937132699295993, "width_max": 2.1868212531599305}