{"data_name": "AirQuality", "n_neighbors": 20, "level": 0.8, "random_state": 1679, "test_size": 0.2, "n": 9357, "d": 12, "oob_score": 0.6046689139026998, "test_score": 0.6207355472699623, "coverage": 0.8162393162393162, "width_mean": 0.8947368200147588, "width_sd": 1.1233692238826336, "width_min": 1.3322676295501878e-15, "width_q1": 0.08626554705241642, "width_q2": 0.3107016914350984, "width_q3": 1.5663202571619703, "width_max": 4.140317029864153}