{"data_name": "AirQuality", "n_neighbors": 5, "level": 0.8, "random_state": 1824, "test_size": 0.2, "n": 9357, "d": 12, "oob_score": 0.6131328326386252, "test_score": 0.5793023522422014, "coverage": 0.6474358974358975, "width_mean": 0.7356737524710113, "width_sd": 1.0147402354472832, "width_min": 8.881784197001252e-16, "width_q1": 0.04327210966508266, "width_q2": 0.1755130468673503, "width_q3": 1.4389720222523357, "width_max": 4.030394960506536}