{"data_name": "AirQuality", "n_neighbors": 100, "level": 0.95, "random_state": 4012, "test_size": 0.2, "n": 9357, "d": 12, "oob_score": 0.612002337512547, "test_score": 0.5957691642602831, "coverage": 0.9700854700854701, "width_mean": 2.1877040089073763, "width_sd": 1.210249585130234, "width_min": 0.09376854267453932, "width_q1": 1.0962245100959438, "width_q2": 2.319285856346121, "width_q3": 3.3124721723509114, "width_max": 4.2177482240618405}