{"data_name": "AirQuality", "n_neighbors": 5000, "level": 0.9, "random_state": 2286, "test_size": 0.2, "n": 9357, "d": 12, "oob_score": 0.611187500745163, "test_score": 0.6078545094932084, "coverage": 0.9017094017094017, "width_mean": 2.024542089826153, "width_sd": 0.030272597478873186, "width_min": 1.9258315596517386, "width_q1": 2.00597137062587, "width_q2": 2.0232600880044176, "width_q3": 2.0416571020543763, "width_max": 2.129866351487103}