{"data_name": "AirQuality", "n_neighbors": 2000, "level": 0.8, "random_state": 1824, "test_size": 0.2, "n": 9357, "d": 12, "oob_score": 0.6131328326386252, "test_score": 0.5793023522422014, "coverage": 0.8066239316239316, "width_mean": 0.8421442715953303, "width_sd": 0.08249030381080806, "width_min": 0.7393058255920827, "width_q1": 0.7865200139689477, "width_q2": 0.8112936230626139, "width_q3": 0.8650510431450075, "width_max": 1.1648990637746086}