{"data_name": "AirQuality", "n_neighbors": 100, "level": 0.99, "random_state": 4506, "test_size": 0.2, "n": 9357, "d": 12, "oob_score": 0.6137163295774629, "test_score": 0.615622931239119, "coverage": 0.9786324786324786, "width_mean": 3.1698295979991133, "width_sd": 0.9277569811168304, "width_min": 0.21671667079898455, "width_q1": 2.823777927272177, "width_q2": 3.3734919692825542, "width_q3": 3.757877687964476, "width_max": 4.884764012735375}