{"data_name": "AirQuality", "n_neighbors": 100, "level": 0.99, "random_state": 409, "test_size": 0.2, "n": 9357, "d": 12, "oob_score": 0.6115090907756653, "test_score": 0.5956873989782108, "coverage": 0.9850427350427351, "width_mean": 3.1518871891854205, "width_sd": 0.9929651835394018, "width_min": 0.18362428095205202, "width_q1": 2.6893823367129963, "width_q2": 3.44705605468494, "width_q3": 3.8238145799593135, "width_max": 4.806339372839788}