{"data_name": "AirQuality", "n_neighbors": 100, "level": 0.99, "random_state": 3657, "test_size": 0.2, "n": 9357, "d": 12, "oob_score": 0.6067964763219993, "test_score": 0.624104213296435, "coverage": 0.9871794871794872, "width_mean": 3.1833272249083646, "width_sd": 1.0436662952438394, "width_min": 0.13474906090569888, "width_q1": 2.89518681073311, "width_q2": 3.535106975233483, "width_q3": 3.90617824807295, "width_max": 4.708475655030737}