{"data_name": "AirQuality", "n_neighbors": 100, "level": 0.9, "random_state": 8935, "test_size": 0.2, "n": 9357, "d": 12, "oob_score": 0.6156951819901489, "test_score": 0.5914927295070573, "coverage": 0.9348290598290598, "width_mean": 1.5478399536037921, "width_sd": 1.208627474217708, "width_min": 0.06652334074081728, "width_q1": 0.42584987438483135, "width_q2": 1.010617451359352, "width_q3": 2.8229868818346002, "width_max": 3.9257450535684963}