{"data_name": "AirQuality", "n_neighbors": 5, "level": 0.95, "random_state": 1824, "test_size": 0.2, "n": 9357, "d": 12, "oob_score": 0.6131328326386252, "test_score": 0.5793023522422014, "coverage": 0.7259615384615384, "width_mean": 0.8989500647421023, "width_sd": 1.2008537085851136, "width_min": 8.881784197001252e-16, "width_q1": 0.06115441880873729, "width_q2": 0.21708620008241028, "width_q3": 1.9850543216482375, "width_max": 4.586395514822269}