{"data_name": "AirQuality", "n_neighbors": "auto", "level": 0.9, "random_state": 1824, "test_size": 0.2, "n": 9357, "d": 12, "oob_score": 0.6131328326386252, "test_score": 0.5793023522422014, "coverage": 0.8856837606837606, "width_mean": 1.218314756297407, "width_sd": 1.2428861910487228, "width_min": 0.010340723918970285, "width_q1": 0.1799167761781095, "width_q2": 0.5914173812869186, "width_q3": 2.5698608432252787, "width_max": 3.8737112721632183}