{"data_name": "AirQuality", "n_neighbors": 200, "level": 0.9, "random_state": 2286, "test_size": 0.2, "n": 9357, "d": 12, "oob_score": 0.611187500745163, "test_score": 0.6078545094932084, "coverage": 0.9332264957264957, "width_mean": 1.774977980968796, "width_sd": 0.7789462571207082, "width_min": 0.34331055582785996, "width_q1": 1.270351420145973, "width_q2": 1.4591658544720323, "width_q3": 2.552481934175616, "width_max": 3.627371461652343}