{"data_name": "AirQuality", "n_neighbors": 200, "level": 0.9, "random_state": 9674, "test_size": 0.2, "n": 9357, "d": 12, "oob_score": 0.6153184733672921, "test_score": 0.6103516376302558, "coverage": 0.9172008547008547, "width_mean": 1.4077566479489938, "width_sd": 0.8972202602016077, "width_min": 0.30587494041894914, "width_q1": 0.579054851091877, "width_q2": 1.1560173670124927, "width_q3": 2.2096213129811257, "width_max": 3.5705625231612332}