{"data_name": "AirQuality", "n_neighbors": 200, "level": 0.8, "random_state": 9674, "test_size": 0.2, "n": 9357, "d": 12, "oob_score": 0.6153184733672921, "test_score": 0.6103516376302558, "coverage": 0.8338675213675214, "width_mean": 0.6672510565506541, "width_sd": 0.6469957639995886, "width_min": 0.18608805038903942, "width_q1": 0.26606493430607253, "width_q2": 0.349251368437827, "width_q3": 0.7277159247189431, "width_max": 2.9060270733299607}