{"data_name": "AirQuality", "n_neighbors": 1000, "level": 0.95, "random_state": 409, "test_size": 0.2, "n": 9357, "d": 12, "oob_score": 0.6115090907756653, "test_score": 0.5956873989782108, "coverage": 0.9492521367521367, "width_mean": 3.315279059219232, "width_sd": 0.2757789463254389, "width_min": 1.9557374687740676, "width_q1": 3.29135970219657, "width_q2": 3.3674721057677193, "width_q3": 3.4452284103009285, "width_max": 3.828840875708054}