{"data_name": "AirQuality", "n_neighbors": 500, "level": 0.95, "random_state": 1824, "test_size": 0.2, "n": 9357, "d": 12, "oob_score": 0.6131328326386252, "test_score": 0.5793023522422014, "coverage": 0.9444444444444444, "width_mean": 2.8677141693726633, "width_sd": 0.430111543650262, "width_min": 0.8291386399799161, "width_q1": 2.8261769604882487, "width_q2": 2.885770433065007, "width_q3": 3.0352101518605865, "width_max": 3.6972524562215487}