{"data_name": "AirQuality", "n_neighbors": 200, "level": 0.99, "random_state": 1424, "test_size": 0.2, "n": 9357, "d": 12, "oob_score": 0.6276816939224087, "test_score": 0.559643175191915, "coverage": 0.9807692307692307, "width_mean": 4.1010594992686755, "width_sd": 0.6939212082687396, "width_min": 0.4113865163934407, "width_q1": 3.98543052681077, "width_q2": 4.301756190093775, "width_q3": 4.422356154205103, "width_max": 4.861810131739762}