{"data_name": "AirQuality", "n_neighbors": 2000, "level": 0.8, "random_state": 4506, "test_size": 0.2, "n": 9357, "d": 12, "oob_score": 0.6137163295774629, "test_score": 0.615622931239119, "coverage": 0.8210470085470085, "width_mean": 0.7821208107579515, "width_sd": 0.07906085410297947, "width_min": 0.6982798146787556, "width_q1": 0.7287085763556344, "width_q2": 0.7499404675143998, "width_q3": 0.8035401001709122, "width_max": 1.1423160005372193}