{"data_name": "AirQuality", "n_neighbors": 1000, "level": 0.99, "random_state": 8935, "test_size": 0.2, "n": 9357, "d": 12, "oob_score": 0.6156951819901489, "test_score": 0.5914927295070573, "coverage": 0.9850427350427351, "width_mean": 4.385516630078107, "width_sd": 0.07417715056776368, "width_min": 3.7367155578288216, "width_q1": 4.363039891494061, "width_q2": 4.392268962841862, "width_q3": 4.421023505643234, "width_max": 4.846187677511324}