{"data_name": "AirQuality", "n_neighbors": 50, "level": 0.9, "random_state": 8935, "test_size": 0.2, "n": 9357, "d": 12, "oob_score": 0.6156951819901489, "test_score": 0.5914927295070573, "coverage": 0.9204059829059829, "width_mean": 1.42153552737586, "width_sd": 1.3363318788199194, "width_min": 0.008632895674743568, "width_q1": 0.19359706422800582, "width_q2": 0.679462417432614, "width_q3": 2.8947561188669653, "width_max": 4.121383682472214}