{"data_name": "AirQuality", "n_neighbors": 50, "level": 0.8, "random_state": 4012, "test_size": 0.2, "n": 9357, "d": 12, "oob_score": 0.612002337512547, "test_score": 0.5957691642602831, "coverage": 0.8237179487179487, "width_mean": 0.8872620389371502, "width_sd": 1.076453040517633, "width_min": 0.005557683772737132, "width_q1": 0.12995205107829266, "width_q2": 0.3299086693418991, "width_q3": 1.7788411908008661, "width_max": 3.623868617615206}