{"data_name": "AirQuality", "n_neighbors": 20, "level": 0.8, "random_state": 8935, "test_size": 0.2, "n": 9357, "d": 12, "oob_score": 0.6156951819901489, "test_score": 0.5914927295070573, "coverage": 0.7927350427350427, "width_mean": 0.9110446969135944, "width_sd": 1.1403672860395058, "width_min": 1.3322676295501878e-15, "width_q1": 0.08424601291390016, "width_q2": 0.3085510568042172, "width_q3": 1.8267757137502245, "width_max": 3.848375311237377}