{"data_name": "AirQuality", "n_neighbors": 1000, "level": 0.95, "random_state": 8935, "test_size": 0.2, "n": 9357, "d": 12, "oob_score": 0.6156951819901489, "test_score": 0.5914927295070573, "coverage": 0.9492521367521367, "width_mean": 3.2204532938792036, "width_sd": 0.176541470745203, "width_min": 2.258215902764093, "width_q1": 3.234641963074468, "width_q2": 3.2474075328560947, "width_q3": 3.273447682085592, "width_max": 3.581558026703638}