{"data_name": "AirQuality", "n_neighbors": 1000, "level": 0.8, "random_state": 409, "test_size": 0.2, "n": 9357, "d": 12, "oob_score": 0.6115090907756653, "test_score": 0.5956873989782108, "coverage": 0.8173076923076923, "width_mean": 0.854926273230298, "width_sd": 0.16465413922956765, "width_min": 0.6753170435275675, "width_q1": 0.7546034941950989, "width_q2": 0.7886237444400664, "width_q3": 0.8888532287039028, "width_max": 1.463810596129145}