{"data_name": "AirQuality", "n_neighbors": 500, "level": 0.99, "random_state": 4506, "test_size": 0.2, "n": 9357, "d": 12, "oob_score": 0.6137163295774629, "test_score": 0.615622931239119, "coverage": 0.9850427350427351, "width_mean": 4.308282278215442, "width_sd": 0.3678524331563844, "width_min": 1.194469969488419, "width_q1": 4.317238051788227, "width_q2": 4.386861031393021, "width_q3": 4.431318628360664, "width_max": 4.848418404170133}