{"data_name": "AirQuality", "n_neighbors": 500, "level": 0.95, "random_state": 1679, "test_size": 0.2, "n": 9357, "d": 12, "oob_score": 0.6046689139026998, "test_score": 0.6207355472699623, "coverage": 0.9497863247863247, "width_mean": 2.890470808871006, "width_sd": 0.4486916009245576, "width_min": 0.985247771871407, "width_q1": 2.8537302283231485, "width_q2": 2.914242589628774, "width_q3": 3.117957571573365, "width_max": 3.7979861463609224}