{"data_name": "AirQuality", "n_neighbors": 500, "level": 0.9, "random_state": 8935, "test_size": 0.2, "n": 9357, "d": 12, "oob_score": 0.6156951819901489, "test_score": 0.5914927295070573, "coverage": 0.9273504273504274, "width_mean": 2.3035938366872193, "width_sd": 0.4766874386204404, "width_min": 0.6532427323361385, "width_q1": 2.121541577573941, "width_q2": 2.3392739270604217, "width_q3": 2.5921756921168253, "width_max": 3.2743323712193133}