{"data_name": "AirQuality", "n_neighbors": 2000, "level": 0.9, "random_state": 4012, "test_size": 0.2, "n": 9357, "d": 12, "oob_score": 0.612002337512547, "test_score": 0.5957691642602831, "coverage": 0.905448717948718, "width_mean": 2.1072518340529047, "width_sd": 0.13347679459043305, "width_min": 1.744259050609981, "width_q1": 2.037419970620624, "width_q2": 2.074138692048148, "width_q3": 2.1332541543048475, "width_max": 2.728627798917502}