{"data_name": "AirQuality", "n_neighbors": 20, "level": 0.99, "random_state": 9674, "test_size": 0.2, "n": 9357, "d": 12, "oob_score": 0.6153184733672921, "test_score": 0.6103516376302558, "coverage": 0.9423076923076923, "width_mean": 1.7186222224205416, "width_sd": 1.500348981058308, "width_min": 0.006054741829338739, "width_q1": 0.23985331033752222, "width_q2": 1.0373729451165974, "width_q3": 3.1996093208805325, "width_max": 4.74306688482556}