{"data_name": "AirQuality", "n_neighbors": 500, "level": 0.9, "random_state": 409, "test_size": 0.2, "n": 9357, "d": 12, "oob_score": 0.6115090907756653, "test_score": 0.5956873989782108, "coverage": 0.9198717948717948, "width_mean": 1.9761580904963967, "width_sd": 0.4976524170127141, "width_min": 0.6182993608115406, "width_q1": 1.754668522475356, "width_q2": 1.8310712399716673, "width_q3": 2.225041010543475, "width_max": 3.3702457896888616}