{"data_name": "AirQuality", "n_neighbors": "auto", "level": 0.8, "random_state": 2286, "test_size": 0.2, "n": 9357, "d": 12, "oob_score": 0.611187500745163, "test_score": 0.6078545094932084, "coverage": 0.813034188034188, "width_mean": 0.8223764730179461, "width_sd": 0.9761977990191154, "width_min": 0.008148068058535685, "width_q1": 0.13902222658171393, "width_q2": 0.3515802125180837, "width_q3": 1.1298674588784363, "width_max": 3.4043176821206966}