{"data_name": "AirQuality", "n_neighbors": 5, "level": 0.9, "random_state": 8935, "test_size": 0.2, "n": 9357, "d": 12, "oob_score": 0.6156951819901489, "test_score": 0.5914927295070573, "coverage": 0.6896367521367521, "width_mean": 0.8325697282732765, "width_sd": 1.0887527272059443, "width_min": 8.881784197001252e-16, "width_q1": 0.06385946010603095, "width_q2": 0.24075919555632408, "width_q3": 1.6765080411766042, "width_max": 4.4987414291036405}