{"data_name": "AirQuality", "n_neighbors": "auto", "level": 0.99, "random_state": 8935, "test_size": 0.2, "n": 9357, "d": 12, "oob_score": 0.6156951819901489, "test_score": 0.5914927295070573, "coverage": 0.9722222222222222, "width_mean": 2.3806401224557625, "width_sd": 1.4926518898224925, "width_min": 0.016442750676248008, "width_q1": 0.6121229706595526, "width_q2": 2.9503833858180544, "width_q3": 3.6655128233418797, "width_max": 4.8041848134439356}