{"data_name": "AirQuality", "n_neighbors": 200, "level": 0.8, "random_state": 409, "test_size": 0.2, "n": 9357, "d": 12, "oob_score": 0.6115090907756653, "test_score": 0.5956873989782108, "coverage": 0.8600427350427351, "width_mean": 0.9010617162736959, "width_sd": 0.6688615411956556, "width_min": 0.18828121470734116, "width_q1": 0.4394213762348123, "width_q2": 0.6375405695912129, "width_q3": 1.076254147627708, "width_max": 3.0445924206787516}