{"data_name": "AirQuality", "n_neighbors": 1000, "level": 0.8, "random_state": 2286, "test_size": 0.2, "n": 9357, "d": 12, "oob_score": 0.611187500745163, "test_score": 0.6078545094932084, "coverage": 0.8226495726495726, "width_mean": 0.8817973872403341, "width_sd": 0.1489750535691834, "width_min": 0.6374680532444208, "width_q1": 0.78924067060487, "width_q2": 0.8135160302522404, "width_q3": 0.9250937554902436, "width_max": 1.5959889998519696}