{"data_name": "AirQuality", "n_neighbors": "all", "level": 0.9, "random_state": 8935, "test_size": 0.2, "n": 9357, "d": 12, "oob_score": 0.6156951819901489, "test_score": 0.5914927295070573, "coverage": 0.9006410256410257, "width_mean": 2.053926606725579, "width_sd": 9.028833860106186e-16, "width_min": 2.0539266067255797, "width_q1": 2.0539266067255797, "width_q2": 2.0539266067255797, "width_q3": 2.0539266067255797, "width_max": 2.05392660672558}