{"data_name": "AirQuality", "n_neighbors": "auto", "level": 0.99, "random_state": 2286, "test_size": 0.2, "n": 9357, "d": 12, "oob_score": 0.611187500745163, "test_score": 0.6078545094932084, "coverage": 0.9807692307692307, "width_mean": 2.353569483965144, "width_sd": 1.487756451751437, "width_min": 0.019900871190996317, "width_q1": 0.5994259684587947, "width_q2": 2.965919224569772, "width_q3": 3.6329409172946, "width_max": 4.959205885952147}