{"data_name": "AirQuality", "n_neighbors": 2000, "level": 0.95, "random_state": 4506, "test_size": 0.2, "n": 9357, "d": 12, "oob_score": 0.6137163295774629, "test_score": 0.615622931239119, "coverage": 0.9529914529914529, "width_mean": 3.328862633866241, "width_sd": 0.06801249277433329, "width_min": 2.9530012522937588, "width_q1": 3.324136070549015, "width_q2": 3.3374518742093837, "width_q3": 3.361617150672357, "width_max": 3.5674621881263158}