{"data_name": "AirQuality", "n_neighbors": "all", "level": 0.99, "random_state": 2286, "test_size": 0.2, "n": 9357, "d": 12, "oob_score": 0.611187500745163, "test_score": 0.6078545094932084, "coverage": 0.9919871794871795, "width_mean": 4.731561082075188, "width_sd": 8.401458767071788e-16, "width_min": 4.731561082075188, "width_q1": 4.7315610820751886, "width_q2": 4.7315610820751886, "width_q3": 4.7315610820751886, "width_max": 4.7315610820751886}