{"data_name": "AirQuality", "n_neighbors": 10, "level": 0.99, "random_state": 9674, "test_size": 0.2, "n": 9357, "d": 12, "oob_score": 0.6153184733672921, "test_score": 0.6103516376302558, "coverage": 0.8766025641025641, "width_mean": 1.2887046713610117, "width_sd": 1.3970471250965102, "width_min": 1.7763568394002505e-15, "width_q1": 0.13767063372467042, "width_q2": 0.4258965350028174, "width_q3": 2.80253056276097, "width_max": 4.638237627986285}