{"data_name": "AirQuality", "n_neighbors": 10, "level": 0.99, "random_state": 2286, "test_size": 0.2, "n": 9357, "d": 12, "oob_score": 0.611187500745163, "test_score": 0.6078545094932084, "coverage": 0.8771367521367521, "width_mean": 1.3102737764105366, "width_sd": 1.4171225903990394, "width_min": 1.3322676295501878e-15, "width_q1": 0.12905796582728535, "width_q2": 0.43138278995531176, "width_q3": 2.8267764791157717, "width_max": 5.002438527720571}