{"data_name": "AirQuality", "n_neighbors": "all", "level": 0.95, "random_state": 1824, "test_size": 0.2, "n": 9357, "d": 12, "oob_score": 0.6131328326386252, "test_score": 0.5793023522422014, "coverage": 0.9439102564102564, "width_mean": 3.3161217738687436, "width_sd": 5.476600131522343e-16, "width_min": 3.316121773868744, "width_q1": 3.316121773868744, "width_q2": 3.316121773868744, "width_q3": 3.316121773868744, "width_max": 3.316121773868745}