{"data_name": "AirQuality", "n_neighbors": "all", "level": 0.99, "random_state": 1424, "test_size": 0.2, "n": 9357, "d": 12, "oob_score": 0.6276816939224087, "test_score": 0.559643175191915, "coverage": 0.9834401709401709, "width_mean": 4.644372018075701, "width_sd": 2.6645352591003757e-15, "width_min": 4.644372018075703, "width_q1": 4.644372018075703, "width_q2": 4.644372018075703, "width_q3": 4.644372018075703, "width_max": 4.644372018075703}