{"data_name": "AirQuality", "n_neighbors": 2000, "level": 0.95, "random_state": 3657, "test_size": 0.2, "n": 9357, "d": 12, "oob_score": 0.6067964763219993, "test_score": 0.624104213296435, "coverage": 0.9567307692307693, "width_mean": 3.2232634147950994, "width_sd": 0.08092263332674773, "width_min": 2.7445622337183004, "width_q1": 3.225448564631632, "width_q2": 3.2273675327571754, "width_q3": 3.241840198255807, "width_max": 3.43823836742792}