{"data_name": "AirQuality", "n_neighbors": 2000, "level": 0.8, "random_state": 3657, "test_size": 0.2, "n": 9357, "d": 12, "oob_score": 0.6067964763219993, "test_score": 0.624104213296435, "coverage": 0.8210470085470085, "width_mean": 0.8310332097671678, "width_sd": 0.08451832877734183, "width_min": 0.7384795016754404, "width_q1": 0.782748460222273, "width_q2": 0.7963866349951392, "width_q3": 0.8362515464126647, "width_max": 1.1805810451741996}