{"data_name": "AirQuality", "n_neighbors": "all", "level": 0.9, "random_state": 1679, "test_size": 0.2, "n": 9357, "d": 12, "oob_score": 0.6046689139026998, "test_score": 0.6207355472699623, "coverage": 0.9033119658119658, "width_mean": 2.093084992064977, "width_sd": 8.881784197001252e-16, "width_min": 2.093084992064976, "width_q1": 2.093084992064976, "width_q2": 2.093084992064976, "width_q3": 2.093084992064976, "width_max": 2.093084992064976}