{"data_name": "AirQuality", "n_neighbors": "auto", "level": 0.95, "random_state": 2286, "test_size": 0.2, "n": 9357, "d": 12, "oob_score": 0.611187500745163, "test_score": 0.6078545094932084, "coverage": 0.9396367521367521, "width_mean": 1.6687687753456586, "width_sd": 1.3660730637898455, "width_min": 0.016778041446178116, "width_q1": 0.32725759256436115, "width_q2": 1.145864207827962, "width_q3": 3.064509054547311, "width_max": 4.396550655829506}