{"data_name": "AirQuality", "n_neighbors": 5, "level": 0.99, "random_state": 409, "test_size": 0.2, "n": 9357, "d": 12, "oob_score": 0.6115090907756653, "test_score": 0.5956873989782108, "coverage": 0.7254273504273504, "width_mean": 1.0172100174143524, "width_sd": 1.2859747610254868, "width_min": 1.3322676295501878e-15, "width_q1": 0.07309348324027197, "width_q2": 0.2738358508017762, "width_q3": 2.4733976157800774, "width_max": 4.743900141072633}