{"data_name": "AirQuality", "n_neighbors": 500, "level": 0.8, "random_state": 1424, "test_size": 0.2, "n": 9357, "d": 12, "oob_score": 0.6276816939224087, "test_score": 0.559643175191915, "coverage": 0.8333333333333334, "width_mean": 0.6760297400822751, "width_sd": 0.32925434290082556, "width_min": 0.3189027422844952, "width_q1": 0.48445812014075723, "width_q2": 0.5291637567973511, "width_q3": 0.7300180750784343, "width_max": 2.07326415088764}