{"data_name": "AirQuality", "n_neighbors": 100, "level": 0.99, "random_state": 1824, "test_size": 0.2, "n": 9357, "d": 12, "oob_score": 0.6131328326386252, "test_score": 0.5793023522422014, "coverage": 0.9807692307692307, "width_mean": 3.3256683417690738, "width_sd": 0.8745742696248825, "width_min": 0.23143701351231277, "width_q1": 3.0463636238272036, "width_q2": 3.5484315360302237, "width_q3": 3.8904399179123823, "width_max": 5.018606864527078}