{"data_name": "AirQuality", "n_neighbors": 500, "level": 0.99, "random_state": 1824, "test_size": 0.2, "n": 9357, "d": 12, "oob_score": 0.6131328326386252, "test_score": 0.5793023522422014, "coverage": 0.9780982905982906, "width_mean": 4.04771857757842, "width_sd": 0.2951589360191247, "width_min": 1.2256513399163431, "width_q1": 3.9948722671878913, "width_q2": 4.096214617572073, "width_q3": 4.148404879014549, "width_max": 4.672695670209746}