{"data_name": "AirQuality", "n_neighbors": "auto", "level": 0.8, "random_state": 1424, "test_size": 0.2, "n": 9357, "d": 12, "oob_score": 0.6276816939224087, "test_score": 0.559643175191915, "coverage": 0.8018162393162394, "width_mean": 0.7567445279604474, "width_sd": 0.9418897715567409, "width_min": 0.008344002599009748, "width_q1": 0.10147951025135951, "width_q2": 0.297998224074863, "width_q3": 0.9936804490777287, "width_max": 3.5312930855639513}