{"data_name": "AirQuality", "n_neighbors": 500, "level": 0.9, "random_state": 1424, "test_size": 0.2, "n": 9357, "d": 12, "oob_score": 0.6276816939224087, "test_score": 0.559643175191915, "coverage": 0.9075854700854701, "width_mean": 1.748426750539977, "width_sd": 0.46498679400110293, "width_min": 0.5966727181298848, "width_q1": 1.5093781108172846, "width_q2": 1.6521079227235864, "width_q3": 2.073090020936484, "width_max": 3.0271312687857335}