{"data_name": "AirQuality", "n_neighbors": 200, "level": 0.8, "random_state": 1424, "test_size": 0.2, "n": 9357, "d": 12, "oob_score": 0.6276816939224087, "test_score": 0.559643175191915, "coverage": 0.8418803418803419, "width_mean": 0.636064401782057, "width_sd": 0.6358073320287858, "width_min": 0.1227730983394561, "width_q1": 0.24536417078470596, "width_q2": 0.3506247583138433, "width_q3": 0.700146429212285, "width_max": 2.867499682744623}