{"data_name": "Automobile", "n_neighbors": 50, "level": 0.9, "random_state": 1424, "test_size": 0.2, "n": 159, "d": 18, "oob_score": 0.8664030167390175, "test_score": 0.8339000755683064, "coverage": 0.875, "width_mean": 0.9427923123360252, "width_sd": 0.18804599533285996, "width_min": 0.7227831249211844, "width_q1": 0.8126870393193125, "width_q2": 0.8753551182599535, "width_q3": 1.019060681420808, "width_max": 1.4150995082483195}