{"data_name": "AutoMPG", "n_neighbors": 20, "level": 0.95, "random_state": 1424, "test_size": 0.2, "n": 392, "d": 7, "oob_score": 0.8801327199077152, "test_score": 0.8257442684555709, "coverage": 0.9113924050632911, "width_mean": 1.1557614133959213, "width_sd": 0.46952410615869133, "width_min": 0.4222628753822273, "width_q1": 0.8029928769261725, "width_q2": 1.030951406604784, "width_q3": 1.4269263852281313, "width_max": 2.3933933557592137}