{"data_name": "AutoMPG", "n_neighbors": 20, "level": 0.99, "random_state": 409, "test_size": 0.2, "n": 392, "d": 7, "oob_score": 0.873613218443993, "test_score": 0.8697573465366656, "coverage": 0.9240506329113924, "width_mean": 1.2793469768175993, "width_sd": 0.5427327607972475, "width_min": 0.5066266483860379, "width_q1": 0.7842881086321187, "width_q2": 1.1736020921867976, "width_q3": 1.713202646382047, "width_max": 3.0935627078780463}