{"data_name": "Automobile", "n_neighbors": "auto", "level": 0.9, "random_state": 1679, "test_size": 0.2, "n": 159, "d": 18, "oob_score": 0.8692324091789436, "test_score": 0.8180363641383057, "coverage": 0.6875, "width_mean": 0.9096747682199626, "width_sd": 0.5467642597082882, "width_min": 0.20176042449109877, "width_q1": 0.3369437138066498, "width_q2": 0.9317156695025396, "width_q3": 1.4709548933787073, "width_max": 1.947098554798354}