{"data_name": "AutoMPG", "n_neighbors": "all", "level": 0.8, "random_state": 2286, "test_size": 0.2, "n": 392, "d": 7, "oob_score": 0.8881208033748537, "test_score": 0.8155637029921425, "coverage": 0.7848101265822784, "width_mean": 0.7236277007378147, "width_sd": 1.3395089025786088e-16, "width_min": 0.7236277007378145, "width_q1": 0.7236277007378146, "width_q2": 0.7236277007378146, "width_q3": 0.7236277007378146, "width_max": 0.7236277007378147}