{"data_name": "AutoMPG", "n_neighbors": 200, "level": 0.8, "random_state": 4012, "test_size": 0.2, "n": 392, "d": 7, "oob_score": 0.8682873191024287, "test_score": 0.830272400727571, "coverage": 0.7848101265822784, "width_mean": 0.797967136710613, "width_sd": 0.027800201379291862, "width_min": 0.7057324590544596, "width_q1": 0.7926583742678661, "width_q2": 0.7983481946793818, "width_q3": 0.81780223309404, "width_max": 0.8504958907059329}