{"data_name": "AutoMPG", "n_neighbors": 10, "level": 0.99, "random_state": 8935, "test_size": 0.2, "n": 392, "d": 7, "oob_score": 0.8697955317107033, "test_score": 0.8995431716592579, "coverage": 0.8607594936708861, "width_mean": 1.0233584314484951, "width_sd": 0.5209449983640912, "width_min": 0.3750384090119224, "width_q1": 0.6352166456747739, "width_q2": 0.8864259816036979, "width_q3": 1.2180558315786292, "width_max": 2.586859529056959}