{"data_name": "AutoMPG", "n_neighbors": 20, "level": 0.99, "random_state": 8935, "test_size": 0.2, "n": 392, "d": 7, "oob_score": 0.8697955317107033, "test_score": 0.8995431716592579, "coverage": 0.9240506329113924, "width_mean": 1.2193500592832052, "width_sd": 0.5220891791721344, "width_min": 0.37640930493815994, "width_q1": 0.8486735654578357, "width_q2": 1.0793021658047866, "width_q3": 1.5875953979397535, "width_max": 2.6678600789483484}