{"data_name": "Automobile", "n_neighbors": 5, "level": 0.9, "random_state": 9674, "test_size": 0.2, "n": 159, "d": 18, "oob_score": 0.8699874769997047, "test_score": 0.8272790284099117, "coverage": 0.625, "width_mean": 0.5151070611145362, "width_sd": 0.2911840410685453, "width_min": 0.09017994289807552, "width_q1": 0.2923487960067245, "width_q2": 0.44742594336493663, "width_q3": 0.721858758009088, "width_max": 1.3450747073024618}