{"data_name": "AutoMPG", "n_neighbors": 10, "level": 0.9, "random_state": 409, "test_size": 0.2, "n": 392, "d": 7, "oob_score": 0.873613218443993, "test_score": 0.8697573465366656, "coverage": 0.8354430379746836, "width_mean": 0.8543582522546, "width_sd": 0.40740754321380196, "width_min": 0.2551064565732172, "width_q1": 0.5030166321408973, "width_q2": 0.7361411363282195, "width_q3": 1.1539930565391088, "width_max": 2.1785603099724247}