{"data_name": "AutoMPG", "n_neighbors": 5, "level": 0.9, "random_state": 4012, "test_size": 0.2, "n": 392, "d": 7, "oob_score": 0.8682873191024287, "test_score": 0.830272400727571, "coverage": 0.5822784810126582, "width_mean": 0.6327991936845808, "width_sd": 0.4395040010717815, "width_min": 0.0861511103429431, "width_q1": 0.3727680011891857, "width_q2": 0.5433360101307163, "width_q3": 0.7264275920646129, "width_max": 2.1153761023541824}