{"data_name": "AutoMPG", "n_neighbors": 5, "level": 0.9, "random_state": 2286, "test_size": 0.2, "n": 392, "d": 7, "oob_score": 0.8881208033748537, "test_score": 0.8155637029921425, "coverage": 0.6455696202531646, "width_mean": 0.6620166261589612, "width_sd": 0.34113864134986904, "width_min": 0.08254574189961505, "width_q1": 0.40024683717957465, "width_q2": 0.6605159733943302, "width_q3": 0.7928341316044285, "width_max": 1.7277654985499273}