{"data_name": "AutoMPG", "n_neighbors": 50, "level": 0.99, "random_state": 2286, "test_size": 0.2, "n": 392, "d": 7, "oob_score": 0.8881208033748537, "test_score": 0.8155637029921425, "coverage": 0.9620253164556962, "width_mean": 1.6590332909898573, "width_sd": 0.3258846899870175, "width_min": 0.9656201320767284, "width_q1": 1.4482379666533198, "width_q2": 1.6197936867585028, "width_q3": 1.9064561585893895, "width_max": 2.4435855405168763}