{"data_name": "AutoMPG", "n_neighbors": 50, "level": 0.95, "random_state": 1824, "test_size": 0.2, "n": 392, "d": 7, "oob_score": 0.8574960578352374, "test_score": 0.9358618730412818, "coverage": 1.0, "width_mean": 1.294920886028945, "width_sd": 0.19054694504617686, "width_min": 0.8931792968745489, "width_q1": 1.1491256269840024, "width_q2": 1.264902011355307, "width_q3": 1.4105626567734002, "width_max": 1.759118536503375}