{"data_name": "Automobile", "n_neighbors": "all", "level": 0.9, "random_state": 1824, "test_size": 0.2, "n": 159, "d": 18, "oob_score": 0.8588479891554553, "test_score": 0.8109657857398823, "coverage": 0.8125, "width_mean": 1.1228283044226997, "width_sd": 1.2412670766236366e-16, "width_min": 1.1228283044226992, "width_q1": 1.1228283044226997, "width_q2": 1.1228283044226997, "width_q3": 1.1228283044226997, "width_max": 1.1228283044226997}