{"data_name": "AutoMPG", "n_neighbors": 200, "level": 0.9, "random_state": 1679, "test_size": 0.2, "n": 392, "d": 7, "oob_score": 0.8841654148898874, "test_score": 0.7068068026967194, "coverage": 0.8354430379746836, "width_mean": 1.0523647909423852, "width_sd": 0.038828771011682375, "width_min": 1.018347952782294, "width_q1": 1.0220135928261498, "width_q2": 1.0373128075358617, "width_q3": 1.066596876442154, "width_max": 1.162396471691833}