{"data_name": "AutoMPG", "n_neighbors": "all", "level": 0.9, "random_state": 1824, "test_size": 0.2, "n": 392, "d": 7, "oob_score": 0.8574960578352374, "test_score": 0.9358618730412818, "coverage": 1.0, "width_mean": 1.1869009645037318, "width_sd": 1.998557587736414e-16, "width_min": 1.1869009645037316, "width_q1": 1.1869009645037316, "width_q2": 1.1869009645037316, "width_q3": 1.1869009645037316, "width_max": 1.1869009645037318}