{"data_name": "Automobile", "n_neighbors": "auto", "level": 0.8, "random_state": 3657, "test_size": 0.2, "n": 159, "d": 18, "oob_score": 0.8692184038972947, "test_score": 0.8717200968206692, "coverage": 0.78125, "width_mean": 0.6616653337691881, "width_sd": 0.47286036062785514, "width_min": 0.1876313886713883, "width_q1": 0.24758556038051177, "width_q2": 0.4926291528407723, "width_q3": 1.1781114920880231, "width_max": 1.5037607072410804}