{"data_name": "Automobile", "n_neighbors": 50, "level": 0.9, "random_state": 409, "test_size": 0.2, "n": 159, "d": 18, "oob_score": 0.8519766348035276, "test_score": 0.8815905590616805, "coverage": 0.84375, "width_mean": 1.0197901121036463, "width_sd": 0.20247426476754268, "width_min": 0.6760752209755465, "width_q1": 0.8645947970105845, "width_q2": 0.9471506796647863, "width_q3": 1.1598107728071538, "width_max": 1.4612155623303733}