{"data_name": "Automobile", "n_neighbors": 5, "level": 0.95, "random_state": 3657, "test_size": 0.2, "n": 159, "d": 18, "oob_score": 0.8692184038972947, "test_score": 0.8717200968206692, "coverage": 0.6875, "width_mean": 0.6288536420091312, "width_sd": 0.4710336659850127, "width_min": 0.17698012237875405, "width_q1": 0.246427394239327, "width_q2": 0.4004981995015449, "width_q3": 0.9108631268140537, "width_max": 1.7779189627741367}