{"data_name": "Automobile", "n_neighbors": 50, "level": 0.95, "random_state": 409, "test_size": 0.2, "n": 159, "d": 18, "oob_score": 0.8519766348035276, "test_score": 0.8815905590616805, "coverage": 0.90625, "width_mean": 1.3512169130123244, "width_sd": 0.21607172616873943, "width_min": 0.8078445690285958, "width_q1": 1.25689768125973, "width_q2": 1.3210126657394046, "width_q3": 1.5009248414148604, "width_max": 1.723592165365746}