{"data_name": "AutoMPG", "n_neighbors": 200, "level": 0.99, "random_state": 1824, "test_size": 0.2, "n": 392, "d": 7, "oob_score": 0.8574960578352374, "test_score": 0.9358618730412818, "coverage": 1.0, "width_mean": 2.0877288351732384, "width_sd": 0.04401607921800676, "width_min": 2.0493139973628915, "width_q1": 2.0493139973628915, "width_q2": 2.0824842597600597, "width_q3": 2.0824842597600597, "width_max": 2.2523528176230343}