{"data_name": "Automobile", "n_neighbors": 20, "level": 0.9, "random_state": 409, "test_size": 0.2, "n": 159, "d": 18, "oob_score": 0.8519766348035276, "test_score": 0.8815905590616805, "coverage": 0.75, "width_mean": 0.8775822798146189, "width_sd": 0.4992115340687791, "width_min": 0.27142216494549576, "width_q1": 0.46602021467172383, "width_q2": 0.64485197285135, "width_q3": 1.3779126080678807, "width_max": 1.740767337068374}