{"data_name": "Automobile", "n_neighbors": 50, "level": 0.95, "random_state": 1679, "test_size": 0.2, "n": 159, "d": 18, "oob_score": 0.8692324091789436, "test_score": 0.8180363641383057, "coverage": 0.875, "width_mean": 1.3798471652677702, "width_sd": 0.19062254725866704, "width_min": 1.0457178386460408, "width_q1": 1.2496275238644357, "width_q2": 1.4299799135661935, "width_q3": 1.5281802500205561, "width_max": 1.6359976899953979}