{"data_name": "AutoMPG", "n_neighbors": 20, "level": 0.9, "random_state": 4012, "test_size": 0.2, "n": 392, "d": 7, "oob_score": 0.8682873191024287, "test_score": 0.830272400727571, "coverage": 0.759493670886076, "width_mean": 0.8412811393317978, "width_sd": 0.36392868427994096, "width_min": 0.24103462546495935, "width_q1": 0.612917239169523, "width_q2": 0.7676012998552776, "width_q3": 0.9657000944510947, "width_max": 2.0854832995306816}