{"data_name": "AutoMPG", "n_neighbors": "auto", "level": 0.95, "random_state": 9674, "test_size": 0.2, "n": 392, "d": 7, "oob_score": 0.8654202646985273, "test_score": 0.8681355028273156, "coverage": 0.8481012658227848, "width_mean": 1.2589169387655381, "width_sd": 0.5613056431886455, "width_min": 0.42100927049862413, "width_q1": 0.8856488108802849, "width_q2": 1.0475887990094668, "width_q3": 1.6988482764553112, "width_max": 2.671506781915517}