{"data_name": "Automobile", "n_neighbors": "all", "level": 0.8, "random_state": 1424, "test_size": 0.2, "n": 159, "d": 18, "oob_score": 0.8664030167390175, "test_score": 0.8339000755683064, "coverage": 0.90625, "width_mean": 0.7649900058816532, "width_sd": 7.076311083754595e-17, "width_min": 0.7649900058816532, "width_q1": 0.7649900058816532, "width_q2": 0.7649900058816532, "width_q3": 0.7649900058816533, "width_max": 0.7649900058816534}