{"data_name": "AutoMPG", "n_neighbors": "auto", "level": 0.8, "random_state": 409, "test_size": 0.2, "n": 392, "d": 7, "oob_score": 0.873613218443993, "test_score": 0.8697573465366656, "coverage": 0.7341772151898734, "width_mean": 0.7347135746459071, "width_sd": 0.3003846726026188, "width_min": 0.2919806685748969, "width_q1": 0.5193199247476711, "width_q2": 0.6773781320565497, "width_q3": 0.92706111676802, "width_max": 1.5368694775008418}