{"data_name": "Automobile", "n_neighbors": 50, "level": 0.99, "random_state": 2286, "test_size": 0.2, "n": 159, "d": 18, "oob_score": 0.8644023473385436, "test_score": 0.7903757119998178, "coverage": 0.96875, "width_mean": 1.9427973152697495, "width_sd": 0.13527559666680758, "width_min": 1.6471060978721814, "width_q1": 1.9448654705000983, "width_q2": 1.9979558492697245, "width_q3": 2.0102057640910056, "width_max": 2.0710735203638873}