{"data_name": "Automobile", "n_neighbors": 50, "level": 0.95, "random_state": 2286, "test_size": 0.2, "n": 159, "d": 18, "oob_score": 0.8644023473385436, "test_score": 0.7903757119998178, "coverage": 0.96875, "width_mean": 1.7412715886583046, "width_sd": 0.15928593188930187, "width_min": 1.3533075520421556, "width_q1": 1.6230098382731202, "width_q2": 1.818146177521297, "width_q3": 1.8181461775212973, "width_max": 1.9557713806283368}