{"data_name": "AutoMPG", "n_neighbors": 200, "level": 0.9, "random_state": 2286, "test_size": 0.2, "n": 392, "d": 7, "oob_score": 0.8881208033748537, "test_score": 0.8155637029921425, "coverage": 0.8734177215189873, "width_mean": 1.0033212631002095, "width_sd": 0.019362730552609172, "width_min": 0.9531477592589682, "width_q1": 0.9963195524200754, "width_q2": 0.9999545536894545, "width_q3": 1.0088985159377697, "width_max": 1.087656378135366}