{"data_name": "AutoMPG", "n_neighbors": 200, "level": 0.99, "random_state": 3657, "test_size": 0.2, "n": 392, "d": 7, "oob_score": 0.8839096984781822, "test_score": 0.8393852475719903, "coverage": 0.9620253164556962, "width_mean": 1.9343398712560695, "width_sd": 0.1734823653180745, "width_min": 1.8770419270397227, "width_q1": 1.877041927039723, "width_q2": 1.877041927039723, "width_q3": 1.877041927039723, "width_max": 2.5337874788351393}