{"data_name": "Automobile", "n_neighbors": 100, "level": 0.99, "random_state": 8935, "test_size": 0.2, "n": 159, "d": 18, "oob_score": 0.8693072662585798, "test_score": 0.8312250616835462, "coverage": 0.9375, "width_mean": 1.9115110087954124, "width_sd": 0.09944690317324245, "width_min": 1.8395366244439435, "width_q1": 1.839536624443944, "width_q2": 1.839536624443944, "width_q3": 2.0489166516482156, "width_max": 2.0489166516482156}