{"data_name": "AutoMPG", "n_neighbors": "all", "level": 0.8, "random_state": 1824, "test_size": 0.2, "n": 392, "d": 7, "oob_score": 0.8574960578352374, "test_score": 0.9358618730412818, "coverage": 0.9493670886075949, "width_mean": 0.8358824902511347, "width_sd": 2.848382808978092e-16, "width_min": 0.8358824902511344, "width_q1": 0.8358824902511344, "width_q2": 0.8358824902511344, "width_q3": 0.8358824902511345, "width_max": 0.8358824902511346}