{"data_name": "AutoMPG", "n_neighbors": "auto", "level": 0.99, "random_state": 9674, "test_size": 0.2, "n": 392, "d": 7, "oob_score": 0.8654202646985273, "test_score": 0.8681355028273156, "coverage": 0.8860759493670886, "width_mean": 1.5192658478870498, "width_sd": 0.7126699985052021, "width_min": 0.4220798600734137, "width_q1": 0.9867913649683212, "width_q2": 1.2110450901396517, "width_q3": 2.1353888874638702, "width_max": 3.36346117819218}