{"data_name": "AutoMPG", "n_neighbors": "auto", "level": 0.99, "random_state": 2286, "test_size": 0.2, "n": 392, "d": 7, "oob_score": 0.8881208033748537, "test_score": 0.8155637029921425, "coverage": 0.8987341772151899, "width_mean": 1.2243253607579165, "width_sd": 0.47126062440288, "width_min": 0.5821833460170307, "width_q1": 0.9164124132216886, "width_q2": 1.0660396318354375, "width_q3": 1.4455539972151537, "width_max": 2.5380830663951404}