{"data_name": "Automobile", "n_neighbors": "auto", "level": 0.95, "random_state": 409, "test_size": 0.2, "n": 159, "d": 18, "oob_score": 0.8519766348035276, "test_score": 0.8815905590616805, "coverage": 0.8125, "width_mean": 1.051211337494303, "width_sd": 0.7592354807690578, "width_min": 0.25764689289656906, "width_q1": 0.4005457427373181, "width_q2": 0.6179792232978074, "width_q3": 1.651577214723856, "width_max": 2.580029460047}