{"data_name": "AutoMPG", "n_neighbors": 100, "level": 0.99, "random_state": 409, "test_size": 0.2, "n": 392, "d": 7, "oob_score": 0.873613218443993, "test_score": 0.8697573465366656, "coverage": 0.9620253164556962, "width_mean": 2.1142957588773688, "width_sd": 0.35777762690015324, "width_min": 1.4979051311093947, "width_q1": 1.7231323809090084, "width_q2": 2.283289175619768, "width_q3": 2.389368566124822, "width_max": 2.7169878085066177}