{"data_name": "AutoMPG", "n_neighbors": 200, "level": 0.9, "random_state": 1424, "test_size": 0.2, "n": 392, "d": 7, "oob_score": 0.8801327199077152, "test_score": 0.8257442684555709, "coverage": 0.8481012658227848, "width_mean": 1.0149575529250852, "width_sd": 0.02449643105463393, "width_min": 0.9534929105222494, "width_q1": 1.0062432232865266, "width_q2": 1.009917148843834, "width_q3": 1.0388763039955888, "width_max": 1.0754029416640725}