{"data_name": "AutoMPG", "n_neighbors": 20, "level": 0.9, "random_state": 1424, "test_size": 0.2, "n": 392, "d": 7, "oob_score": 0.8801327199077152, "test_score": 0.8257442684555709, "coverage": 0.8607594936708861, "width_mean": 0.9285883215056923, "width_sd": 0.3738480200570913, "width_min": 0.36818971703463, "width_q1": 0.6782607481378748, "width_q2": 0.8790625448334257, "width_q3": 1.0804820849196721, "width_max": 2.2843482659766083}