{"data_name": "AutoMPG", "n_neighbors": 10, "level": 0.99, "random_state": 4506, "test_size": 0.2, "n": 392, "d": 7, "oob_score": 0.8797280377763067, "test_score": 0.8537841994056189, "coverage": 0.8607594936708861, "width_mean": 0.9187499394629908, "width_sd": 0.3672679748995238, "width_min": 0.29844448696761683, "width_q1": 0.6572567217462248, "width_q2": 0.8826971687328875, "width_q3": 1.1472582995312497, "width_max": 2.2548976118491444}