{"data_name": "Automobile", "n_neighbors": 20, "level": 0.8, "random_state": 4506, "test_size": 0.2, "n": 159, "d": 18, "oob_score": 0.8566365802219873, "test_score": 0.8770151412926152, "coverage": 0.875, "width_mean": 0.7464085536346651, "width_sd": 0.42584392174170205, "width_min": 0.15392081152644643, "width_q1": 0.37158961240791677, "width_q2": 0.6538577626139382, "width_q3": 1.1346377910623213, "width_max": 1.4983328405511795}