{"data_name": "Automobile", "n_neighbors": "auto", "level": 0.8, "random_state": 2286, "test_size": 0.2, "n": 159, "d": 18, "oob_score": 0.8644023473385436, "test_score": 0.7903757119998178, "coverage": 0.75, "width_mean": 0.7100176538615585, "width_sd": 0.5677350241519176, "width_min": 0.16252861778596095, "width_q1": 0.2629402499709432, "width_q2": 0.3589729062180653, "width_q3": 1.2675354382649728, "width_max": 1.8529528801830457}