{"data_name": "AutoMPG", "n_neighbors": "auto", "level": 0.9, "random_state": 1824, "test_size": 0.2, "n": 392, "d": 7, "oob_score": 0.8574960578352374, "test_score": 0.9358618730412818, "coverage": 0.8987341772151899, "width_mean": 0.9428511786894795, "width_sd": 0.3357571430986953, "width_min": 0.4256093793145672, "width_q1": 0.6513231957642417, "width_q2": 0.8987982114938402, "width_q3": 1.201375649986969, "width_max": 1.7373584182583972}