{"data_name": "Automobile", "n_neighbors": 20, "level": 0.99, "random_state": 3657, "test_size": 0.2, "n": 159, "d": 18, "oob_score": 0.8692184038972947, "test_score": 0.8717200968206692, "coverage": 0.875, "width_mean": 1.1985653086333308, "width_sd": 0.6339277473522853, "width_min": 0.29187095672089425, "width_q1": 0.5335896749690029, "width_q2": 1.1906759591429064, "width_q3": 1.744784866881227, "width_max": 2.687086786486062}