{"data_name": "AutoMPG", "n_neighbors": 5, "level": 0.99, "random_state": 9674, "test_size": 0.2, "n": 392, "d": 7, "oob_score": 0.8654202646985273, "test_score": 0.8681355028273156, "coverage": 0.6329113924050633, "width_mean": 0.8897846836769799, "width_sd": 0.6517839995345898, "width_min": 0.05740240054286011, "width_q1": 0.42490321033844536, "width_q2": 0.7258263469830292, "width_q3": 1.0630835387004134, "width_max": 3.06938720526475}