{"data_name": "AutoMPG", "n_neighbors": 50, "level": 0.8, "random_state": 4012, "test_size": 0.2, "n": 392, "d": 7, "oob_score": 0.8682873191024287, "test_score": 0.830272400727571, "coverage": 0.6962025316455697, "width_mean": 0.6828316560898966, "width_sd": 0.14109271104944388, "width_min": 0.4188762652708433, "width_q1": 0.5511820682331048, "width_q2": 0.6807597360230326, "width_q3": 0.764201571979167, "width_max": 1.058975943228538}