{"data_name": "Automobile", "n_neighbors": 10, "level": 0.9, "random_state": 4012, "test_size": 0.2, "n": 159, "d": 18, "oob_score": 0.8522945874846946, "test_score": 0.8688630682210364, "coverage": 0.84375, "width_mean": 0.7680855989585607, "width_sd": 0.548884734602515, "width_min": 0.2148069585722564, "width_q1": 0.39364715676161766, "width_q2": 0.5900613286730888, "width_q3": 0.7903092635868881, "width_max": 2.3831968106881902}