{"data_name": "AutoMPG", "n_neighbors": "auto", "level": 0.9, "random_state": 8935, "test_size": 0.2, "n": 392, "d": 7, "oob_score": 0.8697955317107033, "test_score": 0.8995431716592579, "coverage": 0.8607594936708861, "width_mean": 0.8947043244664721, "width_sd": 0.3210920858494144, "width_min": 0.4118845869180767, "width_q1": 0.662982525706816, "width_q2": 0.7882821025823565, "width_q3": 1.1173114822824037, "width_max": 1.7221573512859476}