{"data_name": "Automobile", "n_neighbors": 5, "level": 0.99, "random_state": 8935, "test_size": 0.2, "n": 159, "d": 18, "oob_score": 0.8693072662585798, "test_score": 0.8312250616835462, "coverage": 0.5625, "width_mean": 0.644838898407381, "width_sd": 0.4758670427472902, "width_min": 0.19154818609254431, "width_q1": 0.2498493193775536, "width_q2": 0.3719638700156241, "width_q3": 0.8984162416359529, "width_max": 1.802152796898306}