{"data_name": "Automobile", "n_neighbors": "all", "level": 0.9, "random_state": 9674, "test_size": 0.2, "n": 159, "d": 18, "oob_score": 0.8699874769997047, "test_score": 0.8272790284099117, "coverage": 0.96875, "width_mean": 1.3423725042057744, "width_sd": 1.415262216750919e-16, "width_min": 1.3423725042057741, "width_q1": 1.3423725042057744, "width_q2": 1.3423725042057744, "width_q3": 1.3423725042057744, "width_max": 1.3423725042057746}