{"data_name": "Automobile", "n_neighbors": "all", "level": 0.99, "random_state": 9674, "test_size": 0.2, "n": 159, "d": 18, "oob_score": 0.8699874769997047, "test_score": 0.8272790284099117, "coverage": 1.0, "width_mean": 2.3059856616875933, "width_sd": 3.510833468576701e-16, "width_min": 2.305985661687593, "width_q1": 2.305985661687593, "width_q2": 2.305985661687593, "width_q3": 2.3059856616875933, "width_max": 2.3059856616875933}