{"data_name": "AutoMPG", "n_neighbors": 50, "level": 0.95, "random_state": 8935, "test_size": 0.2, "n": 392, "d": 7, "oob_score": 0.8697955317107033, "test_score": 0.8995431716592579, "coverage": 0.9113924050632911, "width_mean": 1.124851592074394, "width_sd": 0.25800910352449413, "width_min": 0.6563046074452772, "width_q1": 0.9339653860349887, "width_q2": 1.0150082442946768, "width_q3": 1.3136700273623267, "width_max": 1.8153738459824582}