{"data_name": "Automobile", "n_neighbors": "all", "level": 0.95, "random_state": 1679, "test_size": 0.2, "n": 159, "d": 18, "oob_score": 0.8692324091789436, "test_score": 0.8180363641383057, "coverage": 0.90625, "width_mean": 1.5782680381555725, "width_sd": 7.850462293418876e-17, "width_min": 1.5782680381555723, "width_q1": 1.5782680381555725, "width_q2": 1.5782680381555725, "width_q3": 1.5782680381555725, "width_max": 1.5782680381555725}