{"data_name": "Automobile", "n_neighbors": 50, "level": 0.8, "random_state": 4012, "test_size": 0.2, "n": 159, "d": 18, "oob_score": 0.8522945874846946, "test_score": 0.8688630682210364, "coverage": 0.78125, "width_mean": 0.7087962385809141, "width_sd": 0.13773145688374802, "width_min": 0.50685625578405, "width_q1": 0.6460380346189182, "width_q2": 0.6613809860623692, "width_q3": 0.7297731151007572, "width_max": 1.0428072967302944}