{"data_name": "Automobile", "n_neighbors": "auto", "level": 0.95, "random_state": 1424, "test_size": 0.2, "n": 159, "d": 18, "oob_score": 0.8664030167390175, "test_score": 0.8339000755683064, "coverage": 0.84375, "width_mean": 0.9180548705211371, "width_sd": 0.5528303290202873, "width_min": 0.23737462908191098, "width_q1": 0.44206706936548834, "width_q2": 0.7345211185111364, "width_q3": 1.3682266004742314, "width_max": 1.94525196723656}