{"data_name": "AutoMPG", "n_neighbors": "auto", "level": 0.95, "random_state": 2286, "test_size": 0.2, "n": 392, "d": 7, "oob_score": 0.8881208033748537, "test_score": 0.8155637029921425, "coverage": 0.8987341772151899, "width_mean": 1.0480298744059016, "width_sd": 0.40034438308467296, "width_min": 0.5067117944580852, "width_q1": 0.7787663058106975, "width_q2": 0.9059631648969145, "width_q3": 1.2673283397400337, "width_max": 2.1933946260212345}