{"data_name": "AutoMPG", "n_neighbors": 5, "level": 0.99, "random_state": 8935, "test_size": 0.2, "n": 392, "d": 7, "oob_score": 0.8697955317107033, "test_score": 0.8995431716592579, "coverage": 0.7848101265822784, "width_mean": 0.7652350786851937, "width_sd": 0.49157764474220506, "width_min": 0.19252895185373803, "width_q1": 0.4316005278176923, "width_q2": 0.6169921126565868, "width_q3": 0.9538549531747612, "width_max": 2.562313741875375}