{"data_name": "AutoMPG", "n_neighbors": 5, "level": 0.95, "random_state": 4012, "test_size": 0.2, "n": 392, "d": 7, "oob_score": 0.8682873191024287, "test_score": 0.830272400727571, "coverage": 0.5949367088607594, "width_mean": 0.6782485665516442, "width_sd": 0.47612844293053797, "width_min": 0.08959636104128244, "width_q1": 0.38835426028728715, "width_q2": 0.5791623245521405, "width_q3": 0.7637097944635548, "width_max": 2.3045259259787754}