{"data_name": "AutoMPG", "n_neighbors": 200, "level": 0.8, "random_state": 1824, "test_size": 0.2, "n": 392, "d": 7, "oob_score": 0.8574960578352374, "test_score": 0.9358618730412818, "coverage": 0.9367088607594937, "width_mean": 0.9100647286842564, "width_sd": 0.03678492103977994, "width_min": 0.8222333246884229, "width_q1": 0.8921764777306348, "width_q2": 0.9073112280973723, "width_q3": 0.9393321031606123, "width_max": 1.0027165813966372}