{"data_name": "Automobile", "n_neighbors": 10, "level": 0.95, "random_state": 1679, "test_size": 0.2, "n": 159, "d": 18, "oob_score": 0.8692324091789436, "test_score": 0.8180363641383057, "coverage": 0.65625, "width_mean": 0.8819481610688534, "width_sd": 0.5648505309561522, "width_min": 0.2417708080615304, "width_q1": 0.31996225318568455, "width_q2": 0.7283436600187644, "width_q3": 1.3173284079455554, "width_max": 2.1118092038007776}