{"data_name": "AutoMPG", "n_neighbors": 20, "level": 0.8, "random_state": 9674, "test_size": 0.2, "n": 392, "d": 7, "oob_score": 0.8654202646985273, "test_score": 0.8681355028273156, "coverage": 0.6708860759493671, "width_mean": 0.7381065460643732, "width_sd": 0.33608013982837126, "width_min": 0.21815091638598272, "width_q1": 0.5310322655258256, "width_q2": 0.6590545272090322, "width_q3": 0.8711530693229582, "width_max": 1.692423104362963}