{"data_name": "Automobile", "n_neighbors": 20, "level": 0.95, "random_state": 1824, "test_size": 0.2, "n": 159, "d": 18, "oob_score": 0.8588479891554553, "test_score": 0.8109657857398823, "coverage": 0.84375, "width_mean": 1.0645220178023702, "width_sd": 0.437720460918357, "width_min": 0.28261929466044056, "width_q1": 0.7506326098902854, "width_q2": 1.0536683399432674, "width_q3": 1.3855835905155918, "width_max": 2.1815788702195364}