{"data_name": "AutoMPG", "n_neighbors": 5, "level": 0.99, "random_state": 2286, "test_size": 0.2, "n": 392, "d": 7, "oob_score": 0.8881208033748537, "test_score": 0.8155637029921425, "coverage": 0.6835443037974683, "width_mean": 0.7482255432944516, "width_sd": 0.3915812660197196, "width_min": 0.10029527749669331, "width_q1": 0.4301301702908511, "width_q2": 0.7466611643888297, "width_q3": 0.9156812004252908, "width_max": 1.9413916444341281}