{"data_name": "AutoMPG", "n_neighbors": "auto", "level": 0.9, "random_state": 4012, "test_size": 0.2, "n": 392, "d": 7, "oob_score": 0.8682873191024287, "test_score": 0.830272400727571, "coverage": 0.7468354430379747, "width_mean": 0.8324004109297107, "width_sd": 0.3306801869983296, "width_min": 0.2676714266798319, "width_q1": 0.5737189289479023, "width_q2": 0.8068513798917705, "width_q3": 0.9724686920847869, "width_max": 2.0539445553588127}