{"data_name": "AutoMPG", "n_neighbors": 100, "level": 0.95, "random_state": 2286, "test_size": 0.2, "n": 392, "d": 7, "oob_score": 0.8881208033748537, "test_score": 0.8155637029921425, "coverage": 0.9493670886075949, "width_mean": 1.4507968840266183, "width_sd": 0.1312347164886534, "width_min": 1.140961845311658, "width_q1": 1.4204211620716243, "width_q2": 1.4204211620716245, "width_q3": 1.4893450594929092, "width_max": 1.7804988091054597}