{"data_name": "AutoMPG", "n_neighbors": 200, "level": 0.99, "random_state": 1679, "test_size": 0.2, "n": 392, "d": 7, "oob_score": 0.8841654148898874, "test_score": 0.7068068026967194, "coverage": 0.9493670886075949, "width_mean": 1.9417746596973517, "width_sd": 0.17281872549030589, "width_min": 1.83364158336287, "width_q1": 1.8336415833628703, "width_q2": 1.8336415833628705, "width_q3": 2.000497834039738, "width_max": 2.632404409916433}