{"data_name": "AutoMPG", "n_neighbors": 200, "level": 0.8, "random_state": 3657, "test_size": 0.2, "n": 392, "d": 7, "oob_score": 0.8839096984781822, "test_score": 0.8393852475719903, "coverage": 0.810126582278481, "width_mean": 0.7667077080190867, "width_sd": 0.020541496733205704, "width_min": 0.7146327554483374, "width_q1": 0.7495458550688466, "width_q2": 0.7755296792400412, "width_q3": 0.7821915073531875, "width_max": 0.8032112831113625}