{"data_name": "Automobile", "n_neighbors": 10, "level": 0.9, "random_state": 8935, "test_size": 0.2, "n": 159, "d": 18, "oob_score": 0.8693072662585798, "test_score": 0.8312250616835462, "coverage": 0.71875, "width_mean": 0.7388516061004632, "width_sd": 0.5146159481902929, "width_min": 0.17687283705414675, "width_q1": 0.3082108721706207, "width_q2": 0.39635914716359805, "width_q3": 1.2640055430006347, "width_max": 1.8049905562499047}