{"data_name": "AutoMPG", "n_neighbors": 50, "level": 0.99, "random_state": 8935, "test_size": 0.2, "n": 392, "d": 7, "oob_score": 0.8697955317107033, "test_score": 0.8995431716592579, "coverage": 0.9620253164556962, "width_mean": 1.534965014325608, "width_sd": 0.47957694692969033, "width_min": 0.9458420115301082, "width_q1": 1.1634069024560134, "width_q2": 1.343587348851059, "width_q3": 1.7866452674275852, "width_max": 3.0967684010260372}