{"data_name": "AutoMPG", "n_neighbors": 5, "level": 0.99, "random_state": 4506, "test_size": 0.2, "n": 392, "d": 7, "oob_score": 0.8797280377763067, "test_score": 0.8537841994056189, "coverage": 0.6708860759493671, "width_mean": 0.6572618280644303, "width_sd": 0.31758982521978035, "width_min": 0.11554129282212022, "width_q1": 0.43546861204096354, "width_q2": 0.6448020621708751, "width_q3": 0.8714281893454658, "width_max": 1.5420417282334586}