{"data_name": "Automobile", "n_neighbors": 20, "level": 0.99, "random_state": 1679, "test_size": 0.2, "n": 159, "d": 18, "oob_score": 0.8692324091789436, "test_score": 0.8180363641383057, "coverage": 0.84375, "width_mean": 1.2060378842269925, "width_sd": 0.6200648988756308, "width_min": 0.28754841391112107, "width_q1": 0.5114243772128113, "width_q2": 1.4464363064717278, "width_q3": 1.6773459750807387, "width_max": 2.283108278763297}