{"data_name": "AutoMPG", "n_neighbors": 20, "level": 0.95, "random_state": 2286, "test_size": 0.2, "n": 392, "d": 7, "oob_score": 0.8881208033748537, "test_score": 0.8155637029921425, "coverage": 0.8860759493670886, "width_mean": 1.0505356119173528, "width_sd": 0.4034576142213292, "width_min": 0.5291504600416879, "width_q1": 0.751066097137622, "width_q2": 0.9328291426664456, "width_q3": 1.2937821158379157, "width_max": 2.1933946260212345}