{"data_name": "Automobile", "n_neighbors": 10, "level": 0.95, "random_state": 4012, "test_size": 0.2, "n": 159, "d": 18, "oob_score": 0.8522945874846946, "test_score": 0.8688630682210364, "coverage": 0.875, "width_mean": 0.8295021454292932, "width_sd": 0.605420841091906, "width_min": 0.25369611867956987, "width_q1": 0.43001043891003143, "width_q2": 0.6229935583383253, "width_q3": 0.845063611091283, "width_max": 2.641761963238042}