{"data_name": "Automobile", "n_neighbors": 50, "level": 0.8, "random_state": 9674, "test_size": 0.2, "n": 159, "d": 18, "oob_score": 0.8699874769997047, "test_score": 0.8272790284099117, "coverage": 0.90625, "width_mean": 0.8707315343303222, "width_sd": 0.1677994297357845, "width_min": 0.5929053871350586, "width_q1": 0.7073083916323882, "width_q2": 0.8907479974157922, "width_q3": 0.9936907039130178, "width_max": 1.1675723080690585}