{"data_name": "AutoMPG", "n_neighbors": 5, "level": 0.99, "random_state": 1824, "test_size": 0.2, "n": 392, "d": 7, "oob_score": 0.8574960578352374, "test_score": 0.9358618730412818, "coverage": 0.8354430379746836, "width_mean": 0.6972535408959447, "width_sd": 0.4014650572447402, "width_min": 0.11714429650668001, "width_q1": 0.36830569409830827, "width_q2": 0.6198244530126522, "width_q3": 0.9179643626074994, "width_max": 2.467101790457548}