{"data_name": "Automobile", "n_neighbors": 20, "level": 0.99, "random_state": 1424, "test_size": 0.2, "n": 159, "d": 18, "oob_score": 0.8664030167390175, "test_score": 0.8339000755683064, "coverage": 0.96875, "width_mean": 1.1688506351602488, "width_sd": 0.587630823545166, "width_min": 0.38040353821871054, "width_q1": 0.6717190495838814, "width_q2": 0.8949811538503925, "width_q3": 1.7755966975361792, "width_max": 2.3466306272329773}