{"data_name": "AutoMPG", "n_neighbors": 50, "level": 0.99, "random_state": 1824, "test_size": 0.2, "n": 392, "d": 7, "oob_score": 0.8574960578352374, "test_score": 0.9358618730412818, "coverage": 1.0, "width_mean": 1.6640241714724686, "width_sd": 0.4174410212142482, "width_min": 1.1888988754356606, "width_q1": 1.4124708089602254, "width_q2": 1.4810826127328705, "width_q3": 1.6996807124227187, "width_max": 2.8487901523384602}