{"data_name": "AutoMPG", "n_neighbors": "all", "level": 0.8, "random_state": 4506, "test_size": 0.2, "n": 392, "d": 7, "oob_score": 0.8797280377763067, "test_score": 0.8537841994056189, "coverage": 0.8481012658227848, "width_mean": 0.7867391385569308, "width_sd": 1.440530654976529e-16, "width_min": 0.7867391385569305, "width_q1": 0.7867391385569307, "width_q2": 0.7867391385569307, "width_q3": 0.7867391385569307, "width_max": 0.7867391385569307}