{"data_name": "AutoMPG", "n_neighbors": 10, "level": 0.95, "random_state": 1679, "test_size": 0.2, "n": 392, "d": 7, "oob_score": 0.8841654148898874, "test_score": 0.7068068026967194, "coverage": 0.7468354430379747, "width_mean": 0.9931748172911787, "width_sd": 0.5745984379128993, "width_min": 0.24653392862440682, "width_q1": 0.6087775573198528, "width_q2": 0.9021037761849571, "width_q3": 1.0882995015288395, "width_max": 2.7066583140387417}