{"data_name": "Automobile", "n_neighbors": 5, "level": 0.8, "random_state": 3657, "test_size": 0.2, "n": 159, "d": 18, "oob_score": 0.8692184038972947, "test_score": 0.8717200968206692, "coverage": 0.625, "width_mean": 0.50910623489241, "width_sd": 0.38003103670735194, "width_min": 0.13499621741082968, "width_q1": 0.20659303737373932, "width_q2": 0.34927753495897007, "width_q3": 0.7380265204407647, "width_max": 1.4981708356290304}