{"data_name": "AutoMPG", "n_neighbors": 50, "level": 0.8, "random_state": 2286, "test_size": 0.2, "n": 392, "d": 7, "oob_score": 0.8881208033748537, "test_score": 0.8155637029921425, "coverage": 0.7974683544303798, "width_mean": 0.7364564808537095, "width_sd": 0.1323929733229428, "width_min": 0.48789270720726274, "width_q1": 0.6440991860749046, "width_q2": 0.6994343661779596, "width_q3": 0.8228769135492743, "width_max": 1.1196886886998456}