{"data_name": "Automobile", "n_neighbors": "all", "level": 0.95, "random_state": 4012, "test_size": 0.2, "n": 159, "d": 18, "oob_score": 0.8522945874846946, "test_score": 0.8688630682210364, "coverage": 0.9375, "width_mean": 1.6111134998697305, "width_sd": 1.798766884999431e-16, "width_min": 1.61111349986973, "width_q1": 1.6111134998697303, "width_q2": 1.6111134998697305, "width_q3": 1.6111134998697305, "width_max": 1.6111134998697305}