{"data_name": "Automobile", "n_neighbors": 10, "level": 0.8, "random_state": 1824, "test_size": 0.2, "n": 159, "d": 18, "oob_score": 0.8588479891554553, "test_score": 0.8109657857398823, "coverage": 0.65625, "width_mean": 0.5422612404302503, "width_sd": 0.35739364485786734, "width_min": 0.13097036126028982, "width_q1": 0.29057974466496056, "width_q2": 0.4520847983446843, "width_q3": 0.6377764199632013, "width_max": 1.5649108976831951}