{"data_name": "Automobile", "n_neighbors": 10, "level": 0.9, "random_state": 9674, "test_size": 0.2, "n": 159, "d": 18, "oob_score": 0.8699874769997047, "test_score": 0.8272790284099117, "coverage": 0.75, "width_mean": 0.6500794065491062, "width_sd": 0.38239086260662764, "width_min": 0.19788800758542258, "width_q1": 0.3245203239344531, "width_q2": 0.5246995678719304, "width_q3": 1.00701531164469, "width_max": 1.3850367325671282}