{"data_name": "Automobile", "n_neighbors": 10, "level": 0.8, "random_state": 4012, "test_size": 0.2, "n": 159, "d": 18, "oob_score": 0.8522945874846946, "test_score": 0.8688630682210364, "coverage": 0.75, "width_mean": 0.6452525060170959, "width_sd": 0.44188162316045027, "width_min": 0.13702863835762968, "width_q1": 0.3121631265203076, "width_q2": 0.5382565756662557, "width_q3": 0.6992029146754564, "width_max": 1.8660665055884909}