{"data_name": "AutoMPG", "n_neighbors": 100, "level": 0.95, "random_state": 4012, "test_size": 0.2, "n": 392, "d": 7, "oob_score": 0.8682873191024287, "test_score": 0.830272400727571, "coverage": 0.9493670886075949, "width_mean": 1.4321650140494129, "width_sd": 0.08482399015690935, "width_min": 1.239159773361922, "width_q1": 1.3568942233580175, "width_q2": 1.4257280344190733, "width_q3": 1.4835171939039187, "width_max": 1.6841792616659563}