{"data_name": "Automobile", "n_neighbors": 20, "level": 0.95, "random_state": 409, "test_size": 0.2, "n": 159, "d": 18, "oob_score": 0.8519766348035276, "test_score": 0.8815905590616805, "coverage": 0.84375, "width_mean": 1.0752992997616484, "width_sd": 0.6831508796056945, "width_min": 0.33091619891528423, "width_q1": 0.49841829959892753, "width_q2": 0.7244484436641088, "width_q3": 1.6588238470415235, "width_max": 2.626655133545811}