{"data_name": "AutoMPG", "n_neighbors": 50, "level": 0.99, "random_state": 409, "test_size": 0.2, "n": 392, "d": 7, "oob_score": 0.873613218443993, "test_score": 0.8697573465366656, "coverage": 0.9367088607594937, "width_mean": 1.6886788129470471, "width_sd": 0.35177119381477856, "width_min": 0.8726089670646556, "width_q1": 1.4794827741063072, "width_q2": 1.6363432183087339, "width_q3": 1.7960576475324066, "width_max": 2.8860254186607177}