{"data_name": "AutoMPG", "n_neighbors": 20, "level": 0.8, "random_state": 409, "test_size": 0.2, "n": 392, "d": 7, "oob_score": 0.873613218443993, "test_score": 0.8697573465366656, "coverage": 0.6962025316455697, "width_mean": 0.7253700446529888, "width_sd": 0.29522251875313915, "width_min": 0.2465251898465628, "width_q1": 0.491587302066779, "width_q2": 0.6730780477125673, "width_q3": 0.9165338733545669, "width_max": 1.5136704443464917}