{"data_name": "AutoMPG", "n_neighbors": 50, "level": 0.8, "random_state": 3657, "test_size": 0.2, "n": 392, "d": 7, "oob_score": 0.8839096984781822, "test_score": 0.8393852475719903, "coverage": 0.810126582278481, "width_mean": 0.6965751446281924, "width_sd": 0.10639724547919334, "width_min": 0.4781539976446034, "width_q1": 0.6374671218622954, "width_q2": 0.686140704226994, "width_q3": 0.7531108633218666, "width_max": 1.059287297901188}