{"data_name": "AutoMPG", "n_neighbors": 5, "level": 0.95, "random_state": 1679, "test_size": 0.2, "n": 392, "d": 7, "oob_score": 0.8841654148898874, "test_score": 0.7068068026967194, "coverage": 0.5949367088607594, "width_mean": 0.7801021045673904, "width_sd": 0.5969140626367141, "width_min": 0.07724870777757764, "width_q1": 0.42042343889096034, "width_q2": 0.6247319360303437, "width_q3": 0.8429932736689131, "width_max": 2.7429153809126885}