{"data_name": "Automobile", "n_neighbors": 100, "level": 0.95, "random_state": 3657, "test_size": 0.2, "n": 159, "d": 18, "oob_score": 0.8692184038972947, "test_score": 0.8717200968206692, "coverage": 0.9375, "width_mean": 1.5067172686221102, "width_sd": 0.05355878859587291, "width_min": 1.328025590940399, "width_q1": 1.4772783631942334, "width_q2": 1.4772783631942337, "width_q3": 1.569076770575613, "width_max": 1.569076770575613}