{"data_name": "Automobile", "n_neighbors": 50, "level": 0.95, "random_state": 1824, "test_size": 0.2, "n": 159, "d": 18, "oob_score": 0.8588479891554553, "test_score": 0.8109657857398823, "coverage": 0.9375, "width_mean": 1.2178637818529765, "width_sd": 0.2089593884101203, "width_min": 0.9505663234671637, "width_q1": 1.1286470849336279, "width_q2": 1.140353287461951, "width_q3": 1.245518935386485, "width_max": 1.8475374148654051}