{"data_name": "AutoMPG", "n_neighbors": 5, "level": 0.99, "random_state": 409, "test_size": 0.2, "n": 392, "d": 7, "oob_score": 0.873613218443993, "test_score": 0.8697573465366656, "coverage": 0.6455696202531646, "width_mean": 0.758813837542955, "width_sd": 0.5314927533773047, "width_min": 0.17353122668778598, "width_q1": 0.4143810906503608, "width_q2": 0.6294121821983149, "width_q3": 0.906633095454517, "width_max": 3.224324508950759}