{"data_name": "Automobile", "n_neighbors": 10, "level": 0.95, "random_state": 2286, "test_size": 0.2, "n": 159, "d": 18, "oob_score": 0.8644023473385436, "test_score": 0.7903757119998178, "coverage": 0.875, "width_mean": 0.877951820237634, "width_sd": 0.6805866370497757, "width_min": 0.19479597721494335, "width_q1": 0.3371855123228944, "width_q2": 0.5204767365521366, "width_q3": 1.682219681195653, "width_max": 2.0572787677933304}