{"data_name": "Automobile", "n_neighbors": 20, "level": 0.8, "random_state": 9674, "test_size": 0.2, "n": 159, "d": 18, "oob_score": 0.8699874769997047, "test_score": 0.8272790284099117, "coverage": 0.71875, "width_mean": 0.6188804964922059, "width_sd": 0.37426177766117413, "width_min": 0.21577155635821565, "width_q1": 0.30596525072425873, "width_q2": 0.48358052122521167, "width_q3": 0.8991311858423147, "width_max": 1.456436813428076}