{"data_name": "Automobile", "n_neighbors": "auto", "level": 0.8, "random_state": 9674, "test_size": 0.2, "n": 159, "d": 18, "oob_score": 0.8699874769997047, "test_score": 0.8272790284099117, "coverage": 0.6875, "width_mean": 0.617097753354819, "width_sd": 0.4109405750676771, "width_min": 0.16694793149938725, "width_q1": 0.24897873091135964, "width_q2": 0.44970582431901474, "width_q3": 0.9053926193686174, "width_max": 1.456436813428076}