{"data_name": "Automobile", "n_neighbors": "all", "level": 0.9, "random_state": 4506, "test_size": 0.2, "n": 159, "d": 18, "oob_score": 0.8566365802219873, "test_score": 0.8770151412926152, "coverage": 0.9375, "width_mean": 1.1622114811926925, "width_sd": 1.1775693440128312e-16, "width_min": 1.1622114811926925, "width_q1": 1.1622114811926925, "width_q2": 1.1622114811926925, "width_q3": 1.1622114811926927, "width_max": 1.1622114811926927}