{"data_name": "Automobile", "n_neighbors": 100, "level": 0.8, "random_state": 1679, "test_size": 0.2, "n": 159, "d": 18, "oob_score": 0.8692324091789436, "test_score": 0.8180363641383057, "coverage": 0.59375, "width_mean": 0.71987307675984, "width_sd": 0.07865857153214535, "width_min": 0.5638122009553659, "width_q1": 0.6776753770416521, "width_q2": 0.7037828715719172, "width_q3": 0.7963223755803802, "width_max": 0.8424993108305449}