{"data_name": "AutoMPG", "n_neighbors": 200, "level": 0.95, "random_state": 9674, "test_size": 0.2, "n": 392, "d": 7, "oob_score": 0.8654202646985273, "test_score": 0.8681355028273156, "coverage": 0.9367088607594937, "width_mean": 1.449799956210547, "width_sd": 0.05816348349082718, "width_min": 1.376977230066132, "width_q1": 1.4242836186165095, "width_q2": 1.4242836186165098, "width_q3": 1.500590806462566, "width_max": 1.6510882821688586}