{"data_name": "AutoMPG", "n_neighbors": "all", "level": 0.99, "random_state": 4012, "test_size": 0.2, "n": 392, "d": 7, "oob_score": 0.8682873191024287, "test_score": 0.830272400727571, "coverage": 0.9746835443037974, "width_mean": 2.5653506045950953, "width_sd": 4.355755278894726e-16, "width_min": 2.5653506045950945, "width_q1": 2.565350604595095, "width_q2": 2.565350604595095, "width_q3": 2.565350604595095, "width_max": 2.5653506045950953}