{"data_name": "Automobile", "n_neighbors": "auto", "level": 0.8, "random_state": 1824, "test_size": 0.2, "n": 159, "d": 18, "oob_score": 0.8588479891554553, "test_score": 0.8109657857398823, "coverage": 0.6875, "width_mean": 0.5826507451538923, "width_sd": 0.3635532591850672, "width_min": 0.19269692956939766, "width_q1": 0.31648119734604413, "width_q2": 0.45377188589701517, "width_q3": 0.7498850907904309, "width_max": 1.4830953695726077}