{"data_name": "AutoMPG", "n_neighbors": 5, "level": 0.8, "random_state": 9674, "test_size": 0.2, "n": 392, "d": 7, "oob_score": 0.8654202646985273, "test_score": 0.8681355028273156, "coverage": 0.5822784810126582, "width_mean": 0.6843866579324188, "width_sd": 0.49279639546522913, "width_min": 0.03827781258583729, "width_q1": 0.3477774629677076, "width_q2": 0.5778934064480703, "width_q3": 0.801697113220471, "width_max": 2.1834218331593207}