{"data_name": "AutoMPG", "n_neighbors": 200, "level": 0.99, "random_state": 4506, "test_size": 0.2, "n": 392, "d": 7, "oob_score": 0.8797280377763067, "test_score": 0.8537841994056189, "coverage": 0.9620253164556962, "width_mean": 1.8297878900350104, "width_sd": 0.09554974516302837, "width_min": 1.7759315779660263, "width_q1": 1.8048698588881749, "width_q2": 1.8048698588881749, "width_q3": 1.804869858888175, "width_max": 2.298774895595664}