{"data_name": "Automobile", "n_neighbors": 50, "level": 0.9, "random_state": 9674, "test_size": 0.2, "n": 159, "d": 18, "oob_score": 0.8699874769997047, "test_score": 0.8272790284099117, "coverage": 0.9375, "width_mean": 1.2061076729690146, "width_sd": 0.17114743463816037, "width_min": 0.9012459841273768, "width_q1": 1.0698746023130044, "width_q2": 1.2619848554553441, "width_q3": 1.326276601119839, "width_max": 1.4761022640457229}