{"data_name": "Automobile", "n_neighbors": 10, "level": 0.99, "random_state": 9674, "test_size": 0.2, "n": 159, "d": 18, "oob_score": 0.8699874769997047, "test_score": 0.8272790284099117, "coverage": 0.78125, "width_mean": 0.7502249903085069, "width_sd": 0.4277937134049634, "width_min": 0.24182711581209393, "width_q1": 0.3431487604700938, "width_q2": 0.6418011000613849, "width_q3": 1.102531870868807, "width_max": 1.666503187181691}