{"data_name": "AutoMPG", "n_neighbors": 10, "level": 0.9, "random_state": 4506, "test_size": 0.2, "n": 392, "d": 7, "oob_score": 0.8797280377763067, "test_score": 0.8537841994056189, "coverage": 0.810126582278481, "width_mean": 0.773923682037334, "width_sd": 0.31445458718584424, "width_min": 0.268147360584015, "width_q1": 0.5414326156917567, "width_q2": 0.7347197102448393, "width_q3": 0.980686183940381, "width_max": 1.8795532796853596}