{"data_name": "Automobile", "n_neighbors": "all", "level": 0.8, "random_state": 4506, "test_size": 0.2, "n": 159, "d": 18, "oob_score": 0.8566365802219873, "test_score": 0.8770151412926152, "coverage": 0.75, "width_mean": 0.7170569665301543, "width_sd": 8.777083671441753e-17, "width_min": 0.7170569665301543, "width_q1": 0.7170569665301543, "width_q2": 0.7170569665301543, "width_q3": 0.7170569665301544, "width_max": 0.7170569665301545}