{"data_name": "Automobile", "n_neighbors": 50, "level": 0.99, "random_state": 3657, "test_size": 0.2, "n": 159, "d": 18, "oob_score": 0.8692184038972947, "test_score": 0.8717200968206692, "coverage": 1.0, "width_mean": 1.8389153548186057, "width_sd": 0.550187148215291, "width_min": 1.0574951447611398, "width_q1": 1.4074837458142044, "width_q2": 1.8405005585308074, "width_q3": 2.052133149163736, "width_max": 2.9243836202062257}