{"data_name": "AutoMPG", "n_neighbors": 50, "level": 0.9, "random_state": 4506, "test_size": 0.2, "n": 392, "d": 7, "oob_score": 0.8797280377763067, "test_score": 0.8537841994056189, "coverage": 0.8860759493670886, "width_mean": 0.9192418852488182, "width_sd": 0.2082722932665005, "width_min": 0.5943940486901008, "width_q1": 0.730438475119933, "width_q2": 0.875625221850573, "width_q3": 1.0797413651216188, "width_max": 1.455623022041157}