{"data_name": "AutoMPG", "n_neighbors": 5, "level": 0.99, "random_state": 3657, "test_size": 0.2, "n": 392, "d": 7, "oob_score": 0.8839096984781822, "test_score": 0.8393852475719903, "coverage": 0.5949367088607594, "width_mean": 0.7743455913996586, "width_sd": 0.5180286785303152, "width_min": 0.08715125803763435, "width_q1": 0.3910391183304315, "width_q2": 0.6466373979798012, "width_q3": 1.0095484731781592, "width_max": 2.6006794044905996}