{"data_name": "Automobile", "n_neighbors": "auto", "level": 0.99, "random_state": 9674, "test_size": 0.2, "n": 159, "d": 18, "oob_score": 0.8699874769997047, "test_score": 0.8272790284099117, "coverage": 0.90625, "width_mean": 0.9655668672385789, "width_sd": 0.4940845759609275, "width_min": 0.2651818936803759, "width_q1": 0.518369148166507, "width_q2": 0.9568523620177067, "width_q3": 1.3724650005106436, "width_max": 1.97107530832775}