{"data_name": "Automobile", "n_neighbors": 5, "level": 0.95, "random_state": 1679, "test_size": 0.2, "n": 159, "d": 18, "oob_score": 0.8692324091789436, "test_score": 0.8180363641383057, "coverage": 0.5625, "width_mean": 0.7126955655096715, "width_sd": 0.5669312543925885, "width_min": 0.11689097641481139, "width_q1": 0.2544414741720076, "width_q2": 0.503264861225882, "width_q3": 1.0959321567308078, "width_max": 2.18425351276768}