{"data_name": "AutoMPG", "n_neighbors": 20, "level": 0.99, "random_state": 4012, "test_size": 0.2, "n": 392, "d": 7, "oob_score": 0.8682873191024287, "test_score": 0.830272400727571, "coverage": 0.8481012658227848, "width_mean": 1.2253248384761795, "width_sd": 0.5311986371422652, "width_min": 0.2678281137458016, "width_q1": 0.9125201580225286, "width_q2": 1.074650916475268, "width_q3": 1.481448607135786, "width_max": 2.71137431132377}