{"data_name": "Automobile", "n_neighbors": 20, "level": 0.99, "random_state": 8935, "test_size": 0.2, "n": 159, "d": 18, "oob_score": 0.8693072662585798, "test_score": 0.8312250616835462, "coverage": 0.84375, "width_mean": 1.2257294883515066, "width_sd": 0.5721980387773594, "width_min": 0.3459307704241702, "width_q1": 0.687929568124716, "width_q2": 1.21448190739761, "width_q3": 1.7742094772975545, "width_max": 1.9899140413693988}