{"data_name": "AutoMPG", "n_neighbors": 20, "level": 0.8, "random_state": 4012, "test_size": 0.2, "n": 392, "d": 7, "oob_score": 0.8682873191024287, "test_score": 0.830272400727571, "coverage": 0.6708860759493671, "width_mean": 0.6522343305202614, "width_sd": 0.25970995961851123, "width_min": 0.1860222125863018, "width_q1": 0.4764550523602186, "width_q2": 0.6397392883006294, "width_q3": 0.7672097434581151, "width_max": 1.582556675316134}