{"data_name": "Automobile", "n_neighbors": "auto", "level": 0.8, "random_state": 4506, "test_size": 0.2, "n": 159, "d": 18, "oob_score": 0.8566365802219873, "test_score": 0.8770151412926152, "coverage": 0.8125, "width_mean": 0.7123724812799638, "width_sd": 0.4408308840290337, "width_min": 0.1731602897802358, "width_q1": 0.31955159323095994, "width_q2": 0.595412554734623, "width_q3": 1.1207579882211876, "width_max": 1.5195960035029088}