{"data_name": "AutoMPG", "n_neighbors": 5, "level": 0.9, "random_state": 1824, "test_size": 0.2, "n": 392, "d": 7, "oob_score": 0.8574960578352374, "test_score": 0.9358618730412818, "coverage": 0.7848101265822784, "width_mean": 0.6240350010182457, "width_sd": 0.35839254800573433, "width_min": 0.11320708701980986, "width_q1": 0.3242889744314933, "width_q2": 0.5600260806229994, "width_q3": 0.8081828068710895, "width_max": 2.183985235446897}