{"data_name": "Automobile", "n_neighbors": 20, "level": 0.95, "random_state": 4012, "test_size": 0.2, "n": 159, "d": 18, "oob_score": 0.8522945874846946, "test_score": 0.8688630682210364, "coverage": 0.90625, "width_mean": 0.9765833122712334, "width_sd": 0.559388099311791, "width_min": 0.3066884026956401, "width_q1": 0.5086428839114598, "width_q2": 0.7669809691403264, "width_q3": 1.2608517190697817, "width_max": 2.3608672849423145}