{"data_name": "AutoMPG", "n_neighbors": 10, "level": 0.8, "random_state": 4506, "test_size": 0.2, "n": 392, "d": 7, "oob_score": 0.8797280377763067, "test_score": 0.8537841994056189, "coverage": 0.7215189873417721, "width_mean": 0.6130056182310485, "width_sd": 0.2786258490844896, "width_min": 0.14597618773017307, "width_q1": 0.3997963221106139, "width_q2": 0.5590264411236064, "width_q3": 0.7924390042568327, "width_max": 1.462504021725601}