{"data_name": "AutoMPG", "n_neighbors": 20, "level": 0.8, "random_state": 8935, "test_size": 0.2, "n": 392, "d": 7, "oob_score": 0.8697955317107033, "test_score": 0.8995431716592579, "coverage": 0.7721518987341772, "width_mean": 0.6990098377195868, "width_sd": 0.2689412329822744, "width_min": 0.30384918034138697, "width_q1": 0.5087056852464007, "width_q2": 0.5998329392575755, "width_q3": 0.7952351248549787, "width_max": 1.5753380136620438}