{"data_name": "AutoMPG", "n_neighbors": "all", "level": 0.8, "random_state": 4012, "test_size": 0.2, "n": 392, "d": 7, "oob_score": 0.8682873191024287, "test_score": 0.830272400727571, "coverage": 0.7721518987341772, "width_mean": 0.7833872716470868, "width_sd": 1.1102230246251565e-16, "width_min": 0.7833872716470867, "width_q1": 0.7833872716470869, "width_q2": 0.7833872716470869, "width_q3": 0.7833872716470869, "width_max": 0.7833872716470869}