{"data_name": "AutoMPG", "n_neighbors": 50, "level": 0.9, "random_state": 1424, "test_size": 0.2, "n": 392, "d": 7, "oob_score": 0.8801327199077152, "test_score": 0.8257442684555709, "coverage": 0.8354430379746836, "width_mean": 0.9829984634768595, "width_sd": 0.2097463953738243, "width_min": 0.6689937359627653, "width_q1": 0.8498242882167928, "width_q2": 0.931166762559883, "width_q3": 1.078840045040181, "width_max": 1.6471948177483198}