{"data_name": "Automobile", "n_neighbors": "auto", "level": 0.8, "random_state": 8935, "test_size": 0.2, "n": 159, "d": 18, "oob_score": 0.8693072662585798, "test_score": 0.8312250616835462, "coverage": 0.65625, "width_mean": 0.6298082201117329, "width_sd": 0.41394817417621343, "width_min": 0.22922460629807828, "width_q1": 0.26689594167950237, "width_q2": 0.38125852806311167, "width_q3": 1.0081503211259843, "width_max": 1.442404447289213}