{"data_name": "Automobile", "n_neighbors": "all", "level": 0.99, "random_state": 8935, "test_size": 0.2, "n": 159, "d": 18, "oob_score": 0.8693072662585798, "test_score": 0.8312250616835462, "coverage": 0.9375, "width_mean": 2.018373014993271, "width_sd": 3.925231146709438e-16, "width_min": 2.0183730149932706, "width_q1": 2.0183730149932706, "width_q2": 2.0183730149932706, "width_q3": 2.0183730149932706, "width_max": 2.018373014993271}