{"data_name": "AutoMPG", "n_neighbors": 5, "level": 0.8, "random_state": 8935, "test_size": 0.2, "n": 392, "d": 7, "oob_score": 0.8697955317107033, "test_score": 0.8995431716592579, "coverage": 0.6962025316455697, "width_mean": 0.5868077291459216, "width_sd": 0.3649294650358715, "width_min": 0.15122982754004743, "width_q1": 0.3332562614078233, "width_q2": 0.4505580566168965, "width_q3": 0.699461833343763, "width_max": 1.7791148484480592}