{"data_name": "AutoMPG", "n_neighbors": 10, "level": 0.99, "random_state": 3657, "test_size": 0.2, "n": 392, "d": 7, "oob_score": 0.8839096984781822, "test_score": 0.8393852475719903, "coverage": 0.810126582278481, "width_mean": 1.0330881474668172, "width_sd": 0.5722935253965657, "width_min": 0.27138647897320034, "width_q1": 0.6228654873956543, "width_q2": 0.973842760750638, "width_q3": 1.2075301796414524, "width_max": 2.5682147882163826}