{"data_name": "AutoMPG", "n_neighbors": 100, "level": 0.9, "random_state": 8935, "test_size": 0.2, "n": 392, "d": 7, "oob_score": 0.8697955317107033, "test_score": 0.8995431716592579, "coverage": 0.8734177215189873, "width_mean": 0.9414223521225956, "width_sd": 0.11538084397971614, "width_min": 0.8174992895131193, "width_q1": 0.8555036385610435, "width_q2": 0.8993186699931104, "width_q3": 1.0130743083268778, "width_max": 1.293896138471838}