{"data_name": "Automobile", "n_neighbors": "all", "level": 0.99, "random_state": 4012, "test_size": 0.2, "n": 159, "d": 18, "oob_score": 0.8522945874846946, "test_score": 0.8688630682210364, "coverage": 1.0, "width_mean": 2.321781073664906, "width_sd": 2.3551386880256624e-16, "width_min": 2.321781073664906, "width_q1": 2.321781073664906, "width_q2": 2.321781073664906, "width_q3": 2.3217810736649063, "width_max": 2.3217810736649063}