{"data_name": "Automobile", "n_neighbors": "auto", "level": 0.9, "random_state": 4506, "test_size": 0.2, "n": 159, "d": 18, "oob_score": 0.8566365802219873, "test_score": 0.8770151412926152, "coverage": 0.90625, "width_mean": 0.8550638707256625, "width_sd": 0.48659319804397194, "width_min": 0.24326481639335884, "width_q1": 0.38920551793284475, "width_q2": 0.6929921602102764, "width_q3": 1.226043276997102, "width_max": 1.7212724916262527}