{"data_name": "AutoMPG", "n_neighbors": 200, "level": 0.99, "random_state": 1424, "test_size": 0.2, "n": 392, "d": 7, "oob_score": 0.8801327199077152, "test_score": 0.8257442684555709, "coverage": 0.9873417721518988, "width_mean": 2.362334213572471, "width_sd": 0.06810456864780395, "width_min": 2.2032496774924555, "width_q1": 2.3334587855780313, "width_q2": 2.3334587855780313, "width_q3": 2.3334587855780313, "width_max": 2.505699351267052}