{"data_name": "Automobile", "n_neighbors": 10, "level": 0.95, "random_state": 409, "test_size": 0.2, "n": 159, "d": 18, "oob_score": 0.8519766348035276, "test_score": 0.8815905590616805, "coverage": 0.75, "width_mean": 0.951574363727842, "width_sd": 0.7228905499180613, "width_min": 0.17512643876743117, "width_q1": 0.32723111499272817, "width_q2": 0.5513777100438573, "width_q3": 1.5815110000232155, "width_max": 2.4932926234579686}