{"data_name": "AutoMPG", "n_neighbors": 200, "level": 0.99, "random_state": 8935, "test_size": 0.2, "n": 392, "d": 7, "oob_score": 0.8697955317107033, "test_score": 0.8995431716592579, "coverage": 0.9873417721518988, "width_mean": 2.1939293075242357, "width_sd": 0.08806953212529156, "width_min": 2.1117516947943944, "width_q1": 2.1806852844836238, "width_q2": 2.1806852844836238, "width_q3": 2.1806852844836238, "width_max": 2.73829098943244}