{"data_name": "Automobile", "n_neighbors": "auto", "level": 0.8, "random_state": 1679, "test_size": 0.2, "n": 159, "d": 18, "oob_score": 0.8692324091789436, "test_score": 0.8180363641383057, "coverage": 0.59375, "width_mean": 0.6714477550550216, "width_sd": 0.4176527436846204, "width_min": 0.13508271503946156, "width_q1": 0.24901906598196305, "width_q2": 0.640640978405896, "width_q3": 0.9484942409655663, "width_max": 1.4956900934726742}