{"data_name": "Automobile", "n_neighbors": 20, "level": 0.99, "random_state": 4012, "test_size": 0.2, "n": 159, "d": 18, "oob_score": 0.8522945874846946, "test_score": 0.8688630682210364, "coverage": 0.90625, "width_mean": 1.1022627691942388, "width_sd": 0.6379545491483218, "width_min": 0.32496694256148584, "width_q1": 0.5917382530111543, "width_q2": 0.9324033884514659, "width_q3": 1.323750136254807, "width_max": 2.7924351496187776}