{"data_name": "Automobile", "n_neighbors": 50, "level": 0.95, "random_state": 4012, "test_size": 0.2, "n": 159, "d": 18, "oob_score": 0.8522945874846946, "test_score": 0.8688630682210364, "coverage": 0.90625, "width_mean": 1.255485766536205, "width_sd": 0.23779324873078705, "width_min": 0.9240892335804021, "width_q1": 1.1068969419710086, "width_q2": 1.163344057621076, "width_q3": 1.4249489719931905, "width_max": 1.723628912444084}