{"data_name": "Automobile", "n_neighbors": "auto", "level": 0.99, "random_state": 1424, "test_size": 0.2, "n": 159, "d": 18, "oob_score": 0.8664030167390175, "test_score": 0.8339000755683064, "coverage": 0.875, "width_mean": 1.109024957087771, "width_sd": 0.679856787275256, "width_min": 0.24860205686753545, "width_q1": 0.5316084536347435, "width_q2": 0.8212955280654959, "width_q3": 1.7686921048572715, "width_max": 2.3372962397911996}