{"data_name": "Automobile", "n_neighbors": 10, "level": 0.9, "random_state": 3657, "test_size": 0.2, "n": 159, "d": 18, "oob_score": 0.8692184038972947, "test_score": 0.8717200968206692, "coverage": 0.8125, "width_mean": 0.7296506906356524, "width_sd": 0.5440340572341541, "width_min": 0.15313450485073365, "width_q1": 0.29566172074871166, "width_q2": 0.4468667585499746, "width_q3": 1.2071138249530509, "width_max": 2.230506961310106}