{"data_name": "Automobile", "n_neighbors": 20, "level": 0.9, "random_state": 4506, "test_size": 0.2, "n": 159, "d": 18, "oob_score": 0.8566365802219873, "test_score": 0.8770151412926152, "coverage": 0.90625, "width_mean": 0.9390334699914553, "width_sd": 0.4659726084933586, "width_min": 0.24142058124345234, "width_q1": 0.5258957906133764, "width_q2": 0.9193679644750599, "width_q3": 1.2838560244524047, "width_max": 1.7235147220413531}