{"data_name": "Automobile", "n_neighbors": 50, "level": 0.9, "random_state": 4012, "test_size": 0.2, "n": 159, "d": 18, "oob_score": 0.8522945874846946, "test_score": 0.8688630682210364, "coverage": 0.84375, "width_mean": 0.9482707280420888, "width_sd": 0.25946021448695383, "width_min": 0.6343433308279851, "width_q1": 0.7579163892156122, "width_q2": 0.8749624054763103, "width_q3": 1.0740861931663312, "width_max": 1.577583216266274}