{"data_name": "AutoMPG", "n_neighbors": "all", "level": 0.99, "random_state": 8935, "test_size": 0.2, "n": 392, "d": 7, "oob_score": 0.8697955317107033, "test_score": 0.8995431716592579, "coverage": 1.0, "width_mean": 2.2656194571032953, "width_sd": 4.440892098500626e-16, "width_min": 2.265619457103295, "width_q1": 2.265619457103295, "width_q2": 2.265619457103295, "width_q3": 2.265619457103295, "width_max": 2.265619457103295}