{"data_name": "AutoMPG", "n_neighbors": 50, "level": 0.9, "random_state": 1824, "test_size": 0.2, "n": 392, "d": 7, "oob_score": 0.8574960578352374, "test_score": 0.9358618730412818, "coverage": 0.9620253164556962, "width_mean": 1.0817026519120745, "width_sd": 0.20239878785205695, "width_min": 0.6263467991534026, "width_q1": 0.9582695639070153, "width_q2": 1.0825156420354436, "width_q3": 1.1933393575376803, "width_max": 1.583972556947407}