{"data_name": "AutoMPG", "n_neighbors": "auto", "level": 0.8, "random_state": 3657, "test_size": 0.2, "n": 392, "d": 7, "oob_score": 0.8839096984781822, "test_score": 0.8393852475719903, "coverage": 0.7848101265822784, "width_mean": 0.7406141647909267, "width_sd": 0.2293907575585645, "width_min": 0.3062249038329604, "width_q1": 0.5692734484232411, "width_q2": 0.7338038918353096, "width_q3": 0.9020684536824233, "width_max": 1.1598608440853855}