{"data_name": "AutoMPG", "n_neighbors": 20, "level": 0.99, "random_state": 3657, "test_size": 0.2, "n": 392, "d": 7, "oob_score": 0.8839096984781822, "test_score": 0.8393852475719903, "coverage": 0.8987341772151899, "width_mean": 1.3306585133469975, "width_sd": 0.609015520923353, "width_min": 0.48332930774699656, "width_q1": 0.8639586881342238, "width_q2": 1.1875978685413173, "width_q3": 1.596888113026802, "width_max": 2.750139795345909}