{"data_name": "Automobile", "n_neighbors": 20, "level": 0.95, "random_state": 1679, "test_size": 0.2, "n": 159, "d": 18, "oob_score": 0.8692324091789436, "test_score": 0.8180363641383057, "coverage": 0.78125, "width_mean": 1.0426276472860265, "width_sd": 0.541233107265356, "width_min": 0.27970802624401847, "width_q1": 0.4099332460086952, "width_q2": 1.206345546186464, "width_q3": 1.5688687801078365, "width_max": 1.7823879057959298}