{"data_name": "Automobile", "n_neighbors": 100, "level": 0.9, "random_state": 4012, "test_size": 0.2, "n": 159, "d": 18, "oob_score": 0.8522945874846946, "test_score": 0.8688630682210364, "coverage": 0.84375, "width_mean": 0.99876067894061, "width_sd": 0.08404514694776302, "width_min": 0.9036882324218095, "width_q1": 0.9348363662265766, "width_q2": 0.9933575158106338, "width_q3": 1.0000172788676405, "width_max": 1.320907324691038}