{"data_name": "Automobile", "n_neighbors": 10, "level": 0.99, "random_state": 8935, "test_size": 0.2, "n": 159, "d": 18, "oob_score": 0.8693072662585798, "test_score": 0.8312250616835462, "coverage": 0.78125, "width_mean": 0.8652431505534683, "width_sd": 0.6014619663044349, "width_min": 0.23857169906820802, "width_q1": 0.3374838067505906, "width_q2": 0.4579499416336167, "width_q3": 1.4427907236816626, "width_max": 1.9849558215454624}