{"data_name": "AutoMPG", "n_neighbors": 5, "level": 0.8, "random_state": 1424, "test_size": 0.2, "n": 392, "d": 7, "oob_score": 0.8801327199077152, "test_score": 0.8257442684555709, "coverage": 0.6075949367088608, "width_mean": 0.6238645378236746, "width_sd": 0.38321705347084845, "width_min": 0.10222824417795096, "width_q1": 0.3186479821283781, "width_q2": 0.5796519910689242, "width_q3": 0.799022791729922, "width_max": 2.1198533448626584}