{"data_name": "Automobile", "n_neighbors": "all", "level": 0.9, "random_state": 8935, "test_size": 0.2, "n": 159, "d": 18, "oob_score": 0.8693072662585798, "test_score": 0.8312250616835462, "coverage": 0.78125, "width_mean": 0.9625519926254587, "width_sd": 8.993834424997155e-17, "width_min": 0.9625519926254584, "width_q1": 0.9625519926254585, "width_q2": 0.9625519926254587, "width_q3": 0.9625519926254587, "width_max": 0.9625519926254587}