{"data_name": "Automobile", "n_neighbors": 10, "level": 0.95, "random_state": 9674, "test_size": 0.2, "n": 159, "d": 18, "oob_score": 0.8699874769997047, "test_score": 0.8272790284099117, "coverage": 0.78125, "width_mean": 0.7057158419709956, "width_sd": 0.40581495295569225, "width_min": 0.22229862326690675, "width_q1": 0.3348694553431424, "width_q2": 0.5944982098599838, "width_q3": 1.0710770430898138, "width_max": 1.506489215337697}