{"data_name": "AutoMPG", "n_neighbors": "auto", "level": 0.9, "random_state": 2286, "test_size": 0.2, "n": 392, "d": 7, "oob_score": 0.8881208033748537, "test_score": 0.8155637029921425, "coverage": 0.8607594936708861, "width_mean": 0.8883050020923595, "width_sd": 0.3503789417898161, "width_min": 0.3885550423658293, "width_q1": 0.6774344489666341, "width_q2": 0.7853480163462955, "width_q3": 1.0409458575279826, "width_max": 1.9478339759661876}