{"data_name": "AutoMPG", "n_neighbors": "all", "level": 0.9, "random_state": 409, "test_size": 0.2, "n": 392, "d": 7, "oob_score": 0.873613218443993, "test_score": 0.8697573465366656, "coverage": 0.8987341772151899, "width_mean": 1.056390844836098, "width_sd": 3.997115175472828e-16, "width_min": 1.0563908448360975, "width_q1": 1.0563908448360975, "width_q2": 1.0563908448360975, "width_q3": 1.0563908448360975, "width_max": 1.056390844836098}