{"data_name": "AutoMPG", "n_neighbors": 5, "level": 0.9, "random_state": 9674, "test_size": 0.2, "n": 392, "d": 7, "oob_score": 0.8654202646985273, "test_score": 0.8681355028273156, "coverage": 0.6075949367088608, "width_mean": 0.7924908820085034, "width_sd": 0.5745870886202648, "width_min": 0.048343385194796695, "width_q1": 0.40176592187383214, "width_q2": 0.667774755231108, "width_q3": 0.9851170690737814, "width_max": 2.6497193974253355}