{"data_name": "Automobile", "n_neighbors": "all", "level": 0.99, "random_state": 1824, "test_size": 0.2, "n": 159, "d": 18, "oob_score": 0.8588479891554553, "test_score": 0.8109657857398823, "coverage": 0.9375, "width_mean": 2.103916430269921, "width_sd": 1.9229626863835638e-16, "width_min": 2.103916430269921, "width_q1": 2.103916430269921, "width_q2": 2.103916430269921, "width_q3": 2.103916430269921, "width_max": 2.1039164302699214}