{"data_name": "Automobile", "n_neighbors": 20, "level": 0.95, "random_state": 1424, "test_size": 0.2, "n": 159, "d": 18, "oob_score": 0.8664030167390175, "test_score": 0.8339000755683064, "coverage": 0.875, "width_mean": 0.9819767943143896, "width_sd": 0.4827930560545588, "width_min": 0.3458966748989283, "width_q1": 0.5703699277328108, "width_q2": 0.7999074721698135, "width_q3": 1.3702517216210668, "width_max": 1.991923904445446}