{"data_name": "AutoMPG", "n_neighbors": 200, "level": 0.99, "random_state": 2286, "test_size": 0.2, "n": 392, "d": 7, "oob_score": 0.8881208033748537, "test_score": 0.8155637029921425, "coverage": 0.9746835443037974, "width_mean": 2.0097716591200823, "width_sd": 0.12377865958963723, "width_min": 1.7315355155475936, "width_q1": 1.9789438215587836, "width_q2": 1.9789438215587838, "width_q3": 1.9789438215587838, "width_max": 2.4405250930505624}