{"data_name": "AutoMPG", "n_neighbors": 10, "level": 0.95, "random_state": 4506, "test_size": 0.2, "n": 392, "d": 7, "oob_score": 0.8797280377763067, "test_score": 0.8537841994056189, "coverage": 0.8354430379746836, "width_mean": 0.854382713940477, "width_sd": 0.34192063491980756, "width_min": 0.2863600801799, "width_q1": 0.6077311438789827, "width_q2": 0.8230138438722973, "width_q3": 1.0915873549108048, "width_max": 2.0880779086652406}