{"data_name": "AutoMPG", "n_neighbors": 50, "level": 0.99, "random_state": 3657, "test_size": 0.2, "n": 392, "d": 7, "oob_score": 0.8839096984781822, "test_score": 0.8393852475719903, "coverage": 0.9113924050632911, "width_mean": 1.5433197438106823, "width_sd": 0.453452706261687, "width_min": 1.0498945725613527, "width_q1": 1.2538626735792295, "width_q2": 1.3704946369801319, "width_q3": 1.7219819329009214, "width_max": 2.810891395497366}