{"data_name": "Automobile", "n_neighbors": 100, "level": 0.8, "random_state": 2286, "test_size": 0.2, "n": 159, "d": 18, "oob_score": 0.8644023473385436, "test_score": 0.7903757119998178, "coverage": 0.84375, "width_mean": 0.8752999293607466, "width_sd": 0.017464896824733754, "width_min": 0.8299495342736105, "width_q1": 0.8762049749058258, "width_q2": 0.8762049749058258, "width_q3": 0.8762049749058258, "width_max": 0.9120726180537146}