{"data_name": "AutoMPG", "n_neighbors": 50, "level": 0.99, "random_state": 1679, "test_size": 0.2, "n": 392, "d": 7, "oob_score": 0.8841654148898874, "test_score": 0.7068068026967194, "coverage": 0.9240506329113924, "width_mean": 1.8226651151242135, "width_sd": 0.4061616067762858, "width_min": 1.187625787667793, "width_q1": 1.5714217000944628, "width_q2": 1.662672905963325, "width_q3": 2.0460641067439083, "width_max": 2.7408671554767197}