{"data_name": "Automobile", "n_neighbors": 5, "level": 0.8, "random_state": 8935, "test_size": 0.2, "n": 159, "d": 18, "oob_score": 0.8693072662585798, "test_score": 0.8312250616835462, "coverage": 0.40625, "width_mean": 0.49715386680753065, "width_sd": 0.36259398867475345, "width_min": 0.14921202107303566, "width_q1": 0.18405820224325678, "width_q2": 0.27636099229710465, "width_q3": 0.7285986419318681, "width_max": 1.2497431898397846}