{"data_name": "Automobile", "n_neighbors": 100, "level": 0.8, "random_state": 8935, "test_size": 0.2, "n": 159, "d": 18, "oob_score": 0.8693072662585798, "test_score": 0.8312250616835462, "coverage": 0.65625, "width_mean": 0.6556732079217569, "width_sd": 0.03506412550838117, "width_min": 0.6043463024464598, "width_q1": 0.6279401493302519, "width_q2": 0.6548452042733586, "width_q3": 0.6763368512653076, "width_max": 0.7690262456577585}