{"data_name": "AutoMPG", "n_neighbors": 5, "level": 0.8, "random_state": 4506, "test_size": 0.2, "n": 392, "d": 7, "oob_score": 0.8797280377763067, "test_score": 0.8537841994056189, "coverage": 0.6329113924050633, "width_mean": 0.5167017347798002, "width_sd": 0.2694957534609947, "width_min": 0.09748523844237833, "width_q1": 0.34178429436184626, "width_q2": 0.46723823378615403, "width_q3": 0.6566693288054809, "width_max": 1.2714173168232945}