{"data_name": "AutoMPG", "n_neighbors": 50, "level": 0.8, "random_state": 9674, "test_size": 0.2, "n": 392, "d": 7, "oob_score": 0.8654202646985273, "test_score": 0.8681355028273156, "coverage": 0.7721518987341772, "width_mean": 0.6732952182548562, "width_sd": 0.15419255661764622, "width_min": 0.467954054384659, "width_q1": 0.5752652416616084, "width_q2": 0.651286654416142, "width_q3": 0.7459450275592863, "width_max": 1.3678654432142052}