{"data_name": "Automobile", "n_neighbors": 20, "level": 0.95, "random_state": 2286, "test_size": 0.2, "n": 159, "d": 18, "oob_score": 0.8644023473385436, "test_score": 0.7903757119998178, "coverage": 0.96875, "width_mean": 1.3242202122398237, "width_sd": 0.5224749191613686, "width_min": 0.3187400877870461, "width_q1": 0.941613759152274, "width_q2": 1.2968725608027036, "width_q3": 1.8248946280535865, "width_max": 2.0255557715573227}