{"data_name": "AutoMPG", "n_neighbors": "auto", "level": 0.8, "random_state": 1424, "test_size": 0.2, "n": 392, "d": 7, "oob_score": 0.8801327199077152, "test_score": 0.8257442684555709, "coverage": 0.7341772151898734, "width_mean": 0.6932848914540408, "width_sd": 0.2605475286643869, "width_min": 0.3011859575323368, "width_q1": 0.5416274452964237, "width_q2": 0.658236032062909, "width_q3": 0.7878668672190944, "width_max": 1.4607303840036763}