{"data_name": "AutoMPG", "n_neighbors": "all", "level": 0.8, "random_state": 3657, "test_size": 0.2, "n": 392, "d": 7, "oob_score": 0.8839096984781822, "test_score": 0.8393852475719903, "coverage": 0.7848101265822784, "width_mean": 0.7734521279738715, "width_sd": 2.5507313013371444e-16, "width_min": 0.7734521279738718, "width_q1": 0.7734521279738718, "width_q2": 0.7734521279738718, "width_q3": 0.7734521279738718, "width_max": 0.773452127973872}