{"data_name": "AutoMPG", "n_neighbors": 5, "level": 0.95, "random_state": 2286, "test_size": 0.2, "n": 392, "d": 7, "oob_score": 0.8881208033748537, "test_score": 0.8155637029921425, "coverage": 0.6835443037974683, "width_mean": 0.7099104690120114, "width_sd": 0.3687790643853489, "width_min": 0.09240659500910298, "width_q1": 0.4154494353684157, "width_q2": 0.7118292344383194, "width_q3": 0.8543253334478698, "width_max": 1.8464466907078168}