{"data_name": "AutoMPG", "n_neighbors": "auto", "level": 0.9, "random_state": 3657, "test_size": 0.2, "n": 392, "d": 7, "oob_score": 0.8839096984781822, "test_score": 0.8393852475719903, "coverage": 0.8354430379746836, "width_mean": 0.9421212363152353, "width_sd": 0.3201217925043377, "width_min": 0.36860937567139174, "width_q1": 0.7017394749281474, "width_q2": 0.9095608264667399, "width_q3": 1.1996581386527911, "width_max": 1.834311360789311}