{"data_name": "Automobile", "n_neighbors": 5, "level": 0.8, "random_state": 4506, "test_size": 0.2, "n": 159, "d": 18, "oob_score": 0.8566365802219873, "test_score": 0.8770151412926152, "coverage": 0.5, "width_mean": 0.5452599860857505, "width_sd": 0.4963647256919308, "width_min": 0.10022875189064961, "width_q1": 0.24016601708083823, "width_q2": 0.34184554947646834, "width_q3": 0.5742337086436435, "width_max": 2.050536069621316}