{"data_name": "AutoMPG", "n_neighbors": 20, "level": 0.9, "random_state": 409, "test_size": 0.2, "n": 392, "d": 7, "oob_score": 0.873613218443993, "test_score": 0.8697573465366656, "coverage": 0.7974683544303798, "width_mean": 0.9276629152444823, "width_sd": 0.354507205295479, "width_min": 0.4194245140050916, "width_q1": 0.639523244474157, "width_q2": 0.8571446647503504, "width_q3": 1.2211999819008836, "width_max": 1.7900033203396486}