{"data_name": "Automobile", "n_neighbors": 100, "level": 0.9, "random_state": 409, "test_size": 0.2, "n": 159, "d": 18, "oob_score": 0.8519766348035276, "test_score": 0.8815905590616805, "coverage": 0.84375, "width_mean": 0.9545329673539888, "width_sd": 0.04537274157691021, "width_min": 0.9063330319270235, "width_q1": 0.9175182587728972, "width_q2": 0.9175182587728973, "width_q3": 0.9830816330625232, "width_max": 1.088101792265315}