{"data_name": "Automobile", "n_neighbors": "auto", "level": 0.9, "random_state": 2286, "test_size": 0.2, "n": 159, "d": 18, "oob_score": 0.8644023473385436, "test_score": 0.7903757119998178, "coverage": 0.875, "width_mean": 0.8772159206613012, "width_sd": 0.6683882149091259, "width_min": 0.20518912763406805, "width_q1": 0.33738000984833594, "width_q2": 0.4976961827721104, "width_q3": 1.670359446098788, "width_max": 1.9724561214828484}