{"data_name": "AutoMPG", "n_neighbors": "auto", "level": 0.8, "random_state": 8935, "test_size": 0.2, "n": 392, "d": 7, "oob_score": 0.8697955317107033, "test_score": 0.8995431716592579, "coverage": 0.7721518987341772, "width_mean": 0.7078800502328141, "width_sd": 0.2678581125127137, "width_min": 0.30548372865960505, "width_q1": 0.5173422347723388, "width_q2": 0.603270382697727, "width_q3": 0.7988080210776137, "width_max": 1.3853860789438013}