{"data_name": "AutoMPG", "n_neighbors": 50, "level": 0.95, "random_state": 409, "test_size": 0.2, "n": 392, "d": 7, "oob_score": 0.873613218443993, "test_score": 0.8697573465366656, "coverage": 0.9113924050632911, "width_mean": 1.1796209182300572, "width_sd": 0.2961305996081645, "width_min": 0.6546852059355245, "width_q1": 0.9581498361642691, "width_q2": 1.114976841774301, "width_q3": 1.456228844891355, "width_max": 1.8735528414811644}