{"data_name": "Automobile", "n_neighbors": 10, "level": 0.99, "random_state": 409, "test_size": 0.2, "n": 159, "d": 18, "oob_score": 0.8519766348035276, "test_score": 0.8815905590616805, "coverage": 0.84375, "width_mean": 1.0231769987730774, "width_sd": 0.7911938585456847, "width_min": 0.1854697137226442, "width_q1": 0.3382424378871183, "width_q2": 0.5909648350453123, "width_q3": 1.653751864956312, "width_max": 2.7753767324455048}