{"data_name": "AutoMPG", "n_neighbors": 5, "level": 0.8, "random_state": 3657, "test_size": 0.2, "n": 392, "d": 7, "oob_score": 0.8839096984781822, "test_score": 0.8393852475719903, "coverage": 0.5316455696202531, "width_mean": 0.60792232336971, "width_sd": 0.40207174940506724, "width_min": 0.06818314502957423, "width_q1": 0.2991116119017258, "width_q2": 0.5341625699034498, "width_q3": 0.7853969346442263, "width_max": 2.0719711793635396}