{"data_name": "Automobile", "n_neighbors": 50, "level": 0.95, "random_state": 8935, "test_size": 0.2, "n": 159, "d": 18, "oob_score": 0.8693072662585798, "test_score": 0.8312250616835462, "coverage": 0.875, "width_mean": 1.5815354442969234, "width_sd": 0.19904488691631422, "width_min": 1.0018249605782503, "width_q1": 1.5109016437203187, "width_q2": 1.5731980292789127, "width_q3": 1.7437419153662783, "width_max": 1.8596873893613926}