{"data_name": "AutoMPG", "n_neighbors": 100, "level": 0.8, "random_state": 1424, "test_size": 0.2, "n": 392, "d": 7, "oob_score": 0.8801327199077152, "test_score": 0.8257442684555709, "coverage": 0.7468354430379747, "width_mean": 0.7252403880805398, "width_sd": 0.07434799172681936, "width_min": 0.5242480605416395, "width_q1": 0.7135986263880756, "width_q2": 0.7282046368848581, "width_q3": 0.7655745855520354, "width_max": 0.8658267581572692}