{"data_name": "AutoMPG", "n_neighbors": "all", "level": 0.9, "random_state": 4506, "test_size": 0.2, "n": 392, "d": 7, "oob_score": 0.8797280377763067, "test_score": 0.8537841994056189, "coverage": 0.9367088607594937, "width_mean": 1.1137293013184324, "width_sd": 6.374075071267344e-16, "width_min": 1.1137293013184328, "width_q1": 1.113729301318433, "width_q2": 1.113729301318433, "width_q3": 1.113729301318433, "width_max": 1.113729301318433}