{"data_name": "Automobile", "n_neighbors": "all", "level": 0.8, "random_state": 409, "test_size": 0.2, "n": 159, "d": 18, "oob_score": 0.8519766348035276, "test_score": 0.8815905590616805, "coverage": 0.75, "width_mean": 0.7235630080174704, "width_sd": 9.412373634839028e-17, "width_min": 0.7235630080174702, "width_q1": 0.7235630080174704, "width_q2": 0.7235630080174704, "width_q3": 0.7235630080174704, "width_max": 0.7235630080174704}