{"data_name": "AutoMPG", "n_neighbors": "auto", "level": 0.8, "random_state": 1824, "test_size": 0.2, "n": 392, "d": 7, "oob_score": 0.8574960578352374, "test_score": 0.9358618730412818, "coverage": 0.8481012658227848, "width_mean": 0.7138962087303523, "width_sd": 0.2829099752594175, "width_min": 0.3033716098624535, "width_q1": 0.48269431579915034, "width_q2": 0.6324010497143284, "width_q3": 0.8411994103632487, "width_max": 1.379026233611849}