{"data_name": "Automobile", "n_neighbors": 20, "level": 0.99, "random_state": 9674, "test_size": 0.2, "n": 159, "d": 18, "oob_score": 0.8699874769997047, "test_score": 0.8272790284099117, "coverage": 0.90625, "width_mean": 1.032945394424476, "width_sd": 0.4422836027509774, "width_min": 0.3418411921432115, "width_q1": 0.6665486062150484, "width_q2": 1.0085765463244896, "width_q3": 1.3759293442167628, "width_max": 1.9586215693798268}