{"data_name": "AutoMPG", "n_neighbors": 200, "level": 0.99, "random_state": 409, "test_size": 0.2, "n": 392, "d": 7, "oob_score": 0.873613218443993, "test_score": 0.8697573465366656, "coverage": 0.9493670886075949, "width_mean": 1.8749279102558853, "width_sd": 0.08791722311369611, "width_min": 1.7193966258168796, "width_q1": 1.8445417118419445, "width_q2": 1.8445417118419445, "width_q3": 1.9748923235166191, "width_max": 2.0463172669652177}