{"data_name": "AutoMPG", "n_neighbors": "auto", "level": 0.8, "random_state": 4506, "test_size": 0.2, "n": 392, "d": 7, "oob_score": 0.8797280377763067, "test_score": 0.8537841994056189, "coverage": 0.7848101265822784, "width_mean": 0.6903711454112726, "width_sd": 0.2508662742679117, "width_min": 0.29711752728957674, "width_q1": 0.4960078970871621, "width_q2": 0.6524904474729327, "width_q3": 0.8426385854070545, "width_max": 1.2988338625141411}