{"data_name": "AutoMPG", "n_neighbors": 10, "level": 0.8, "random_state": 1679, "test_size": 0.2, "n": 392, "d": 7, "oob_score": 0.8841654148898874, "test_score": 0.7068068026967194, "coverage": 0.620253164556962, "width_mean": 0.670734131744934, "width_sd": 0.38442121823962655, "width_min": 0.16055066668344753, "width_q1": 0.4312332273305589, "width_q2": 0.5482237468219063, "width_q3": 0.7248117161808085, "width_max": 2.162781403639964}