{"data_name": "Automobile", "n_neighbors": "auto", "level": 0.95, "random_state": 1824, "test_size": 0.2, "n": 159, "d": 18, "oob_score": 0.8588479891554553, "test_score": 0.8109657857398823, "coverage": 0.8125, "width_mean": 0.9573684836483811, "width_sd": 0.5128173635694971, "width_min": 0.28261929466044056, "width_q1": 0.4698527501049886, "width_q2": 0.8891413805132589, "width_q3": 1.3647790900539902, "width_max": 2.1189478702601687}