{"data_name": "Automobile", "n_neighbors": 20, "level": 0.9, "random_state": 1824, "test_size": 0.2, "n": 159, "d": 18, "oob_score": 0.8588479891554553, "test_score": 0.8109657857398823, "coverage": 0.78125, "width_mean": 0.8352069300639784, "width_sd": 0.4086011451933449, "width_min": 0.2497286670592841, "width_q1": 0.5436310797683457, "width_q2": 0.7874524371401792, "width_q3": 1.1354450364061162, "width_max": 1.9435810703739396}