{"data_name": "Automobile", "n_neighbors": 10, "level": 0.8, "random_state": 8935, "test_size": 0.2, "n": 159, "d": 18, "oob_score": 0.8693072662585798, "test_score": 0.8312250616835462, "coverage": 0.59375, "width_mean": 0.5984165567082353, "width_sd": 0.42931981444151, "width_min": 0.10831854592741208, "width_q1": 0.23488009861244347, "width_q2": 0.3466048471572758, "width_q3": 0.996819782970495, "width_max": 1.6384537356393136}