{"data_name": "Automobile", "n_neighbors": 10, "level": 0.99, "random_state": 4012, "test_size": 0.2, "n": 159, "d": 18, "oob_score": 0.8522945874846946, "test_score": 0.8688630682210364, "coverage": 0.875, "width_mean": 0.878635382605879, "width_sd": 0.6516314156673063, "width_min": 0.275886610036859, "width_q1": 0.4580639567372545, "width_q2": 0.6423331782358117, "width_q3": 0.8767533259159785, "width_max": 2.8486140852779216}