{"data_name": "AutoMPG", "n_neighbors": 200, "level": 0.9, "random_state": 9674, "test_size": 0.2, "n": 392, "d": 7, "oob_score": 0.8654202646985273, "test_score": 0.8681355028273156, "coverage": 0.8607594936708861, "width_mean": 1.120045830414583, "width_sd": 0.030305393089590488, "width_min": 1.0927757329755061, "width_q1": 1.1053093341736195, "width_q2": 1.1053093341736195, "width_q3": 1.1100711664702443, "width_max": 1.2158459020075205}