{"data_name": "AutoMPG", "n_neighbors": "auto", "level": 0.99, "random_state": 3657, "test_size": 0.2, "n": 392, "d": 7, "oob_score": 0.8839096984781822, "test_score": 0.8393852475719903, "coverage": 0.8987341772151899, "width_mean": 1.387614677440358, "width_sd": 0.5769773712844355, "width_min": 0.4781817735065208, "width_q1": 0.96638481880987, "width_q2": 1.247483426550945, "width_q3": 1.7187012517638578, "width_max": 2.7956934170053964}