{"data_name": "AutoMPG", "n_neighbors": 100, "level": 0.8, "random_state": 2286, "test_size": 0.2, "n": 392, "d": 7, "oob_score": 0.8881208033748537, "test_score": 0.8155637029921425, "coverage": 0.810126582278481, "width_mean": 0.7474824845370442, "width_sd": 0.06056867107082357, "width_min": 0.6726088854705394, "width_q1": 0.703207485939961, "width_q2": 0.7294220849390409, "width_q3": 0.7721454299595816, "width_max": 0.9337553198306892}