{"data_name": "AutoMPG", "n_neighbors": "all", "level": 0.99, "random_state": 9674, "test_size": 0.2, "n": 392, "d": 7, "oob_score": 0.8654202646985273, "test_score": 0.8681355028273156, "coverage": 0.9873417721518988, "width_mean": 2.5809193837768807, "width_sd": 2.0600660082792174e-16, "width_min": 2.5809193837768802, "width_q1": 2.5809193837768807, "width_q2": 2.5809193837768807, "width_q3": 2.5809193837768807, "width_max": 2.580919383776881}