{"data_name": "AutoMPG", "n_neighbors": "all", "level": 0.8, "random_state": 1679, "test_size": 0.2, "n": 392, "d": 7, "oob_score": 0.8841654148898874, "test_score": 0.7068068026967194, "coverage": 0.7848101265822784, "width_mean": 0.7088450932642479, "width_sd": 1.2490984923352588e-16, "width_min": 0.7088450932642479, "width_q1": 0.708845093264248, "width_q2": 0.708845093264248, "width_q3": 0.708845093264248, "width_max": 0.7088450932642482}