{"data_name": "AutoMPG", "n_neighbors": 20, "level": 0.99, "random_state": 1424, "test_size": 0.2, "n": 392, "d": 7, "oob_score": 0.8801327199077152, "test_score": 0.8257442684555709, "coverage": 0.9367088607594937, "width_mean": 1.3374998869081054, "width_sd": 0.5813449620823066, "width_min": 0.44924737872531617, "width_q1": 0.9040483980230023, "width_q2": 1.138504894165592, "width_q3": 1.7224012422695574, "width_max": 2.5825462155893506}