{"data_name": "Automobile", "n_neighbors": 10, "level": 0.99, "random_state": 3657, "test_size": 0.2, "n": 159, "d": 18, "oob_score": 0.8692184038972947, "test_score": 0.8717200968206692, "coverage": 0.84375, "width_mean": 0.8793546133126078, "width_sd": 0.6489545294584769, "width_min": 0.19284666518510563, "width_q1": 0.3718720761722017, "width_q2": 0.5784487558467726, "width_q3": 1.5673047750533802, "width_max": 2.7511373379593076}