{"data_name": "Automobile", "n_neighbors": 20, "level": 0.9, "random_state": 1679, "test_size": 0.2, "n": 159, "d": 18, "oob_score": 0.8692324091789436, "test_score": 0.8180363641383057, "coverage": 0.6875, "width_mean": 0.8383648511098208, "width_sd": 0.4847495625181973, "width_min": 0.25546068572805325, "width_q1": 0.3271631360369816, "width_q2": 0.7358735518695483, "width_q3": 1.2519104432835764, "width_max": 1.6581885289862481}