{"data_name": "AutoMPG", "n_neighbors": 100, "level": 0.95, "random_state": 8935, "test_size": 0.2, "n": 392, "d": 7, "oob_score": 0.8697955317107033, "test_score": 0.8995431716592579, "coverage": 0.9367088607594937, "width_mean": 1.2426965538111059, "width_sd": 0.15918984139466869, "width_min": 1.0163151944180333, "width_q1": 1.1105144878512712, "width_q2": 1.2207867854570225, "width_q3": 1.314254710811095, "width_max": 1.6589776685735642}