{"data_name": "AutoMPG", "n_neighbors": 50, "level": 0.9, "random_state": 3657, "test_size": 0.2, "n": 392, "d": 7, "oob_score": 0.8839096984781822, "test_score": 0.8393852475719903, "coverage": 0.8607594936708861, "width_mean": 0.8930533784462473, "width_sd": 0.18038844831507223, "width_min": 0.6285949301943723, "width_q1": 0.7453230794266081, "width_q2": 0.8397458297528291, "width_q3": 1.022585985290403, "width_max": 1.3555186969966342}