{"data_name": "Automobile", "n_neighbors": 100, "level": 0.99, "random_state": 1424, "test_size": 0.2, "n": 159, "d": 18, "oob_score": 0.8664030167390175, "test_score": 0.8339000755683064, "coverage": 1.0, "width_mean": 1.9202954060204043, "width_sd": 0.12323611818278851, "width_min": 1.8361606820187903, "width_q1": 1.8361606820187903, "width_q2": 1.8361606820187906, "width_q3": 1.9602297932749133, "width_max": 2.190448194582805}