{"data_name": "AutoMPG", "n_neighbors": 10, "level": 0.99, "random_state": 4012, "test_size": 0.2, "n": 392, "d": 7, "oob_score": 0.8682873191024287, "test_score": 0.830272400727571, "coverage": 0.810126582278481, "width_mean": 0.9565122560811932, "width_sd": 0.5148050850861362, "width_min": 0.1736278496847261, "width_q1": 0.6431777672067875, "width_q2": 0.843398201654538, "width_q3": 1.1045036047839938, "width_max": 2.4482400217347706}