{"data_name": "Automobile", "n_neighbors": 5, "level": 0.9, "random_state": 4012, "test_size": 0.2, "n": 159, "d": 18, "oob_score": 0.8522945874846946, "test_score": 0.8688630682210364, "coverage": 0.78125, "width_mean": 0.6699509796314657, "width_sd": 0.4860833434027411, "width_min": 0.12222965985736578, "width_q1": 0.37496556945321335, "width_q2": 0.523451629897899, "width_q3": 0.8128817047607284, "width_max": 2.1818546410576625}