{"data_name": "Automobile", "n_neighbors": "all", "level": 0.9, "random_state": 1424, "test_size": 0.2, "n": 159, "d": 18, "oob_score": 0.8664030167390175, "test_score": 0.8339000755683064, "coverage": 0.9375, "width_mean": 1.268002932153926, "width_sd": 9.614813431917819e-17, "width_min": 1.2680029321539257, "width_q1": 1.268002932153926, "width_q2": 1.268002932153926, "width_q3": 1.268002932153926, "width_max": 1.2680029321539261}