{"data_name": "Automobile", "n_neighbors": 50, "level": 0.9, "random_state": 2286, "test_size": 0.2, "n": 159, "d": 18, "oob_score": 0.8644023473385436, "test_score": 0.7903757119998178, "coverage": 0.96875, "width_mean": 1.4684741643660038, "width_sd": 0.16234082173268483, "width_min": 1.1300044339388988, "width_q1": 1.4041476761000768, "width_q2": 1.4520790463615523, "width_q3": 1.5450205259829373, "width_max": 1.7781400021226714}