{"data_name": "Automobile", "n_neighbors": 20, "level": 0.8, "random_state": 1824, "test_size": 0.2, "n": 159, "d": 18, "oob_score": 0.8588479891554553, "test_score": 0.8109657857398823, "coverage": 0.65625, "width_mean": 0.6407190653650845, "width_sd": 0.3379440798703813, "width_min": 0.18007334895863003, "width_q1": 0.4137763698863538, "width_q2": 0.5237413243946342, "width_q3": 0.758940839516476, "width_max": 1.5649108976831951}