{"data_name": "Automobile", "n_neighbors": 20, "level": 0.8, "random_state": 1679, "test_size": 0.2, "n": 159, "d": 18, "oob_score": 0.8692324091789436, "test_score": 0.8180363641383057, "coverage": 0.53125, "width_mean": 0.6336002294644119, "width_sd": 0.3498760539556927, "width_min": 0.18913710727165078, "width_q1": 0.26561014009746364, "width_q2": 0.6067544358449428, "width_q3": 0.9426132745247144, "width_max": 1.228783466160337}