{"data_name": "AutoMPG", "n_neighbors": 100, "level": 0.99, "random_state": 8935, "test_size": 0.2, "n": 392, "d": 7, "oob_score": 0.8697955317107033, "test_score": 0.8995431716592579, "coverage": 1.0, "width_mean": 2.256023442408672, "width_sd": 0.1470280377403571, "width_min": 1.8241361896239336, "width_q1": 2.1651784763602526, "width_q2": 2.242112793993428, "width_q3": 2.3028125922206177, "width_max": 2.8632852099692077}