{"data_name": "AutoMPG", "n_neighbors": "all", "level": 0.9, "random_state": 2286, "test_size": 0.2, "n": 392, "d": 7, "oob_score": 0.8881208033748537, "test_score": 0.8155637029921425, "coverage": 0.8734177215189873, "width_mean": 1.0008175552734282, "width_sd": 2.0295448245809037e-16, "width_min": 1.000817555273428, "width_q1": 1.000817555273428, "width_q2": 1.000817555273428, "width_q3": 1.000817555273428, "width_max": 1.0008175552734282}