{"data_name": "Automobile", "n_neighbors": 100, "level": 0.95, "random_state": 1824, "test_size": 0.2, "n": 159, "d": 18, "oob_score": 0.8588479891554553, "test_score": 0.8109657857398823, "coverage": 0.84375, "width_mean": 1.2306072604970937, "width_sd": 0.12050156313242465, "width_min": 1.1111439876188411, "width_q1": 1.1520574238524652, "width_q2": 1.1926881950403772, "width_q3": 1.25313585969322, "width_max": 1.5402683820555918}