{"data_name": "Automobile", "n_neighbors": 50, "level": 0.99, "random_state": 9674, "test_size": 0.2, "n": 159, "d": 18, "oob_score": 0.8699874769997047, "test_score": 0.8272790284099117, "coverage": 1.0, "width_mean": 1.7368118340978462, "width_sd": 0.21224726599821853, "width_min": 1.3190747575760307, "width_q1": 1.6163049142894588, "width_q2": 1.7317444254537249, "width_q3": 1.8749264296915436, "width_max": 2.350395996090404}