{"data_name": "AutoMPG", "n_neighbors": 5, "level": 0.8, "random_state": 2286, "test_size": 0.2, "n": 392, "d": 7, "oob_score": 0.8881208033748537, "test_score": 0.8155637029921425, "coverage": 0.5949367088607594, "width_mean": 0.5662289404528608, "width_sd": 0.28976514982777424, "width_min": 0.06282403568063899, "width_q1": 0.3591996554489478, "width_q2": 0.535387224918181, "width_q3": 0.6593957214611843, "width_max": 1.4904031142341492}