{"data_name": "Automobile", "n_neighbors": "all", "level": 0.9, "random_state": 3657, "test_size": 0.2, "n": 159, "d": 18, "oob_score": 0.8692184038972947, "test_score": 0.8717200968206692, "coverage": 0.9375, "width_mean": 1.1005769632769904, "width_sd": 8.777083671441753e-17, "width_min": 1.1005769632769904, "width_q1": 1.1005769632769904, "width_q2": 1.1005769632769904, "width_q3": 1.1005769632769904, "width_max": 1.1005769632769906}