{"data_name": "AutoMPG", "n_neighbors": 10, "level": 0.95, "random_state": 3657, "test_size": 0.2, "n": 392, "d": 7, "oob_score": 0.8839096984781822, "test_score": 0.8393852475719903, "coverage": 0.7974683544303798, "width_mean": 0.9549207353763741, "width_sd": 0.5091325819449767, "width_min": 0.25934643080314423, "width_q1": 0.5875803926570726, "width_q2": 0.9137448252491213, "width_q3": 1.1044760576003725, "width_max": 2.327049328355924}