{"data_name": "Automobile", "n_neighbors": 100, "level": 0.99, "random_state": 4012, "test_size": 0.2, "n": 159, "d": 18, "oob_score": 0.8522945874846946, "test_score": 0.8688630682210364, "coverage": 1.0, "width_mean": 1.8641869944045049, "width_sd": 0.16457611663603158, "width_min": 1.7462263175847292, "width_q1": 1.7462263175847292, "width_q2": 1.9081568125721913, "width_q3": 1.9081568125721913, "width_max": 2.500083681788907}