{"data_name": "AutoMPG", "n_neighbors": 200, "level": 0.95, "random_state": 4012, "test_size": 0.2, "n": 392, "d": 7, "oob_score": 0.8682873191024287, "test_score": 0.830272400727571, "coverage": 0.9367088607594937, "width_mean": 1.3518695778590923, "width_sd": 0.03349332801067834, "width_min": 1.2089757971224906, "width_q1": 1.342930476630686, "width_q2": 1.3429304766306862, "width_q3": 1.349629954340882, "width_max": 1.4402773434999738}