{"data_name": "AutoMPG", "n_neighbors": 5, "level": 0.95, "random_state": 1424, "test_size": 0.2, "n": 392, "d": 7, "oob_score": 0.8801327199077152, "test_score": 0.8257442684555709, "coverage": 0.6835443037974683, "width_mean": 0.7581865928119728, "width_sd": 0.46899513280758376, "width_min": 0.11638702791488886, "width_q1": 0.3908346176250944, "width_q2": 0.6792633688865107, "width_q3": 0.988571166371306, "width_max": 2.2781712098494724}