{"data_name": "AutoMPG", "n_neighbors": 50, "level": 0.9, "random_state": 9674, "test_size": 0.2, "n": 392, "d": 7, "oob_score": 0.8654202646985273, "test_score": 0.8681355028273156, "coverage": 0.8354430379746836, "width_mean": 0.9745726634420574, "width_sd": 0.26079526674810705, "width_min": 0.5616887938865991, "width_q1": 0.7779261276469756, "width_q2": 0.9233598015176125, "width_q3": 1.0680254800944773, "width_max": 1.7369477709777277}