{"data_name": "Automobile", "n_neighbors": 100, "level": 0.9, "random_state": 1824, "test_size": 0.2, "n": 159, "d": 18, "oob_score": 0.8588479891554553, "test_score": 0.8109657857398823, "coverage": 0.8125, "width_mean": 1.0037531716663142, "width_sd": 0.05256722307013722, "width_min": 0.9564604598296986, "width_q1": 0.9699997326478739, "width_q2": 0.9809172881021717, "width_q3": 1.0189331580503753, "width_max": 1.147896890809776}