{"data_name": "Automobile", "n_neighbors": 50, "level": 0.95, "random_state": 1424, "test_size": 0.2, "n": 159, "d": 18, "oob_score": 0.8664030167390175, "test_score": 0.8339000755683064, "coverage": 0.96875, "width_mean": 1.185728933402716, "width_sd": 0.24556186596993207, "width_min": 0.8862363715622918, "width_q1": 1.0169509760824522, "width_q2": 1.116255826472237, "width_q3": 1.3270892928749545, "width_max": 1.791903518209172}