{"data_name": "AutoMPG", "n_neighbors": 50, "level": 0.8, "random_state": 1679, "test_size": 0.2, "n": 392, "d": 7, "oob_score": 0.8841654148898874, "test_score": 0.7068068026967194, "coverage": 0.7215189873417721, "width_mean": 0.7052527191059269, "width_sd": 0.1545054136810891, "width_min": 0.45729383144281965, "width_q1": 0.5917579865547631, "width_q2": 0.6653955610255358, "width_q3": 0.7868481505889457, "width_max": 1.2351229179973342}