{"data_name": "AutoMPG", "n_neighbors": 100, "level": 0.99, "random_state": 1424, "test_size": 0.2, "n": 392, "d": 7, "oob_score": 0.8801327199077152, "test_score": 0.8257442684555709, "coverage": 0.9746835443037974, "width_mean": 1.9867612894152313, "width_sd": 0.28170632097530074, "width_min": 1.5485587734934498, "width_q1": 1.8136448992655039, "width_q2": 1.9879315349171485, "width_q3": 2.087688486787457, "width_max": 2.632729064991015}