{"data_name": "Automobile", "n_neighbors": "all", "level": 0.95, "random_state": 409, "test_size": 0.2, "n": 159, "d": 18, "oob_score": 0.8519766348035276, "test_score": 0.8815905590616805, "coverage": 0.90625, "width_mean": 1.4442186109645716, "width_sd": 0.0, "width_min": 1.4442186109645716, "width_q1": 1.4442186109645716, "width_q2": 1.4442186109645716, "width_q3": 1.4442186109645716, "width_max": 1.4442186109645716}