{"data_name": "Automobile", "n_neighbors": 5, "level": 0.8, "random_state": 9674, "test_size": 0.2, "n": 159, "d": 18, "oob_score": 0.8699874769997047, "test_score": 0.8272790284099117, "coverage": 0.5625, "width_mean": 0.44317189858290634, "width_sd": 0.24363805364243635, "width_min": 0.07178638071604948, "width_q1": 0.25472463417252417, "width_q2": 0.3894605368730708, "width_q3": 0.6353708426240088, "width_max": 1.0495943515708466}