{"data_name": "AutoMPG", "n_neighbors": 5, "level": 0.8, "random_state": 1824, "test_size": 0.2, "n": 392, "d": 7, "oob_score": 0.8574960578352374, "test_score": 0.9358618730412818, "coverage": 0.6708860759493671, "width_mean": 0.5426810678208022, "width_sd": 0.3145172344609763, "width_min": 0.10883240981217601, "width_q1": 0.26536081384513677, "width_q2": 0.4935834446344962, "width_q3": 0.6740485524313432, "width_max": 1.8694112854350633}