{"data_name": "AutoMPG", "n_neighbors": "auto", "level": 0.99, "random_state": 8935, "test_size": 0.2, "n": 392, "d": 7, "oob_score": 0.8697955317107033, "test_score": 0.8995431716592579, "coverage": 0.9367088607594937, "width_mean": 1.2894352895029373, "width_sd": 0.5030791876329295, "width_min": 0.5840669114519481, "width_q1": 0.9180914291171789, "width_q2": 1.0940597047136393, "width_q3": 1.6173783427443316, "width_max": 2.6677911272574026}