{"data_name": "AutoMPG", "n_neighbors": "all", "level": 0.99, "random_state": 1824, "test_size": 0.2, "n": 392, "d": 7, "oob_score": 0.8574960578352374, "test_score": 0.9358618730412818, "coverage": 1.0, "width_mean": 2.480980276759682, "width_sd": 3.902308437974778e-16, "width_min": 2.480980276759682, "width_q1": 2.4809802767596825, "width_q2": 2.4809802767596825, "width_q3": 2.4809802767596825, "width_max": 2.4809802767596825}