{"data_name": "Automobile", "n_neighbors": 100, "level": 0.9, "random_state": 8935, "test_size": 0.2, "n": 159, "d": 18, "oob_score": 0.8693072662585798, "test_score": 0.8312250616835462, "coverage": 0.78125, "width_mean": 0.9562068970909152, "width_sd": 0.024826114275177943, "width_min": 0.9272210827045024, "width_q1": 0.9272210827045025, "width_q2": 0.9555308058472973, "width_q3": 0.9838405289900922, "width_max": 1.0021048512425001}