{"data_name": "AutoMPG", "n_neighbors": 10, "level": 0.95, "random_state": 409, "test_size": 0.2, "n": 392, "d": 7, "oob_score": 0.873613218443993, "test_score": 0.8697573465366656, "coverage": 0.8354430379746836, "width_mean": 0.9619401900471576, "width_sd": 0.47732867661907075, "width_min": 0.28712680654591904, "width_q1": 0.5682954946104996, "width_q2": 0.84310004552827, "width_q3": 1.3218824115548249, "width_max": 2.7277680082890794}