{"data_name": "AutoMPG", "n_neighbors": 100, "level": 0.8, "random_state": 4506, "test_size": 0.2, "n": 392, "d": 7, "oob_score": 0.8797280377763067, "test_score": 0.8537841994056189, "coverage": 0.8607594936708861, "width_mean": 0.7772813000139518, "width_sd": 0.05382411667721058, "width_min": 0.6494242401729482, "width_q1": 0.7471449192159052, "width_q2": 0.7767416455915775, "width_q3": 0.7964578136869251, "width_max": 0.9427770192220477}