{"data_name": "Automobile", "n_neighbors": 5, "level": 0.8, "random_state": 4012, "test_size": 0.2, "n": 159, "d": 18, "oob_score": 0.8522945874846946, "test_score": 0.8688630682210364, "coverage": 0.71875, "width_mean": 0.6037283759486738, "width_sd": 0.44627808822754605, "width_min": 0.10560678320680339, "width_q1": 0.309548012066844, "width_q2": 0.44692399013157263, "width_q3": 0.7490917787832536, "width_max": 1.8692913511987255}