{"data_name": "Automobile", "n_neighbors": 10, "level": 0.9, "random_state": 2286, "test_size": 0.2, "n": 159, "d": 18, "oob_score": 0.8644023473385436, "test_score": 0.7903757119998178, "coverage": 0.8125, "width_mean": 0.8209406673299879, "width_sd": 0.6560640267871142, "width_min": 0.19284563499447682, "width_q1": 0.30434859885672827, "width_q2": 0.46064349035248897, "width_q3": 1.490694548243873, "width_max": 2.0113945831512594}