{"data_name": "Automobile", "n_neighbors": "all", "level": 0.95, "random_state": 3657, "test_size": 0.2, "n": 159, "d": 18, "oob_score": 0.8692184038972947, "test_score": 0.8717200968206692, "coverage": 0.9375, "width_mean": 1.5864618905085273, "width_sd": 1.1102230246251565e-16, "width_min": 1.586461890508527, "width_q1": 1.5864618905085273, "width_q2": 1.5864618905085273, "width_q3": 1.5864618905085273, "width_max": 1.5864618905085273}