{"data_name": "AutoMPG", "n_neighbors": "all", "level": 0.8, "random_state": 8935, "test_size": 0.2, "n": 392, "d": 7, "oob_score": 0.8697955317107033, "test_score": 0.8995431716592579, "coverage": 0.7721518987341772, "width_mean": 0.7512767157249585, "width_sd": 2.5199614019396527e-16, "width_min": 0.7512767157249587, "width_q1": 0.7512767157249587, "width_q2": 0.7512767157249587, "width_q3": 0.7512767157249587, "width_max": 0.7512767157249589}