{"data_name": "AutoMPG", "n_neighbors": "auto", "level": 0.95, "random_state": 8935, "test_size": 0.2, "n": 392, "d": 7, "oob_score": 0.8697955317107033, "test_score": 0.8995431716592579, "coverage": 0.8987341772151899, "width_mean": 1.0901768842261956, "width_sd": 0.3963057597792133, "width_min": 0.4786318417570047, "width_q1": 0.7843466729463945, "width_q2": 0.9591051031919664, "width_q3": 1.3754083147209264, "width_max": 2.0758567116780977}