{"data_name": "AutoMPG", "n_neighbors": 100, "level": 0.99, "random_state": 4506, "test_size": 0.2, "n": 392, "d": 7, "oob_score": 0.8797280377763067, "test_score": 0.8537841994056189, "coverage": 0.9620253164556962, "width_mean": 1.9294765616024, "width_sd": 0.1450787915204674, "width_min": 1.7460239632080858, "width_q1": 1.8383237404636628, "width_q2": 1.8584691784261693, "width_q3": 1.9216548584823157, "width_max": 2.2446184966059377}