{"data_name": "AutoMPG", "n_neighbors": "all", "level": 0.99, "random_state": 3657, "test_size": 0.2, "n": 392, "d": 7, "oob_score": 0.8839096984781822, "test_score": 0.8393852475719903, "coverage": 0.9620253164556962, "width_mean": 2.1996781573099056, "width_sd": 4.440892098500626e-16, "width_min": 2.199678157309906, "width_q1": 2.199678157309906, "width_q2": 2.199678157309906, "width_q3": 2.199678157309906, "width_max": 2.199678157309906}