{"data_name": "AutoMPG", "n_neighbors": 20, "level": 0.8, "random_state": 1424, "test_size": 0.2, "n": 392, "d": 7, "oob_score": 0.8801327199077152, "test_score": 0.8257442684555709, "coverage": 0.7341772151898734, "width_mean": 0.7117233841760062, "width_sd": 0.28202062705592473, "width_min": 0.24990309091326224, "width_q1": 0.512044153673211, "width_q2": 0.6752108374133542, "width_q3": 0.8327315820754961, "width_max": 1.5622007041218438}