{"data_name": "Automobile", "n_neighbors": 50, "level": 0.99, "random_state": 8935, "test_size": 0.2, "n": 159, "d": 18, "oob_score": 0.8693072662585798, "test_score": 0.8312250616835462, "coverage": 0.9375, "width_mean": 1.9199738646083369, "width_sd": 0.1439581993621472, "width_min": 1.5333544523220035, "width_q1": 1.8999970300576745, "width_q2": 1.8999970300576745, "width_q3": 2.0523034050502136, "width_max": 2.105478941749966}