{"data_name": "Automobile", "n_neighbors": "auto", "level": 0.95, "random_state": 1679, "test_size": 0.2, "n": 159, "d": 18, "oob_score": 0.8692324091789436, "test_score": 0.8180363641383057, "coverage": 0.78125, "width_mean": 1.0854964659742279, "width_sd": 0.6110267151243013, "width_min": 0.2432082155328108, "width_q1": 0.36667729069670635, "width_q2": 1.275460468858463, "width_q3": 1.6089107471106527, "width_max": 2.177693463401746}