{"data_name": "Automobile", "n_neighbors": 50, "level": 0.8, "random_state": 4506, "test_size": 0.2, "n": 159, "d": 18, "oob_score": 0.8566365802219873, "test_score": 0.8770151412926152, "coverage": 0.90625, "width_mean": 0.8829276267414713, "width_sd": 0.2393745485793372, "width_min": 0.49886693784639574, "width_q1": 0.6791670056007548, "width_q2": 0.8254965642109536, "width_q3": 1.0196465854752943, "width_max": 1.3538019556011633}