{"data_name": "AutoMPG", "n_neighbors": 200, "level": 0.8, "random_state": 2286, "test_size": 0.2, "n": 392, "d": 7, "oob_score": 0.8881208033748537, "test_score": 0.8155637029921425, "coverage": 0.7974683544303798, "width_mean": 0.7378337948200273, "width_sd": 0.014200108412404875, "width_min": 0.7058195371494768, "width_q1": 0.7303934437944759, "width_q2": 0.7354272265921975, "width_q3": 0.7454889952188332, "width_max": 0.7986828124774497}