{"data_name": "AutoMPG", "n_neighbors": 10, "level": 0.99, "random_state": 409, "test_size": 0.2, "n": 392, "d": 7, "oob_score": 0.873613218443993, "test_score": 0.8697573465366656, "coverage": 0.8860759493670886, "width_mean": 1.0480057402812033, "width_sd": 0.536826348274, "width_min": 0.31274308652408056, "width_q1": 0.6056834446371586, "width_q2": 0.9208234302966758, "width_q3": 1.4162236726482298, "width_max": 3.1671341669424002}