{"data_name": "AutoMPG", "n_neighbors": 10, "level": 0.9, "random_state": 1679, "test_size": 0.2, "n": 392, "d": 7, "oob_score": 0.8841654148898874, "test_score": 0.7068068026967194, "coverage": 0.7088607594936709, "width_mean": 0.8856945887757635, "width_sd": 0.5026874921029848, "width_min": 0.2178728413107538, "width_q1": 0.5510936450768251, "width_q2": 0.7952556082303349, "width_q3": 0.9520125643580811, "width_max": 2.5253660105724824}