{"data_name": "AutoMPG", "n_neighbors": 10, "level": 0.9, "random_state": 2286, "test_size": 0.2, "n": 392, "d": 7, "oob_score": 0.8881208033748537, "test_score": 0.8155637029921425, "coverage": 0.8227848101265823, "width_mean": 0.8336967952194536, "width_sd": 0.3452885117101524, "width_min": 0.23012297889549782, "width_q1": 0.586365272123415, "width_q2": 0.7213403076523868, "width_q3": 0.9777283254712079, "width_max": 2.098149773010184}