{"data_name": "AutoMPG", "n_neighbors": 50, "level": 0.8, "random_state": 409, "test_size": 0.2, "n": 392, "d": 7, "oob_score": 0.873613218443993, "test_score": 0.8697573465366656, "coverage": 0.7848101265822784, "width_mean": 0.674963244880324, "width_sd": 0.1375264839177564, "width_min": 0.4177581679793009, "width_q1": 0.592694603783109, "width_q2": 0.6617291074793156, "width_q3": 0.7697599965024581, "width_max": 1.0084549341371667}