{"data_name": "Automobile", "n_neighbors": 10, "level": 0.9, "random_state": 409, "test_size": 0.2, "n": 159, "d": 18, "oob_score": 0.8519766348035276, "test_score": 0.8815905590616805, "coverage": 0.75, "width_mean": 0.8620710699212979, "width_sd": 0.6398232969744705, "width_min": 0.16219734507341488, "width_q1": 0.3134669613747408, "width_q2": 0.5220077332587303, "width_q3": 1.4211441783811787, "width_max": 2.1676476004433702}