{"data_name": "AutoMPG", "n_neighbors": 10, "level": 0.99, "random_state": 1824, "test_size": 0.2, "n": 392, "d": 7, "oob_score": 0.8574960578352374, "test_score": 0.9358618730412818, "coverage": 0.9367088607594937, "width_mean": 0.9917535693434267, "width_sd": 0.5713789799188405, "width_min": 0.26796587096312785, "width_q1": 0.5841862150486316, "width_q2": 0.80311080319865, "width_q3": 1.2416710181403605, "width_max": 2.734664898506072}