{"data_name": "AutoMPG", "n_neighbors": 5, "level": 0.95, "random_state": 1824, "test_size": 0.2, "n": 392, "d": 7, "oob_score": 0.8574960578352374, "test_score": 0.9358618730412818, "coverage": 0.810126582278481, "width_mean": 0.6647119676169673, "width_sd": 0.3819788402742711, "width_min": 0.11539442562362656, "width_q1": 0.34668245637888684, "width_q2": 0.5932473986172511, "width_q3": 0.8745143587282715, "width_max": 2.3412722104528134}