{"data_name": "AutoMPG", "n_neighbors": 10, "level": 0.8, "random_state": 4012, "test_size": 0.2, "n": 392, "d": 7, "oob_score": 0.8682873191024287, "test_score": 0.830272400727571, "coverage": 0.5949367088607594, "width_mean": 0.5993771268439259, "width_sd": 0.2913907333306091, "width_min": 0.10577255140060893, "width_q1": 0.38379248705487434, "width_q2": 0.5730451352297488, "width_q3": 0.7492882263741334, "width_max": 1.5849611922314024}