{"data_name": "Automobile", "n_neighbors": "auto", "level": 0.9, "random_state": 409, "test_size": 0.2, "n": 159, "d": 18, "oob_score": 0.8519766348035276, "test_score": 0.8815905590616805, "coverage": 0.78125, "width_mean": 0.8706903897121743, "width_sd": 0.5819915147175995, "width_min": 0.23019876446041954, "width_q1": 0.31142680396812383, "width_q2": 0.5668384734533767, "width_q3": 1.4200887281009158, "width_max": 2.2363338791861205}