{"data_name": "AutoMPG", "n_neighbors": 100, "level": 0.99, "random_state": 4012, "test_size": 0.2, "n": 392, "d": 7, "oob_score": 0.8682873191024287, "test_score": 0.830272400727571, "coverage": 0.9873417721518988, "width_mean": 2.2300386505560073, "width_sd": 0.17807886876655687, "width_min": 2.072822018029055, "width_q1": 2.1682403308929166, "width_q2": 2.1682403308929166, "width_q3": 2.184142724809253, "width_max": 2.9483037267247756}