{"data_name": "Automobile", "n_neighbors": 5, "level": 0.9, "random_state": 8935, "test_size": 0.2, "n": 159, "d": 18, "oob_score": 0.8693072662585798, "test_score": 0.8312250616835462, "coverage": 0.46875, "width_mean": 0.5748828308074518, "width_sd": 0.4201425546003938, "width_min": 0.17588849036278942, "width_q1": 0.21790857883962433, "width_q2": 0.32667829635948337, "width_q3": 0.8313481244449143, "width_max": 1.5404850882916379}