{"data_name": "AutoMPG", "n_neighbors": "auto", "level": 0.99, "random_state": 409, "test_size": 0.2, "n": 392, "d": 7, "oob_score": 0.873613218443993, "test_score": 0.8697573465366656, "coverage": 0.9240506329113924, "width_mean": 1.3417917302174776, "width_sd": 0.5380159613727465, "width_min": 0.5712704343054628, "width_q1": 0.9697787390293691, "width_q2": 1.22396453336818, "width_q3": 1.7368112011970356, "width_max": 3.083909392155533}