{"data_name": "AutoMPG", "n_neighbors": 100, "level": 0.95, "random_state": 1679, "test_size": 0.2, "n": 392, "d": 7, "oob_score": 0.8841654148898874, "test_score": 0.7068068026967194, "coverage": 0.9367088607594937, "width_mean": 1.6233550729076232, "width_sd": 0.0982348864116145, "width_min": 1.4186147444891155, "width_q1": 1.5870730888260942, "width_q2": 1.5917204549349844, "width_q3": 1.6760410872590923, "width_max": 1.9041274710159648}