{"data_name": "Automobile", "n_neighbors": 20, "level": 0.9, "random_state": 8935, "test_size": 0.2, "n": 159, "d": 18, "oob_score": 0.8693072662585798, "test_score": 0.8312250616835462, "coverage": 0.78125, "width_mean": 0.8402272555636304, "width_sd": 0.48924468007845057, "width_min": 0.2991422685904097, "width_q1": 0.41108869146024335, "width_q2": 0.6461504736079785, "width_q3": 1.2613184706228877, "width_max": 1.713654050299892}