{"data_name": "Automobile", "n_neighbors": 100, "level": 0.8, "random_state": 4012, "test_size": 0.2, "n": 159, "d": 18, "oob_score": 0.8522945874846946, "test_score": 0.8688630682210364, "coverage": 0.75, "width_mean": 0.6998802905031662, "width_sd": 0.04524676823991922, "width_min": 0.650183102567758, "width_q1": 0.6695639627035044, "width_q2": 0.6854144759680084, "width_q3": 0.7107822868565395, "width_max": 0.8716072294724957}