{"data_name": "AutoMPG", "n_neighbors": 200, "level": 0.95, "random_state": 1679, "test_size": 0.2, "n": 392, "d": 7, "oob_score": 0.8841654148898874, "test_score": 0.7068068026967194, "coverage": 0.8987341772151899, "width_mean": 1.4247974529608962, "width_sd": 0.0859033622268945, "width_min": 1.3654714527066876, "width_q1": 1.3654714527066878, "width_q2": 1.365471452706688, "width_q3": 1.4797782166634095, "width_max": 1.644421393485057}