{"data_name": "AutoMPG", "n_neighbors": 5, "level": 0.9, "random_state": 1679, "test_size": 0.2, "n": 392, "d": 7, "oob_score": 0.8841654148898874, "test_score": 0.7068068026967194, "coverage": 0.569620253164557, "width_mean": 0.7310337436956599, "width_sd": 0.5606634952350715, "width_min": 0.07389158267011253, "width_q1": 0.3950450996894381, "width_q2": 0.585952698454625, "width_q3": 0.7836632304135276, "width_max": 2.5978801443203765}