{"data_name": "AutoMPG", "n_neighbors": "auto", "level": 0.9, "random_state": 4506, "test_size": 0.2, "n": 392, "d": 7, "oob_score": 0.8797280377763067, "test_score": 0.8537841994056189, "coverage": 0.9113924050632911, "width_mean": 0.892400284866113, "width_sd": 0.3177467412121914, "width_min": 0.3372646273184623, "width_q1": 0.6471562356489992, "width_q2": 0.8561588021845122, "width_q3": 1.0886574563315043, "width_max": 1.6408645419660022}