{"data_name": "AutoMPG", "n_neighbors": 100, "level": 0.8, "random_state": 4012, "test_size": 0.2, "n": 392, "d": 7, "oob_score": 0.8682873191024287, "test_score": 0.830272400727571, "coverage": 0.759493670886076, "width_mean": 0.7198299159967365, "width_sd": 0.057123606850773716, "width_min": 0.5745700609346858, "width_q1": 0.6920874191802557, "width_q2": 0.7111011022892262, "width_q3": 0.752382959937867, "width_max": 0.9136926915036485}