{"data_name": "Automobile", "n_neighbors": 100, "level": 0.8, "random_state": 1424, "test_size": 0.2, "n": 159, "d": 18, "oob_score": 0.8664030167390175, "test_score": 0.8339000755683064, "coverage": 0.875, "width_mean": 0.7514954549173841, "width_sd": 0.03509115968904683, "width_min": 0.6909796780308612, "width_q1": 0.7398879257152773, "width_q2": 0.7452941217834606, "width_q3": 0.7724140204208108, "width_max": 0.855226120372123}