{"data_name": "Automobile", "n_neighbors": 10, "level": 0.95, "random_state": 3657, "test_size": 0.2, "n": 159, "d": 18, "oob_score": 0.8692184038972947, "test_score": 0.8717200968206692, "coverage": 0.84375, "width_mean": 0.8128195365672943, "width_sd": 0.6004260413627999, "width_min": 0.17519681614760696, "width_q1": 0.33800080709509506, "width_q2": 0.5109671297100259, "width_q3": 1.408387087446797, "width_max": 2.5197460594485523}