{"data_name": "Automobile", "n_neighbors": 100, "level": 0.95, "random_state": 8935, "test_size": 0.2, "n": 159, "d": 18, "oob_score": 0.8693072662585798, "test_score": 0.8312250616835462, "coverage": 0.90625, "width_mean": 1.3587203743638878, "width_sd": 0.09626543319875615, "width_min": 1.2619559938465728, "width_q1": 1.261955993846573, "width_q2": 1.3485661492555003, "width_q3": 1.4392908725261848, "width_max": 1.5259010279351122}