{"data_name": "Automobile", "n_neighbors": 10, "level": 0.8, "random_state": 1424, "test_size": 0.2, "n": 159, "d": 18, "oob_score": 0.8664030167390175, "test_score": 0.8339000755683064, "coverage": 0.625, "width_mean": 0.5737125987366745, "width_sd": 0.381813057823811, "width_min": 0.20088548877863166, "width_q1": 0.2464134673574831, "width_q2": 0.5056388991101017, "width_q3": 0.6999077659416661, "width_max": 1.4066302407095748}