{"data_name": "AutoMPG", "n_neighbors": "auto", "level": 0.9, "random_state": 9674, "test_size": 0.2, "n": 392, "d": 7, "oob_score": 0.8654202646985273, "test_score": 0.8681355028273156, "coverage": 0.8354430379746836, "width_mean": 0.9982378073948853, "width_sd": 0.4394524233310801, "width_min": 0.37462743169234014, "width_q1": 0.7271165136480972, "width_q2": 0.8879853521838946, "width_q3": 1.1958757168309089, "width_max": 2.201409540957096}