{"data_name": "Automobile", "n_neighbors": 20, "level": 0.99, "random_state": 4506, "test_size": 0.2, "n": 159, "d": 18, "oob_score": 0.8566365802219873, "test_score": 0.8770151412926152, "coverage": 0.96875, "width_mean": 1.5620675664125807, "width_sd": 0.8454274380284893, "width_min": 0.25718879177515364, "width_q1": 0.7776241717540286, "width_q2": 1.5775267680157334, "width_q3": 2.197077128749808, "width_max": 3.5188071195829105}