{"data_name": "Automobile", "n_neighbors": 50, "level": 0.99, "random_state": 409, "test_size": 0.2, "n": 159, "d": 18, "oob_score": 0.8519766348035276, "test_score": 0.8815905590616805, "coverage": 0.9375, "width_mean": 1.8384095280174204, "width_sd": 0.45906957202456894, "width_min": 1.2577214771843377, "width_q1": 1.4432132720954591, "width_q2": 1.7416745421548514, "width_q3": 2.150155629036707, "width_max": 3.065993725454354}