{"data_name": "AutoMPG", "n_neighbors": "all", "level": 0.9, "random_state": 4012, "test_size": 0.2, "n": 392, "d": 7, "oob_score": 0.8682873191024287, "test_score": 0.830272400727571, "coverage": 0.8987341772151899, "width_mean": 1.1141518494116656, "width_sd": 4.0590896491618073e-16, "width_min": 1.1141518494116651, "width_q1": 1.1141518494116651, "width_q2": 1.1141518494116651, "width_q3": 1.1141518494116651, "width_max": 1.1141518494116656}