{"data_name": "Automobile", "n_neighbors": 50, "level": 0.95, "random_state": 4506, "test_size": 0.2, "n": 159, "d": 18, "oob_score": 0.8566365802219873, "test_score": 0.8770151412926152, "coverage": 1.0, "width_mean": 1.598729696534146, "width_sd": 0.19198767237775663, "width_min": 1.1906348131004205, "width_q1": 1.5434014746816422, "width_q2": 1.5515526394433024, "width_q3": 1.701556777254555, "width_max": 1.9132708668507037}