{"data_name": "Automobile", "n_neighbors": 50, "level": 0.99, "random_state": 1824, "test_size": 0.2, "n": 159, "d": 18, "oob_score": 0.8588479891554553, "test_score": 0.8109657857398823, "coverage": 0.9375, "width_mean": 1.5374328184034987, "width_sd": 0.2718250286163747, "width_min": 1.173524524042923, "width_q1": 1.3466833560451286, "width_q2": 1.5252807659262424, "width_q3": 1.6355392986063175, "width_max": 2.296819910144773}