{"data_name": "Automobile", "n_neighbors": "auto", "level": 0.95, "random_state": 3657, "test_size": 0.2, "n": 159, "d": 18, "oob_score": 0.8692184038972947, "test_score": 0.8717200968206692, "coverage": 0.9375, "width_mean": 0.9929120955413815, "width_sd": 0.6083900323159571, "width_min": 0.26659688808050785, "width_q1": 0.4097121578267895, "width_q2": 0.9769157715236604, "width_q3": 1.673877083958046, "width_max": 2.1994933020823155}