{"data_name": "AutoMPG", "n_neighbors": 5, "level": 0.9, "random_state": 8935, "test_size": 0.2, "n": 392, "d": 7, "oob_score": 0.8697955317107033, "test_score": 0.8995431716592579, "coverage": 0.759493670886076, "width_mean": 0.6807168604823806, "width_sd": 0.430023486949166, "width_min": 0.1729662087577793, "width_q1": 0.38856657508790493, "width_q2": 0.5544692583825381, "width_q3": 0.8278291539379705, "width_max": 2.191324792357172}