{"data_name": "AutoMPG", "n_neighbors": "all", "level": 0.9, "random_state": 1679, "test_size": 0.2, "n": 392, "d": 7, "oob_score": 0.8841654148898874, "test_score": 0.7068068026967194, "coverage": 0.8354430379746836, "width_mean": 1.1027583626610336, "width_sd": 1.9670822728128217e-16, "width_min": 1.1027583626610333, "width_q1": 1.1027583626610333, "width_q2": 1.1027583626610333, "width_q3": 1.1027583626610333, "width_max": 1.1027583626610338}