{"data_name": "Automobile", "n_neighbors": 10, "level": 0.99, "random_state": 1424, "test_size": 0.2, "n": 159, "d": 18, "oob_score": 0.8664030167390175, "test_score": 0.8339000755683064, "coverage": 0.84375, "width_mean": 0.9085431488767309, "width_sd": 0.6192991827236518, "width_min": 0.24888274256217602, "width_q1": 0.4399779298359126, "width_q2": 0.5831672150031542, "width_q3": 1.429167798765896, "width_max": 2.373168606028366}