{"data_name": "Automobile", "n_neighbors": 5, "level": 0.99, "random_state": 1824, "test_size": 0.2, "n": 159, "d": 18, "oob_score": 0.8588479891554553, "test_score": 0.8109657857398823, "coverage": 0.625, "width_mean": 0.6582261956745262, "width_sd": 0.46112664392989894, "width_min": 0.12118745990677804, "width_q1": 0.2811928055998658, "width_q2": 0.4830778371646276, "width_q3": 0.974369407863424, "width_max": 1.6715884911697976}