{"data_name": "Automobile", "n_neighbors": 5, "level": 0.95, "random_state": 2286, "test_size": 0.2, "n": 159, "d": 18, "oob_score": 0.8644023473385436, "test_score": 0.7903757119998178, "coverage": 0.75, "width_mean": 0.6956269662846346, "width_sd": 0.5686314340147169, "width_min": 0.13047034402952162, "width_q1": 0.25328397627174304, "width_q2": 0.4607015072279651, "width_q3": 0.8532500651603543, "width_max": 1.924316800778946}