{"data_name": "AutoMPG", "n_neighbors": 20, "level": 0.9, "random_state": 4506, "test_size": 0.2, "n": 392, "d": 7, "oob_score": 0.8797280377763067, "test_score": 0.8537841994056189, "coverage": 0.8860759493670886, "width_mean": 0.8720076340439493, "width_sd": 0.313646758710477, "width_min": 0.3511346888320179, "width_q1": 0.6572886837903518, "width_q2": 0.8045384451325472, "width_q3": 1.0474233276891747, "width_max": 1.62686178429911}