{"data_name": "Automobile", "n_neighbors": 100, "level": 0.8, "random_state": 409, "test_size": 0.2, "n": 159, "d": 18, "oob_score": 0.8519766348035276, "test_score": 0.8815905590616805, "coverage": 0.75, "width_mean": 0.7534228436915625, "width_sd": 0.020836288483025052, "width_min": 0.7036235589771072, "width_q1": 0.7391282695518919, "width_q2": 0.740153779625929, "width_q3": 0.7778214948932285, "width_max": 0.7812822665952492}