{"data_name": "AutoMPG", "n_neighbors": "auto", "level": 0.9, "random_state": 1424, "test_size": 0.2, "n": 392, "d": 7, "oob_score": 0.8801327199077152, "test_score": 0.8257442684555709, "coverage": 0.8227848101265823, "width_mean": 0.935241369481887, "width_sd": 0.37788670597292334, "width_min": 0.37679772837743064, "width_q1": 0.7033222527552412, "width_q2": 0.8520228344037629, "width_q3": 1.0785596078339115, "width_max": 2.2333882170647685}