{"data_name": "Automobile", "n_neighbors": "all", "level": 0.99, "random_state": 2286, "test_size": 0.2, "n": 159, "d": 18, "oob_score": 0.8644023473385436, "test_score": 0.7903757119998178, "coverage": 0.96875, "width_mean": 2.2829045901102454, "width_sd": 3.764949453935611e-16, "width_min": 2.282904590110245, "width_q1": 2.282904590110245, "width_q2": 2.282904590110245, "width_q3": 2.2829045901102454, "width_max": 2.2829045901102454}