{"data_name": "AutoMPG", "n_neighbors": 20, "level": 0.95, "random_state": 1824, "test_size": 0.2, "n": 392, "d": 7, "oob_score": 0.8574960578352374, "test_score": 0.9358618730412818, "coverage": 0.9620253164556962, "width_mean": 1.142436678095549, "width_sd": 0.4687533209251508, "width_min": 0.436333550592374, "width_q1": 0.8261416924438276, "width_q2": 0.9934921157015815, "width_q3": 1.456031549679769, "width_max": 2.4460975105166556}