{"data_name": "AutoMPG", "n_neighbors": 100, "level": 0.95, "random_state": 9674, "test_size": 0.2, "n": 392, "d": 7, "oob_score": 0.8654202646985273, "test_score": 0.8681355028273156, "coverage": 0.8987341772151899, "width_mean": 1.4463030277540903, "width_sd": 0.12625958335380683, "width_min": 1.3214859695121919, "width_q1": 1.321485969512192, "width_q2": 1.4071185503281374, "width_q3": 1.5014540394193445, "width_max": 1.7763184884612495}