{"data_name": "AutoMPG", "n_neighbors": 50, "level": 0.8, "random_state": 8935, "test_size": 0.2, "n": 392, "d": 7, "oob_score": 0.8697955317107033, "test_score": 0.8995431716592579, "coverage": 0.759493670886076, "width_mean": 0.6579175122809962, "width_sd": 0.12026250256546299, "width_min": 0.4037804525977553, "width_q1": 0.5609407191175582, "width_q2": 0.638014888825734, "width_q3": 0.727955345025805, "width_max": 1.0242271218090273}