{"data_name": "Automobile", "n_neighbors": 100, "level": 0.99, "random_state": 3657, "test_size": 0.2, "n": 159, "d": 18, "oob_score": 0.8692184038972947, "test_score": 0.8717200968206692, "coverage": 1.0, "width_mean": 2.545531095269649, "width_sd": 0.0065717020152757785, "width_min": 2.5411004546748006, "width_q1": 2.541100454674801, "width_q2": 2.541100454674801, "width_q3": 2.5552785045783155, "width_max": 2.555278504578316}