{"data_name": "Automobile", "n_neighbors": 50, "level": 0.95, "random_state": 9674, "test_size": 0.2, "n": 159, "d": 18, "oob_score": 0.8699874769997047, "test_score": 0.8272790284099117, "coverage": 0.9375, "width_mean": 1.3981744810377021, "width_sd": 0.16331846501757719, "width_min": 1.0402130569885957, "width_q1": 1.308009447623418, "width_q2": 1.4603751764810218, "width_q3": 1.5367844475630272, "width_max": 1.6421247673978785}