{"data_name": "AutoMPG", "n_neighbors": 5, "level": 0.95, "random_state": 9674, "test_size": 0.2, "n": 392, "d": 7, "oob_score": 0.8654202646985273, "test_score": 0.8681355028273156, "coverage": 0.620253164556962, "width_mean": 0.8465429940465458, "width_sd": 0.6171408619448774, "width_min": 0.05337617149927637, "width_q1": 0.40982018662696235, "width_q2": 0.6788920090789062, "width_q3": 1.0338640630887128, "width_max": 2.882868179558343}