{"data_name": "AutoMPG", "n_neighbors": 20, "level": 0.99, "random_state": 4506, "test_size": 0.2, "n": 392, "d": 7, "oob_score": 0.8797280377763067, "test_score": 0.8537841994056189, "coverage": 0.9240506329113924, "width_mean": 1.2174604027307938, "width_sd": 0.4643551590745616, "width_min": 0.4327132050260454, "width_q1": 0.8609141024878012, "width_q2": 1.1336070202398076, "width_q3": 1.5266708557397504, "width_max": 2.2085588054091723}