{"data_name": "Automobile", "n_neighbors": 50, "level": 0.8, "random_state": 1424, "test_size": 0.2, "n": 159, "d": 18, "oob_score": 0.8664030167390175, "test_score": 0.8339000755683064, "coverage": 0.78125, "width_mean": 0.6818423224359954, "width_sd": 0.1269285456538547, "width_min": 0.41214487381054654, "width_q1": 0.5875801672107903, "width_q2": 0.6732160537484352, "width_q3": 0.7538217352461093, "width_max": 0.9223307606739416}