{"data_name": "AutoMPG", "n_neighbors": 100, "level": 0.9, "random_state": 3657, "test_size": 0.2, "n": 392, "d": 7, "oob_score": 0.8839096984781822, "test_score": 0.8393852475719903, "coverage": 0.8734177215189873, "width_mean": 1.0385567299562486, "width_sd": 0.12065042424011946, "width_min": 0.7867233447816517, "width_q1": 0.9560454564383091, "width_q2": 1.0402725683713268, "width_q3": 1.1485738246880837, "width_max": 1.2535752740208517}