{"data_name": "Automobile", "n_neighbors": 50, "level": 0.9, "random_state": 1679, "test_size": 0.2, "n": 159, "d": 18, "oob_score": 0.8692324091789436, "test_score": 0.8180363641383057, "coverage": 0.8125, "width_mean": 1.0136676481435885, "width_sd": 0.22983348941465628, "width_min": 0.5666703441000067, "width_q1": 0.8521034491622925, "width_q2": 1.0697421826612283, "width_q3": 1.1543687405462475, "width_max": 1.4379155376045754}