{"data_name": "Automobile", "n_neighbors": "auto", "level": 0.8, "random_state": 409, "test_size": 0.2, "n": 159, "d": 18, "oob_score": 0.8519766348035276, "test_score": 0.8815905590616805, "coverage": 0.625, "width_mean": 0.6990717138248417, "width_sd": 0.4531287724080968, "width_min": 0.15773060419639484, "width_q1": 0.27496582614646503, "width_q2": 0.5269225542668712, "width_q3": 1.1286754917359896, "width_max": 1.6267699986798538}