{"data_name": "AutoMPG", "n_neighbors": 10, "level": 0.8, "random_state": 409, "test_size": 0.2, "n": 392, "d": 7, "oob_score": 0.873613218443993, "test_score": 0.8697573465366656, "coverage": 0.7088607594936709, "width_mean": 0.6391943766694853, "width_sd": 0.29574924862939783, "width_min": 0.19106575662781367, "width_q1": 0.40923499804907787, "width_q2": 0.5452985471734808, "width_q3": 0.8728005574703228, "width_max": 1.4275617902647229}