{"data_name": "BeijingPM25", "n_neighbors": 100, "level": 0.95, "random_state": 8935, "test_size": 0.2, "n": 41757, "d": 11, "oob_score": 0.8375501918171003, "test_score": 0.8449672183197039, "coverage": 0.9537835249042146, "width_mean": 1.4094022823256454, "width_sd": 0.3874965004255955, "width_min": 0.5582676137402114, "width_q1": 1.1463311616038567, "width_q2": 1.3654525466325462, "width_q3": 1.6096496403750276, "width_max": 4.637970381902139}