{"data_name": "BeijingPM25", "n_neighbors": 5, "level": 0.99, "random_state": 8935, "test_size": 0.2, "n": 41757, "d": 11, "oob_score": 0.8375501918171003, "test_score": 0.8449672183197039, "coverage": 0.7537116858237548, "width_mean": 0.7747957086472855, "width_sd": 0.724697667517082, "width_min": 0.012618660304352103, "width_q1": 0.3075498937722834, "width_q2": 0.5785758150898892, "width_q3": 1.012920494100749, "width_max": 11.24533581440998}