{"data_name": "BeijingPM25", "n_neighbors": 50, "level": 0.8, "random_state": 409, "test_size": 0.2, "n": 41757, "d": 11, "oob_score": 0.8355531854836717, "test_score": 0.8509851916299557, "coverage": 0.8332136015325671, "width_mean": 0.7767107854157395, "width_sd": 0.39649567280591647, "width_min": 0.05597340325615496, "width_q1": 0.5066997700411723, "width_q2": 0.7256976650905189, "width_q3": 0.9917140010214908, "width_max": 3.6358540214997594}