{"data_name": "BeijingPM25", "n_neighbors": 1000, "level": 0.8, "random_state": 1824, "test_size": 0.2, "n": 41757, "d": 11, "oob_score": 0.838495396801478, "test_score": 0.8437558349859693, "coverage": 0.8104645593869731, "width_mean": 0.7981528108603082, "width_sd": 0.020329957705969636, "width_min": 0.7342219763029942, "width_q1": 0.7818404209989184, "width_q2": 0.797937880279574, "width_q3": 0.8119277952929467, "width_max": 0.8865609292985617}