{"data_name": "BeijingPM25", "n_neighbors": 500, "level": 0.8, "random_state": 4012, "test_size": 0.2, "n": 41757, "d": 11, "oob_score": 0.8395786052284012, "test_score": 0.8494131580957804, "coverage": 0.8163314176245211, "width_mean": 0.7854045846298652, "width_sd": 0.031038584552635713, "width_min": 0.6919043133313887, "width_q1": 0.7616199939022408, "width_q2": 0.7790823716842219, "width_q3": 0.802791713699488, "width_max": 0.9379611944726616}