{"data_name": "BeijingPM25", "n_neighbors": 20, "level": 0.9, "random_state": 1679, "test_size": 0.2, "n": 41757, "d": 11, "oob_score": 0.8434047757867471, "test_score": 0.8239397742007414, "coverage": 0.8746408045977011, "width_mean": 0.9702448029995508, "width_sd": 0.6236327557746945, "width_min": 0.04780482090549443, "width_q1": 0.5382918875551141, "width_q2": 0.8425891587547091, "width_q3": 1.2774138539943114, "width_max": 8.016124679644562}