{"data_name": "BeijingPM25", "n_neighbors": 50, "level": 0.9, "random_state": 2286, "test_size": 0.2, "n": 41757, "d": 11, "oob_score": 0.8407089241347666, "test_score": 0.8582638291420444, "coverage": 0.9275622605363985, "width_mean": 1.2147965658659443, "width_sd": 0.4931508916241374, "width_min": 0.08211509107336723, "width_q1": 0.9281297174051809, "width_q2": 1.2173920342412734, "width_q3": 1.4702413265279168, "width_max": 4.678039141297022}