{"data_name": "BeijingPM25", "n_neighbors": 500, "level": 0.99, "random_state": 1424, "test_size": 0.2, "n": 41757, "d": 11, "oob_score": 0.8385690988105458, "test_score": 0.8589476489119774, "coverage": 0.9935344827586207, "width_mean": 2.928578591364486, "width_sd": 0.2912461866021032, "width_min": 2.3110276239509178, "width_q1": 2.787496812604314, "width_q2": 3.1269289318481497, "width_q3": 3.128208965064391, "width_max": 4.8895728673573675}