{"data_name": "BeijingPM25", "n_neighbors": 5, "level": 0.99, "random_state": 409, "test_size": 0.2, "n": 41757, "d": 11, "oob_score": 0.8355531854836717, "test_score": 0.8509851916299557, "coverage": 0.7498802681992337, "width_mean": 0.7650150539135295, "width_sd": 0.7151051526684924, "width_min": 0.012149905654383786, "width_q1": 0.29609817285190254, "width_q2": 0.5729065164355993, "width_q3": 1.0110016196121245, "width_max": 10.681975719302018}