{"data_name": "BeijingPM25", "n_neighbors": 10000, "level": 0.8, "random_state": 409, "test_size": 0.2, "n": 41757, "d": 11, "oob_score": 0.8355531854836717, "test_score": 0.8509851916299557, "coverage": 0.8092672413793104, "width_mean": 0.7681560746827566, "width_sd": 0.0012483882302072528, "width_min": 0.7648573718778267, "width_q1": 0.7672223956600637, "width_q2": 0.7678537758719908, "width_q3": 0.7689383954311602, "width_max": 0.7743564384781382}