{"data_name": "BeijingPM25", "n_neighbors": 50, "level": 0.95, "random_state": 4012, "test_size": 0.2, "n": 41757, "d": 11, "oob_score": 0.8395786052284012, "test_score": 0.8494131580957804, "coverage": 0.9545019157088123, "width_mean": 1.398704600117536, "width_sd": 0.6205789643771005, "width_min": 0.08081997585776646, "width_q1": 1.0573232365370464, "width_q2": 1.2945655787002193, "width_q3": 1.6367389093423044, "width_max": 7.601372542581451}