{"data_name": "BeijingPM25", "n_neighbors": 2000, "level": 0.8, "random_state": 4012, "test_size": 0.2, "n": 41757, "d": 11, "oob_score": 0.8395786052284012, "test_score": 0.8494131580957804, "coverage": 0.8107040229885057, "width_mean": 0.7751189432423122, "width_sd": 0.011118525685070735, "width_min": 0.753814986627073, "width_q1": 0.767618472742684, "width_q2": 0.7742915321597873, "width_q3": 0.7828955641193157, "width_max": 0.811140396316711}