{"data_name": "BeijingPM25", "n_neighbors": "auto", "level": 0.99, "random_state": 3657, "test_size": 0.2, "n": 41757, "d": 11, "oob_score": 0.8351400204634567, "test_score": 0.8469577428791877, "coverage": 0.9700670498084292, "width_mean": 1.696730741660061, "width_sd": 1.115716895170985, "width_min": 0.06522871518213358, "width_q1": 0.9702897550338603, "width_q2": 1.4855268452303867, "width_q3": 2.172642260570551, "width_max": 9.830513438071579}