{"data_name": "BeijingPM25", "n_neighbors": 200, "level": 0.9, "random_state": 8935, "test_size": 0.2, "n": 41757, "d": 11, "oob_score": 0.8375501918171003, "test_score": 0.8449672183197039, "coverage": 0.913433908045977, "width_mean": 1.1295533323144509, "width_sd": 0.17984086569253252, "width_min": 0.7293884618196331, "width_q1": 1.0142431311078153, "width_q2": 1.124166157957153, "width_q3": 1.2265350600757616, "width_max": 2.3136297544088444}