{"data_name": "BeijingPM25", "n_neighbors": "all", "level": 0.9, "random_state": 2286, "test_size": 0.2, "n": 41757, "d": 11, "oob_score": 0.8407089241347666, "test_score": 0.8582638291420444, "coverage": 0.9022988505747126, "width_mean": 1.1639659140771652, "width_sd": 1.0822206501122034e-16, "width_min": 1.1639659140771648, "width_q1": 1.1639659140771652, "width_q2": 1.1639659140771652, "width_q3": 1.1639659140771652, "width_max": 1.1639659140771657}