{"data_name": "BeijingPM25", "n_neighbors": 1000, "level": 0.9, "random_state": 4012, "test_size": 0.2, "n": 41757, "d": 11, "oob_score": 0.8395786052284012, "test_score": 0.8494131580957804, "coverage": 0.90625, "width_mean": 1.1835588244321003, "width_sd": 0.0355134183842972, "width_min": 1.0983068776635103, "width_q1": 1.1553993592260543, "width_q2": 1.183769760240399, "width_q3": 1.2010916907786502, "width_max": 1.3447734331653813}