{"data_name": "BeijingPM25", "n_neighbors": 10, "level": 0.95, "random_state": 9674, "test_size": 0.2, "n": 41757, "d": 11, "oob_score": 0.8437565473711972, "test_score": 0.8368503014383615, "coverage": 0.8651819923371648, "width_mean": 1.0037232415769743, "width_sd": 0.7672275819113293, "width_min": 0.03453655677487799, "width_q1": 0.5028900695113321, "width_q2": 0.8281231072139041, "width_q3": 1.3055144894009674, "width_max": 9.388031679938274}