{"data_name": "BeijingPM25", "n_neighbors": 200, "level": 0.95, "random_state": 4012, "test_size": 0.2, "n": 41757, "d": 11, "oob_score": 0.8395786052284012, "test_score": 0.8494131580957804, "coverage": 0.9591714559386973, "width_mean": 1.6032595250285324, "width_sd": 0.19253173832586942, "width_min": 1.0819392786871327, "width_q1": 1.478038129659716, "width_q2": 1.5745651686807614, "width_q3": 1.6670550529570352, "width_max": 4.156097975071663}