{"data_name": "BeijingPM25", "n_neighbors": 100, "level": 0.95, "random_state": 4506, "test_size": 0.2, "n": 41757, "d": 11, "oob_score": 0.8368989984867519, "test_score": 0.8555127714727121, "coverage": 0.9604885057471264, "width_mean": 1.4935022360956098, "width_sd": 0.4419053806222353, "width_min": 0.43310425107667117, "width_q1": 1.196548702935507, "width_q2": 1.4097640341493656, "width_q3": 1.7564990750315157, "width_max": 4.608567629102156}