{"data_name": "BeijingPM25", "n_neighbors": "all", "level": 0.8, "random_state": 4012, "test_size": 0.2, "n": 41757, "d": 11, "oob_score": 0.8395786052284012, "test_score": 0.8494131580957804, "coverage": 0.8002873563218391, "width_mean": 0.7557494623742365, "width_sd": 2.1046356671053524e-16, "width_min": 0.755749462374236, "width_q1": 0.7557494623742362, "width_q2": 0.7557494623742362, "width_q3": 0.7557494623742363, "width_max": 0.7557494623742365}