{"data_name": "BeijingPM25", "n_neighbors": 200, "level": 0.8, "random_state": 8935, "test_size": 0.2, "n": 41757, "d": 11, "oob_score": 0.8375501918171003, "test_score": 0.8449672183197039, "coverage": 0.8146551724137931, "width_mean": 0.7352391655224068, "width_sd": 0.08843959779415154, "width_min": 0.4786194518148156, "width_q1": 0.6801173786630818, "width_q2": 0.7294105039122238, "width_q3": 0.7830741903917195, "width_max": 1.274519027592781}