{"data_name": "BeijingPM25", "n_neighbors": "all", "level": 0.8, "random_state": 4506, "test_size": 0.2, "n": 41757, "d": 11, "oob_score": 0.8368989984867519, "test_score": 0.8555127714727121, "coverage": 0.8090277777777778, "width_mean": 0.7620384524808477, "width_sd": 8.353216177849797e-17, "width_min": 0.762038452480847, "width_q1": 0.7620384524808477, "width_q2": 0.7620384524808477, "width_q3": 0.7620384524808477, "width_max": 0.7620384524808479}