{"data_name": "BeijingPM25", "n_neighbors": "auto", "level": 0.95, "random_state": 1424, "test_size": 0.2, "n": 41757, "d": 11, "oob_score": 0.8385690988105458, "test_score": 0.8589476489119774, "coverage": 0.9445641762452107, "width_mean": 1.3031938992659213, "width_sd": 0.774299167610523, "width_min": 0.0650655822554983, "width_q1": 0.7841712791349756, "width_q2": 1.1791337204545158, "width_q3": 1.6971526103178536, "width_max": 9.285070189636963}