{"data_name": "BeijingPM25", "n_neighbors": 2000, "level": 0.8, "random_state": 1679, "test_size": 0.2, "n": 41757, "d": 11, "oob_score": 0.8434047757867471, "test_score": 0.8239397742007414, "coverage": 0.8059147509578544, "width_mean": 0.7564089889417112, "width_sd": 0.00670072176221388, "width_min": 0.7292137723965715, "width_q1": 0.7520523556733858, "width_q2": 0.7543715318104379, "width_q3": 0.7602922173328612, "width_max": 0.7888025713415481}