{"data_name": "BeijingPM25", "n_neighbors": 500, "level": 0.8, "random_state": 3657, "test_size": 0.2, "n": 41757, "d": 11, "oob_score": 0.8351400204634567, "test_score": 0.8469577428791877, "coverage": 0.8145354406130269, "width_mean": 0.7886978011968129, "width_sd": 0.05402561338449992, "width_min": 0.6734816332868453, "width_q1": 0.7485400646509375, "width_q2": 0.7770745127678536, "width_q3": 0.8185791310754383, "width_max": 1.0660087170495336}