{"data_name": "BeijingPM25", "n_neighbors": 100, "level": 0.9, "random_state": 8935, "test_size": 0.2, "n": 41757, "d": 11, "oob_score": 0.8375501918171003, "test_score": 0.8449672183197039, "coverage": 0.907926245210728, "width_mean": 1.0259459203251975, "width_sd": 0.30580907661806156, "width_min": 0.4125890999883327, "width_q1": 0.8027389787065141, "width_q2": 0.9438609269480893, "width_q3": 1.1937379141079154, "width_max": 3.2442059022885825}