{"data_name": "BeijingPM25", "n_neighbors": 10, "level": 0.8, "random_state": 2286, "test_size": 0.2, "n": 41757, "d": 11, "oob_score": 0.8407089241347666, "test_score": 0.8582638291420444, "coverage": 0.7503591954022989, "width_mean": 0.682320288653062, "width_sd": 0.5197717210153081, "width_min": 0.026483494952732056, "width_q1": 0.3273358403320695, "width_q2": 0.5615771752241565, "width_q3": 0.891076053191206, "width_max": 8.29512431264553}