{"data_name": "BeijingPM25", "n_neighbors": 10000, "level": 0.99, "random_state": 1824, "test_size": 0.2, "n": 41757, "d": 11, "oob_score": 0.838495396801478, "test_score": 0.8437558349859693, "coverage": 0.9914990421455939, "width_mean": 2.9527700091812257, "width_sd": 0.018303810561544325, "width_min": 2.9042346347707144, "width_q1": 2.94411109026632, "width_q2": 2.9453839339174266, "width_q3": 2.96730298566708, "width_max": 3.032523038083643}