{"data_name": "BeijingPM25", "n_neighbors": "all", "level": 0.9, "random_state": 1824, "test_size": 0.2, "n": 41757, "d": 11, "oob_score": 0.838495396801478, "test_score": 0.8437558349859693, "coverage": 0.8976293103448276, "width_mean": 1.1796632784957337, "width_sd": 1.220887574827701e-16, "width_min": 1.1796632784957333, "width_q1": 1.1796632784957337, "width_q2": 1.1796632784957337, "width_q3": 1.1796632784957337, "width_max": 1.1796632784957337}