{"data_name": "BeijingPM25", "n_neighbors": 2000, "level": 0.99, "random_state": 1824, "test_size": 0.2, "n": 41757, "d": 11, "oob_score": 0.838495396801478, "test_score": 0.8437558349859693, "coverage": 0.9931752873563219, "width_mean": 3.1798282806358102, "width_sd": 0.03534421716837588, "width_min": 3.1024104004344286, "width_q1": 3.1734317337263906, "width_q2": 3.1734317337263906, "width_q3": 3.173431733726391, "width_max": 3.522256671966681}