{"data_name": "BeijingPM25", "n_neighbors": 5, "level": 0.99, "random_state": 4012, "test_size": 0.2, "n": 41757, "d": 11, "oob_score": 0.8395786052284012, "test_score": 0.8494131580957804, "coverage": 0.7594588122605364, "width_mean": 0.7769213927749683, "width_sd": 0.7207376134775936, "width_min": 0.00950238711000928, "width_q1": 0.3123485759097884, "width_q2": 0.5722896766328174, "width_q3": 1.0140574101755104, "width_max": 10.357589353437842}