{"data_name": "BeijingPM25", "n_neighbors": 5, "level": 0.9, "random_state": 9674, "test_size": 0.2, "n": 41757, "d": 11, "oob_score": 0.8437565473711972, "test_score": 0.8368503014383615, "coverage": 0.7054597701149425, "width_mean": 0.6734049550918744, "width_sd": 0.6004585987062182, "width_min": 0.010129028034006282, "width_q1": 0.27263724483631135, "width_q2": 0.5161609331626149, "width_q3": 0.8786271890071501, "width_max": 7.597861733506155}