{"data_name": "BeijingPM25", "n_neighbors": "all", "level": 0.99, "random_state": 1824, "test_size": 0.2, "n": 41757, "d": 11, "oob_score": 0.838495396801478, "test_score": 0.8437558349859693, "coverage": 0.9910201149425287, "width_mean": 2.883336801720679, "width_sd": 4.731784461841416e-16, "width_min": 2.883336801720678, "width_q1": 2.8833368017206786, "width_q2": 2.8833368017206786, "width_q3": 2.8833368017206786, "width_max": 2.883336801720679}