{"data_name": "BeijingPM25", "n_neighbors": 10000, "level": 0.95, "random_state": 1824, "test_size": 0.2, "n": 41757, "d": 11, "oob_score": 0.838495396801478, "test_score": 0.8437558349859693, "coverage": 0.9505507662835249, "width_mean": 1.66895155376304, "width_sd": 0.0035416832063299417, "width_min": 1.659294827428131, "width_q1": 1.665363261701584, "width_q2": 1.6695132852100731, "width_q3": 1.6716810835197453, "width_max": 1.6907423646666002}