{"data_name": "BeijingPM25", "n_neighbors": 100, "level": 0.95, "random_state": 4506, "test_size": 0.2, "n": 41757, "d": 11, "oob_score": 0.8368989984867519, "test_score": 0.8555127714727121, "coverage": 0.9585727969348659, "width_mean": 1.4836720983475213, "width_sd": 0.4392387222249827, "width_min": 0.4293087397127693, "width_q1": 1.1819284037748872, "width_q2": 1.4052987840163147, "width_q3": 1.754899372093558, "width_max": 4.608567629102156}