{"data_name": "BeijingPM25", "n_neighbors": 200, "level": 0.9, "random_state": 4506, "test_size": 0.2, "n": 41757, "d": 11, "oob_score": 0.8368989984867519, "test_score": 0.8555127714727121, "coverage": 0.921455938697318, "width_mean": 1.1639667159326406, "width_sd": 0.1907610428749829, "width_min": 0.716650050430518, "width_q1": 1.0148879906715422, "width_q2": 1.124133375471141, "width_q3": 1.2895358005270043, "width_max": 2.3949090850138846}