{"data_name": "BeijingPM25", "n_neighbors": 10, "level": 0.9, "random_state": 8935, "test_size": 0.2, "n": 41757, "d": 11, "oob_score": 0.8375501918171003, "test_score": 0.8449672183197039, "coverage": 0.8370450191570882, "width_mean": 0.9042280223154125, "width_sd": 0.6779936148989816, "width_min": 0.02201606191966099, "width_q1": 0.4496004532134742, "width_q2": 0.7482920694014293, "width_q3": 1.184715873625799, "width_max": 9.408684967442257}