{"data_name": "BeijingPM25", "n_neighbors": 5, "level": 0.95, "random_state": 409, "test_size": 0.2, "n": 41757, "d": 11, "oob_score": 0.8355531854836717, "test_score": 0.8509851916299557, "coverage": 0.7333572796934866, "width_mean": 0.7288275647084939, "width_sd": 0.6837107032423553, "width_min": 0.011805219731515604, "width_q1": 0.2799672460407653, "width_q2": 0.5463456644597229, "width_q3": 0.9607511212650854, "width_max": 9.877979926099272}