{"data_name": "BeijingPM25", "n_neighbors": 1000, "level": 0.8, "random_state": 4012, "test_size": 0.2, "n": 41757, "d": 11, "oob_score": 0.8395786052284012, "test_score": 0.8494131580957804, "coverage": 0.8170498084291188, "width_mean": 0.7900405729234801, "width_sd": 0.0170611138042313, "width_min": 0.7463945247145674, "width_q1": 0.7758928742903377, "width_q2": 0.7840524378300533, "width_q3": 0.7992739250354152, "width_max": 0.8816348827542888}