{"data_name": "BeijingPM25", "n_neighbors": "auto", "level": 0.99, "random_state": 409, "test_size": 0.2, "n": 41757, "d": 11, "oob_score": 0.8355531854836717, "test_score": 0.8509851916299557, "coverage": 0.9698275862068966, "width_mean": 1.6967606820024375, "width_sd": 1.0901307186723446, "width_min": 0.08645997573114683, "width_q1": 0.9947512946043348, "width_q2": 1.5030361281422508, "width_q3": 2.1877141470178247, "width_max": 10.118347582816767}