{"data_name": "BeijingPM25", "n_neighbors": 50, "level": 0.99, "random_state": 2286, "test_size": 0.2, "n": 41757, "d": 11, "oob_score": 0.8407089241347666, "test_score": 0.8582638291420444, "coverage": 0.9819204980842912, "width_mean": 2.095163423707097, "width_sd": 0.9606129258101468, "width_min": 0.13199653442277592, "width_q1": 1.6139405742308055, "width_q2": 1.879351091644546, "width_q3": 2.548784599454552, "width_max": 10.344843251103347}