{"data_name": "BeijingPM25", "n_neighbors": 50, "level": 0.8, "random_state": 4012, "test_size": 0.2, "n": 41757, "d": 11, "oob_score": 0.8395786052284012, "test_score": 0.8494131580957804, "coverage": 0.8311781609195402, "width_mean": 0.7828048287167879, "width_sd": 0.3566934450961975, "width_min": 0.04551475666704974, "width_q1": 0.5600691548446055, "width_q2": 0.7470608657097162, "width_q3": 0.9692707556660796, "width_max": 3.90074868196931}