{"data_name": "BeijingPM25", "n_neighbors": "auto", "level": 0.8, "random_state": 2286, "test_size": 0.2, "n": 41757, "d": 11, "oob_score": 0.8407089241347666, "test_score": 0.8582638291420444, "coverage": 0.8093869731800766, "width_mean": 0.7500699131488945, "width_sd": 0.45673576676632704, "width_min": 0.04237217912025448, "width_q1": 0.431161564632268, "width_q2": 0.6712982383293405, "width_q3": 0.992841431919472, "width_max": 3.9776054966254013}