{"data_name": "BeijingPM25", "n_neighbors": 500, "level": 0.95, "random_state": 3657, "test_size": 0.2, "n": 41757, "d": 11, "oob_score": 0.8351400204634567, "test_score": 0.8469577428791877, "coverage": 0.9681513409961686, "width_mean": 1.8853848339361334, "width_sd": 0.061937278143672087, "width_min": 1.7508678609335322, "width_q1": 1.8536775601123932, "width_q2": 1.865072959142064, "width_q3": 1.8808031671114396, "width_max": 2.4800215055332733}