{"data_name": "BeijingPM25", "n_neighbors": 50, "level": 0.8, "random_state": 3657, "test_size": 0.2, "n": 41757, "d": 11, "oob_score": 0.8351400204634567, "test_score": 0.8469577428791877, "coverage": 0.8175287356321839, "width_mean": 0.7291177418771723, "width_sd": 0.37088085666205056, "width_min": 0.05931350678932079, "width_q1": 0.4793056962413117, "width_q2": 0.668170382611241, "width_q3": 0.9115440723048345, "width_max": 3.1657214886155756}