{"data_name": "BeijingPM25", "n_neighbors": 2000, "level": 0.95, "random_state": 4506, "test_size": 0.2, "n": 41757, "d": 11, "oob_score": 0.8368989984867519, "test_score": 0.8555127714727121, "coverage": 0.9549808429118773, "width_mean": 1.654035796927557, "width_sd": 0.027944558454640417, "width_min": 1.6312041782267144, "width_q1": 1.6356177706751354, "width_q2": 1.6404818251230284, "width_q3": 1.6617461629048593, "width_max": 1.8779731406535625}