{"data_name": "BeijingPM25", "n_neighbors": 50, "level": 0.99, "random_state": 3657, "test_size": 0.2, "n": 41757, "d": 11, "oob_score": 0.8351400204634567, "test_score": 0.8469577428791877, "coverage": 0.9807231800766284, "width_mean": 1.8969020264351626, "width_sd": 0.9829773565874642, "width_min": 0.12705985708212864, "width_q1": 1.3094330640346383, "width_q2": 1.7068686034210163, "width_q3": 2.2430562910100975, "width_max": 9.711042664252435}