{"data_name": "BeijingPM25", "n_neighbors": 200, "level": 0.99, "random_state": 1679, "test_size": 0.2, "n": 41757, "d": 11, "oob_score": 0.8434047757867471, "test_score": 0.8239397742007414, "coverage": 0.9880268199233716, "width_mean": 2.4039983403860137, "width_sd": 0.2957522624216987, "width_min": 1.9034697166862422, "width_q1": 2.3323944507661696, "width_q2": 2.3323944507661696, "width_q3": 2.367071421815405, "width_max": 7.938248752841517}