{"data_name": "BeijingPM25", "n_neighbors": 100, "level": 0.9, "random_state": 9674, "test_size": 0.2, "n": 41757, "d": 11, "oob_score": 0.8437565473711972, "test_score": 0.8368503014383615, "coverage": 0.9310344827586207, "width_mean": 1.1971832117775625, "width_sd": 0.252707048997034, "width_min": 0.369311329741271, "width_q1": 1.0409213068791399, "width_q2": 1.1413440238083465, "width_q3": 1.3315816576858939, "width_max": 3.1701598162208438}