{"data_name": "BeijingPM25", "n_neighbors": 500, "level": 0.99, "random_state": 8935, "test_size": 0.2, "n": 41757, "d": 11, "oob_score": 0.8375501918171003, "test_score": 0.8449672183197039, "coverage": 0.9920977011494253, "width_mean": 2.6758468135058955, "width_sd": 0.1719942327885933, "width_min": 2.257619114545169, "width_q1": 2.6141285991774996, "width_q2": 2.6141285991774996, "width_q3": 2.6949585454117266, "width_max": 4.995565470215598}