{"data_name": "BeijingPM25", "n_neighbors": 10000, "level": 0.9, "random_state": 1679, "test_size": 0.2, "n": 41757, "d": 11, "oob_score": 0.8434047757867471, "test_score": 0.8239397742007414, "coverage": 0.9012212643678161, "width_mean": 1.1449322099521755, "width_sd": 0.002281875933735926, "width_min": 1.1381885791460096, "width_q1": 1.1435290994534464, "width_q2": 1.1444314116201977, "width_q3": 1.1462129694502377, "width_max": 1.1578072977899656}