{"data_name": "BeijingPM25", "n_neighbors": "all", "level": 0.9, "random_state": 4012, "test_size": 0.2, "n": 41757, "d": 11, "oob_score": 0.8395786052284012, "test_score": 0.8494131580957804, "coverage": 0.8995450191570882, "width_mean": 1.1699647065337708, "width_sd": 7.437291061008439e-17, "width_min": 1.1699647065337704, "width_q1": 1.1699647065337708, "width_q2": 1.1699647065337708, "width_q3": 1.1699647065337708, "width_max": 1.1699647065337713}