{"data_name": "BeijingPM25", "n_neighbors": 200, "level": 0.99, "random_state": 2286, "test_size": 0.2, "n": 41757, "d": 11, "oob_score": 0.8407089241347666, "test_score": 0.8582638291420444, "coverage": 0.9893438697318008, "width_mean": 2.6651035170491104, "width_sd": 0.3692929452136763, "width_min": 2.3482570258073237, "width_q1": 2.5163311091028935, "width_q2": 2.516331109102894, "width_q3": 2.614039705326652, "width_max": 9.161175149030637}