{"data_name": "BeijingPM25", "n_neighbors": 10, "level": 0.8, "random_state": 409, "test_size": 0.2, "n": 41757, "d": 11, "oob_score": 0.8355531854836717, "test_score": 0.8509851916299557, "coverage": 0.7513170498084292, "width_mean": 0.6829010499477676, "width_sd": 0.5327804038477227, "width_min": 0.01964895935437927, "width_q1": 0.3193987885820132, "width_q2": 0.5579162570000276, "width_q3": 0.8971206873507954, "width_max": 6.547721213810306}