{"data_name": "BeijingPM25", "n_neighbors": 1000, "level": 0.8, "random_state": 2286, "test_size": 0.2, "n": 41757, "d": 11, "oob_score": 0.8407089241347666, "test_score": 0.8582638291420444, "coverage": 0.8158524904214559, "width_mean": 0.772786677265577, "width_sd": 0.01959464210298106, "width_min": 0.7068268416940372, "width_q1": 0.7569165529871849, "width_q2": 0.7727082434033485, "width_q3": 0.7890012615841637, "width_max": 0.8442856583942677}