{"data_name": "BeijingPM25", "n_neighbors": 10000, "level": 0.99, "random_state": 1679, "test_size": 0.2, "n": 41757, "d": 11, "oob_score": 0.8434047757867471, "test_score": 0.8239397742007414, "coverage": 0.9904214559386973, "width_mean": 2.9669204798035174, "width_sd": 0.007737748165513594, "width_min": 2.962946896577529, "width_q1": 2.962946896577529, "width_q2": 2.9629468965775296, "width_q3": 2.969681845815985, "width_max": 3.0898559204901996}