{"data_name": "BeijingPM25", "n_neighbors": "auto", "level": 0.99, "random_state": 8935, "test_size": 0.2, "n": 41757, "d": 11, "oob_score": 0.8375501918171003, "test_score": 0.8449672183197039, "coverage": 0.9686302681992337, "width_mean": 1.6888466924076209, "width_sd": 1.1090260443710054, "width_min": 0.0717238889788897, "width_q1": 0.9726231661950363, "width_q2": 1.4670128709096235, "width_q3": 2.1910657437969157, "width_max": 10.514026891064786}