{"data_name": "BeijingPM25", "n_neighbors": 10, "level": 0.8, "random_state": 8935, "test_size": 0.2, "n": 41757, "d": 11, "oob_score": 0.8375501918171003, "test_score": 0.8449672183197039, "coverage": 0.7461685823754789, "width_mean": 0.6835502834776789, "width_sd": 0.5144902131381682, "width_min": 0.021158178168382724, "width_q1": 0.3266919337544206, "width_q2": 0.5624980413969856, "width_q3": 0.9028073637246773, "width_max": 8.00499019978178}