{"data_name": "BeijingPM25", "n_neighbors": 2000, "level": 0.9, "random_state": 3657, "test_size": 0.2, "n": 41757, "d": 11, "oob_score": 0.8351400204634567, "test_score": 0.8469577428791877, "coverage": 0.9096024904214559, "width_mean": 1.2093752435139191, "width_sd": 0.015275535678657226, "width_min": 1.180304851685311, "width_q1": 1.1976878261252264, "width_q2": 1.2036782674923105, "width_q3": 1.2176047155959218, "width_max": 1.2903041373016393}