{"data_name": "BeijingPM25", "n_neighbors": 2000, "level": 0.95, "random_state": 1679, "test_size": 0.2, "n": 41757, "d": 11, "oob_score": 0.8434047757867471, "test_score": 0.8239397742007414, "coverage": 0.9486350574712644, "width_mean": 1.548153669870876, "width_sd": 0.0240332991022617, "width_min": 1.5114203410187796, "width_q1": 1.5318881176698202, "width_q2": 1.5419439404046518, "width_q3": 1.5524690480061152, "width_max": 1.6986653124063578}