{"data_name": "BeijingPM25", "n_neighbors": 10000, "level": 0.9, "random_state": 2286, "test_size": 0.2, "n": 41757, "d": 11, "oob_score": 0.8407089241347666, "test_score": 0.8582638291420444, "coverage": 0.9017001915708812, "width_mean": 1.153489733939129, "width_sd": 0.002434350340841409, "width_min": 1.1497107766631354, "width_q1": 1.1522307866586274, "width_q2": 1.152857639211495, "width_q3": 1.154297730662032, "width_max": 1.1668293755282848}