{"data_name": "BeijingPM25", "n_neighbors": 5, "level": 0.8, "random_state": 9674, "test_size": 0.2, "n": 41757, "d": 11, "oob_score": 0.8437565473711972, "test_score": 0.8368503014383615, "coverage": 0.6584051724137931, "width_mean": 0.5797131393942461, "width_sd": 0.5145662778265525, "width_min": 0.009653098218312506, "width_q1": 0.2348925943951008, "width_q2": 0.4415977542704374, "width_q3": 0.7545347034332125, "width_max": 6.865664103523745}