{"data_name": "BeijingPM25", "n_neighbors": 1000, "level": 0.8, "random_state": 1679, "test_size": 0.2, "n": 41757, "d": 11, "oob_score": 0.8434047757867471, "test_score": 0.8239397742007414, "coverage": 0.7940613026819924, "width_mean": 0.721803833432979, "width_sd": 0.015407359146947793, "width_min": 0.6495026733205544, "width_q1": 0.7115653737141452, "width_q2": 0.7210906693253026, "width_q3": 0.7323299897496391, "width_max": 0.7797542432821869}