{"data_name": "BeijingPM25", "n_neighbors": 10000, "level": 0.9, "random_state": 9674, "test_size": 0.2, "n": 41757, "d": 11, "oob_score": 0.8437565473711972, "test_score": 0.8368503014383615, "coverage": 0.9033764367816092, "width_mean": 1.157209475299553, "width_sd": 0.0022278312477762895, "width_min": 1.1524122692612777, "width_q1": 1.1562219312859958, "width_q2": 1.1565417082489127, "width_q3": 1.158265697428466, "width_max": 1.1696031124073571}