{"data_name": "BeijingPM25", "n_neighbors": "auto", "level": 0.8, "random_state": 8935, "test_size": 0.2, "n": 41757, "d": 11, "oob_score": 0.8375501918171003, "test_score": 0.8449672183197039, "coverage": 0.8104645593869731, "width_mean": 0.7519269869207249, "width_sd": 0.45929395327349226, "width_min": 0.02564606301275474, "width_q1": 0.433205230591278, "width_q2": 0.6685767601682819, "width_q3": 1.0021925159132505, "width_max": 3.5297404402384913}