{"data_name": "BeijingPM25", "n_neighbors": 100, "level": 0.9, "random_state": 1679, "test_size": 0.2, "n": 41757, "d": 11, "oob_score": 0.8434047757867471, "test_score": 0.8239397742007414, "coverage": 0.8960727969348659, "width_mean": 0.9834949914268521, "width_sd": 0.3386988614328626, "width_min": 0.2745080057838991, "width_q1": 0.7374171685279152, "width_q2": 0.8918659864363632, "width_q3": 1.187336248559367, "width_max": 3.652232687779512}