{"data_name": "BeijingPM25", "n_neighbors": 5, "level": 0.8, "random_state": 1824, "test_size": 0.2, "n": 41757, "d": 11, "oob_score": 0.838495396801478, "test_score": 0.8437558349859693, "coverage": 0.654573754789272, "width_mean": 0.5932985526953839, "width_sd": 0.5526239432582919, "width_min": 0.009436134668984963, "width_q1": 0.24126519782706624, "width_q2": 0.4482568197935487, "width_q3": 0.7741928341404715, "width_max": 7.4523838354024505}