{"data_name": "BeijingPM25", "n_neighbors": 5000, "level": 0.9, "random_state": 4506, "test_size": 0.2, "n": 41757, "d": 11, "oob_score": 0.8368989984867519, "test_score": 0.8555127714727121, "coverage": 0.9021791187739464, "width_mean": 1.1550931645354234, "width_sd": 0.006433064833814783, "width_min": 1.1443419466076044, "width_q1": 1.148168624038538, "width_q2": 1.1549225122455193, "width_q3": 1.1582287124078938, "width_max": 1.1959175303723129}