{"data_name": "BeijingPM25", "n_neighbors": 500, "level": 0.8, "random_state": 1679, "test_size": 0.2, "n": 41757, "d": 11, "oob_score": 0.8434047757867471, "test_score": 0.8239397742007414, "coverage": 0.7886733716475096, "width_mean": 0.6969179788239821, "width_sd": 0.030263982352891405, "width_min": 0.6185481546784541, "width_q1": 0.6767968077074613, "width_q2": 0.6939349803739252, "width_q3": 0.715503662876966, "width_max": 0.8453937664534636}