{"data_name": "BeijingPM25", "n_neighbors": 200, "level": 0.8, "random_state": 1824, "test_size": 0.2, "n": 41757, "d": 11, "oob_score": 0.838495396801478, "test_score": 0.8437558349859693, "coverage": 0.8146551724137931, "width_mean": 0.7875802554386788, "width_sd": 0.11529099763497237, "width_min": 0.4424023415841526, "width_q1": 0.7118085113913458, "width_q2": 0.7927907535825192, "width_q3": 0.8571334319703567, "width_max": 1.3381821067504056}