{"data_name": "BeijingPM25", "n_neighbors": "auto", "level": 0.99, "random_state": 1679, "test_size": 0.2, "n": 41757, "d": 11, "oob_score": 0.8434047757867471, "test_score": 0.8239397742007414, "coverage": 0.9669540229885057, "width_mean": 1.6616949865129207, "width_sd": 1.0071958143607793, "width_min": 0.0674018077209384, "width_q1": 0.9619975942229152, "width_q2": 1.4897830631446336, "width_q3": 2.1529572808572213, "width_max": 10.797719148818754}