{"data_name": "BeijingPM25", "n_neighbors": 2000, "level": 0.9, "random_state": 9674, "test_size": 0.2, "n": 41757, "d": 11, "oob_score": 0.8437565473711972, "test_score": 0.8368503014383615, "coverage": 0.9091235632183908, "width_mean": 1.198427967743381, "width_sd": 0.01281197293314635, "width_min": 1.1774885086684774, "width_q1": 1.190646833348631, "width_q2": 1.1939520583583683, "width_q3": 1.2001271465664107, "width_max": 1.2847014273986601}