{"data_name": "BeijingPM25", "n_neighbors": 10000, "level": 0.95, "random_state": 3657, "test_size": 0.2, "n": 41757, "d": 11, "oob_score": 0.8351400204634567, "test_score": 0.8469577428791877, "coverage": 0.9556992337164751, "width_mean": 1.6782795025616963, "width_sd": 0.0029171713897071854, "width_min": 1.6740309102186224, "width_q1": 1.6761288332618978, "width_q2": 1.6781151122782965, "width_q3": 1.6793811996199453, "width_max": 1.6982502699075268}