{"data_name": "BeijingPM25", "n_neighbors": 1000, "level": 0.99, "random_state": 2286, "test_size": 0.2, "n": 41757, "d": 11, "oob_score": 0.8407089241347666, "test_score": 0.8582638291420444, "coverage": 0.9931752873563219, "width_mean": 2.9429797562456272, "width_sd": 0.05393109994899397, "width_min": 2.719128037145503, "width_q1": 2.935022597046541, "width_q2": 2.935022597046541, "width_q3": 2.935022597046541, "width_max": 3.842877755000626}