{"data_name": "BeijingPM25", "n_neighbors": 500, "level": 0.9, "random_state": 4012, "test_size": 0.2, "n": 41757, "d": 11, "oob_score": 0.8395786052284012, "test_score": 0.8494131580957804, "coverage": 0.8996647509578544, "width_mean": 1.1174210709598549, "width_sd": 0.0725262457874983, "width_min": 0.9869311024528616, "width_q1": 1.0615123089785345, "width_q2": 1.0871427290460343, "width_q3": 1.160416088843916, "width_max": 1.533175281221505}