{"data_name": "BeijingPM25", "n_neighbors": 100, "level": 0.95, "random_state": 409, "test_size": 0.2, "n": 41757, "d": 11, "oob_score": 0.8355531854836717, "test_score": 0.8509851916299557, "coverage": 0.9699473180076629, "width_mean": 1.7979316756858608, "width_sd": 0.3817238893283656, "width_min": 0.5334986734451119, "width_q1": 1.5499676506987985, "width_q2": 1.739994275535663, "width_q3": 1.9618947295339042, "width_max": 5.828764494510461}