{"data_name": "BeijingPM25", "n_neighbors": "auto", "level": 0.9, "random_state": 1679, "test_size": 0.2, "n": 41757, "d": 11, "oob_score": 0.8434047757867471, "test_score": 0.8239397742007414, "coverage": 0.8947557471264368, "width_mean": 1.0220907965088413, "width_sd": 0.614529825343334, "width_min": 0.05475883681194704, "width_q1": 0.5917939347395502, "width_q2": 0.9084984875030601, "width_q3": 1.3408275701683703, "width_max": 5.607424002835375}