{"data_name": "BeijingPM25", "n_neighbors": 200, "level": 0.8, "random_state": 409, "test_size": 0.2, "n": 41757, "d": 11, "oob_score": 0.8355531854836717, "test_score": 0.8509851916299557, "coverage": 0.8066331417624522, "width_mean": 0.7789984903052212, "width_sd": 0.09347689897888976, "width_min": 0.4573893669451663, "width_q1": 0.7179109232322642, "width_q2": 0.7667632908847437, "width_q3": 0.819886323438832, "width_max": 1.3733094687780305}