{"data_name": "BeijingPM25", "n_neighbors": 200, "level": 0.9, "random_state": 409, "test_size": 0.2, "n": 41757, "d": 11, "oob_score": 0.8355531854836717, "test_score": 0.8509851916299557, "coverage": 0.9218151340996169, "width_mean": 1.2258319468414127, "width_sd": 0.1576126072619253, "width_min": 0.8063307941635998, "width_q1": 1.154114919764758, "width_q2": 1.1897842682502509, "width_q3": 1.276842544215294, "width_max": 2.836211864366457}