{"data_name": "BeijingPM25", "n_neighbors": 20, "level": 0.99, "random_state": 8935, "test_size": 0.2, "n": 41757, "d": 11, "oob_score": 0.8375501918171003, "test_score": 0.8449672183197039, "coverage": 0.9449233716475096, "width_mean": 1.4456694820243865, "width_sd": 1.0083522918562395, "width_min": 0.04771978207329752, "width_q1": 0.804016809293064, "width_q2": 1.239391172077242, "width_q3": 1.8474220885904447, "width_max": 11.116384020337724}