{"data_name": "BeijingPM25", "n_neighbors": 20, "level": 0.95, "random_state": 8935, "test_size": 0.2, "n": 41757, "d": 11, "oob_score": 0.8375501918171003, "test_score": 0.8449672183197039, "coverage": 0.9270833333333334, "width_mean": 1.2412992858118583, "width_sd": 0.8143948871974662, "width_min": 0.041848794231563624, "width_q1": 0.7066393636385708, "width_q2": 1.0748939459558184, "width_q3": 1.5902895023962564, "width_max": 9.369891905603948}