{"data_name": "BeijingPM25", "n_neighbors": 100, "level": 0.95, "random_state": 1824, "test_size": 0.2, "n": 41757, "d": 11, "oob_score": 0.838495396801478, "test_score": 0.8437558349859693, "coverage": 0.951867816091954, "width_mean": 1.4568461417627536, "width_sd": 0.34724012259675524, "width_min": 0.46811175109489067, "width_q1": 1.221920325544939, "width_q2": 1.3833379697324095, "width_q3": 1.6024832518671157, "width_max": 4.859787886215491}