{"data_name": "BeijingPM25", "n_neighbors": 5, "level": 0.8, "random_state": 2286, "test_size": 0.2, "n": 41757, "d": 11, "oob_score": 0.8407089241347666, "test_score": 0.8582638291420444, "coverage": 0.6615181992337165, "width_mean": 0.5867782993227475, "width_sd": 0.5315995250122258, "width_min": 0.014710873038250027, "width_q1": 0.23711340857848942, "width_q2": 0.44310272125660943, "width_q3": 0.7794574323935586, "width_max": 9.07720187392772}