{"data_name": "BeijingPM25", "n_neighbors": 50, "level": 0.9, "random_state": 1424, "test_size": 0.2, "n": 41757, "d": 11, "oob_score": 0.8385690988105458, "test_score": 0.8589476489119774, "coverage": 0.9245689655172413, "width_mean": 1.1704009990187871, "width_sd": 0.5462405137991647, "width_min": 0.07301705724964158, "width_q1": 0.8025536261127697, "width_q2": 1.15931164067061, "width_q3": 1.4624105449945959, "width_max": 4.7543835441569575}