{"data_name": "BeijingPM25", "n_neighbors": 20, "level": 0.99, "random_state": 1679, "test_size": 0.2, "n": 41757, "d": 11, "oob_score": 0.8434047757867471, "test_score": 0.8239397742007414, "coverage": 0.9415708812260536, "width_mean": 1.4076860419355994, "width_sd": 0.9129902119644598, "width_min": 0.06107885797173351, "width_q1": 0.7800178414494158, "width_q2": 1.2355332222290523, "width_q3": 1.820758670825987, "width_max": 11.068787247470127}