{"data_name": "BeijingPM25", "n_neighbors": 200, "level": 0.99, "random_state": 1424, "test_size": 0.2, "n": 41757, "d": 11, "oob_score": 0.8385690988105458, "test_score": 0.8589476489119774, "coverage": 0.9941331417624522, "width_mean": 2.910035944655542, "width_sd": 0.5144902069020649, "width_min": 2.0384043347697154, "width_q1": 2.3592707606470693, "width_q2": 3.07636707140055, "width_q3": 3.145673276387473, "width_max": 9.061141658583582}