{"data_name": "BeijingPM25", "n_neighbors": 5, "level": 0.9, "random_state": 409, "test_size": 0.2, "n": 41757, "d": 11, "oob_score": 0.8355531854836717, "test_score": 0.8509851916299557, "coverage": 0.7102490421455939, "width_mean": 0.6793235351423881, "width_sd": 0.6299516735951651, "width_min": 0.011374362327930432, "width_q1": 0.26412779591908514, "width_q2": 0.511906184801405, "width_q3": 0.8970641003174533, "width_max": 8.776878499129012}