{"data_name": "BeijingPM25", "n_neighbors": 20, "level": 0.95, "random_state": 1424, "test_size": 0.2, "n": 41757, "d": 11, "oob_score": 0.8385690988105458, "test_score": 0.8589476489119774, "coverage": 0.9312739463601533, "width_mean": 1.2364278650373548, "width_sd": 0.7980162460017298, "width_min": 0.049491728147228464, "width_q1": 0.7107355429453854, "width_q2": 1.086805265725022, "width_q3": 1.5947423998946935, "width_max": 9.590427277437026}