{"data_name": "BeijingPM25", "n_neighbors": 50, "level": 0.9, "random_state": 1679, "test_size": 0.2, "n": 41757, "d": 11, "oob_score": 0.8434047757867471, "test_score": 0.8239397742007414, "coverage": 0.8985871647509579, "width_mean": 0.984759378972651, "width_sd": 0.5048592248010022, "width_min": 0.08589584587522792, "width_q1": 0.6402272601706079, "width_q2": 0.8726713130560944, "width_q3": 1.2342789452509553, "width_max": 5.385502326954973}