{"data_name": "BeijingPM25", "n_neighbors": 5000, "level": 0.95, "random_state": 8935, "test_size": 0.2, "n": 41757, "d": 11, "oob_score": 0.8375501918171003, "test_score": 0.8449672183197039, "coverage": 0.9561781609195402, "width_mean": 1.6888270390095863, "width_sd": 0.004826380369477888, "width_min": 1.6796953860323343, "width_q1": 1.686256639318691, "width_q2": 1.6891329463973466, "width_q3": 1.689472392094575, "width_max": 1.7296410473672696}