{"data_name": "BeijingPM25", "n_neighbors": 5000, "level": 0.95, "random_state": 1424, "test_size": 0.2, "n": 41757, "d": 11, "oob_score": 0.8385690988105458, "test_score": 0.8589476489119774, "coverage": 0.9591714559386973, "width_mean": 1.683626322096521, "width_sd": 0.008072321369360235, "width_min": 1.669636921703125, "width_q1": 1.6776858142963795, "width_q2": 1.6827490040859567, "width_q3": 1.6867322121457087, "width_max": 1.7468773701106977}