{"data_name": "BeijingPM25", "n_neighbors": 100, "level": 0.95, "random_state": 1679, "test_size": 0.2, "n": 41757, "d": 11, "oob_score": 0.8434047757867471, "test_score": 0.8239397742007414, "coverage": 0.95102969348659, "width_mean": 1.416439624402556, "width_sd": 0.40419291079883374, "width_min": 0.4021135547796334, "width_q1": 1.1617646498483063, "width_q2": 1.3683664949238126, "width_q3": 1.595482757965515, "width_max": 5.371632222212447}