{"data_name": "BeijingPM25", "n_neighbors": 20, "level": 0.95, "random_state": 9674, "test_size": 0.2, "n": 41757, "d": 11, "oob_score": 0.8437565473711972, "test_score": 0.8368503014383615, "coverage": 0.9257662835249042, "width_mean": 1.2205072436549735, "width_sd": 0.7845047518775747, "width_min": 0.05979942137332439, "width_q1": 0.6994148194921971, "width_q2": 1.0609550554958609, "width_q3": 1.5907700026315192, "width_max": 8.194546667715635}