{"data_name": "BeijingPM25", "n_neighbors": 500, "level": 0.9, "random_state": 2286, "test_size": 0.2, "n": 41757, "d": 11, "oob_score": 0.8407089241347666, "test_score": 0.8582638291420444, "coverage": 0.9193007662835249, "width_mean": 1.2430328303793443, "width_sd": 0.042156118775353135, "width_min": 1.1069607416450231, "width_q1": 1.2218160646073564, "width_q2": 1.234898295603154, "width_q3": 1.2570007611378191, "width_max": 1.5860034316316363}