{"data_name": "BeijingPM25", "n_neighbors": 1000, "level": 0.9, "random_state": 1424, "test_size": 0.2, "n": 41757, "d": 11, "oob_score": 0.8385690988105458, "test_score": 0.8589476489119774, "coverage": 0.9236111111111112, "width_mean": 1.2621270860565093, "width_sd": 0.024783383319073597, "width_min": 1.1818225131259754, "width_q1": 1.2515455306088352, "width_q2": 1.2604910388803772, "width_q3": 1.2697500888759228, "width_max": 1.4268924000192835}