{"data_name": "BeijingPM25", "n_neighbors": 200, "level": 0.9, "random_state": 1824, "test_size": 0.2, "n": 41757, "d": 11, "oob_score": 0.838495396801478, "test_score": 0.8437558349859693, "coverage": 0.9073275862068966, "width_mean": 1.1936245171324718, "width_sd": 0.14406590046972725, "width_min": 0.701594066869461, "width_q1": 1.0978183663279786, "width_q2": 1.165066369110606, "width_q3": 1.2637439360149623, "width_max": 2.3011188714092228}