{"data_name": "BeijingPM25", "n_neighbors": 50, "level": 0.99, "random_state": 1424, "test_size": 0.2, "n": 41757, "d": 11, "oob_score": 0.8385690988105458, "test_score": 0.8589476489119774, "coverage": 0.9833572796934866, "width_mean": 2.179516725570736, "width_sd": 1.0230456877089789, "width_min": 0.09717761862407237, "width_q1": 1.4093189229971768, "width_q2": 2.046621681506957, "width_q3": 2.9888118361149316, "width_max": 10.028403850511028}