{"data_name": "BeijingPM25", "n_neighbors": 1000, "level": 0.95, "random_state": 1424, "test_size": 0.2, "n": 41757, "d": 11, "oob_score": 0.8385690988105458, "test_score": 0.8589476489119774, "coverage": 0.9639607279693486, "width_mean": 1.716440794431852, "width_sd": 0.05090001074900323, "width_min": 1.6109862264484793, "width_q1": 1.6869583194023097, "width_q2": 1.6888208524310344, "width_q3": 1.7451564486456377, "width_max": 2.147438591541687}