{"data_name": "BeijingPM25", "n_neighbors": 5, "level": 0.9, "random_state": 4012, "test_size": 0.2, "n": 41757, "d": 11, "oob_score": 0.8395786052284012, "test_score": 0.8494131580957804, "coverage": 0.7231800766283525, "width_mean": 0.6894329164772441, "width_sd": 0.6325391712692425, "width_min": 0.00811494823425829, "width_q1": 0.2802182836937539, "width_q2": 0.5115492246545179, "width_q3": 0.900918467961874, "width_max": 9.775194514614865}