{"data_name": "BeijingPM25", "n_neighbors": 50, "level": 0.95, "random_state": 409, "test_size": 0.2, "n": 41757, "d": 11, "oob_score": 0.8355531854836717, "test_score": 0.8509851916299557, "coverage": 0.9562978927203065, "width_mean": 1.5386915045665823, "width_sd": 0.7058206675371047, "width_min": 0.09527068678153994, "width_q1": 1.0557989472002771, "width_q2": 1.4816218527138103, "width_q3": 1.9480923656297413, "width_max": 7.051073291344169}