{"data_name": "BeijingPM25", "n_neighbors": 200, "level": 0.9, "random_state": 4506, "test_size": 0.2, "n": 41757, "d": 11, "oob_score": 0.8368989984867519, "test_score": 0.8555127714727121, "coverage": 0.9256465517241379, "width_mean": 1.1835237580635547, "width_sd": 0.1891167327928238, "width_min": 0.7670058484711921, "width_q1": 1.045084649310061, "width_q2": 1.1537387212992862, "width_q3": 1.2970730005196622, "width_max": 2.3949090850138846}