{"data_name": "BeijingPM25", "n_neighbors": 5, "level": 0.9, "random_state": 1424, "test_size": 0.2, "n": 41757, "d": 11, "oob_score": 0.8385690988105458, "test_score": 0.8589476489119774, "coverage": 0.7152777777777778, "width_mean": 0.6721724681496646, "width_sd": 0.6119838425166483, "width_min": 0.0158239699630911, "width_q1": 0.27163872280980045, "width_q2": 0.5109017702729344, "width_q3": 0.8818741963263776, "width_max": 9.280624694916543}