{"data_name": "BeijingPM25", "n_neighbors": 5, "level": 0.95, "random_state": 1824, "test_size": 0.2, "n": 41757, "d": 11, "oob_score": 0.838495396801478, "test_score": 0.8437558349859693, "coverage": 0.733117816091954, "width_mean": 0.7405782976852266, "width_sd": 0.7034430986951192, "width_min": 0.01185925193795967, "width_q1": 0.29817049856769645, "width_q2": 0.5573599618364986, "width_q3": 0.9639556133198186, "width_max": 11.15404685316325}