{"data_name": "BeijingPM25", "n_neighbors": 10, "level": 0.8, "random_state": 9674, "test_size": 0.2, "n": 41757, "d": 11, "oob_score": 0.8437565473711972, "test_score": 0.8368503014383615, "coverage": 0.7471264367816092, "width_mean": 0.679560505835639, "width_sd": 0.5132886969562714, "width_min": 0.027854031224260223, "width_q1": 0.3310429113583466, "width_q2": 0.553788295905288, "width_q3": 0.899454059555651, "width_max": 6.426211000594348}