{"data_name": "BeijingPM25", "n_neighbors": 50, "level": 0.99, "random_state": 4506, "test_size": 0.2, "n": 41757, "d": 11, "oob_score": 0.8368989984867519, "test_score": 0.8555127714727121, "coverage": 0.9770114942528736, "width_mean": 1.8626901693869933, "width_sd": 1.0366130122973223, "width_min": 0.13961519507704456, "width_q1": 1.1440175621782365, "width_q2": 1.6653155247026459, "width_q3": 2.43204202243591, "width_max": 10.045295551794164}