{"data_name": "BeijingPM25", "n_neighbors": 2000, "level": 0.8, "random_state": 409, "test_size": 0.2, "n": 41757, "d": 11, "oob_score": 0.8355531854836717, "test_score": 0.8509851916299557, "coverage": 0.8128591954022989, "width_mean": 0.7762452832219829, "width_sd": 0.008623939232449376, "width_min": 0.7563197581662179, "width_q1": 0.7698000049619061, "width_q2": 0.7739778758181124, "width_q3": 0.7826365415489747, "width_max": 0.8206420614596117}