{"data_name": "BeijingPM25", "n_neighbors": 5000, "level": 0.99, "random_state": 2286, "test_size": 0.2, "n": 41757, "d": 11, "oob_score": 0.8407089241347666, "test_score": 0.8582638291420444, "coverage": 0.9940134099616859, "width_mean": 3.085804299475544, "width_sd": 0.03502271338124314, "width_min": 3.062990785312576, "width_q1": 3.062990785312576, "width_q2": 3.0629907853125764, "width_q3": 3.1291802170635434, "width_max": 3.2611474419938205}