{"data_name": "BeijingPM25", "n_neighbors": "all", "level": 0.9, "random_state": 9674, "test_size": 0.2, "n": 41757, "d": 11, "oob_score": 0.8437565473711972, "test_score": 0.8368503014383615, "coverage": 0.90625, "width_mean": 1.181441593673974, "width_sd": 4.460786885394294e-16, "width_min": 1.1814415936739744, "width_q1": 1.1814415936739744, "width_q2": 1.1814415936739744, "width_q3": 1.1814415936739744, "width_max": 1.1814415936739748}