{"data_name": "BeijingPM25", "n_neighbors": 20, "level": 0.8, "random_state": 1824, "test_size": 0.2, "n": 41757, "d": 11, "oob_score": 0.838495396801478, "test_score": 0.8437558349859693, "coverage": 0.7844827586206896, "width_mean": 0.7358562531828121, "width_sd": 0.48543286573357675, "width_min": 0.03772945060001165, "width_q1": 0.4050965061582031, "width_q2": 0.6330776792056614, "width_q3": 0.9606518592287314, "width_max": 4.880612283907356}