{"data_name": "BeijingPM25", "n_neighbors": 50, "level": 0.9, "random_state": 409, "test_size": 0.2, "n": 41757, "d": 11, "oob_score": 0.8355531854836717, "test_score": 0.8509851916299557, "coverage": 0.9236111111111112, "width_mean": 1.154119614582618, "width_sd": 0.5550777044095614, "width_min": 0.06618969032095878, "width_q1": 0.799328459988679, "width_q2": 1.084693133585775, "width_q3": 1.4449136487048797, "width_max": 5.846119556950308}