{"data_name": "BeijingPM25", "n_neighbors": "all", "level": 0.95, "random_state": 8935, "test_size": 0.2, "n": 41757, "d": 11, "oob_score": 0.8375501918171003, "test_score": 0.8449672183197039, "coverage": 0.9517480842911877, "width_mean": 1.6416675591283614, "width_sd": 1.193256020851645e-16, "width_min": 1.6416675591283614, "width_q1": 1.6416675591283614, "width_q2": 1.6416675591283614, "width_q3": 1.6416675591283616, "width_max": 1.6416675591283618}