{"data_name": "BeijingPM25", "n_neighbors": 100, "level": 0.95, "random_state": 2286, "test_size": 0.2, "n": 41757, "d": 11, "oob_score": 0.8407089241347666, "test_score": 0.8582638291420444, "coverage": 0.9656369731800766, "width_mean": 1.633762774830395, "width_sd": 0.380380741961409, "width_min": 0.3803240315220138, "width_q1": 1.399183843575163, "width_q2": 1.5324216383569675, "width_q3": 1.84355851388653, "width_max": 4.708159561547355}