{"data_name": "BeijingPM25", "n_neighbors": 50, "level": 0.95, "random_state": 8935, "test_size": 0.2, "n": 41757, "d": 11, "oob_score": 0.8375501918171003, "test_score": 0.8449672183197039, "coverage": 0.9542624521072797, "width_mean": 1.3686618650216094, "width_sd": 0.6377294845688021, "width_min": 0.1039090128453346, "width_q1": 0.973015607122136, "width_q2": 1.256213648565382, "width_q3": 1.64374112280822, "width_max": 7.958640363597814}