{"data_name": "BeijingPM25", "n_neighbors": 2000, "level": 0.9, "random_state": 9674, "test_size": 0.2, "n": 41757, "d": 11, "oob_score": 0.8437565473711972, "test_score": 0.8368503014383615, "coverage": 0.9088840996168582, "width_mean": 1.1988562034199077, "width_sd": 0.012754806586204164, "width_min": 1.1786123817310163, "width_q1": 1.190736873392979, "width_q2": 1.1960006252390405, "width_q3": 1.2014707750900042, "width_max": 1.2847014273986601}