{"data_name": "BeijingPM25", "n_neighbors": 5, "level": 0.9, "random_state": 3657, "test_size": 0.2, "n": 41757, "d": 11, "oob_score": 0.8351400204634567, "test_score": 0.8469577428791877, "coverage": 0.7076149425287356, "width_mean": 0.6822946392529476, "width_sd": 0.6214184395007801, "width_min": 0.012884256800479221, "width_q1": 0.27543474006110646, "width_q2": 0.5186655678302585, "width_q3": 0.8951325880876639, "width_max": 9.240877244956499}