{"data_name": "BeijingPM25", "n_neighbors": 100, "level": 0.9, "random_state": 4506, "test_size": 0.2, "n": 41757, "d": 11, "oob_score": 0.8368989984867519, "test_score": 0.8555127714727121, "coverage": 0.9097222222222222, "width_mean": 1.0472713522455868, "width_sd": 0.3424257895764095, "width_min": 0.28045884279035893, "width_q1": 0.7918326094651065, "width_q2": 0.9935361915503994, "width_q3": 1.2718304723139686, "width_max": 3.2301781093759216}