{"data_name": "BeijingPM25", "n_neighbors": 500, "level": 0.95, "random_state": 4012, "test_size": 0.2, "n": 41757, "d": 11, "oob_score": 0.8395786052284012, "test_score": 0.8494131580957804, "coverage": 0.9506704980842912, "width_mean": 1.5274782196876888, "width_sd": 0.09626667235398342, "width_min": 1.3934942670960764, "width_q1": 1.4721431589585499, "width_q2": 1.4931414695319032, "width_q3": 1.5712708273841205, "width_max": 2.61428812924008}