{"data_name": "BeijingPM25", "n_neighbors": 10, "level": 0.95, "random_state": 4012, "test_size": 0.2, "n": 41757, "d": 11, "oob_score": 0.8395786052284012, "test_score": 0.8494131580957804, "coverage": 0.866139846743295, "width_mean": 1.0196558008986951, "width_sd": 0.7829127012533031, "width_min": 0.026235973430944304, "width_q1": 0.4952355119511739, "width_q2": 0.833509010319883, "width_q3": 1.3407749946023526, "width_max": 9.914701939136197}