{"data_name": "BeijingPM25", "n_neighbors": 10, "level": 0.99, "random_state": 1824, "test_size": 0.2, "n": 41757, "d": 11, "oob_score": 0.838495396801478, "test_score": 0.8437558349859693, "coverage": 0.8751197318007663, "width_mean": 1.1161194544155417, "width_sd": 0.9239748395235741, "width_min": 0.03589671484707213, "width_q1": 0.5334558130853594, "width_q2": 0.9050210566726495, "width_q3": 1.4388431703683213, "width_max": 11.980416088179272}