{"data_name": "BeijingPM25", "n_neighbors": 10000, "level": 0.8, "random_state": 3657, "test_size": 0.2, "n": 41757, "d": 11, "oob_score": 0.8351400204634567, "test_score": 0.8469577428791877, "coverage": 0.8073515325670498, "width_mean": 0.768000988383719, "width_sd": 0.00150575810372433, "width_min": 0.7648648454307629, "width_q1": 0.7668255128654603, "width_q2": 0.7678312301563958, "width_q3": 0.7686622578150619, "width_max": 0.7752757058774238}