{"data_name": "BeijingPM25", "n_neighbors": 10000, "level": 0.8, "random_state": 1824, "test_size": 0.2, "n": 41757, "d": 11, "oob_score": 0.838495396801478, "test_score": 0.8437558349859693, "coverage": 0.8001676245210728, "width_mean": 0.7679048797635473, "width_sd": 0.0011706542078839747, "width_min": 0.7652133310597553, "width_q1": 0.7670724448356128, "width_q2": 0.7675193185793401, "width_q3": 0.7684489564460193, "width_max": 0.7740942303494158}