{"data_name": "BeijingPM25", "n_neighbors": 1000, "level": 0.8, "random_state": 1424, "test_size": 0.2, "n": 41757, "d": 11, "oob_score": 0.8385690988105458, "test_score": 0.8589476489119774, "coverage": 0.8278256704980843, "width_mean": 0.7972263162243279, "width_sd": 0.019660029623956583, "width_min": 0.7512303624133814, "width_q1": 0.783492122780509, "width_q2": 0.7939302685444091, "width_q3": 0.8088941945658079, "width_max": 0.8961481234911255}