{"data_name": "BeijingPM25", "n_neighbors": 5000, "level": 0.9, "random_state": 1679, "test_size": 0.2, "n": 41757, "d": 11, "oob_score": 0.8434047757867471, "test_score": 0.8239397742007414, "coverage": 0.8975095785440613, "width_mean": 1.108429349993894, "width_sd": 0.005758125546739833, "width_min": 1.0851454277933101, "width_q1": 1.105011768248637, "width_q2": 1.106708350568014, "width_q3": 1.109378973942416, "width_max": 1.1429848264070477}