{"data_name": "BeijingPM25", "n_neighbors": "all", "level": 0.99, "random_state": 4506, "test_size": 0.2, "n": 41757, "d": 11, "oob_score": 0.8368989984867519, "test_score": 0.8555127714727121, "coverage": 0.9930555555555556, "width_mean": 2.962313157891705, "width_sd": 8.11141663400786e-16, "width_min": 2.962313157891704, "width_q1": 2.962313157891704, "width_q2": 2.962313157891704, "width_q3": 2.962313157891704, "width_max": 2.9623131578917046}