{"data_name": "BeijingPM25", "n_neighbors": 5, "level": 0.8, "random_state": 3657, "test_size": 0.2, "n": 41757, "d": 11, "oob_score": 0.8351400204634567, "test_score": 0.8469577428791877, "coverage": 0.6548132183908046, "width_mean": 0.5874057301994327, "width_sd": 0.5329075701880353, "width_min": 0.01117053046333949, "width_q1": 0.23726728099467315, "width_q2": 0.4532032206865244, "width_q3": 0.7670806524424243, "width_max": 8.706182259073028}