{"data_name": "BeijingPM25", "n_neighbors": 500, "level": 0.8, "random_state": 2286, "test_size": 0.2, "n": 41757, "d": 11, "oob_score": 0.8407089241347666, "test_score": 0.8582638291420444, "coverage": 0.8299808429118773, "width_mean": 0.8094145059651413, "width_sd": 0.04954750305480498, "width_min": 0.671086759782527, "width_q1": 0.7788506916139393, "width_q2": 0.8062704575233735, "width_q3": 0.8330497841429105, "width_max": 1.0212039850410304}