{"data_name": "BeijingPM25", "n_neighbors": 500, "level": 0.95, "random_state": 1679, "test_size": 0.2, "n": 41757, "d": 11, "oob_score": 0.8434047757867471, "test_score": 0.8239397742007414, "coverage": 0.9402538314176245, "width_mean": 1.372165745679584, "width_sd": 0.0912539461398401, "width_min": 1.236150281944361, "width_q1": 1.3126637079969026, "width_q2": 1.339994445119597, "width_q3": 1.402553450750621, "width_max": 2.1625597334541258}