{"data_name": "BeijingPM25", "n_neighbors": 5, "level": 0.95, "random_state": 1679, "test_size": 0.2, "n": 41757, "d": 11, "oob_score": 0.8434047757867471, "test_score": 0.8239397742007414, "coverage": 0.7329980842911877, "width_mean": 0.7244996749601715, "width_sd": 0.6373552305000992, "width_min": 0.014039440883492738, "width_q1": 0.2917830314826807, "width_q2": 0.5455820589887228, "width_q3": 0.965681417594527, "width_max": 9.25212160765541}