{"data_name": "BeijingPM25", "n_neighbors": 2000, "level": 0.8, "random_state": 1424, "test_size": 0.2, "n": 41757, "d": 11, "oob_score": 0.8385690988105458, "test_score": 0.8589476489119774, "coverage": 0.8321360153256705, "width_mean": 0.8103887708884505, "width_sd": 0.00842775808539424, "width_min": 0.7889744499516258, "width_q1": 0.8038706970906558, "width_q2": 0.8077336026063816, "width_q3": 0.8144855838831647, "width_max": 0.8514226562145435}