{"data_name": "BeijingPM25", "n_neighbors": 500, "level": 0.95, "random_state": 1824, "test_size": 0.2, "n": 41757, "d": 11, "oob_score": 0.838495396801478, "test_score": 0.8437558349859693, "coverage": 0.945522030651341, "width_mean": 1.5145433376926127, "width_sd": 0.08092783557415344, "width_min": 1.370489011179223, "width_q1": 1.4513509053412008, "width_q2": 1.4953641030284168, "width_q3": 1.5681502308449804, "width_max": 2.109047485398958}