{"data_name": "BeijingPM25", "n_neighbors": 1000, "level": 0.8, "random_state": 4506, "test_size": 0.2, "n": 41757, "d": 11, "oob_score": 0.8368989984867519, "test_score": 0.8555127714727121, "coverage": 0.8177681992337165, "width_mean": 0.7763303892224142, "width_sd": 0.024757758186739864, "width_min": 0.7189121717920044, "width_q1": 0.7599143371095931, "width_q2": 0.7757215696323327, "width_q3": 0.7923244539657014, "width_max": 0.8760623231935918}