{"data_name": "BeijingPM25", "n_neighbors": 1000, "level": 0.9, "random_state": 2286, "test_size": 0.2, "n": 41757, "d": 11, "oob_score": 0.8407089241347666, "test_score": 0.8582638291420444, "coverage": 0.9011015325670498, "width_mean": 1.1358128600532114, "width_sd": 0.020271156415417203, "width_min": 1.0921853271990756, "width_q1": 1.1237239346323347, "width_q2": 1.1301035037965739, "width_q3": 1.1425560027187194, "width_max": 1.2837081091841833}