{"data_name": "BeijingPM25", "n_neighbors": 50, "level": 0.95, "random_state": 4012, "test_size": 0.2, "n": 41757, "d": 11, "oob_score": 0.8395786052284012, "test_score": 0.8494131580957804, "coverage": 0.9530651340996169, "width_mean": 1.384994507395866, "width_sd": 0.6253322379172681, "width_min": 0.08081997585776646, "width_q1": 1.024932700853991, "width_q2": 1.2610232581929326, "width_q3": 1.622241256414393, "width_max": 7.601372542581451}