{"data_name": "BeijingPM25", "n_neighbors": 20, "level": 0.8, "random_state": 2286, "test_size": 0.2, "n": 41757, "d": 11, "oob_score": 0.8407089241347666, "test_score": 0.8582638291420444, "coverage": 0.8018438697318008, "width_mean": 0.7423634079512521, "width_sd": 0.48273973870783343, "width_min": 0.03784681252960054, "width_q1": 0.4051833344081001, "width_q2": 0.6514343397564011, "width_q3": 0.9802242523211757, "width_max": 5.553652479688343}