{"data_name": "BeijingPM25", "n_neighbors": "all", "level": 0.8, "random_state": 9674, "test_size": 0.2, "n": 41757, "d": 11, "oob_score": 0.8437565473711972, "test_score": 0.8368503014383615, "coverage": 0.8034003831417624, "width_mean": 0.7630926661676642, "width_sd": 9.106353454464576e-17, "width_min": 0.763092666167664, "width_q1": 0.7630926661676642, "width_q2": 0.7630926661676642, "width_q3": 0.7630926661676644, "width_max": 0.7630926661676645}