{"data_name": "BeijingPM25", "n_neighbors": 10000, "level": 0.9, "random_state": 1424, "test_size": 0.2, "n": 41757, "d": 11, "oob_score": 0.8385690988105458, "test_score": 0.8589476489119774, "coverage": 0.9122365900383141, "width_mean": 1.1854693523071418, "width_sd": 0.002003424371784605, "width_min": 1.180548146761255, "width_q1": 1.1838431803429148, "width_q2": 1.1850006872379772, "width_q3": 1.1861556322040923, "width_max": 1.1963653339025795}