{"data_name": "BeijingPM25", "n_neighbors": "all", "level": 0.95, "random_state": 1679, "test_size": 0.2, "n": 41757, "d": 11, "oob_score": 0.8434047757867471, "test_score": 0.8239397742007414, "coverage": 0.9540229885057471, "width_mean": 1.6509807404112102, "width_sd": 3.976926365484039e-16, "width_min": 1.6509807404112093, "width_q1": 1.6509807404112098, "width_q2": 1.6509807404112098, "width_q3": 1.65098074041121, "width_max": 1.6509807404112102}