{"data_name": "BeijingPM25", "n_neighbors": 10, "level": 0.99, "random_state": 1679, "test_size": 0.2, "n": 41757, "d": 11, "oob_score": 0.8434047757867471, "test_score": 0.8239397742007414, "coverage": 0.8815852490421456, "width_mean": 1.0832566516881836, "width_sd": 0.8080884053282672, "width_min": 0.034834307181431434, "width_q1": 0.5316873948769792, "width_q2": 0.8970108613346193, "width_q3": 1.4184286036385714, "width_max": 11.247305526290333}