{"data_name": "BeijingPM25", "n_neighbors": 5, "level": 0.95, "random_state": 4012, "test_size": 0.2, "n": 41757, "d": 11, "oob_score": 0.8395786052284012, "test_score": 0.8494131580957804, "coverage": 0.7425766283524904, "width_mean": 0.7380376255315352, "width_sd": 0.6811726309071963, "width_min": 0.00888574760967542, "width_q1": 0.29802006597580954, "width_q2": 0.5458141105103373, "width_q3": 0.9644002697872286, "width_max": 10.098747202849852}