{"data_name": "BeijingPM25", "n_neighbors": 100, "level": 0.9, "random_state": 3657, "test_size": 0.2, "n": 41757, "d": 11, "oob_score": 0.8351400204634567, "test_score": 0.8469577428791877, "coverage": 0.9255268199233716, "width_mean": 1.1347532139562957, "width_sd": 0.3156535883740697, "width_min": 0.41037189257198503, "width_q1": 0.9173952172894349, "width_q2": 1.049527666906624, "width_q3": 1.2833288115964554, "width_max": 3.2184800072377837}