{"data_name": "BeijingPM25", "n_neighbors": 500, "level": 0.9, "random_state": 8935, "test_size": 0.2, "n": 41757, "d": 11, "oob_score": 0.8375501918171003, "test_score": 0.8449672183197039, "coverage": 0.9292385057471264, "width_mean": 1.327462835394909, "width_sd": 0.06043703911929789, "width_min": 1.2011122936537755, "width_q1": 1.2934707985840976, "width_q2": 1.3116810064500108, "width_q3": 1.3544459632015098, "width_max": 1.6734935172011214}