{"data_name": "BeijingPM25", "n_neighbors": 2000, "level": 0.95, "random_state": 409, "test_size": 0.2, "n": 41757, "d": 11, "oob_score": 0.8355531854836717, "test_score": 0.8509851916299557, "coverage": 0.9497126436781609, "width_mean": 1.6366129546073167, "width_sd": 0.0179264778206055, "width_min": 1.6066093315347447, "width_q1": 1.6238080949975298, "width_q2": 1.6319996205746583, "width_q3": 1.6384107934102738, "width_max": 1.7987803446975166}