{"data_name": "BeijingPM25", "n_neighbors": 500, "level": 0.99, "random_state": 4012, "test_size": 0.2, "n": 41757, "d": 11, "oob_score": 0.8395786052284012, "test_score": 0.8494131580957804, "coverage": 0.9907806513409961, "width_mean": 2.5446621545689405, "width_sd": 0.21517597859363968, "width_min": 2.1026584861969813, "width_q1": 2.401303133121539, "width_q2": 2.4853847736299564, "width_q3": 2.5765993944104544, "width_max": 5.001853908747614}