{"data_name": "BeijingPM25", "n_neighbors": "all", "level": 0.8, "random_state": 1824, "test_size": 0.2, "n": 41757, "d": 11, "oob_score": 0.838495396801478, "test_score": 0.8437558349859693, "coverage": 0.796455938697318, "width_mean": 0.7579857392051714, "width_sd": 2.0250138722337149e-16, "width_min": 0.757985739205171, "width_q1": 0.7579857392051712, "width_q2": 0.7579857392051712, "width_q3": 0.7579857392051713, "width_max": 0.7579857392051714}