{"data_name": "BeijingPM25", "n_neighbors": 5000, "level": 0.8, "random_state": 4012, "test_size": 0.2, "n": 41757, "d": 11, "oob_score": 0.8395786052284012, "test_score": 0.8494131580957804, "coverage": 0.804477969348659, "width_mean": 0.7649241422643112, "width_sd": 0.004604121432180578, "width_min": 0.7524660019482612, "width_q1": 0.7615881816985792, "width_q2": 0.7656149465762159, "width_q3": 0.7683293409129752, "width_max": 0.7787967574472829}