{"data_name": "BeijingPM25", "n_neighbors": 100, "level": 0.95, "random_state": 8935, "test_size": 0.2, "n": 41757, "d": 11, "oob_score": 0.8375501918171003, "test_score": 0.8449672183197039, "coverage": 0.954382183908046, "width_mean": 1.415606697432562, "width_sd": 0.38924898414489995, "width_min": 0.5687432143072456, "width_q1": 1.138274620009495, "width_q2": 1.3654525466325462, "width_q3": 1.6184075005471452, "width_max": 4.637970381902139}