{"data_name": "BeijingPM25", "n_neighbors": 10000, "level": 0.9, "random_state": 1824, "test_size": 0.2, "n": 41757, "d": 11, "oob_score": 0.838495396801478, "test_score": 0.8437558349859693, "coverage": 0.8987068965517241, "width_mean": 1.1873154506252146, "width_sd": 0.0022889466900295743, "width_min": 1.182371783632195, "width_q1": 1.1858490469302883, "width_q2": 1.1868555821325848, "width_q3": 1.1879298729846743, "width_max": 1.2014741285421313}