{"data_name": "BeijingPM25", "n_neighbors": 500, "level": 0.95, "random_state": 409, "test_size": 0.2, "n": 41757, "d": 11, "oob_score": 0.8355531854836717, "test_score": 0.8509851916299557, "coverage": 0.9589319923371648, "width_mean": 1.7537453688190052, "width_sd": 0.07722878114198552, "width_min": 1.5723870514616722, "width_q1": 1.7045636870060015, "width_q2": 1.7236614290050731, "width_q3": 1.776759615773238, "width_max": 2.5483977254562173}