{"data_name": "BeijingPM25", "n_neighbors": 2000, "level": 0.95, "random_state": 8935, "test_size": 0.2, "n": 41757, "d": 11, "oob_score": 0.8375501918171003, "test_score": 0.8449672183197039, "coverage": 0.9565373563218391, "width_mean": 1.684046874258933, "width_sd": 0.012375343675089813, "width_min": 1.637901616991793, "width_q1": 1.6771867485384286, "width_q2": 1.6813783461833038, "width_q3": 1.6893523260754133, "width_max": 1.7914904765446615}