{"data_name": "BeijingPM25", "n_neighbors": 5, "level": 0.95, "random_state": 3657, "test_size": 0.2, "n": 41757, "d": 11, "oob_score": 0.8351400204634567, "test_score": 0.8469577428791877, "coverage": 0.7277298850574713, "width_mean": 0.7297390937797054, "width_sd": 0.6675527654496896, "width_min": 0.013741119969049254, "width_q1": 0.2924868280569024, "width_q2": 0.5528366781201626, "width_q3": 0.9552801232308943, "width_max": 9.508224737898237}