{"data_name": "BeijingPM25", "n_neighbors": 10, "level": 0.99, "random_state": 4506, "test_size": 0.2, "n": 41757, "d": 11, "oob_score": 0.8368989984867519, "test_score": 0.8555127714727121, "coverage": 0.8837404214559387, "width_mean": 1.112431137266993, "width_sd": 0.8945401469170711, "width_min": 0.026157448918880832, "width_q1": 0.5242796581923392, "width_q2": 0.9020608388794323, "width_q3": 1.4580330929115277, "width_max": 10.453270705281057}