{"data_name": "BeijingPM25", "n_neighbors": 500, "level": 0.9, "random_state": 3657, "test_size": 0.2, "n": 41757, "d": 11, "oob_score": 0.8351400204634567, "test_score": 0.8469577428791877, "coverage": 0.9234913793103449, "width_mean": 1.3511469835683017, "width_sd": 0.06542687380587403, "width_min": 1.222240356865878, "width_q1": 1.306398749577987, "width_q2": 1.3273291426145355, "width_q3": 1.3816432126620368, "width_max": 1.7828523567707928}