{"data_name": "BeijingPM25", "n_neighbors": 5, "level": 0.99, "random_state": 1424, "test_size": 0.2, "n": 41757, "d": 11, "oob_score": 0.8385690988105458, "test_score": 0.8589476489119774, "coverage": 0.7528735632183908, "width_mean": 0.757541857331648, "width_sd": 0.6972508251553928, "width_min": 0.01760270250185436, "width_q1": 0.30212153487334875, "width_q2": 0.5743378596338344, "width_q3": 0.9908945755267622, "width_max": 10.860389981451144}