{"data_name": "BeijingPM25", "n_neighbors": 2000, "level": 0.95, "random_state": 2286, "test_size": 0.2, "n": 41757, "d": 11, "oob_score": 0.8407089241347666, "test_score": 0.8582638291420444, "coverage": 0.9497126436781609, "width_mean": 1.5445579546469517, "width_sd": 0.01893198026463535, "width_min": 1.5163799008127028, "width_q1": 1.5369974470125833, "width_q2": 1.539297627699069, "width_q3": 1.5448650173834961, "width_max": 1.7141451047032779}