{"data_name": "BeijingPM25", "n_neighbors": 5, "level": 0.95, "random_state": 1424, "test_size": 0.2, "n": 41757, "d": 11, "oob_score": 0.8385690988105458, "test_score": 0.8589476489119774, "coverage": 0.7370689655172413, "width_mean": 0.7195999065840998, "width_sd": 0.6589544431656587, "width_min": 0.01681215470684827, "width_q1": 0.28890859958363346, "width_q2": 0.5452867421170415, "width_q3": 0.9437715082518465, "width_max": 10.032429272063576}