{"data_name": "BeijingPM25", "n_neighbors": "auto", "level": 0.8, "random_state": 1824, "test_size": 0.2, "n": 41757, "d": 11, "oob_score": 0.838495396801478, "test_score": 0.8437558349859693, "coverage": 0.7998084291187739, "width_mean": 0.7513143653431509, "width_sd": 0.4592165953160122, "width_min": 0.045551721628648734, "width_q1": 0.43425306836206656, "width_q2": 0.6625560296546265, "width_q3": 0.991107631001695, "width_max": 3.643074866249038}