{"data_name": "BeijingPM25", "n_neighbors": 5, "level": 0.8, "random_state": 409, "test_size": 0.2, "n": 41757, "d": 11, "oob_score": 0.8355531854836717, "test_score": 0.8509851916299557, "coverage": 0.6551724137931034, "width_mean": 0.5841107365077869, "width_sd": 0.540098922300892, "width_min": 0.010512647520759977, "width_q1": 0.22808082294513043, "width_q2": 0.43919251043914154, "width_q3": 0.7682517599417712, "width_max": 7.536417775080413}