{"data_name": "BeijingPM25", "n_neighbors": 10, "level": 0.95, "random_state": 4506, "test_size": 0.2, "n": 41757, "d": 11, "oob_score": 0.8368989984867519, "test_score": 0.8555127714727121, "coverage": 0.867816091954023, "width_mean": 1.0225807099570476, "width_sd": 0.8059804765651438, "width_min": 0.025443095666120685, "width_q1": 0.48618193646311003, "width_q2": 0.8346180375963324, "width_q3": 1.3455567585676327, "width_max": 9.67123192374753}