{"data_name": "BeijingPM25", "n_neighbors": 20, "level": 0.9, "random_state": 9674, "test_size": 0.2, "n": 41757, "d": 11, "oob_score": 0.8437565473711972, "test_score": 0.8368503014383615, "coverage": 0.8791906130268199, "width_mean": 0.9801605862552316, "width_sd": 0.6334792940264532, "width_min": 0.05670422751479498, "width_q1": 0.5428254596950791, "width_q2": 0.8523885565031668, "width_q3": 1.279802981326283, "width_max": 6.41723299477731}