{"data_name": "BeijingPM25", "n_neighbors": 5000, "level": 0.99, "random_state": 3657, "test_size": 0.2, "n": 41757, "d": 11, "oob_score": 0.8351400204634567, "test_score": 0.8469577428791877, "coverage": 0.9916187739463601, "width_mean": 2.9639785084899963, "width_sd": 0.012437197402122568, "width_min": 2.9589342176702615, "width_q1": 2.9589342176702615, "width_q2": 2.96124520493738, "width_q3": 2.96124520493738, "width_max": 3.134226838616295}