{"data_name": "BeijingPM25", "n_neighbors": 1000, "level": 0.95, "random_state": 3657, "test_size": 0.2, "n": 41757, "d": 11, "oob_score": 0.8351400204634567, "test_score": 0.8469577428791877, "coverage": 0.9621647509578544, "width_mean": 1.7577566016948265, "width_sd": 0.03506747342044773, "width_min": 1.6771113805704725, "width_q1": 1.74141390292244, "width_q2": 1.746558600767087, "width_q3": 1.761687564805031, "width_max": 2.041434908748359}