{"data_name": "BeijingPM25", "n_neighbors": 5000, "level": 0.9, "random_state": 2286, "test_size": 0.2, "n": 41757, "d": 11, "oob_score": 0.8407089241347666, "test_score": 0.8582638291420444, "coverage": 0.9025383141762452, "width_mean": 1.160338426654246, "width_sd": 0.005142449850056843, "width_min": 1.1473699788492109, "width_q1": 1.1566863451321878, "width_q2": 1.15817105077652, "width_q3": 1.1631233246291788, "width_max": 1.1845932328270607}