{"data_name": "BeijingPM25", "n_neighbors": 10, "level": 0.9, "random_state": 3657, "test_size": 0.2, "n": 41757, "d": 11, "oob_score": 0.8351400204634567, "test_score": 0.8469577428791877, "coverage": 0.8394396551724138, "width_mean": 0.8999395206066126, "width_sd": 0.6746305290292963, "width_min": 0.028861010984251978, "width_q1": 0.43624818687822164, "width_q2": 0.7471722736429839, "width_q3": 1.1889112278916518, "width_max": 8.572508512602159}