{"data_name": "BeijingPM25", "n_neighbors": 2000, "level": 0.99, "random_state": 8935, "test_size": 0.2, "n": 41757, "d": 11, "oob_score": 0.8375501918171003, "test_score": 0.8449672183197039, "coverage": 0.9909003831417624, "width_mean": 2.6810006000056146, "width_sd": 0.05561513111071876, "width_min": 2.6458012874716563, "width_q1": 2.6458012874716568, "width_q2": 2.6567800306560603, "width_q3": 2.7274606310450293, "width_max": 3.3974926808669244}