{"data_name": "BeijingPM25", "n_neighbors": "auto", "level": 0.99, "random_state": 4012, "test_size": 0.2, "n": 41757, "d": 11, "oob_score": 0.8395786052284012, "test_score": 0.8494131580957804, "coverage": 0.9688697318007663, "width_mean": 1.7255585792130514, "width_sd": 1.0908325641097862, "width_min": 0.08133559457583817, "width_q1": 0.9918940822590562, "width_q2": 1.5232469029680378, "width_q3": 2.2408182058041635, "width_max": 10.156528693511852}