{"data_name": "BeijingPM25", "n_neighbors": 20, "level": 0.9, "random_state": 4506, "test_size": 0.2, "n": 41757, "d": 11, "oob_score": 0.8368989984867519, "test_score": 0.8555127714727121, "coverage": 0.8818247126436781, "width_mean": 0.9921444188533602, "width_sd": 0.6743055400942678, "width_min": 0.04611738457257475, "width_q1": 0.5239486098229318, "width_q2": 0.8474355407792628, "width_q3": 1.29808747740118, "width_max": 8.308737109126623}