{"data_name": "BeijingPM25", "n_neighbors": "all", "level": 0.9, "random_state": 4506, "test_size": 0.2, "n": 41757, "d": 11, "oob_score": 0.8368989984867519, "test_score": 0.8555127714727121, "coverage": 0.9051724137931034, "width_mean": 1.1785164413683447, "width_sd": 4.499787890871057e-16, "width_min": 1.1785164413683438, "width_q1": 1.1785164413683442, "width_q2": 1.1785164413683442, "width_q3": 1.1785164413683442, "width_max": 1.1785164413683447}