{"data_name": "BeijingPM25", "n_neighbors": 1000, "level": 0.8, "random_state": 9674, "test_size": 0.2, "n": 41757, "d": 11, "oob_score": 0.8437565473711972, "test_score": 0.8368503014383615, "coverage": 0.8132183908045977, "width_mean": 0.785749001771342, "width_sd": 0.01756544266058614, "width_min": 0.7342732611005591, "width_q1": 0.7741776522009267, "width_q2": 0.78161948928539, "width_q3": 0.7961567786895556, "width_max": 0.8635260194563139}