{"data_name": "BeijingPM25", "n_neighbors": "auto", "level": 0.8, "random_state": 409, "test_size": 0.2, "n": 41757, "d": 11, "oob_score": 0.8355531854836717, "test_score": 0.8509851916299557, "coverage": 0.8084291187739464, "width_mean": 0.7524148421325474, "width_sd": 0.47225741405530125, "width_min": 0.052388280959486444, "width_q1": 0.4324824208158626, "width_q2": 0.6689853682695257, "width_q3": 0.9910553800747183, "width_max": 5.672568932551872}