{"data_name": "BeijingPM25", "n_neighbors": 10, "level": 0.8, "random_state": 1679, "test_size": 0.2, "n": 41757, "d": 11, "oob_score": 0.8434047757867471, "test_score": 0.8239397742007414, "coverage": 0.7413793103448276, "width_mean": 0.6742520613986368, "width_sd": 0.5038445633591807, "width_min": 0.018039384204660558, "width_q1": 0.32679101828555446, "width_q2": 0.5584609857877343, "width_q3": 0.8853029768160526, "width_max": 8.194642958464767}