{"data_name": "BeijingPM25", "n_neighbors": 5, "level": 0.8, "random_state": 1679, "test_size": 0.2, "n": 41757, "d": 11, "oob_score": 0.8434047757867471, "test_score": 0.8239397742007414, "coverage": 0.6544540229885057, "width_mean": 0.5812762106170799, "width_sd": 0.506567481080522, "width_min": 0.010971546082243044, "width_q1": 0.23676863846471868, "width_q2": 0.4373028072652053, "width_q3": 0.7728044281087574, "width_max": 6.705778300500924}