{"data_name": "BeijingPM25", "n_neighbors": "auto", "level": 0.9, "random_state": 9674, "test_size": 0.2, "n": 41757, "d": 11, "oob_score": 0.8437565473711972, "test_score": 0.8368503014383615, "coverage": 0.9026580459770115, "width_mean": 1.0315003700459384, "width_sd": 0.6168892009218699, "width_min": 0.05388219878733702, "width_q1": 0.611705749310103, "width_q2": 0.9320518788359059, "width_q3": 1.356056384574396, "width_max": 5.646854478349585}