{"data_name": "BeijingPM25", "n_neighbors": 100, "level": 0.95, "random_state": 1679, "test_size": 0.2, "n": 41757, "d": 11, "oob_score": 0.8434047757867471, "test_score": 0.8239397742007414, "coverage": 0.9548611111111112, "width_mean": 1.4179054117579186, "width_sd": 0.40825656155508444, "width_min": 0.40012761768717153, "width_q1": 1.1555009329979185, "width_q2": 1.3722101267462192, "width_q3": 1.5958618999261085, "width_max": 5.371632222212447}