{"data_name": "BeijingPM25", "n_neighbors": "all", "level": 0.99, "random_state": 3657, "test_size": 0.2, "n": 41757, "d": 11, "oob_score": 0.8351400204634567, "test_score": 0.8469577428791877, "coverage": 0.9907806513409961, "width_mean": 2.9527271041656844, "width_sd": 4.8661124524381295e-16, "width_min": 2.9527271041656844, "width_q1": 2.952727104165685, "width_q2": 2.952727104165685, "width_q3": 2.952727104165685, "width_max": 2.9527271041656853}