{"data_name": "BeijingPM25", "n_neighbors": 100, "level": 0.95, "random_state": 409, "test_size": 0.2, "n": 41757, "d": 11, "oob_score": 0.8355531854836717, "test_score": 0.8509851916299557, "coverage": 0.9669540229885057, "width_mean": 1.759060312031948, "width_sd": 0.37607224378790755, "width_min": 0.6495174748068748, "width_q1": 1.521091325413905, "width_q2": 1.6616085809424033, "width_q3": 1.9252600664809973, "width_max": 5.828764494510461}