{"data_name": "BeijingPM25", "n_neighbors": 20, "level": 0.95, "random_state": 2286, "test_size": 0.2, "n": 41757, "d": 11, "oob_score": 0.8407089241347666, "test_score": 0.8582638291420444, "coverage": 0.9260057471264368, "width_mean": 1.2460391838643572, "width_sd": 0.8163911852740635, "width_min": 0.0623944087858308, "width_q1": 0.7124231500525475, "width_q2": 1.1011518810464533, "width_q3": 1.6024845794803062, "width_max": 9.255671028306518}