{"data_name": "BeijingPM25", "n_neighbors": 50, "level": 0.95, "random_state": 2286, "test_size": 0.2, "n": 41757, "d": 11, "oob_score": 0.8407089241347666, "test_score": 0.8582638291420444, "coverage": 0.9585727969348659, "width_mean": 1.5130812314234392, "width_sd": 0.6304124236673881, "width_min": 0.10284421803807764, "width_q1": 1.1878848764516965, "width_q2": 1.469658035652, "width_q3": 1.7465426323846203, "width_max": 8.000158259301609}