{"data_name": "BeijingPM25", "n_neighbors": 5000, "level": 0.9, "random_state": 9674, "test_size": 0.2, "n": 41757, "d": 11, "oob_score": 0.8437565473711972, "test_score": 0.8368503014383615, "coverage": 0.9058908045977011, "width_mean": 1.1785030336447035, "width_sd": 0.00410796155718658, "width_min": 1.1736609434389709, "width_q1": 1.176573305350391, "width_q2": 1.1769247150351796, "width_q3": 1.17911793036729, "width_max": 1.218075908185479}