{"data_name": "BeijingPM25", "n_neighbors": 200, "level": 0.8, "random_state": 3657, "test_size": 0.2, "n": 41757, "d": 11, "oob_score": 0.8351400204634567, "test_score": 0.8469577428791877, "coverage": 0.8407567049808429, "width_mean": 0.8249409099406866, "width_sd": 0.11266659559823322, "width_min": 0.5239665915704549, "width_q1": 0.7543104774363553, "width_q2": 0.8154475312265258, "width_q3": 0.8763535286939452, "width_max": 1.5027632943749762}