{"data_name": "BeijingPM25", "n_neighbors": 2000, "level": 0.95, "random_state": 3657, "test_size": 0.2, "n": 41757, "d": 11, "oob_score": 0.8351400204634567, "test_score": 0.8469577428791877, "coverage": 0.9578544061302682, "width_mean": 1.7030416328865574, "width_sd": 0.01641206983509846, "width_min": 1.6714550047555536, "width_q1": 1.694483456229708, "width_q2": 1.7001083781208566, "width_q3": 1.712739056236745, "width_max": 1.8343045442080022}