{"data_name": "BeijingPM25", "n_neighbors": "auto", "level": 0.99, "random_state": 1424, "test_size": 0.2, "n": 41757, "d": 11, "oob_score": 0.8385690988105458, "test_score": 0.8589476489119774, "coverage": 0.9730603448275862, "width_mean": 1.7010529369906486, "width_sd": 1.0640559161228669, "width_min": 0.06726535314916626, "width_q1": 1.003026113939481, "width_q2": 1.5200367002588435, "width_q3": 2.196992740561731, "width_max": 10.222260367203301}