{"data_name": "BeijingPM25", "n_neighbors": 100, "level": 0.99, "random_state": 4506, "test_size": 0.2, "n": 41757, "d": 11, "oob_score": 0.8368989984867519, "test_score": 0.8555127714727121, "coverage": 0.9887452107279694, "width_mean": 2.3345313156037704, "width_sd": 0.7340748555305809, "width_min": 0.930180175865003, "width_q1": 1.8132698986994795, "width_q2": 2.292526946128625, "width_q3": 2.752791316676538, "width_max": 9.429494685599991}