{"data_name": "BeijingPM25", "n_neighbors": "auto", "level": 0.9, "random_state": 1424, "test_size": 0.2, "n": 41757, "d": 11, "oob_score": 0.8385690988105458, "test_score": 0.8589476489119774, "coverage": 0.9019396551724138, "width_mean": 1.038557533780938, "width_sd": 0.6178864169060714, "width_min": 0.06056178085325603, "width_q1": 0.6137427669112352, "width_q2": 0.9380136938497745, "width_q3": 1.3607668298379356, "width_max": 6.950563919391257}