{"data_name": "BeijingPM25", "n_neighbors": 10000, "level": 0.9, "random_state": 8935, "test_size": 0.2, "n": 41757, "d": 11, "oob_score": 0.8375501918171003, "test_score": 0.8449672183197039, "coverage": 0.9055316091954023, "width_mean": 1.1620215783293755, "width_sd": 0.003729477583735343, "width_min": 1.1540773908368573, "width_q1": 1.1602322910930254, "width_q2": 1.1618215782869243, "width_q3": 1.1634850224449917, "width_max": 1.1789462917065945}