{"data_name": "BeijingPM25", "n_neighbors": "auto", "level": 0.95, "random_state": 409, "test_size": 0.2, "n": 41757, "d": 11, "oob_score": 0.8355531854836717, "test_score": 0.8509851916299557, "coverage": 0.9425287356321839, "width_mean": 1.2968731242310112, "width_sd": 0.7821425102926521, "width_min": 0.06846573057417449, "width_q1": 0.7695095348699215, "width_q2": 1.1725606061873326, "width_q3": 1.6822691754381192, "width_max": 7.7999195010770075}