{"data_name": "BeijingPM25", "n_neighbors": 200, "level": 0.9, "random_state": 3657, "test_size": 0.2, "n": 41757, "d": 11, "oob_score": 0.8351400204634567, "test_score": 0.8469577428791877, "coverage": 0.9367816091954023, "width_mean": 1.3348652269337857, "width_sd": 0.17519355817016946, "width_min": 0.8270660906559189, "width_q1": 1.2040874659370524, "width_q2": 1.3155708870061569, "width_q3": 1.4217443088978363, "width_max": 2.290337173329852}