{"data_name": "BeijingPM25", "n_neighbors": 5000, "level": 0.99, "random_state": 4012, "test_size": 0.2, "n": 41757, "d": 11, "oob_score": 0.8395786052284012, "test_score": 0.8494131580957804, "coverage": 0.9930555555555556, "width_mean": 2.9413663725529635, "width_sd": 0.027635208393229117, "width_min": 2.9033392100959596, "width_q1": 2.928848636029019, "width_q2": 2.928848636029019, "width_q3": 2.928848636029019, "width_max": 3.4453194233145}