{"data_name": "BeijingPM25", "n_neighbors": "all", "level": 0.99, "random_state": 9674, "test_size": 0.2, "n": 41757, "d": 11, "oob_score": 0.8437565473711972, "test_score": 0.8368503014383615, "coverage": 0.9910201149425287, "width_mean": 2.8858381428219957, "width_sd": 2.116453074064203e-16, "width_min": 2.885838142821995, "width_q1": 2.8858381428219957, "width_q2": 2.8858381428219957, "width_q3": 2.8858381428219957, "width_max": 2.8858381428219957}