{"data_name": "BeijingPM25", "n_neighbors": 50, "level": 0.99, "random_state": 8935, "test_size": 0.2, "n": 41757, "d": 11, "oob_score": 0.8375501918171003, "test_score": 0.8449672183197039, "coverage": 0.9791666666666666, "width_mean": 1.8787837892179964, "width_sd": 0.9623086838905724, "width_min": 0.12462507603088357, "width_q1": 1.3748666310449218, "width_q2": 1.6255043353885297, "width_q3": 2.2117897071959423, "width_max": 10.125049816064209}