{"data_name": "BeijingPM25", "n_neighbors": 5000, "level": 0.95, "random_state": 9674, "test_size": 0.2, "n": 41757, "d": 11, "oob_score": 0.8437565473711972, "test_score": 0.8368503014383615, "coverage": 0.9533045977011494, "width_mean": 1.6282506643488308, "width_sd": 0.006129136994912042, "width_min": 1.6226294027794426, "width_q1": 1.6245902505323235, "width_q2": 1.6266506205630216, "width_q3": 1.6290635641075322, "width_max": 1.6981695870784614}