{"data_name": "BeijingPM25", "n_neighbors": "auto", "level": 0.95, "random_state": 1824, "test_size": 0.2, "n": 41757, "d": 11, "oob_score": 0.838495396801478, "test_score": 0.8437558349859693, "coverage": 0.9377394636015326, "width_mean": 1.3012531502448235, "width_sd": 0.7776848879998702, "width_min": 0.07596591954921783, "width_q1": 0.7669055600486372, "width_q2": 1.1561987318583182, "width_q3": 1.691012226366775, "width_max": 7.9201065596259435}