{"data_name": "BeijingPM25", "n_neighbors": 2000, "level": 0.99, "random_state": 1424, "test_size": 0.2, "n": 41757, "d": 11, "oob_score": 0.8385690988105458, "test_score": 0.8589476489119774, "coverage": 0.991977969348659, "width_mean": 3.0912508505600536, "width_sd": 0.02574898599650625, "width_min": 3.081957919622033, "width_q1": 3.081957919622033, "width_q2": 3.081957919622033, "width_q3": 3.081957919622033, "width_max": 3.4540602653454786}