{"data_name": "BeijingPM25", "n_neighbors": 500, "level": 0.9, "random_state": 1424, "test_size": 0.2, "n": 41757, "d": 11, "oob_score": 0.8385690988105458, "test_score": 0.8589476489119774, "coverage": 0.9274425287356322, "width_mean": 1.2772271652110054, "width_sd": 0.04976073308257102, "width_min": 1.1258253061330268, "width_q1": 1.2627429823855945, "width_q2": 1.2767455237356549, "width_q3": 1.3025325829295604, "width_max": 1.6989220355008543}