{"data_name": "BeijingPM25", "n_neighbors": 100, "level": 0.9, "random_state": 2286, "test_size": 0.2, "n": 41757, "d": 11, "oob_score": 0.8407089241347666, "test_score": 0.8582638291420444, "coverage": 0.9250478927203065, "width_mean": 1.2081171113709346, "width_sd": 0.28668026800659563, "width_min": 0.181521176950602, "width_q1": 1.0168084745135628, "width_q2": 1.1827450111544524, "width_q3": 1.368752163452133, "width_max": 3.369034819575516}