{"data_name": "BeijingPM25", "n_neighbors": "all", "level": 0.95, "random_state": 2286, "test_size": 0.2, "n": 41757, "d": 11, "oob_score": 0.8407089241347666, "test_score": 0.8582638291420444, "coverage": 0.9537835249042146, "width_mean": 1.6175759050724245, "width_sd": 5.195320465807876e-16, "width_min": 1.6175759050724245, "width_q1": 1.617575905072425, "width_q2": 1.617575905072425, "width_q3": 1.6175759050724252, "width_max": 1.6175759050724254}