{"data_name": "BeijingPM25", "n_neighbors": 2000, "level": 0.9, "random_state": 4012, "test_size": 0.2, "n": 41757, "d": 11, "oob_score": 0.8395786052284012, "test_score": 0.8494131580957804, "coverage": 0.9007423371647509, "width_mean": 1.1633759044171288, "width_sd": 0.015382171740771071, "width_min": 1.1321582585671868, "width_q1": 1.1516114925823349, "width_q2": 1.1627319287901323, "width_q3": 1.1746268587244617, "width_max": 1.2282565873750881}