{"data_name": "BeijingPM25", "n_neighbors": 500, "level": 0.99, "random_state": 9674, "test_size": 0.2, "n": 41757, "d": 11, "oob_score": 0.8437565473711972, "test_score": 0.8368503014383615, "coverage": 0.9892241379310345, "width_mean": 2.434443888360925, "width_sd": 0.2037847659959099, "width_min": 1.9695755719297332, "width_q1": 2.263566573151079, "width_q2": 2.443900208488528, "width_q3": 2.4808282355643563, "width_max": 5.1597831309233415}