{"data_name": "BeijingPM25", "n_neighbors": 200, "level": 0.95, "random_state": 8935, "test_size": 0.2, "n": 41757, "d": 11, "oob_score": 0.8375501918171003, "test_score": 0.8449672183197039, "coverage": 0.9566570881226054, "width_mean": 1.561369665491083, "width_sd": 0.20488000824580987, "width_min": 0.9307011412288568, "width_q1": 1.4331163417076163, "width_q2": 1.5281111891124948, "width_q3": 1.6470943550598467, "width_max": 3.272676615748314}