{"data_name": "BeijingPM25", "n_neighbors": "auto", "level": 0.99, "random_state": 2286, "test_size": 0.2, "n": 41757, "d": 11, "oob_score": 0.8407089241347666, "test_score": 0.8582638291420444, "coverage": 0.9706657088122606, "width_mean": 1.709780179711144, "width_sd": 1.0917462513595206, "width_min": 0.08229343070822348, "width_q1": 0.9974406637483773, "width_q2": 1.5215774453913578, "width_q3": 2.178482610941747, "width_max": 10.375221497456856}