{"data_name": "BeijingPM25", "n_neighbors": 1000, "level": 0.9, "random_state": 4506, "test_size": 0.2, "n": 41757, "d": 11, "oob_score": 0.8368989984867519, "test_score": 0.8555127714727121, "coverage": 0.9173850574712644, "width_mean": 1.239987039065469, "width_sd": 0.029303721512036682, "width_min": 1.2130847037875103, "width_q1": 1.2204675179127178, "width_q2": 1.225652957355606, "width_q3": 1.254461110966686, "width_max": 1.462860914213713}