{"data_name": "BeijingPM25", "n_neighbors": 2000, "level": 0.9, "random_state": 1679, "test_size": 0.2, "n": 41757, "d": 11, "oob_score": 0.8434047757867471, "test_score": 0.8239397742007414, "coverage": 0.9005028735632183, "width_mean": 1.1235742915471174, "width_sd": 0.01934957220526957, "width_min": 1.0845077103857528, "width_q1": 1.1072824037585551, "width_q2": 1.1197246889558534, "width_q3": 1.1355837193572365, "width_max": 1.2055640109440984}