{"data_name": "BeijingPM25", "n_neighbors": 10000, "level": 0.9, "random_state": 4506, "test_size": 0.2, "n": 41757, "d": 11, "oob_score": 0.8368989984867519, "test_score": 0.8555127714727121, "coverage": 0.9072078544061303, "width_mean": 1.1889673849471343, "width_sd": 0.0034640453734372583, "width_min": 1.1810796125867715, "width_q1": 1.1864803131972974, "width_q2": 1.1880557214155139, "width_q3": 1.190750058909757, "width_max": 1.2058000997763039}