{"data_name": "BeijingPM25", "n_neighbors": 2000, "level": 0.99, "random_state": 9674, "test_size": 0.2, "n": 41757, "d": 11, "oob_score": 0.8437565473711972, "test_score": 0.8368503014383615, "coverage": 0.9926963601532567, "width_mean": 3.01167046345702, "width_sd": 0.05352373901639349, "width_min": 2.976445922256007, "width_q1": 2.989519604363677, "width_q2": 2.989519604363677, "width_q3": 3.007089777822223, "width_max": 3.710327193376164}