{"data_name": "BeijingPM25", "n_neighbors": 1000, "level": 0.95, "random_state": 2286, "test_size": 0.2, "n": 41757, "d": 11, "oob_score": 0.8407089241347666, "test_score": 0.8582638291420444, "coverage": 0.9512691570881227, "width_mean": 1.5298590159429173, "width_sd": 0.043750762215597434, "width_min": 1.4712521384760173, "width_q1": 1.5035203059009423, "width_q2": 1.5142019367267086, "width_q3": 1.5491558717956622, "width_max": 1.8939564173217933}