{"data_name": "BeijingPM25", "n_neighbors": 100, "level": 0.8, "random_state": 4506, "test_size": 0.2, "n": 41757, "d": 11, "oob_score": 0.8368989984867519, "test_score": 0.8555127714727121, "coverage": 0.7935823754789272, "width_mean": 0.655531089938682, "width_sd": 0.22075549693113297, "width_min": 0.16854060493283607, "width_q1": 0.5035692994565124, "width_q2": 0.6332030230037029, "width_q3": 0.7640927406611491, "width_max": 1.9466501175221822}