{"data_name": "BeijingPM25", "n_neighbors": 5, "level": 0.95, "random_state": 1824, "test_size": 0.2, "n": 41757, "d": 11, "oob_score": 0.838495396801478, "test_score": 0.8437558349859693, "coverage": 0.7345545977011494, "width_mean": 0.742810472164561, "width_sd": 0.7037777526805107, "width_min": 0.01185925193795967, "width_q1": 0.2990495911064266, "width_q2": 0.5569753124219194, "width_q3": 0.9702202228761758, "width_max": 11.15404685316325}