{"data_name": "BeijingPM25", "n_neighbors": 10000, "level": 0.99, "random_state": 8935, "test_size": 0.2, "n": 41757, "d": 11, "oob_score": 0.8375501918171003, "test_score": 0.8449672183197039, "coverage": 0.9925766283524904, "width_mean": 2.9481522451571105, "width_sd": 0.013062276090795638, "width_min": 2.9350507255191323, "width_q1": 2.9428209474576237, "width_q2": 2.9428209474576237, "width_q3": 2.9428209474576237, "width_max": 3.0581057001381744}