{"data_name": "BeijingPM25", "n_neighbors": 10, "level": 0.99, "random_state": 2286, "test_size": 0.2, "n": 41757, "d": 11, "oob_score": 0.8407089241347666, "test_score": 0.8582638291420444, "coverage": 0.8775143678160919, "width_mean": 1.0946422619701313, "width_sd": 0.8526362858727424, "width_min": 0.03186327892171459, "width_q1": 0.5242485198349295, "width_q2": 0.8954329350370034, "width_q3": 1.4472785612466463, "width_max": 10.333363790853594}