{"data_name": "BeijingPM25", "n_neighbors": 50, "level": 0.95, "random_state": 1824, "test_size": 0.2, "n": 41757, "d": 11, "oob_score": 0.838495396801478, "test_score": 0.8437558349859693, "coverage": 0.9389367816091954, "width_mean": 1.2525684251356937, "width_sd": 0.6697403623593734, "width_min": 0.09495109470432472, "width_q1": 0.8068932326412509, "width_q2": 1.1139159440828, "width_q3": 1.5731628494917367, "width_max": 6.902643542145022}