{"data_name": "BeijingPM25", "n_neighbors": 2000, "level": 0.99, "random_state": 2286, "test_size": 0.2, "n": 41757, "d": 11, "oob_score": 0.8407089241347666, "test_score": 0.8582638291420444, "coverage": 0.9938936781609196, "width_mean": 3.031699188290203, "width_sd": 0.055856729339786616, "width_min": 2.9472302413106557, "width_q1": 3.0144616933329393, "width_q2": 3.0144616933329393, "width_q3": 3.01446169333294, "width_max": 3.570588030049518}