{"data_name": "BeijingPM25", "n_neighbors": 200, "level": 0.9, "random_state": 9674, "test_size": 0.2, "n": 41757, "d": 11, "oob_score": 0.8437565473711972, "test_score": 0.8368503014383615, "coverage": 0.9237308429118773, "width_mean": 1.2128284005483883, "width_sd": 0.14560824327894292, "width_min": 0.7840795279417934, "width_q1": 1.0979852792791833, "width_q2": 1.1951116268726212, "width_q3": 1.3041379012718475, "width_max": 2.2111680832660214}