{"data_name": "BeijingPM25", "n_neighbors": 1000, "level": 0.95, "random_state": 9674, "test_size": 0.2, "n": 41757, "d": 11, "oob_score": 0.8437565473711972, "test_score": 0.8368503014383615, "coverage": 0.9542624521072797, "width_mean": 1.5946752375617697, "width_sd": 0.04429743442071398, "width_min": 1.5432037540397956, "width_q1": 1.5691267866992509, "width_q2": 1.5743499634938039, "width_q3": 1.5991267594614318, "width_max": 1.935055116327498}