{"data_name": "BeijingPM25", "n_neighbors": "auto", "level": 0.8, "random_state": 1424, "test_size": 0.2, "n": 41757, "d": 11, "oob_score": 0.8385690988105458, "test_score": 0.8589476489119774, "coverage": 0.8125, "width_mean": 0.7510478864189466, "width_sd": 0.45779117991733115, "width_min": 0.041263361016609434, "width_q1": 0.4329087672486722, "width_q2": 0.6722701242107181, "width_q3": 0.9866678639731734, "width_max": 3.872701024588679}