{"data_name": "BeijingPM25", "n_neighbors": 1000, "level": 0.9, "random_state": 409, "test_size": 0.2, "n": 41757, "d": 11, "oob_score": 0.8355531854836717, "test_score": 0.8509851916299557, "coverage": 0.905411877394636, "width_mean": 1.1793538507546664, "width_sd": 0.02744535703283403, "width_min": 1.1331646220313933, "width_q1": 1.1580874560030443, "width_q2": 1.1689835115828875, "width_q3": 1.1951092132318915, "width_max": 1.3313950439010638}