{"data_name": "BeijingPM25", "n_neighbors": 100, "level": 0.8, "random_state": 2286, "test_size": 0.2, "n": 41757, "d": 11, "oob_score": 0.8407089241347666, "test_score": 0.8582638291420444, "coverage": 0.8408764367816092, "width_mean": 0.7913662791612744, "width_sd": 0.21226042709711013, "width_min": 0.12009823156290422, "width_q1": 0.6537776715828161, "width_q2": 0.7635272941391738, "width_q3": 0.9226210116852851, "width_max": 2.392133957114834}