{"data_name": "BeijingPM25", "n_neighbors": 5, "level": 0.8, "random_state": 4506, "test_size": 0.2, "n": 41757, "d": 11, "oob_score": 0.8368989984867519, "test_score": 0.8555127714727121, "coverage": 0.6609195402298851, "width_mean": 0.5853961747851344, "width_sd": 0.5297822462126367, "width_min": 0.011867266644231766, "width_q1": 0.23678681146789804, "width_q2": 0.4435771791843828, "width_q3": 0.7678128835741195, "width_max": 7.738914234334617}