{"data_name": "BeijingPM25", "n_neighbors": 20, "level": 0.8, "random_state": 4506, "test_size": 0.2, "n": 41757, "d": 11, "oob_score": 0.8368989984867519, "test_score": 0.8555127714727121, "coverage": 0.7977729885057471, "width_mean": 0.7395419363184361, "width_sd": 0.49891356797213926, "width_min": 0.02509433422663776, "width_q1": 0.3898838395543699, "width_q2": 0.631106442818408, "width_q3": 0.976910418619573, "width_max": 4.9851720148297005}