{"data_name": "BeijingPM25", "n_neighbors": 10000, "level": 0.95, "random_state": 4012, "test_size": 0.2, "n": 41757, "d": 11, "oob_score": 0.8395786052284012, "test_score": 0.8494131580957804, "coverage": 0.9515086206896551, "width_mean": 1.6402816167838818, "width_sd": 0.0023126438090718703, "width_min": 1.6363847355101897, "width_q1": 1.6395865374602066, "width_q2": 1.6395865374602068, "width_q3": 1.6404716092296583, "width_max": 1.6681142863130312}