{"data_name": "BeijingPM25", "n_neighbors": 5, "level": 0.8, "random_state": 4012, "test_size": 0.2, "n": 41757, "d": 11, "oob_score": 0.8395786052284012, "test_score": 0.8494131580957804, "coverage": 0.6687021072796935, "width_mean": 0.592223498368662, "width_sd": 0.5389507525001517, "width_min": 0.006573349483423807, "width_q1": 0.24231563564834302, "width_q2": 0.44414220066681265, "width_q3": 0.7712927963730504, "width_max": 9.128089138144892}