{"data_name": "BeijingPM25", "n_neighbors": 100, "level": 0.95, "random_state": 4012, "test_size": 0.2, "n": 41757, "d": 11, "oob_score": 0.8395786052284012, "test_score": 0.8494131580957804, "coverage": 0.9626436781609196, "width_mean": 1.5721127229010243, "width_sd": 0.34452372416834237, "width_min": 0.6995541364002632, "width_q1": 1.3747139761457545, "width_q2": 1.4735418358530108, "width_q3": 1.6889919326157787, "width_max": 4.73979451572976}