{"data_name": "BeijingPM25", "n_neighbors": 5, "level": 0.99, "random_state": 3657, "test_size": 0.2, "n": 41757, "d": 11, "oob_score": 0.8351400204634567, "test_score": 0.8469577428791877, "coverage": 0.7435344827586207, "width_mean": 0.7676946574011114, "width_sd": 0.7051397348501979, "width_min": 0.014426610503905146, "width_q1": 0.3059824694679553, "width_q2": 0.5785758602762925, "width_q3": 1.004505985207826, "width_max": 10.285739472502039}