{"data_name": "BeijingPM25", "n_neighbors": 200, "level": 0.99, "random_state": 409, "test_size": 0.2, "n": 41757, "d": 11, "oob_score": 0.8355531854836717, "test_score": 0.8509851916299557, "coverage": 0.9912595785440613, "width_mean": 3.0002563299871743, "width_sd": 0.2584569744185867, "width_min": 2.618187817998905, "width_q1": 2.827631438965388, "width_q2": 3.0498484276369573, "width_q3": 3.0498484276369573, "width_max": 7.945700630619731}