{"data_name": "BeijingPM25", "n_neighbors": 100, "level": 0.99, "random_state": 1679, "test_size": 0.2, "n": 41757, "d": 11, "oob_score": 0.8434047757867471, "test_score": 0.8239397742007414, "coverage": 0.9859913793103449, "width_mean": 2.1888102997006555, "width_sd": 0.6000775513442053, "width_min": 0.7058700829742848, "width_q1": 1.8431419158086686, "width_q2": 2.0996831701324585, "width_q3": 2.3546444628648473, "width_max": 9.681828262583725}