{"data_name": "BeijingPM25", "n_neighbors": 200, "level": 0.9, "random_state": 1824, "test_size": 0.2, "n": 41757, "d": 11, "oob_score": 0.838495396801478, "test_score": 0.8437558349859693, "coverage": 0.9061302681992337, "width_mean": 1.188895468589464, "width_sd": 0.13996556727863144, "width_min": 0.7794850012083233, "width_q1": 1.0960999531630804, "width_q2": 1.16621028122808, "width_q3": 1.2586571184972746, "width_max": 2.3011188714092228}