{"data_name": "BeijingPM25", "n_neighbors": 5000, "level": 0.9, "random_state": 4012, "test_size": 0.2, "n": 41757, "d": 11, "oob_score": 0.8395786052284012, "test_score": 0.8494131580957804, "coverage": 0.9017001915708812, "width_mean": 1.1781546994026448, "width_sd": 0.004756214303782439, "width_min": 1.1689612022325155, "width_q1": 1.1739571928941865, "width_q2": 1.177727638068974, "width_q3": 1.181281819128715, "width_max": 1.2079364991961596}