{"data_name": "BeijingPM25", "n_neighbors": 5, "level": 0.8, "random_state": 1424, "test_size": 0.2, "n": 41757, "d": 11, "oob_score": 0.8385690988105458, "test_score": 0.8589476489119774, "coverage": 0.6678639846743295, "width_mean": 0.5773175912807944, "width_sd": 0.5220622100524649, "width_min": 0.013847600475576094, "width_q1": 0.23385468795855535, "width_q2": 0.4369440062557908, "width_q3": 0.7600794773815327, "width_max": 8.946748464388005}