{"data_name": "BeijingPM25", "n_neighbors": 500, "level": 0.99, "random_state": 3657, "test_size": 0.2, "n": 41757, "d": 11, "oob_score": 0.8351400204634567, "test_score": 0.8469577428791877, "coverage": 0.9950909961685823, "width_mean": 3.022531881254517, "width_sd": 0.18404456182004628, "width_min": 2.754616926011132, "width_q1": 2.853921058358279, "width_q2": 3.026579356092766, "width_q3": 3.0265793560927663, "width_max": 5.891922136272341}