{"data_name": "BeijingPM25", "n_neighbors": 200, "level": 0.99, "random_state": 3657, "test_size": 0.2, "n": 41757, "d": 11, "oob_score": 0.8351400204634567, "test_score": 0.8469577428791877, "coverage": 0.9899425287356322, "width_mean": 2.5281722980521253, "width_sd": 0.39908855256415776, "width_min": 1.8723024767455243, "width_q1": 2.284119073617079, "width_q2": 2.43368804467618, "width_q3": 2.6681798564725536, "width_max": 8.135076286794856}