{"data_name": "BeijingPM25", "n_neighbors": 500, "level": 0.9, "random_state": 409, "test_size": 0.2, "n": 41757, "d": 11, "oob_score": 0.8355531854836717, "test_score": 0.8509851916299557, "coverage": 0.9173850574712644, "width_mean": 1.2402552448183388, "width_sd": 0.05411134309595171, "width_min": 1.115299700149106, "width_q1": 1.1995925613230365, "width_q2": 1.2265774947635313, "width_q3": 1.2600334682895118, "width_max": 1.5747461649508132}