{"data_name": "BeijingPM25", "n_neighbors": 100, "level": 0.99, "random_state": 1424, "test_size": 0.2, "n": 41757, "d": 11, "oob_score": 0.8385690988105458, "test_score": 0.8589476489119774, "coverage": 0.9929358237547893, "width_mean": 2.6443552689159664, "width_sd": 0.6296565640311214, "width_min": 1.0016915104839759, "width_q1": 2.1175969107602266, "width_q2": 2.748982640775478, "width_q3": 2.871286462863626, "width_max": 9.587820858028579}