{"data_name": "BeijingPM25", "n_neighbors": 20, "level": 0.99, "random_state": 4012, "test_size": 0.2, "n": 41757, "d": 11, "oob_score": 0.8395786052284012, "test_score": 0.8494131580957804, "coverage": 0.9433668582375478, "width_mean": 1.4539496607833495, "width_sd": 0.9819514037884195, "width_min": 0.04660889421338321, "width_q1": 0.8043022316640459, "width_q2": 1.2512635623471842, "width_q3": 1.848160213965252, "width_max": 10.207980755817635}