{"data_name": "BeijingPM25", "n_neighbors": 50, "level": 0.95, "random_state": 9674, "test_size": 0.2, "n": 41757, "d": 11, "oob_score": 0.8437565473711972, "test_score": 0.8368503014383615, "coverage": 0.9531848659003831, "width_mean": 1.3734058080675946, "width_sd": 0.6183164615180331, "width_min": 0.10292604517201687, "width_q1": 1.024518484985462, "width_q2": 1.2833484748208528, "width_q3": 1.6496577864254351, "width_max": 6.313287012070206}