{"data_name": "BeijingPM25", "n_neighbors": 100, "level": 0.8, "random_state": 1679, "test_size": 0.2, "n": 41757, "d": 11, "oob_score": 0.8434047757867471, "test_score": 0.8239397742007414, "coverage": 0.7788553639846744, "width_mean": 0.6394469841764072, "width_sd": 0.19167821160975226, "width_min": 0.14473505419294974, "width_q1": 0.513385320710268, "width_q2": 0.5976682445112287, "width_q3": 0.7160437811402691, "width_max": 2.155146288808816}