{"data_name": "BeijingPM25", "n_neighbors": 5000, "level": 0.99, "random_state": 1824, "test_size": 0.2, "n": 41757, "d": 11, "oob_score": 0.838495396801478, "test_score": 0.8437558349859693, "coverage": 0.9920977011494253, "width_mean": 3.010698548701806, "width_sd": 0.014500213690966728, "width_min": 2.963759692958857, "width_q1": 3.0066486672582227, "width_q2": 3.0066486672582227, "width_q3": 3.006648667258223, "width_max": 3.1953581376775992}