{"data_name": "BeijingPM25", "n_neighbors": 100, "level": 0.95, "random_state": 3657, "test_size": 0.2, "n": 41757, "d": 11, "oob_score": 0.8351400204634567, "test_score": 0.8469577428791877, "coverage": 0.9662356321839081, "width_mean": 1.5946654891112015, "width_sd": 0.37023785628006906, "width_min": 0.6321896045119764, "width_q1": 1.3636609212576685, "width_q2": 1.557613357256515, "width_q3": 1.7897312853926126, "width_max": 5.544891926341995}