{"data_name": "BeijingPM25", "n_neighbors": 50, "level": 0.9, "random_state": 8935, "test_size": 0.2, "n": 41757, "d": 11, "oob_score": 0.8375501918171003, "test_score": 0.8449672183197039, "coverage": 0.9177442528735632, "width_mean": 1.0702124155284631, "width_sd": 0.49881016366411646, "width_min": 0.0868657593940988, "width_q1": 0.7555713907295201, "width_q2": 0.9771402207974232, "width_q3": 1.3249145425942372, "width_max": 4.66485900407743}