{"data_name": "BeijingPM25", "n_neighbors": 2000, "level": 0.9, "random_state": 1424, "test_size": 0.2, "n": 41757, "d": 11, "oob_score": 0.8385690988105458, "test_score": 0.8589476489119774, "coverage": 0.9216954022988506, "width_mean": 1.2376166445534713, "width_sd": 0.015543186593319621, "width_min": 1.2154060044254407, "width_q1": 1.2271886979230466, "width_q2": 1.2337770238639807, "width_q3": 1.242269369030963, "width_max": 1.326497312395413}