{"data_name": "BeijingPM25", "n_neighbors": 2000, "level": 0.99, "random_state": 4506, "test_size": 0.2, "n": 41757, "d": 11, "oob_score": 0.8368989984867519, "test_score": 0.8555127714727121, "coverage": 0.9941331417624522, "width_mean": 2.9826951092228953, "width_sd": 0.028199667543786843, "width_min": 2.968932130088378, "width_q1": 2.968932130088378, "width_q2": 2.968932130088378, "width_q3": 2.983375500591178, "width_max": 3.388052728502191}