{"data_name": "BeijingPM25", "n_neighbors": 100, "level": 0.95, "random_state": 4012, "test_size": 0.2, "n": 41757, "d": 11, "oob_score": 0.8395786052284012, "test_score": 0.8494131580957804, "coverage": 0.9636015325670498, "width_mean": 1.592539123043413, "width_sd": 0.35431699071195993, "width_min": 0.7267141875981274, "width_q1": 1.3823402822639974, "width_q2": 1.5023427644366136, "width_q3": 1.7271924214421244, "width_max": 4.73979451572976}