{"data_name": "BeijingPM25", "n_neighbors": 100, "level": 0.9, "random_state": 4012, "test_size": 0.2, "n": 41757, "d": 11, "oob_score": 0.8395786052284012, "test_score": 0.8494131580957804, "coverage": 0.9260057471264368, "width_mean": 1.2188480783171443, "width_sd": 0.27241117057955455, "width_min": 0.3939089964303649, "width_q1": 0.992255930932214, "width_q2": 1.182516910855338, "width_q3": 1.3777231203827602, "width_max": 4.121792417409703}