{"data_name": "BeijingPM25", "n_neighbors": 2000, "level": 0.8, "random_state": 8935, "test_size": 0.2, "n": 41757, "d": 11, "oob_score": 0.8375501918171003, "test_score": 0.8449672183197039, "coverage": 0.8115421455938697, "width_mean": 0.7577848927955536, "width_sd": 0.011045073646933953, "width_min": 0.7358326991528472, "width_q1": 0.7490280604645341, "width_q2": 0.7558964017650984, "width_q3": 0.7639405196777815, "width_max": 0.8147437086741068}