{"data_name": "BeijingPM25", "n_neighbors": 10, "level": 0.99, "random_state": 1424, "test_size": 0.2, "n": 41757, "d": 11, "oob_score": 0.8385690988105458, "test_score": 0.8589476489119774, "coverage": 0.8832614942528736, "width_mean": 1.0910465069545585, "width_sd": 0.8444207790103345, "width_min": 0.032956556830692096, "width_q1": 0.5283076828552131, "width_q2": 0.9089150943955104, "width_q3": 1.4405776207103111, "width_max": 10.634672499604438}