{"data_name": "BeijingPM25", "n_neighbors": 10, "level": 0.95, "random_state": 1824, "test_size": 0.2, "n": 41757, "d": 11, "oob_score": 0.838495396801478, "test_score": 0.8437558349859693, "coverage": 0.8576388888888888, "width_mean": 1.02527411784462, "width_sd": 0.8260089416944901, "width_min": 0.03363375953232539, "width_q1": 0.4974786066483373, "width_q2": 0.8342722258237883, "width_q3": 1.3289768624130154, "width_max": 10.350342337895631}