{"data_name": "BeijingPM25", "n_neighbors": 1000, "level": 0.9, "random_state": 8935, "test_size": 0.2, "n": 41757, "d": 11, "oob_score": 0.8375501918171003, "test_score": 0.8449672183197039, "coverage": 0.9203783524904214, "width_mean": 1.2672047015388332, "width_sd": 0.038513919304781326, "width_min": 1.1982701623456617, "width_q1": 1.2360101102055334, "width_q2": 1.2584931173461555, "width_q3": 1.2918444142169787, "width_max": 1.455203558485846}