{"data_name": "BeijingPM25", "n_neighbors": 10, "level": 0.95, "random_state": 1679, "test_size": 0.2, "n": 41757, "d": 11, "oob_score": 0.8434047757867471, "test_score": 0.8239397742007414, "coverage": 0.8635057471264368, "width_mean": 0.997150422153542, "width_sd": 0.7330322865405816, "width_min": 0.03129853392316395, "width_q1": 0.49193103920235026, "width_q2": 0.8327551101453817, "width_q3": 1.3137618176845762, "width_max": 10.604639722537584}