{"data_name": "BeijingPM25", "n_neighbors": "all", "level": 0.99, "random_state": 8935, "test_size": 0.2, "n": 41757, "d": 11, "oob_score": 0.8375501918171003, "test_score": 0.8449672183197039, "coverage": 0.9934147509578544, "width_mean": 3.0083644209642912, "width_sd": 0.0, "width_min": 3.0083644209642912, "width_q1": 3.0083644209642912, "width_q2": 3.0083644209642912, "width_q3": 3.0083644209642912, "width_max": 3.0083644209642912}