{"data_name": "BeijingPM25", "n_neighbors": "auto", "level": 0.9, "random_state": 409, "test_size": 0.2, "n": 41757, "d": 11, "oob_score": 0.8355531854836717, "test_score": 0.8509851916299557, "coverage": 0.9037356321839081, "width_mean": 1.0360724070339027, "width_sd": 0.6342128774790522, "width_min": 0.06553952439209687, "width_q1": 0.6075210048463577, "width_q2": 0.9289433671520919, "width_q3": 1.3478755231926565, "width_max": 6.907111579976961}