{"data_name": "BeijingPM25", "n_neighbors": 10000, "level": 0.8, "random_state": 8935, "test_size": 0.2, "n": 41757, "d": 11, "oob_score": 0.8375501918171003, "test_score": 0.8449672183197039, "coverage": 0.8081896551724138, "width_mean": 0.7574750669483263, "width_sd": 0.0013747477518040302, "width_min": 0.7533254441066497, "width_q1": 0.7564503084126163, "width_q2": 0.7572143995700252, "width_q3": 0.7582035483601199, "width_max": 0.7635357571555077}