{"data_name": "BeijingPM25", "n_neighbors": 2000, "level": 0.95, "random_state": 9674, "test_size": 0.2, "n": 41757, "d": 11, "oob_score": 0.8437565473711972, "test_score": 0.8368503014383615, "coverage": 0.9570162835249042, "width_mean": 1.6738232029339724, "width_sd": 0.02268606894629673, "width_min": 1.6287646411360157, "width_q1": 1.6614460825117712, "width_q2": 1.666326526892175, "width_q3": 1.6893966211737488, "width_max": 1.8820595893161474}