{"data_name": "BeijingPM25", "n_neighbors": 1000, "level": 0.95, "random_state": 1824, "test_size": 0.2, "n": 41757, "d": 11, "oob_score": 0.838495396801478, "test_score": 0.8437558349859693, "coverage": 0.9500718390804598, "width_mean": 1.6133836878224193, "width_sd": 0.0350844957264617, "width_min": 1.531913807373909, "width_q1": 1.597343824412587, "width_q2": 1.6030312971210074, "width_q3": 1.6251262747422341, "width_max": 1.8671457438013483}