{"data_name": "BeijingPM25", "n_neighbors": "all", "level": 0.95, "random_state": 4012, "test_size": 0.2, "n": 41757, "d": 11, "oob_score": 0.8395786052284012, "test_score": 0.8494131580957804, "coverage": 0.9507902298850575, "width_mean": 1.625728568478563, "width_sd": 3.9709844431971743e-16, "width_min": 1.6257285684785625, "width_q1": 1.6257285684785625, "width_q2": 1.6257285684785625, "width_q3": 1.6257285684785627, "width_max": 1.6257285684785634}