{"data_name": "BeijingPM25", "n_neighbors": 10, "level": 0.9, "random_state": 1824, "test_size": 0.2, "n": 41757, "d": 11, "oob_score": 0.838495396801478, "test_score": 0.8437558349859693, "coverage": 0.8283045977011494, "width_mean": 0.9117174471309677, "width_sd": 0.710920596059658, "width_min": 0.03080506538889194, "width_q1": 0.4452264319757979, "width_q2": 0.7474112327161452, "width_q3": 1.189172762318224, "width_max": 8.312750150041065}