{"data_name": "BeijingPM25", "n_neighbors": 200, "level": 0.95, "random_state": 1824, "test_size": 0.2, "n": 41757, "d": 11, "oob_score": 0.838495396801478, "test_score": 0.8437558349859693, "coverage": 0.9572557471264368, "width_mean": 1.5577985060025872, "width_sd": 0.22331522436654533, "width_min": 1.0332240615490624, "width_q1": 1.4378000037188379, "width_q2": 1.5043578003017297, "width_q3": 1.6626925617345538, "width_max": 3.376671988624675}