{"data_name": "BeijingPM25", "n_neighbors": "auto", "level": 0.95, "random_state": 3657, "test_size": 0.2, "n": 41757, "d": 11, "oob_score": 0.8351400204634567, "test_score": 0.8469577428791877, "coverage": 0.9412116858237548, "width_mean": 1.3070916473503054, "width_sd": 0.806991821484389, "width_min": 0.06215772270569264, "width_q1": 0.7521541491286626, "width_q2": 1.1600978909604653, "width_q3": 1.702121437880625, "width_max": 8.010519791247942}