{"data_name": "BeijingPM25", "n_neighbors": 20, "level": 0.9, "random_state": 409, "test_size": 0.2, "n": 41757, "d": 11, "oob_score": 0.8355531854836717, "test_score": 0.8509851916299557, "coverage": 0.8840996168582376, "width_mean": 0.9878653251641095, "width_sd": 0.6494369376021218, "width_min": 0.050912067203093825, "width_q1": 0.548178846396447, "width_q2": 0.8651167257533894, "width_q3": 1.295268960309044, "width_max": 7.385545160923892}