{"data_name": "BeijingPM25", "n_neighbors": "auto", "level": 0.8, "random_state": 9674, "test_size": 0.2, "n": 41757, "d": 11, "oob_score": 0.8437565473711972, "test_score": 0.8368503014383615, "coverage": 0.810823754789272, "width_mean": 0.7490235255207561, "width_sd": 0.457365432844269, "width_min": 0.03694337385589863, "width_q1": 0.4300568242619849, "width_q2": 0.6693108937300407, "width_q3": 0.988677115219774, "width_max": 4.556996275703589}