{"data_name": "BeijingPM25", "n_neighbors": 1000, "level": 0.99, "random_state": 4012, "test_size": 0.2, "n": 41757, "d": 11, "oob_score": 0.8395786052284012, "test_score": 0.8494131580957804, "coverage": 0.9893438697318008, "width_mean": 2.53695303774725, "width_sd": 0.13281729576780296, "width_min": 2.3797878415007623, "width_q1": 2.4500844963061885, "width_q2": 2.5095574813834958, "width_q3": 2.5384708275829753, "width_max": 4.3668177682002325}