{"data_name": "BeijingPM25", "n_neighbors": 50, "level": 0.9, "random_state": 1824, "test_size": 0.2, "n": 41757, "d": 11, "oob_score": 0.838495396801478, "test_score": 0.8437558349859693, "coverage": 0.8963122605363985, "width_mean": 0.9753400137618997, "width_sd": 0.5166562637596549, "width_min": 0.08389295294556987, "width_q1": 0.6169239778559349, "width_q2": 0.8768286160615331, "width_q3": 1.2381907026474537, "width_max": 4.886456069877758}