{"data_name": "BeijingPM25", "n_neighbors": 500, "level": 0.8, "random_state": 1824, "test_size": 0.2, "n": 41757, "d": 11, "oob_score": 0.838495396801478, "test_score": 0.8437558349859693, "coverage": 0.8066331417624522, "width_mean": 0.7752782194649029, "width_sd": 0.043527145424963824, "width_min": 0.6846809671120246, "width_q1": 0.7410923651542254, "width_q2": 0.7689096711769886, "width_q3": 0.8106611965023174, "width_max": 0.9710430160096837}