{"data_name": "BeijingPM25", "n_neighbors": 50, "level": 0.95, "random_state": 1424, "test_size": 0.2, "n": 41757, "d": 11, "oob_score": 0.8385690988105458, "test_score": 0.8589476489119774, "coverage": 0.9604885057471264, "width_mean": 1.5344770778673615, "width_sd": 0.6973723651448418, "width_min": 0.07809091476709062, "width_q1": 1.0926726776142652, "width_q2": 1.475284835011589, "width_q3": 1.8860766311213923, "width_max": 8.044716707868007}