{"data_name": "BeijingPM25", "n_neighbors": 100, "level": 0.99, "random_state": 1824, "test_size": 0.2, "n": 41757, "d": 11, "oob_score": 0.838495396801478, "test_score": 0.8437558349859693, "coverage": 0.9845545977011494, "width_mean": 2.1126577995801075, "width_sd": 0.687752679555504, "width_min": 0.8763046091875311, "width_q1": 1.6808383957065978, "width_q2": 1.9916571026899137, "width_q3": 2.2563076106349658, "width_max": 8.439721963565596}