{"data_name": "BeijingPM25", "n_neighbors": 10, "level": 0.99, "random_state": 3657, "test_size": 0.2, "n": 41757, "d": 11, "oob_score": 0.8351400204634567, "test_score": 0.8469577428791877, "coverage": 0.8832614942528736, "width_mean": 1.0946581393400225, "width_sd": 0.8539205630988489, "width_min": 0.030789260444633926, "width_q1": 0.5237002219899274, "width_q2": 0.9011446792484425, "width_q3": 1.4488813273198442, "width_max": 10.074787724396549}