{"data_name": "BeijingPM25", "n_neighbors": 5000, "level": 0.99, "random_state": 1679, "test_size": 0.2, "n": 41757, "d": 11, "oob_score": 0.8434047757867471, "test_score": 0.8239397742007414, "coverage": 0.9912595785440613, "width_mean": 3.0260070941148736, "width_sd": 0.021738037614599012, "width_min": 2.985984447937322, "width_q1": 3.020307723981654, "width_q2": 3.020307723981654, "width_q3": 3.020307723981654, "width_max": 3.3098533772647656}