{"data_name": "BeijingPM25", "n_neighbors": 50, "level": 0.95, "random_state": 1679, "test_size": 0.2, "n": 41757, "d": 11, "oob_score": 0.8434047757867471, "test_score": 0.8239397742007414, "coverage": 0.9457614942528736, "width_mean": 1.2752750891904843, "width_sd": 0.6393351383694497, "width_min": 0.10730912401727821, "width_q1": 0.823827398255965, "width_q2": 1.167556578203685, "width_q3": 1.570482989489389, "width_max": 7.1012761964426465}