{"data_name": "BeijingPM25", "n_neighbors": 2000, "level": 0.9, "random_state": 4506, "test_size": 0.2, "n": 41757, "d": 11, "oob_score": 0.8368989984867519, "test_score": 0.8555127714727121, "coverage": 0.9109195402298851, "width_mean": 1.2107155812040458, "width_sd": 0.01038494511484579, "width_min": 1.1896291714199925, "width_q1": 1.2049689656189406, "width_q2": 1.2089482535860034, "width_q3": 1.2133186318233604, "width_max": 1.2997732274079739}