{"data_name": "BeijingPM25", "n_neighbors": 2000, "level": 0.95, "random_state": 1824, "test_size": 0.2, "n": 41757, "d": 11, "oob_score": 0.838495396801478, "test_score": 0.8437558349859693, "coverage": 0.9509099616858238, "width_mean": 1.6573536022825432, "width_sd": 0.019415251761838687, "width_min": 1.597675936920785, "width_q1": 1.6470574993903573, "width_q2": 1.6508981874363355, "width_q3": 1.6604359454670383, "width_max": 1.835599443761919}