{"data_name": "BeijingPM25", "n_neighbors": 10, "level": 0.95, "random_state": 2286, "test_size": 0.2, "n": 41757, "d": 11, "oob_score": 0.8407089241347666, "test_score": 0.8582638291420444, "coverage": 0.8587164750957854, "width_mean": 1.0078376360086434, "width_sd": 0.7701616958846907, "width_min": 0.030730692822981465, "width_q1": 0.4865416237999781, "width_q2": 0.8284946502452961, "width_q3": 1.3335301179728454, "width_max": 9.350929020376485}