{"data_name": "BeijingPM25", "n_neighbors": 100, "level": 0.95, "random_state": 1424, "test_size": 0.2, "n": 41757, "d": 11, "oob_score": 0.8385690988105458, "test_score": 0.8589476489119774, "coverage": 0.9734195402298851, "width_mean": 1.758896571169473, "width_sd": 0.35782127531953345, "width_min": 0.5431910826682124, "width_q1": 1.489435041167002, "width_q2": 1.790522291999141, "width_q3": 1.8923873581663775, "width_max": 4.761034266896697}