{"data_name": "BeijingPM25", "n_neighbors": 200, "level": 0.95, "random_state": 3657, "test_size": 0.2, "n": 41757, "d": 11, "oob_score": 0.8351400204634567, "test_score": 0.8469577428791877, "coverage": 0.969588122605364, "width_mean": 1.8487205789617684, "width_sd": 0.140129484770191, "width_min": 1.2736515937818447, "width_q1": 1.7845087877792805, "width_q2": 1.8263376580920938, "width_q3": 1.891380946429765, "width_max": 3.465577069036475}