{"data_name": "BeijingPM25", "n_neighbors": 20, "level": 0.8, "random_state": 8935, "test_size": 0.2, "n": 41757, "d": 11, "oob_score": 0.8375501918171003, "test_score": 0.8449672183197039, "coverage": 0.798132183908046, "width_mean": 0.7421539669274225, "width_sd": 0.4826501075532935, "width_min": 0.022343299843825548, "width_q1": 0.41057341348462756, "width_q2": 0.6474726314711567, "width_q3": 0.9766479249007919, "width_max": 6.168848633392929}