{"data_name": "BeijingPM25", "n_neighbors": 100, "level": 0.99, "random_state": 8935, "test_size": 0.2, "n": 41757, "d": 11, "oob_score": 0.8375501918171003, "test_score": 0.8449672183197039, "coverage": 0.9858716475095786, "width_mean": 2.0617786420985804, "width_sd": 0.7001117704578201, "width_min": 0.9166410460526206, "width_q1": 1.7205035501694192, "width_q2": 1.9478735923008685, "width_q3": 2.233002999887, "width_max": 9.366948258461518}