{"data_name": "BeijingPM25", "n_neighbors": "auto", "level": 0.9, "random_state": 1824, "test_size": 0.2, "n": 41757, "d": 11, "oob_score": 0.838495396801478, "test_score": 0.8437558349859693, "coverage": 0.8952346743295019, "width_mean": 1.037425259407406, "width_sd": 0.6197084098981809, "width_min": 0.059058284193882815, "width_q1": 0.6098437861282513, "width_q2": 0.9235626765757846, "width_q3": 1.3591310545259807, "width_max": 5.451566195844363}