{"data_name": "BeijingPM25", "n_neighbors": 5000, "level": 0.95, "random_state": 4012, "test_size": 0.2, "n": 41757, "d": 11, "oob_score": 0.8395786052284012, "test_score": 0.8494131580957804, "coverage": 0.9540229885057471, "width_mean": 1.667750908272544, "width_sd": 0.010381763791566904, "width_min": 1.6439855365514886, "width_q1": 1.663070214476476, "width_q2": 1.6653150300661026, "width_q3": 1.6728651785992932, "width_max": 1.7267195613343418}