{"data_name": "BeijingPM25", "n_neighbors": 500, "level": 0.8, "random_state": 1424, "test_size": 0.2, "n": 41757, "d": 11, "oob_score": 0.8385690988105458, "test_score": 0.8589476489119774, "coverage": 0.8359674329501916, "width_mean": 0.8093320736297172, "width_sd": 0.037092035868004074, "width_min": 0.7035624349365568, "width_q1": 0.7828220534431358, "width_q2": 0.8066996017238927, "width_q3": 0.8310368906424728, "width_max": 1.0145806075355992}