{"data_name": "BeijingPM25", "n_neighbors": 2000, "level": 0.95, "random_state": 4012, "test_size": 0.2, "n": 41757, "d": 11, "oob_score": 0.8395786052284012, "test_score": 0.8494131580957804, "coverage": 0.9524664750957854, "width_mean": 1.6247450807150854, "width_sd": 0.032675862320075556, "width_min": 1.5604462386000395, "width_q1": 1.6162647239617858, "width_q2": 1.6195609735691638, "width_q3": 1.6307928149595938, "width_max": 1.8219727584252763}