{"data_name": "BeijingPM25", "n_neighbors": 20, "level": 0.8, "random_state": 409, "test_size": 0.2, "n": 41757, "d": 11, "oob_score": 0.8355531854836717, "test_score": 0.8509851916299557, "coverage": 0.8001676245210728, "width_mean": 0.7413099203628768, "width_sd": 0.5006030315011796, "width_min": 0.03453177534261731, "width_q1": 0.3988844713886592, "width_q2": 0.6400920090179081, "width_q3": 0.9794833463368233, "width_max": 6.273680049961257}