{"data_name": "BeijingPM25", "n_neighbors": 100, "level": 0.99, "random_state": 2286, "test_size": 0.2, "n": 41757, "d": 11, "oob_score": 0.8407089241347666, "test_score": 0.8582638291420444, "coverage": 0.9897030651340997, "width_mean": 2.6227906348437973, "width_sd": 0.6445772861837308, "width_min": 0.5985449092912283, "width_q1": 2.115833396946755, "width_q2": 2.5394353714723255, "width_q3": 2.8613923901658556, "width_max": 9.433380563062212}