{"data_name": "BeijingPM25", "n_neighbors": 200, "level": 0.8, "random_state": 2286, "test_size": 0.2, "n": 41757, "d": 11, "oob_score": 0.8407089241347666, "test_score": 0.8582638291420444, "coverage": 0.842073754789272, "width_mean": 0.8367868923002221, "width_sd": 0.11648708959069225, "width_min": 0.5362821810596563, "width_q1": 0.7497738617397511, "width_q2": 0.8168937878918241, "width_q3": 0.9183737105418496, "width_max": 1.3536697271533775}