{"data_name": "BeijingPM25", "n_neighbors": 5000, "level": 0.9, "random_state": 1824, "test_size": 0.2, "n": 41757, "d": 11, "oob_score": 0.838495396801478, "test_score": 0.8437558349859693, "coverage": 0.8899664750957854, "width_mean": 1.1510382214301667, "width_sd": 0.006293733015557703, "width_min": 1.1393321522552107, "width_q1": 1.1465807802664374, "width_q2": 1.1497875770255335, "width_q3": 1.153562306153652, "width_max": 1.1825533438941482}