{"data_name": "BeijingPM25", "n_neighbors": 50, "level": 0.8, "random_state": 1679, "test_size": 0.2, "n": 41757, "d": 11, "oob_score": 0.8434047757867471, "test_score": 0.8239397742007414, "coverage": 0.7987308429118773, "width_mean": 0.6992341585509397, "width_sd": 0.354964025307224, "width_min": 0.05370980622256871, "width_q1": 0.47543474485385556, "width_q2": 0.6272314965871577, "width_q3": 0.8647077857276184, "width_max": 3.6009753336666304}