{"data_name": "BeijingPM25", "n_neighbors": 50, "level": 0.95, "random_state": 4506, "test_size": 0.2, "n": 41757, "d": 11, "oob_score": 0.8368989984867519, "test_score": 0.8555127714727121, "coverage": 0.9457614942528736, "width_mean": 1.301163871869705, "width_sd": 0.7095972407845329, "width_min": 0.10126337086719761, "width_q1": 0.8131017037570986, "width_q2": 1.1585034214395389, "width_q3": 1.6617637194266344, "width_max": 7.385475705623261}