{"data_name": "BeijingPM25", "n_neighbors": 50, "level": 0.95, "random_state": 1424, "test_size": 0.2, "n": 41757, "d": 11, "oob_score": 0.8385690988105458, "test_score": 0.8589476489119774, "coverage": 0.9588122605363985, "width_mean": 1.5021070832593304, "width_sd": 0.6799679792231587, "width_min": 0.07809091476709062, "width_q1": 1.082417208925269, "width_q2": 1.4172400330122095, "width_q3": 1.846527276921438, "width_max": 8.044716707868007}