{"data_name": "BeijingPM25", "n_neighbors": "all", "level": 0.8, "random_state": 1679, "test_size": 0.2, "n": 41757, "d": 11, "oob_score": 0.8434047757867471, "test_score": 0.8239397742007414, "coverage": 0.8049568965517241, "width_mean": 0.7578174138499403, "width_sd": 1.2876609500318114e-16, "width_min": 0.7578174138499398, "width_q1": 0.7578174138499402, "width_q2": 0.7578174138499402, "width_q3": 0.7578174138499402, "width_max": 0.7578174138499403}