{"data_name": "BeijingPM25", "n_neighbors": 5, "level": 0.99, "random_state": 1679, "test_size": 0.2, "n": 41757, "d": 11, "oob_score": 0.8434047757867471, "test_score": 0.8239397742007414, "coverage": 0.7495210727969349, "width_mean": 0.7626925987849962, "width_sd": 0.6737362628209341, "width_min": 0.014400795934739197, "width_q1": 0.3052344537756574, "width_q2": 0.5732127130248932, "width_q3": 1.018120104749089, "width_max": 9.931146489563272}