{"data_name": "BeijingPM25", "n_neighbors": 200, "level": 0.95, "random_state": 1424, "test_size": 0.2, "n": 41757, "d": 11, "oob_score": 0.8385690988105458, "test_score": 0.8589476489119774, "coverage": 0.9713840996168582, "width_mean": 1.8408913489181185, "width_sd": 0.23677537721265868, "width_min": 1.352581764993744, "width_q1": 1.739544663454037, "width_q2": 1.8020024823162983, "width_q3": 1.8972361735298588, "width_max": 3.5327655545543593}