{"data_name": "BeijingPM25", "n_neighbors": 500, "level": 0.9, "random_state": 9674, "test_size": 0.2, "n": 41757, "d": 11, "oob_score": 0.8437565473711972, "test_score": 0.8368503014383615, "coverage": 0.9103208812260536, "width_mean": 1.2014472509479208, "width_sd": 0.051149105691706755, "width_min": 1.1047318820544785, "width_q1": 1.164992340676226, "width_q2": 1.185227979760163, "width_q3": 1.2248822859184272, "width_max": 1.5678776528821214}