{"data_name": "BeijingPM25", "n_neighbors": 50, "level": 0.8, "random_state": 1424, "test_size": 0.2, "n": 41757, "d": 11, "oob_score": 0.8385690988105458, "test_score": 0.8589476489119774, "coverage": 0.8335727969348659, "width_mean": 0.7796719076443006, "width_sd": 0.40309351072713656, "width_min": 0.0559529591208624, "width_q1": 0.4939092010329444, "width_q2": 0.7367462344313225, "width_q3": 1.0133809219712733, "width_max": 3.1584265121352226}