{"data_name": "BeijingPM25", "n_neighbors": 20, "level": 0.95, "random_state": 1824, "test_size": 0.2, "n": 41757, "d": 11, "oob_score": 0.838495396801478, "test_score": 0.8437558349859693, "coverage": 0.9210967432950191, "width_mean": 1.2439755257517668, "width_sd": 0.8332594836057655, "width_min": 0.05824560554196889, "width_q1": 0.6988605974134836, "width_q2": 1.0709556482339426, "width_q3": 1.6023136033388432, "width_max": 8.434275416945527}