{"data_name": "BeijingPM25", "n_neighbors": 20, "level": 0.99, "random_state": 4506, "test_size": 0.2, "n": 41757, "d": 11, "oob_score": 0.8368989984867519, "test_score": 0.8555127714727121, "coverage": 0.9454022988505747, "width_mean": 1.4525435805479252, "width_sd": 1.0253861601022267, "width_min": 0.06807856658322686, "width_q1": 0.7823504077140505, "width_q2": 1.2276816493420093, "width_q3": 1.8923401932761106, "width_max": 10.414776071510659}