{"data_name": "BeijingPM25", "n_neighbors": 100, "level": 0.99, "random_state": 3657, "test_size": 0.2, "n": 41757, "d": 11, "oob_score": 0.8351400204634567, "test_score": 0.8469577428791877, "coverage": 0.9894636015325671, "width_mean": 2.317250311842282, "width_sd": 0.6465257503198025, "width_min": 0.8299817688521858, "width_q1": 1.970702868772777, "width_q2": 2.0904802440213412, "width_q3": 2.505076182380729, "width_max": 9.048208378656451}