{"data_name": "BeijingPM25", "n_neighbors": 10000, "level": 0.95, "random_state": 409, "test_size": 0.2, "n": 41757, "d": 11, "oob_score": 0.8355531854836717, "test_score": 0.8509851916299557, "coverage": 0.9495929118773946, "width_mean": 1.649748639556501, "width_sd": 0.0025371023266289377, "width_min": 1.6469378407028188, "width_q1": 1.6481082052453773, "width_q2": 1.6481669588642691, "width_q3": 1.6506774990586577, "width_max": 1.6656699042914818}