{"data_name": "BeijingPM25", "n_neighbors": 10000, "level": 0.99, "random_state": 3657, "test_size": 0.2, "n": 41757, "d": 11, "oob_score": 0.8351400204634567, "test_score": 0.8469577428791877, "coverage": 0.9910201149425287, "width_mean": 2.9379967541500167, "width_sd": 0.01191543176769508, "width_min": 2.9098327594633817, "width_q1": 2.9355810603473307, "width_q2": 2.9355810603473307, "width_q3": 2.9392619768277397, "width_max": 3.061919645263952}