{"data_name": "BeijingPM25", "n_neighbors": 5, "level": 0.9, "random_state": 1824, "test_size": 0.2, "n": 41757, "d": 11, "oob_score": 0.838495396801478, "test_score": 0.8437558349859693, "coverage": 0.7091714559386973, "width_mean": 0.691485049355279, "width_sd": 0.6518622841289463, "width_min": 0.011070263039184347, "width_q1": 0.27991791303374247, "width_q2": 0.5206684107105334, "width_q3": 0.9008986542195865, "width_max": 9.920159180576313}