{"data_name": "BeijingPM25", "n_neighbors": "auto", "level": 0.95, "random_state": 9674, "test_size": 0.2, "n": 41757, "d": 11, "oob_score": 0.8437565473711972, "test_score": 0.8368503014383615, "coverage": 0.9428879310344828, "width_mean": 1.2853847713330524, "width_sd": 0.7568190643051282, "width_min": 0.07000268361747053, "width_q1": 0.774977262383427, "width_q2": 1.15669691141066, "width_q3": 1.685651480034233, "width_max": 6.83556411830308}