{"data_name": "BeijingPM25", "n_neighbors": 10000, "level": 0.8, "random_state": 4506, "test_size": 0.2, "n": 41757, "d": 11, "oob_score": 0.8368989984867519, "test_score": 0.8555127714727121, "coverage": 0.8084291187739464, "width_mean": 0.7610412960702566, "width_sd": 0.0011962480890022739, "width_min": 0.7567043468504235, "width_q1": 0.7602321681992513, "width_q2": 0.7607142037250083, "width_q3": 0.7616504325145818, "width_max": 0.76837852795002}