{"data_name": "BeijingPM25", "n_neighbors": 50, "level": 0.95, "random_state": 3657, "test_size": 0.2, "n": 41757, "d": 11, "oob_score": 0.8351400204634567, "test_score": 0.8469577428791877, "coverage": 0.9503113026819924, "width_mean": 1.3479639713818563, "width_sd": 0.6684519305446557, "width_min": 0.09252213912660479, "width_q1": 0.9113660888196583, "width_q2": 1.2238582756388372, "width_q3": 1.671829151944852, "width_max": 7.690309470905504}