{"data_name": "BeijingPM25", "n_neighbors": 5, "level": 0.95, "random_state": 9674, "test_size": 0.2, "n": 41757, "d": 11, "oob_score": 0.8437565473711972, "test_score": 0.8368503014383615, "coverage": 0.7279693486590039, "width_mean": 0.7202508629406886, "width_sd": 0.6453042640558911, "width_min": 0.01036699294185317, "width_q1": 0.291272788297522, "width_q2": 0.5510361500997535, "width_q3": 0.9369746157851183, "width_max": 8.064269677938903}