{"data_name": "BeijingPM25", "n_neighbors": 50, "level": 0.95, "random_state": 8935, "test_size": 0.2, "n": 41757, "d": 11, "oob_score": 0.8375501918171003, "test_score": 0.8449672183197039, "coverage": 0.953544061302682, "width_mean": 1.3726244463775779, "width_sd": 0.6337714651425403, "width_min": 0.1039090128453346, "width_q1": 0.9958326365423574, "width_q2": 1.264274589063441, "width_q3": 1.6479329682661266, "width_max": 7.958640363597814}