{"data_name": "BeijingPM25", "n_neighbors": 20, "level": 0.95, "random_state": 4506, "test_size": 0.2, "n": 41757, "d": 11, "oob_score": 0.8368989984867519, "test_score": 0.8555127714727121, "coverage": 0.9285201149425287, "width_mean": 1.2480369689014705, "width_sd": 0.8448987245248634, "width_min": 0.06099239960134972, "width_q1": 0.6794915382953118, "width_q2": 1.074017961446098, "width_q3": 1.618899153946888, "width_max": 9.478758754895528}