{"data_name": "BeijingPM25", "n_neighbors": "auto", "level": 0.99, "random_state": 4506, "test_size": 0.2, "n": 41757, "d": 11, "oob_score": 0.8368989984867519, "test_score": 0.8555127714727121, "coverage": 0.9711446360153256, "width_mean": 1.7109686356705902, "width_sd": 1.1100097385862155, "width_min": 0.07759627158589533, "width_q1": 0.977536671377758, "width_q2": 1.4976950837939773, "width_q3": 2.207205870398192, "width_max": 10.377828019539008}