{"data_name": "BeijingPM25", "n_neighbors": 100, "level": 0.9, "random_state": 409, "test_size": 0.2, "n": 41757, "d": 11, "oob_score": 0.8355531854836717, "test_score": 0.8509851916299557, "coverage": 0.9304358237547893, "width_mean": 1.2974726135099743, "width_sd": 0.27976021378675475, "width_min": 0.2406786347973271, "width_q1": 1.1159359806227502, "width_q2": 1.2350803790824871, "width_q3": 1.4169479434943923, "width_max": 3.57265353332156}