{"data_name": "BeijingPM25", "n_neighbors": 20, "level": 0.99, "random_state": 409, "test_size": 0.2, "n": 41757, "d": 11, "oob_score": 0.8355531854836717, "test_score": 0.8509851916299557, "coverage": 0.946360153256705, "width_mean": 1.4521743096007853, "width_sd": 0.9841482916425814, "width_min": 0.0631582794215666, "width_q1": 0.7944820542907365, "width_q2": 1.2532169102941624, "width_q3": 1.9181898193078903, "width_max": 10.591537373930226}