{"data_name": "BeijingPM25", "n_neighbors": 10, "level": 0.95, "random_state": 8935, "test_size": 0.2, "n": 41757, "d": 11, "oob_score": 0.8375501918171003, "test_score": 0.8449672183197039, "coverage": 0.8656609195402298, "width_mean": 1.0130814454831962, "width_sd": 0.7744755346944825, "width_min": 0.022445003795300233, "width_q1": 0.5027924475771809, "width_q2": 0.8385179740275417, "width_q3": 1.325100265956861, "width_max": 9.581467610344319}