{"data_name": "BeijingPM25", "n_neighbors": 200, "level": 0.95, "random_state": 4506, "test_size": 0.2, "n": 41757, "d": 11, "oob_score": 0.8368989984867519, "test_score": 0.8555127714727121, "coverage": 0.9657567049808429, "width_mean": 1.6614346610845192, "width_sd": 0.23444425238568783, "width_min": 1.0460065400876262, "width_q1": 1.522354651339445, "width_q2": 1.5791775909575136, "width_q3": 1.7036069976037653, "width_max": 3.415475023184648}