{"data_name": "BeijingPM25", "n_neighbors": 5000, "level": 0.8, "random_state": 9674, "test_size": 0.2, "n": 41757, "d": 11, "oob_score": 0.8437565473711972, "test_score": 0.8368503014383615, "coverage": 0.8097461685823755, "width_mean": 0.775857950608306, "width_sd": 0.0036959248144694964, "width_min": 0.7692561933812581, "width_q1": 0.7730802736052902, "width_q2": 0.7750868185552967, "width_q3": 0.7781266635786839, "width_max": 0.7902318383214664}