{"data_name": "BeijingPM25", "n_neighbors": 200, "level": 0.99, "random_state": 4506, "test_size": 0.2, "n": 41757, "d": 11, "oob_score": 0.8368989984867519, "test_score": 0.8555127714727121, "coverage": 0.9926963601532567, "width_mean": 2.7281636446493565, "width_sd": 0.33540116406374776, "width_min": 2.213103362957199, "width_q1": 2.63712494874259, "width_q2": 2.63712494874259, "width_q3": 2.753470734243278, "width_max": 8.197892953211666}