{"data_name": "CommunityCrime", "n_neighbors": "all", "level": 0.95, "random_state": 2286, "test_size": 0.2, "n": 1994, "d": 100, "oob_score": 0.6210348447138936, "test_score": 0.7110746475495026, "coverage": 0.9598997493734336, "width_mean": 2.6564596661171676, "width_sd": 3.850741812190783e-17, "width_min": 2.656459666117167, "width_q1": 2.6564596661171676, "width_q2": 2.6564596661171676, "width_q3": 2.6564596661171676, "width_max": 2.656459666117168}