{"data_name": "CommunityCrime", "n_neighbors": 10, "level": 0.8, "random_state": 4506, "test_size": 0.2, "n": 1994, "d": 100, "oob_score": 0.655207121965274, "test_score": 0.6132133592333493, "coverage": 0.6516290726817042, "width_mean": 1.1299577353936654, "width_sd": 0.7373329089737398, "width_min": 0.08680468427408483, "width_q1": 0.5678683764281538, "width_q2": 1.0018414952065422, "width_q3": 1.5222921267411014, "width_max": 4.3397509109357335}