{"data_name": "CommunityCrime", "n_neighbors": 50, "level": 0.9, "random_state": 4506, "test_size": 0.2, "n": 1994, "d": 100, "oob_score": 0.655207121965274, "test_score": 0.6132133592333493, "coverage": 0.8822055137844611, "width_mean": 1.67532347736936, "width_sd": 0.8591420048447369, "width_min": 0.2400117657081079, "width_q1": 0.8771879024296569, "width_q2": 1.6404346900106046, "width_q3": 2.2361918624364177, "width_max": 4.084918798185249}