{"data_name": "CommunityCrime", "n_neighbors": "all", "level": 0.99, "random_state": 8935, "test_size": 0.2, "n": 1994, "d": 100, "oob_score": 0.6565976935608104, "test_score": 0.5979816195397591, "coverage": 0.9849624060150376, "width_mean": 3.915072973728452, "width_sd": 5.151941418769851e-16, "width_min": 3.915072973728452, "width_q1": 3.9150729737284524, "width_q2": 3.9150729737284524, "width_q3": 3.9150729737284524, "width_max": 3.915072973728453}