{"data_name": "CommunityCrime", "n_neighbors": "auto", "level": 0.99, "random_state": 3657, "test_size": 0.2, "n": 1994, "d": 100, "oob_score": 0.6448046277369712, "test_score": 0.6490120798272531, "coverage": 0.9699248120300752, "width_mean": 2.6160691112739753, "width_sd": 1.084145059627476, "width_min": 0.5578182071910249, "width_q1": 1.5539031153598004, "width_q2": 2.683710773838711, "width_q3": 3.5972581771458643, "width_max": 4.5022789100564875}