{"data_name": "CommunityCrime", "n_neighbors": "auto", "level": 0.9, "random_state": 1824, "test_size": 0.2, "n": 1994, "d": 100, "oob_score": 0.6331904607036516, "test_score": 0.6476956466980824, "coverage": 0.87468671679198, "width_mean": 1.5733946061720794, "width_sd": 0.8249067614866463, "width_min": 0.3343789527605203, "width_q1": 0.8124840498263426, "width_q2": 1.4491112948846314, "width_q3": 2.2512082723024722, "width_max": 3.455332405175887}