{"data_name": "CommunityCrime", "n_neighbors": 20, "level": 0.99, "random_state": 2286, "test_size": 0.2, "n": 1994, "d": 100, "oob_score": 0.6210348447138936, "test_score": 0.7110746475495026, "coverage": 0.9348370927318296, "width_mean": 2.1331093657821385, "width_sd": 1.116455439607929, "width_min": 0.32094789912464683, "width_q1": 1.1580997901964634, "width_q2": 2.064894978948617, "width_q3": 2.9677102655074554, "width_max": 4.765572429431561}