{"data_name": "CommunityCrime", "n_neighbors": 1000, "level": 0.9, "random_state": 4012, "test_size": 0.2, "n": 1994, "d": 100, "oob_score": 0.6553164590200173, "test_score": 0.6081336634789065, "coverage": 0.8847117794486216, "width_mean": 1.9273183034130494, "width_sd": 0.042274757038518455, "width_min": 1.867965341254981, "width_q1": 1.9037269404874275, "width_q2": 1.9241273463730768, "width_q3": 1.937127364151673, "width_max": 2.1258693376031386}