{"data_name": "CommunityCrime", "n_neighbors": 50, "level": 0.8, "random_state": 1679, "test_size": 0.2, "n": 1994, "d": 100, "oob_score": 0.6413372672195294, "test_score": 0.6604768058914389, "coverage": 0.7794486215538847, "width_mean": 1.292306877176943, "width_sd": 0.7045719025406849, "width_min": 0.20981247053935026, "width_q1": 0.67338933945575, "width_q2": 1.1826138848187078, "width_q3": 1.8434448880375733, "width_max": 2.8901188960813555}