{"data_name": "CommunityCrime", "n_neighbors": 1000, "level": 0.9, "random_state": 1424, "test_size": 0.2, "n": 1994, "d": 100, "oob_score": 0.6401709449702939, "test_score": 0.6769331553843743, "coverage": 0.924812030075188, "width_mean": 2.0675142169631306, "width_sd": 0.03777401288468407, "width_min": 1.9452461437620128, "width_q1": 2.039839415299085, "width_q2": 2.0547321759417727, "width_q3": 2.086286069347434, "width_max": 2.196789824470224}