{"data_name": "CommunityCrime", "n_neighbors": "auto", "level": 0.95, "random_state": 1679, "test_size": 0.2, "n": 1994, "d": 100, "oob_score": 0.6413372672195294, "test_score": 0.6604768058914389, "coverage": 0.9072681704260651, "width_mean": 1.985159886680183, "width_sd": 1.0046118819835053, "width_min": 0.4138290008315021, "width_q1": 1.0505276182147036, "width_q2": 2.0450734022485437, "width_q3": 2.742086927583935, "width_max": 4.236639771308923}