{"data_name": "CommunityCrime", "n_neighbors": "all", "level": 0.99, "random_state": 1679, "test_size": 0.2, "n": 1994, "d": 100, "oob_score": 0.6413372672195294, "test_score": 0.6604768058914389, "coverage": 0.9949874686716792, "width_mean": 3.961744144836234, "width_sd": 2.6305574507960667e-16, "width_min": 3.961744144836234, "width_q1": 3.961744144836234, "width_q2": 3.961744144836234, "width_q3": 3.9617441448362345, "width_max": 3.961744144836235}