{"data_name": "CommunityCrime", "n_neighbors": 20, "level": 0.99, "random_state": 1679, "test_size": 0.2, "n": 1994, "d": 100, "oob_score": 0.6413372672195294, "test_score": 0.6604768058914389, "coverage": 0.8897243107769424, "width_mean": 2.0249560466858454, "width_sd": 1.1031417441254485, "width_min": 0.27700057849666815, "width_q1": 1.0869609655167896, "width_q2": 1.9079642231416216, "width_q3": 2.8403525362560336, "width_max": 4.888247305179986}