{"data_name": "CommunityCrime", "n_neighbors": 50, "level": 0.95, "random_state": 4012, "test_size": 0.2, "n": 1994, "d": 100, "oob_score": 0.6553164590200173, "test_score": 0.6081336634789065, "coverage": 0.8947368421052632, "width_mean": 1.9777599360308231, "width_sd": 0.9198099137461841, "width_min": 0.26560641450723166, "width_q1": 1.186517183152965, "width_q2": 2.0369361931529744, "width_q3": 2.6667912170589023, "width_max": 3.9497365115751326}