{"data_name": "CommunityCrime", "n_neighbors": 1000, "level": 0.8, "random_state": 3657, "test_size": 0.2, "n": 1994, "d": 100, "oob_score": 0.6448046277369712, "test_score": 0.6490120798272531, "coverage": 0.8220551378446115, "width_mean": 1.3575567329062876, "width_sd": 0.04083983871675236, "width_min": 1.3071530707193237, "width_q1": 1.3235145815960447, "width_q2": 1.3496768531872056, "width_q3": 1.3731528159168889, "width_max": 1.4775445463488723}