{"data_name": "CommunityCrime", "n_neighbors": "auto", "level": 0.9, "random_state": 4506, "test_size": 0.2, "n": 1994, "d": 100, "oob_score": 0.655207121965274, "test_score": 0.6132133592333493, "coverage": 0.8771929824561403, "width_mean": 1.5524462521762683, "width_sd": 0.8704960235459929, "width_min": 0.24625416680744927, "width_q1": 0.7960343466228913, "width_q2": 1.4580899532977467, "width_q3": 2.0871124327798443, "width_max": 3.934025706918286}