{"data_name": "CommunityCrime", "n_neighbors": 100, "level": 0.9, "random_state": 2286, "test_size": 0.2, "n": 1994, "d": 100, "oob_score": 0.6210348447138936, "test_score": 0.7110746475495026, "coverage": 0.9273182957393483, "width_mean": 1.6314880138584427, "width_sd": 0.8041247522512304, "width_min": 0.38070964019940623, "width_q1": 0.8917972947492596, "width_q2": 1.5158532381716243, "width_q3": 2.2586146110408487, "width_max": 3.975909542074036}