{"data_name": "CommunityCrime", "n_neighbors": 20, "level": 0.95, "random_state": 1679, "test_size": 0.2, "n": 1994, "d": 100, "oob_score": 0.6413372672195294, "test_score": 0.6604768058914389, "coverage": 0.8521303258145363, "width_mean": 1.790079984076129, "width_sd": 0.9883965962974598, "width_min": 0.24721742645254563, "width_q1": 0.9337096160067453, "width_q2": 1.6778739446352862, "width_q3": 2.516766783973104, "width_max": 4.478949335657994}