{"data_name": "CommunityCrime", "n_neighbors": 500, "level": 0.99, "random_state": 4506, "test_size": 0.2, "n": 1994, "d": 100, "oob_score": 0.655207121965274, "test_score": 0.6132133592333493, "coverage": 0.9824561403508771, "width_mean": 3.7625328431702627, "width_sd": 0.1751737276609826, "width_min": 3.293546469290143, "width_q1": 3.673087152254869, "width_q2": 3.694333164177903, "width_q3": 3.8807356646484195, "width_max": 4.27687029748186}