{"data_name": "CommunityCrime", "n_neighbors": 500, "level": 0.95, "random_state": 2286, "test_size": 0.2, "n": 1994, "d": 100, "oob_score": 0.6210348447138936, "test_score": 0.7110746475495026, "coverage": 0.9699248120300752, "width_mean": 2.5450186619260897, "width_sd": 0.15787819869212208, "width_min": 2.240361249870632, "width_q1": 2.4439149452424838, "width_q2": 2.5199739484673835, "width_q3": 2.6264793792059153, "width_max": 3.1181998580959847}