{"data_name": "CommunityCrime", "n_neighbors": 200, "level": 0.9, "random_state": 9674, "test_size": 0.2, "n": 1994, "d": 100, "oob_score": 0.6224956999409356, "test_score": 0.6886134976252996, "coverage": 0.9223057644110275, "width_mean": 1.838912529582946, "width_sd": 0.48014200680231167, "width_min": 0.7976719203039018, "width_q1": 1.4440589467300273, "width_q2": 1.8437664700066714, "width_q3": 2.1454053327699225, "width_max": 3.01555934977259}