{"data_name": "CommunityCrime", "n_neighbors": 100, "level": 0.95, "random_state": 1824, "test_size": 0.2, "n": 1994, "d": 100, "oob_score": 0.6331904607036516, "test_score": 0.6476956466980824, "coverage": 0.9223057644110275, "width_mean": 1.9410819453009684, "width_sd": 0.8578127252148615, "width_min": 0.4264278314875657, "width_q1": 1.1793638172200076, "width_q2": 1.9075566509268693, "width_q3": 2.687399518512, "width_max": 3.780882339822323}