{"data_name": "CommunityCrime", "n_neighbors": "all", "level": 0.95, "random_state": 4012, "test_size": 0.2, "n": 1994, "d": 100, "oob_score": 0.6553164590200173, "test_score": 0.6081336634789065, "coverage": 0.9323308270676691, "width_mean": 2.4937212988745814, "width_sd": 3.9708100721915004e-16, "width_min": 2.493721298874581, "width_q1": 2.493721298874581, "width_q2": 2.493721298874581, "width_q3": 2.493721298874581, "width_max": 2.4937212988745814}