{"data_name": "CommunityCrime", "n_neighbors": 500, "level": 0.99, "random_state": 2286, "test_size": 0.2, "n": 1994, "d": 100, "oob_score": 0.6210348447138936, "test_score": 0.7110746475495026, "coverage": 1.0, "width_mean": 4.086488232077405, "width_sd": 0.13957082195621434, "width_min": 3.8803056139532788, "width_q1": 4.034070208972651, "width_q2": 4.034070208972651, "width_q3": 4.196334661922751, "width_max": 4.482097484506989}