{"data_name": "CommunityCrime", "n_neighbors": 50, "level": 0.95, "random_state": 409, "test_size": 0.2, "n": 1994, "d": 100, "oob_score": 0.6291922465147624, "test_score": 0.6702857150043094, "coverage": 0.9348370927318296, "width_mean": 2.0298439191745605, "width_sd": 0.9315465935631279, "width_min": 0.37054168612699734, "width_q1": 1.1636637065512563, "width_q2": 2.1248077163609613, "width_q3": 2.8310969428699204, "width_max": 4.059147478904255}