{"data_name": "CommunityCrime", "n_neighbors": "auto", "level": 0.8, "random_state": 3657, "test_size": 0.2, "n": 1994, "d": 100, "oob_score": 0.6448046277369712, "test_score": 0.6490120798272531, "coverage": 0.7493734335839599, "width_mean": 1.158832654956449, "width_sd": 0.7086639418055783, "width_min": 0.1891459576824578, "width_q1": 0.570660666857348, "width_q2": 0.9874189964437685, "width_q3": 1.678749013639989, "width_max": 2.9936356188706057}