{"data_name": "CommunityCrime", "n_neighbors": 500, "level": 0.9, "random_state": 9674, "test_size": 0.2, "n": 1994, "d": 100, "oob_score": 0.6224956999409356, "test_score": 0.6886134976252996, "coverage": 0.9197994987468672, "width_mean": 1.9885379932031901, "width_sd": 0.15579007364425312, "width_min": 1.6891186445791306, "width_q1": 1.851739943246609, "width_q2": 1.936137192775829, "width_q3": 2.0835480140947773, "width_max": 2.495243525032217}