{"data_name": "CommunityCrime", "n_neighbors": 500, "level": 0.8, "random_state": 409, "test_size": 0.2, "n": 1994, "d": 100, "oob_score": 0.6291922465147624, "test_score": 0.6702857150043094, "coverage": 0.7944862155388471, "width_mean": 1.2609096229838868, "width_sd": 0.14075168919744335, "width_min": 1.0084651027364904, "width_q1": 1.1481833811737152, "width_q2": 1.2403472173068244, "width_q3": 1.3605409696151383, "width_max": 1.6581188901147461}