{"data_name": "CommunityCrime", "n_neighbors": 20, "level": 0.95, "random_state": 2286, "test_size": 0.2, "n": 1994, "d": 100, "oob_score": 0.6210348447138936, "test_score": 0.7110746475495026, "coverage": 0.9147869674185464, "width_mean": 1.8732647211201556, "width_sd": 0.9840469094403547, "width_min": 0.26851708041565236, "width_q1": 1.0317845773120078, "width_q2": 1.7414394780907352, "width_q3": 2.588893286427043, "width_max": 4.544932027535633}