{"data_name": "CommunityCrime", "n_neighbors": "all", "level": 0.95, "random_state": 9674, "test_size": 0.2, "n": 1994, "d": 100, "oob_score": 0.6224956999409356, "test_score": 0.6886134976252996, "coverage": 0.9573934837092731, "width_mean": 2.6446384233522857, "width_sd": 1.155222543657235e-16, "width_min": 2.6446384233522853, "width_q1": 2.6446384233522857, "width_q2": 2.6446384233522857, "width_q3": 2.6446384233522857, "width_max": 2.644638423352286}