{"data_name": "CommunityCrime", "n_neighbors": "all", "level": 0.8, "random_state": 2286, "test_size": 0.2, "n": 1994, "d": 100, "oob_score": 0.6210348447138936, "test_score": 0.7110746475495026, "coverage": 0.8270676691729323, "width_mean": 1.3665702077796686, "width_sd": 4.524962994267078e-16, "width_min": 1.3665702077796689, "width_q1": 1.366570207779669, "width_q2": 1.366570207779669, "width_q3": 1.366570207779669, "width_max": 1.3665702077796693}