{"data_name": "CommunityCrime", "n_neighbors": 20, "level": 0.9, "random_state": 9674, "test_size": 0.2, "n": 1994, "d": 100, "oob_score": 0.6224956999409356, "test_score": 0.6886134976252996, "coverage": 0.8345864661654135, "width_mean": 1.5454848035026667, "width_sd": 0.896018541505183, "width_min": 0.2144777315705787, "width_q1": 0.7880912292024809, "width_q2": 1.4382493336698483, "width_q3": 2.1760471671386252, "width_max": 4.109520919348499}