{"data_name": "CommunityCrime", "n_neighbors": 500, "level": 0.99, "random_state": 9674, "test_size": 0.2, "n": 1994, "d": 100, "oob_score": 0.6224956999409356, "test_score": 0.6886134976252996, "coverage": 0.9874686716791979, "width_mean": 3.721151416006136, "width_sd": 0.14684430051842334, "width_min": 3.5865544252987966, "width_q1": 3.6154147186275614, "width_q2": 3.6271467335893406, "width_q3": 3.766873630410158, "width_max": 4.287330960142363}