{"data_name": "CommunityCrime", "n_neighbors": 10, "level": 0.95, "random_state": 1424, "test_size": 0.2, "n": 1994, "d": 100, "oob_score": 0.6401709449702939, "test_score": 0.6769331553843743, "coverage": 0.7894736842105263, "width_mean": 1.6469183365645814, "width_sd": 0.96552976676026, "width_min": 0.1853764635596905, "width_q1": 0.7916649011691501, "width_q2": 1.5588770023341518, "width_q3": 2.363736277577658, "width_max": 4.470183080041961}