{"data_name": "CommunityCrime", "n_neighbors": 500, "level": 0.99, "random_state": 409, "test_size": 0.2, "n": 1994, "d": 100, "oob_score": 0.6291922465147624, "test_score": 0.6702857150043094, "coverage": 0.9924812030075187, "width_mean": 3.9984891144793764, "width_sd": 0.14493115983895924, "width_min": 3.8251502584080517, "width_q1": 3.910308691970979, "width_q2": 3.910308691970979, "width_q3": 4.0507109180148095, "width_max": 4.464503009812832}