{"data_name": "CommunityCrime", "n_neighbors": 50, "level": 0.99, "random_state": 4012, "test_size": 0.2, "n": 1994, "d": 100, "oob_score": 0.6553164590200173, "test_score": 0.6081336634789065, "coverage": 0.9373433583959899, "width_mean": 2.4618638037996954, "width_sd": 1.074280076928446, "width_min": 0.32032075555502926, "width_q1": 1.5061976439614544, "width_q2": 2.5352129763477778, "width_q3": 3.3443163998886574, "width_max": 4.585862836986722}