{"data_name": "CommunityCrime", "n_neighbors": "all", "level": 0.8, "random_state": 1679, "test_size": 0.2, "n": 1994, "d": 100, "oob_score": 0.6413372672195294, "test_score": 0.6604768058914389, "coverage": 0.7819548872180451, "width_mean": 1.307753706043257, "width_sd": 2.812184204886952e-16, "width_min": 1.3077537060432562, "width_q1": 1.3077537060432567, "width_q2": 1.3077537060432567, "width_q3": 1.3077537060432567, "width_max": 1.3077537060432567}