{"data_name": "CommunityCrime", "n_neighbors": 1000, "level": 0.99, "random_state": 409, "test_size": 0.2, "n": 1994, "d": 100, "oob_score": 0.6291922465147624, "test_score": 0.6702857150043094, "coverage": 0.9949874686716792, "width_mean": 4.123993602243737, "width_sd": 0.0395931846606174, "width_min": 3.923353223357811, "width_q1": 4.111503092447091, "width_q2": 4.111503092447091, "width_q3": 4.111503092447091, "width_max": 4.351013915010772}