{"data_name": "CommunityCrime", "n_neighbors": 1000, "level": 0.95, "random_state": 1679, "test_size": 0.2, "n": 1994, "d": 100, "oob_score": 0.6413372672195294, "test_score": 0.6604768058914389, "coverage": 0.9674185463659147, "width_mean": 2.6962528121645097, "width_sd": 0.02688482535455271, "width_min": 2.5539790950383274, "width_q1": 2.685017720478778, "width_q2": 2.6903835628451223, "width_q3": 2.7037031526609594, "width_max": 2.801324814243471}