{"data_name": "CommunityCrime", "n_neighbors": 5, "level": 0.9, "random_state": 1679, "test_size": 0.2, "n": 1994, "d": 100, "oob_score": 0.6413372672195294, "test_score": 0.6604768058914389, "coverage": 0.6090225563909775, "width_mean": 1.1447145749425762, "width_sd": 0.7987444820849373, "width_min": 0.034141119730671354, "width_q1": 0.5115647380329774, "width_q2": 0.9525271128444022, "width_q3": 1.6405414101229563, "width_max": 3.9108263316043628}