{"data_name": "CommunityCrime", "n_neighbors": 500, "level": 0.8, "random_state": 1679, "test_size": 0.2, "n": 1994, "d": 100, "oob_score": 0.6413372672195294, "test_score": 0.6604768058914389, "coverage": 0.8170426065162907, "width_mean": 1.4247918727095006, "width_sd": 0.11292140702179014, "width_min": 1.1575701109521597, "width_q1": 1.3264159913331308, "width_q2": 1.4337774101818304, "width_q3": 1.5102506121264754, "width_max": 1.6684721938199267}