{"data_name": "CommunityCrime", "n_neighbors": "auto", "level": 0.99, "random_state": 1424, "test_size": 0.2, "n": 1994, "d": 100, "oob_score": 0.6401709449702939, "test_score": 0.6769331553843743, "coverage": 0.9548872180451128, "width_mean": 2.6466238492800214, "width_sd": 1.093867331627123, "width_min": 0.6577229562375584, "width_q1": 1.5958571581604675, "width_q2": 2.7529009048076487, "width_q3": 3.605747984676051, "width_max": 4.609308177215434}