{"data_name": "CommunityCrime", "n_neighbors": 100, "level": 0.99, "random_state": 1824, "test_size": 0.2, "n": 1994, "d": 100, "oob_score": 0.6331904607036516, "test_score": 0.6476956466980824, "coverage": 0.9649122807017544, "width_mean": 2.697557057889119, "width_sd": 0.9759696728992996, "width_min": 0.46490223277080167, "width_q1": 1.8867438426069734, "width_q2": 2.910416131990473, "width_q3": 3.502935320097256, "width_max": 4.5898467243547945}