{"data_name": "CommunityCrime", "n_neighbors": "all", "level": 0.8, "random_state": 8935, "test_size": 0.2, "n": 1994, "d": 100, "oob_score": 0.6565976935608104, "test_score": 0.5979816195397591, "coverage": 0.8070175438596491, "width_mean": 1.3406089709037947, "width_sd": 4.439500623580521e-16, "width_min": 1.340608970903795, "width_q1": 1.3406089709037952, "width_q2": 1.3406089709037952, "width_q3": 1.3406089709037952, "width_max": 1.3406089709037954}