{"data_name": "CommunityCrime", "n_neighbors": "auto", "level": 0.95, "random_state": 1424, "test_size": 0.2, "n": 1994, "d": 100, "oob_score": 0.6401709449702939, "test_score": 0.6769331553843743, "coverage": 0.9097744360902256, "width_mean": 1.9526507924977403, "width_sd": 0.9501658520023465, "width_min": 0.3894208405539409, "width_q1": 1.0619880443769583, "width_q2": 2.0355800883673227, "width_q3": 2.7579733565150577, "width_max": 4.205953959488503}