{"data_name": "CommunityCrime", "n_neighbors": 10, "level": 0.8, "random_state": 1424, "test_size": 0.2, "n": 1994, "d": 100, "oob_score": 0.6401709449702939, "test_score": 0.6769331553843743, "coverage": 0.6416040100250626, "width_mean": 1.1372165133426837, "width_sd": 0.6985163558816029, "width_min": 0.08817869684659951, "width_q1": 0.5432948138798122, "width_q2": 0.9928443364311704, "width_q3": 1.5926653078675672, "width_max": 3.7221870742664334}