{"data_name": "CommunityCrime", "n_neighbors": 20, "level": 0.95, "random_state": 3657, "test_size": 0.2, "n": 1994, "d": 100, "oob_score": 0.6448046277369712, "test_score": 0.6490120798272531, "coverage": 0.8521303258145363, "width_mean": 1.8116810055375132, "width_sd": 0.9587541663133259, "width_min": 0.1629657652841029, "width_q1": 0.9759446612288121, "width_q2": 1.7337133657741586, "width_q3": 2.5550077434503944, "width_max": 3.8816859556678533}