{"data_name": "CommunityCrime", "n_neighbors": 50, "level": 0.95, "random_state": 8935, "test_size": 0.2, "n": 1994, "d": 100, "oob_score": 0.6565976935608104, "test_score": 0.5979816195397591, "coverage": 0.9323308270676691, "width_mean": 1.9974701313796517, "width_sd": 0.9171969232730871, "width_min": 0.4196154948912585, "width_q1": 1.1919800175618667, "width_q2": 2.0250952313553405, "width_q3": 2.631969768778315, "width_max": 4.196868786072718}