{"data_name": "CommunityCrime", "n_neighbors": 50, "level": 0.9, "random_state": 1824, "test_size": 0.2, "n": 1994, "d": 100, "oob_score": 0.6331904607036516, "test_score": 0.6476956466980824, "coverage": 0.87468671679198, "width_mean": 1.6945310215712281, "width_sd": 0.8233320711508173, "width_min": 0.28439195906092374, "width_q1": 0.9222184672599683, "width_q2": 1.6882350451968833, "width_q3": 2.418559111076269, "width_max": 3.56454112350612}