{"data_name": "CommunityCrime", "n_neighbors": 10, "level": 0.95, "random_state": 2286, "test_size": 0.2, "n": 1994, "d": 100, "oob_score": 0.6210348447138936, "test_score": 0.7110746475495026, "coverage": 0.8270676691729323, "width_mean": 1.6778187760281031, "width_sd": 0.9613334372576129, "width_min": 0.17533930969353362, "width_q1": 0.8992627960398605, "width_q2": 1.5120720677966917, "width_q3": 2.315357396546741, "width_max": 4.640710228561657}