{"data_name": "CommunityCrime", "n_neighbors": 5, "level": 0.99, "random_state": 1824, "test_size": 0.2, "n": 1994, "d": 100, "oob_score": 0.6331904607036516, "test_score": 0.6476956466980824, "coverage": 0.6591478696741855, "width_mean": 1.3141271963034222, "width_sd": 0.9343490074917755, "width_min": 0.08986065755897554, "width_q1": 0.6216217208938268, "width_q2": 1.0303342158094166, "width_q3": 1.8918376576165907, "width_max": 4.528908913656717}