{"data_name": "CommunityCrime", "n_neighbors": 10, "level": 0.99, "random_state": 3657, "test_size": 0.2, "n": 1994, "d": 100, "oob_score": 0.6448046277369712, "test_score": 0.6490120798272531, "coverage": 0.8145363408521303, "width_mean": 1.740797046092604, "width_sd": 1.0134428721786146, "width_min": 0.1278051540017331, "width_q1": 0.8910736126646377, "width_q2": 1.4616536532321858, "width_q3": 2.515551747377004, "width_max": 4.210250107741654}