{"data_name": "CommunityCrime", "n_neighbors": 200, "level": 0.9, "random_state": 2286, "test_size": 0.2, "n": 1994, "d": 100, "oob_score": 0.6210348447138936, "test_score": 0.7110746475495026, "coverage": 0.9348370927318296, "width_mean": 1.7941447329822546, "width_sd": 0.4777283514842042, "width_min": 0.7420223315666041, "width_q1": 1.381796319972748, "width_q2": 1.7996328873469323, "width_q3": 2.1021580814633953, "width_max": 3.0726014639728216}