{"data_name": "CommunityCrime", "n_neighbors": "auto", "level": 0.99, "random_state": 1679, "test_size": 0.2, "n": 1994, "d": 100, "oob_score": 0.6413372672195294, "test_score": 0.6604768058914389, "coverage": 0.9724310776942355, "width_mean": 2.6220831950252985, "width_sd": 1.1175979428716452, "width_min": 0.5353019027750012, "width_q1": 1.6006234810744073, "width_q2": 2.798089859878908, "width_q3": 3.478598673396191, "width_max": 4.792481887662497}