{"data_name": "CommunityCrime", "n_neighbors": 10, "level": 0.9, "random_state": 4506, "test_size": 0.2, "n": 1994, "d": 100, "oob_score": 0.655207121965274, "test_score": 0.6132133592333493, "coverage": 0.7443609022556391, "width_mean": 1.4087201103832097, "width_sd": 0.8514175506343677, "width_min": 0.1491424744761829, "width_q1": 0.7033236381581455, "width_q2": 1.2515757177883926, "width_q3": 1.9487975752533329, "width_max": 4.436565576787487}