{"data_name": "CommunityCrime", "n_neighbors": 5, "level": 0.99, "random_state": 1679, "test_size": 0.2, "n": 1994, "d": 100, "oob_score": 0.6413372672195294, "test_score": 0.6604768058914389, "coverage": 0.6541353383458647, "width_mean": 1.2793767995539809, "width_sd": 0.8999924890507517, "width_min": 0.03983584669827356, "width_q1": 0.5577101244524376, "width_q2": 1.0582195986118563, "width_q3": 1.8068018853078103, "width_max": 4.362855073379603}