{"data_name": "CommunityCrime", "n_neighbors": 50, "level": 0.95, "random_state": 1824, "test_size": 0.2, "n": 1994, "d": 100, "oob_score": 0.6331904607036516, "test_score": 0.6476956466980824, "coverage": 0.9197994987468672, "width_mean": 2.0251910340176495, "width_sd": 0.9190026760507095, "width_min": 0.4189810309071884, "width_q1": 1.1688125999598498, "width_q2": 2.006447544102415, "width_q3": 2.8040487059575367, "width_max": 3.8878805659628215}