{"data_name": "CommunityCrime", "n_neighbors": 100, "level": 0.95, "random_state": 4012, "test_size": 0.2, "n": 1994, "d": 100, "oob_score": 0.6553164590200173, "test_score": 0.6081336634789065, "coverage": 0.9097744360902256, "width_mean": 1.8909575940965453, "width_sd": 0.897451959966562, "width_min": 0.3434374080402256, "width_q1": 1.0599198353639765, "width_q2": 1.9397138378703296, "width_q3": 2.5912243046377545, "width_max": 3.7407651751627715}