{"data_name": "CommunityCrime", "n_neighbors": 10, "level": 0.95, "random_state": 1679, "test_size": 0.2, "n": 1994, "d": 100, "oob_score": 0.6413372672195294, "test_score": 0.6604768058914389, "coverage": 0.7669172932330827, "width_mean": 1.5762885611951427, "width_sd": 0.9431960183251128, "width_min": 0.14201725192961157, "width_q1": 0.7861562816550589, "width_q2": 1.3806693302414073, "width_q3": 2.237563331196493, "width_max": 4.379155362674087}