{"data_name": "CommunityCrime", "n_neighbors": 200, "level": 0.99, "random_state": 409, "test_size": 0.2, "n": 1994, "d": 100, "oob_score": 0.6291922465147624, "test_score": 0.6702857150043094, "coverage": 0.9924812030075187, "width_mean": 3.3655046564813107, "width_sd": 0.44942588884047713, "width_min": 2.4232360441766687, "width_q1": 2.9621765081644953, "width_q2": 3.2545551563122546, "width_q3": 3.7048023447482556, "width_max": 4.544433201261246}