{"data_name": "CommunityCrime", "n_neighbors": 100, "level": 0.95, "random_state": 1424, "test_size": 0.2, "n": 1994, "d": 100, "oob_score": 0.6401709449702939, "test_score": 0.6769331553843743, "coverage": 0.9147869674185464, "width_mean": 1.9707379987082045, "width_sd": 0.9079148693896252, "width_min": 0.37653382709113414, "width_q1": 1.0989422623280947, "width_q2": 2.1183870462922743, "width_q3": 2.7520259312481383, "width_max": 3.9262070629809673}