{"data_name": "CommunityCrime", "n_neighbors": 5, "level": 0.95, "random_state": 4506, "test_size": 0.2, "n": 1994, "d": 100, "oob_score": 0.655207121965274, "test_score": 0.6132133592333493, "coverage": 0.6416040100250626, "width_mean": 1.221731168535279, "width_sd": 0.8641391368036663, "width_min": 0.07952010308981083, "width_q1": 0.568336983861401, "width_q2": 1.0259751409503794, "width_q3": 1.5903630047438144, "width_max": 4.396550960765244}