{"data_name": "CommunityCrime", "n_neighbors": 100, "level": 0.95, "random_state": 9674, "test_size": 0.2, "n": 1994, "d": 100, "oob_score": 0.6224956999409356, "test_score": 0.6886134976252996, "coverage": 0.9423558897243107, "width_mean": 2.028418191298384, "width_sd": 0.9612497466177038, "width_min": 0.4372072023111878, "width_q1": 1.1304430988784102, "width_q2": 2.0066616431206095, "width_q3": 2.7887058086591314, "width_max": 4.046709220462434}