{"data_name": "CommunityCrime", "n_neighbors": 100, "level": 0.95, "random_state": 409, "test_size": 0.2, "n": 1994, "d": 100, "oob_score": 0.6291922465147624, "test_score": 0.6702857150043094, "coverage": 0.9298245614035088, "width_mean": 1.9789466112454686, "width_sd": 0.9278955185195656, "width_min": 0.4141231806113226, "width_q1": 1.114759703813498, "width_q2": 2.0346534151777806, "width_q3": 2.7522514423465125, "width_max": 4.108276123719012}