{"data_name": "CommunityCrime", "n_neighbors": 50, "level": 0.8, "random_state": 4506, "test_size": 0.2, "n": 1994, "d": 100, "oob_score": 0.655207121965274, "test_score": 0.6132133592333493, "coverage": 0.7869674185463659, "width_mean": 1.2911168915235243, "width_sd": 0.7147894075816229, "width_min": 0.1664183931465425, "width_q1": 0.6901531660985603, "width_q2": 1.2445322040903712, "width_q3": 1.7791677861082338, "width_max": 3.3631547791418006}