{"data_name": "CommunityCrime", "n_neighbors": 10, "level": 0.9, "random_state": 409, "test_size": 0.2, "n": 1994, "d": 100, "oob_score": 0.6291922465147624, "test_score": 0.6702857150043094, "coverage": 0.8195488721804511, "width_mean": 1.4865055439961505, "width_sd": 0.8666472117370588, "width_min": 0.15250387563721002, "width_q1": 0.7287407423186536, "width_q2": 1.3965913045069795, "width_q3": 2.0948307229473624, "width_max": 4.166170781302505}