{"data_name": "CommunityCrime", "n_neighbors": 50, "level": 0.9, "random_state": 1424, "test_size": 0.2, "n": 1994, "d": 100, "oob_score": 0.6401709449702939, "test_score": 0.6769331553843743, "coverage": 0.8822055137844611, "width_mean": 1.7018067621830706, "width_sd": 0.8332508482839289, "width_min": 0.29986257385918524, "width_q1": 0.9470667392123773, "width_q2": 1.7644533647455596, "width_q3": 2.3384262274954475, "width_max": 3.520820120022762}