{"data_name": "CommunityCrime", "n_neighbors": 5, "level": 0.8, "random_state": 1424, "test_size": 0.2, "n": 1994, "d": 100, "oob_score": 0.6401709449702939, "test_score": 0.6769331553843743, "coverage": 0.531328320802005, "width_mean": 1.015181018347915, "width_sd": 0.720395389382602, "width_min": 0.04669217338930076, "width_q1": 0.4365766178360553, "width_q2": 0.8258969007197752, "width_q3": 1.4966402218224641, "width_max": 3.7109812309302237}