{"data_name": "CommunityCrime", "n_neighbors": 500, "level": 0.95, "random_state": 9674, "test_size": 0.2, "n": 1994, "d": 100, "oob_score": 0.6224956999409356, "test_score": 0.6886134976252996, "coverage": 0.9649122807017544, "width_mean": 2.593876294843785, "width_sd": 0.17053520324522425, "width_min": 2.285542992786407, "width_q1": 2.45569674653529, "width_q2": 2.5463295458217425, "width_q3": 2.6639841536928928, "width_max": 3.2239501713573464}