{"data_name": "CommunityCrime", "n_neighbors": 10, "level": 0.8, "random_state": 1679, "test_size": 0.2, "n": 1994, "d": 100, "oob_score": 0.6413372672195294, "test_score": 0.6604768058914389, "coverage": 0.6290726817042607, "width_mean": 1.1319177424589784, "width_sd": 0.7233705977684595, "width_min": 0.09936541440005431, "width_q1": 0.529866804847908, "width_q2": 0.9697064577905935, "width_q3": 1.643875033292837, "width_max": 3.5837776599448565}