{"data_name": "CommunityCrime", "n_neighbors": 20, "level": 0.95, "random_state": 4012, "test_size": 0.2, "n": 1994, "d": 100, "oob_score": 0.6553164590200173, "test_score": 0.6081336634789065, "coverage": 0.8320802005012531, "width_mean": 1.7106702005359162, "width_sd": 0.9454136947061785, "width_min": 0.2372647199151089, "width_q1": 0.9560002815402422, "width_q2": 1.6427209032372103, "width_q3": 2.4205573042865542, "width_max": 3.9901169211055687}