{"data_name": "CommunityCrime", "n_neighbors": 5, "level": 0.99, "random_state": 1424, "test_size": 0.2, "n": 1994, "d": 100, "oob_score": 0.6401709449702939, "test_score": 0.6769331553843743, "coverage": 0.6190476190476191, "width_mean": 1.334749628048556, "width_sd": 0.9737515376923962, "width_min": 0.057526719729274034, "width_q1": 0.561678808856012, "width_q2": 1.0507363887963523, "width_q3": 1.9176221369342175, "width_max": 4.6690883894152915}