{"data_name": "CommunityCrime", "n_neighbors": 50, "level": 0.99, "random_state": 1424, "test_size": 0.2, "n": 1994, "d": 100, "oob_score": 0.6401709449702939, "test_score": 0.6769331553843743, "coverage": 0.9473684210526315, "width_mean": 2.6062100753926702, "width_sd": 1.1134913937464737, "width_min": 0.3825982397905243, "width_q1": 1.5932334274868105, "width_q2": 2.744481458857418, "width_q3": 3.599248243705508, "width_max": 4.676300953225031}