{"data_name": "CommunityCrime", "n_neighbors": 1000, "level": 0.95, "random_state": 9674, "test_size": 0.2, "n": 1994, "d": 100, "oob_score": 0.6224956999409356, "test_score": 0.6886134976252996, "coverage": 0.9573934837092731, "width_mean": 2.589939793725255, "width_sd": 0.04758601480998542, "width_min": 2.4937221685593522, "width_q1": 2.5531715813498677, "width_q2": 2.55847148399652, "width_q3": 2.621859206734806, "width_max": 2.7849367468597426}