{"data_name": "CommunityCrime", "n_neighbors": 1000, "level": 0.95, "random_state": 1424, "test_size": 0.2, "n": 1994, "d": 100, "oob_score": 0.6401709449702939, "test_score": 0.6769331553843743, "coverage": 0.949874686716792, "width_mean": 2.629870015374711, "width_sd": 0.04143427585985383, "width_min": 2.5353235764163222, "width_q1": 2.5969965734070257, "width_q2": 2.6193173624436223, "width_q3": 2.637976998719094, "width_max": 2.776429734205616}