{"data_name": "CommunityCrime", "n_neighbors": 1000, "level": 0.99, "random_state": 3657, "test_size": 0.2, "n": 1994, "d": 100, "oob_score": 0.6448046277369712, "test_score": 0.6490120798272531, "coverage": 0.9824561403508771, "width_mean": 4.062692288287079, "width_sd": 0.027163847004426388, "width_min": 3.8638743709689045, "width_q1": 4.06487347482687, "width_q2": 4.06487347482687, "width_q3": 4.06487347482687, "width_max": 4.186566560107812}