{"data_name": "CommunityCrime", "n_neighbors": 100, "level": 0.9, "random_state": 3657, "test_size": 0.2, "n": 1994, "d": 100, "oob_score": 0.6448046277369712, "test_score": 0.6490120798272531, "coverage": 0.8671679197994987, "width_mean": 1.5396842365110228, "width_sd": 0.7694998843898546, "width_min": 0.24478818633143473, "width_q1": 0.8576863767069227, "width_q2": 1.511449765960633, "width_q3": 2.1279759840786223, "width_max": 3.3592324779656195}