{"data_name": "CommunityCrime", "n_neighbors": 50, "level": 0.9, "random_state": 409, "test_size": 0.2, "n": 1994, "d": 100, "oob_score": 0.6291922465147624, "test_score": 0.6702857150043094, "coverage": 0.8972431077694235, "width_mean": 1.6905454203044552, "width_sd": 0.8301278678478282, "width_min": 0.3069751426761089, "width_q1": 0.9565391296716421, "width_q2": 1.7045786985364684, "width_q3": 2.3644737761704313, "width_max": 3.685183575574073}