{"data_name": "CommunityCrime", "n_neighbors": "auto", "level": 0.99, "random_state": 409, "test_size": 0.2, "n": 1994, "d": 100, "oob_score": 0.6291922465147624, "test_score": 0.6702857150043094, "coverage": 0.9598997493734336, "width_mean": 2.6964888207888214, "width_sd": 1.0934393127221667, "width_min": 0.7000169877103901, "width_q1": 1.6528131911341877, "width_q2": 2.866680872412826, "width_q3": 3.5943611846852503, "width_max": 4.643371227686973}