{"data_name": "CommunityCrime", "n_neighbors": 200, "level": 0.95, "random_state": 8935, "test_size": 0.2, "n": 1994, "d": 100, "oob_score": 0.6565976935608104, "test_score": 0.5979816195397591, "coverage": 0.9649122807017544, "width_mean": 2.219585248746514, "width_sd": 0.5336854763013363, "width_min": 1.1177009796605082, "width_q1": 1.8370627248783207, "width_q2": 2.212129127247671, "width_q3": 2.553314156925043, "width_max": 3.5438437265661307}