{"data_name": "CommunityCrime", "n_neighbors": "auto", "level": 0.99, "random_state": 4506, "test_size": 0.2, "n": 1994, "d": 100, "oob_score": 0.655207121965274, "test_score": 0.6132133592333493, "coverage": 0.9649122807017544, "width_mean": 2.5362432036498728, "width_sd": 1.1175495782668312, "width_min": 0.4849114439930349, "width_q1": 1.5004680545544997, "width_q2": 2.5894416252663945, "width_q3": 3.4938537126849845, "width_max": 4.614883980137497}