{"data_name": "CommunityCrime", "n_neighbors": "all", "level": 0.9, "random_state": 1424, "test_size": 0.2, "n": 1994, "d": 100, "oob_score": 0.6401709449702939, "test_score": 0.6769331553843743, "coverage": 0.9147869674185464, "width_mean": 1.9864889123258282, "width_sd": 3.901747237362402e-16, "width_min": 1.9864889123258278, "width_q1": 1.9864889123258278, "width_q2": 1.9864889123258278, "width_q3": 1.986488912325828, "width_max": 1.9864889123258282}