{"data_name": "CommunityCrime", "n_neighbors": 20, "level": 0.9, "random_state": 4012, "test_size": 0.2, "n": 1994, "d": 100, "oob_score": 0.6553164590200173, "test_score": 0.6081336634789065, "coverage": 0.7769423558897243, "width_mean": 1.4262861074569377, "width_sd": 0.8501117068119086, "width_min": 0.1821881309902209, "width_q1": 0.7164107919252468, "width_q2": 1.24663964115943, "width_q3": 2.030826245984834, "width_max": 3.664955343967435}