{"data_name": "CommunityCrime", "n_neighbors": 10, "level": 0.95, "random_state": 4012, "test_size": 0.2, "n": 1994, "d": 100, "oob_score": 0.6553164590200173, "test_score": 0.6081336634789065, "coverage": 0.7619047619047619, "width_mean": 1.5257092280710156, "width_sd": 0.9012894798918422, "width_min": 0.14775262944538026, "width_q1": 0.7876795600708044, "width_q2": 1.306857752334149, "width_q3": 2.2449159749459775, "width_max": 3.8184545663972647}