{"data_name": "CommunityCrime", "n_neighbors": 5, "level": 0.95, "random_state": 1679, "test_size": 0.2, "n": 1994, "d": 100, "oob_score": 0.6413372672195294, "test_score": 0.6604768058914389, "coverage": 0.6340852130325815, "width_mean": 1.219526921948912, "width_sd": 0.8543155212012058, "width_min": 0.037304856934894826, "width_q1": 0.5397474415655483, "width_q2": 1.0061887443161655, "width_q3": 1.7410297281747522, "width_max": 4.030597024640619}