{"data_name": "CommunityCrime", "n_neighbors": 5, "level": 0.99, "random_state": 2286, "test_size": 0.2, "n": 1994, "d": 100, "oob_score": 0.6210348447138936, "test_score": 0.7110746475495026, "coverage": 0.6691729323308271, "width_mean": 1.3712260680721036, "width_sd": 0.9572150862759642, "width_min": 0.07133470568122158, "width_q1": 0.6023376143004258, "width_q2": 1.0977761028105593, "width_q3": 1.9732807134158108, "width_max": 4.441515913580104}