{"data_name": "CommunityCrime", "n_neighbors": 200, "level": 0.95, "random_state": 4012, "test_size": 0.2, "n": 1994, "d": 100, "oob_score": 0.6553164590200173, "test_score": 0.6081336634789065, "coverage": 0.9273182957393483, "width_mean": 2.1737801595994677, "width_sd": 0.48827061926350496, "width_min": 1.0034395055322802, "width_q1": 1.7450802860522645, "width_q2": 2.210596320394764, "width_q3": 2.4863854936241747, "width_max": 3.4112274196796175}