{"data_name": "CommunityCrime", "n_neighbors": 200, "level": 0.95, "random_state": 1824, "test_size": 0.2, "n": 1994, "d": 100, "oob_score": 0.6331904607036516, "test_score": 0.6476956466980824, "coverage": 0.9473684210526315, "width_mean": 2.3825065010765942, "width_sd": 0.3622485140633994, "width_min": 1.3084305561236782, "width_q1": 2.115085521781019, "width_q2": 2.345659951870929, "width_q3": 2.629563959033769, "width_max": 3.3190548273719167}