{"data_name": "CommunityCrime", "n_neighbors": 500, "level": 0.9, "random_state": 3657, "test_size": 0.2, "n": 1994, "d": 100, "oob_score": 0.6448046277369712, "test_score": 0.6490120798272531, "coverage": 0.9047619047619048, "width_mean": 1.830020799065775, "width_sd": 0.16313368916967214, "width_min": 1.5766420618891592, "width_q1": 1.6796736113259938, "width_q2": 1.8056247744016494, "width_q3": 1.9389141146005588, "width_max": 2.3155575887697326}