{"data_name": "CommunityCrime", "n_neighbors": 5, "level": 0.99, "random_state": 409, "test_size": 0.2, "n": 1994, "d": 100, "oob_score": 0.6291922465147624, "test_score": 0.6702857150043094, "coverage": 0.6791979949874687, "width_mean": 1.3372202726432267, "width_sd": 0.9543801625379754, "width_min": 0.0849060449408977, "width_q1": 0.5911933014374859, "width_q2": 1.0573321868388927, "width_q3": 1.8449047895515656, "width_max": 4.395962900073808}