{"data_name": "CommunityCrime", "n_neighbors": 5, "level": 0.9, "random_state": 9674, "test_size": 0.2, "n": 1994, "d": 100, "oob_score": 0.6224956999409356, "test_score": 0.6886134976252996, "coverage": 0.6190476190476191, "width_mean": 1.163386733749487, "width_sd": 0.8151246710737048, "width_min": 0.06008973069142032, "width_q1": 0.5512903746267017, "width_q2": 0.9646599997704708, "width_q3": 1.5679611565712452, "width_max": 3.891479585783082}