{"data_name": "CommunityCrime", "n_neighbors": 50, "level": 0.9, "random_state": 8935, "test_size": 0.2, "n": 1994, "d": 100, "oob_score": 0.6565976935608104, "test_score": 0.5979816195397591, "coverage": 0.8671679197994987, "width_mean": 1.6653218883632388, "width_sd": 0.820215945173233, "width_min": 0.3138260035580185, "width_q1": 0.9438596096914875, "width_q2": 1.6755419591092788, "width_q3": 2.2390222332670136, "width_max": 3.6757316891998877}