{"data_name": "CommunityCrime", "n_neighbors": 100, "level": 0.8, "random_state": 3657, "test_size": 0.2, "n": 1994, "d": 100, "oob_score": 0.6448046277369712, "test_score": 0.6490120798272531, "coverage": 0.7543859649122807, "width_mean": 1.1218266066387166, "width_sd": 0.6164812758452504, "width_min": 0.18807809491319227, "width_q1": 0.6036443639090668, "width_q2": 1.0661554740241421, "width_q3": 1.6084799668869265, "width_max": 2.6744137718091916}