{"data_name": "CommunityCrime", "n_neighbors": "auto", "level": 0.8, "random_state": 2286, "test_size": 0.2, "n": 1994, "d": 100, "oob_score": 0.6210348447138936, "test_score": 0.7110746475495026, "coverage": 0.8421052631578947, "width_mean": 1.2258167027462255, "width_sd": 0.730745506128649, "width_min": 0.25198174657939, "width_q1": 0.6025290421401266, "width_q2": 1.0275865963267539, "width_q3": 1.733289186896331, "width_max": 3.568421386846107}