{"data_name": "CommunityCrime", "n_neighbors": 100, "level": 0.95, "random_state": 2286, "test_size": 0.2, "n": 1994, "d": 100, "oob_score": 0.6210348447138936, "test_score": 0.7110746475495026, "coverage": 0.9573934837092731, "width_mean": 2.039479936293402, "width_sd": 0.9480156881638937, "width_min": 0.4594807755325213, "width_q1": 1.168270166588282, "width_q2": 2.1201875758979867, "width_q3": 2.726367664549128, "width_max": 4.318537770135116}