{"data_name": "CommunityCrime", "n_neighbors": 5, "level": 0.99, "random_state": 8935, "test_size": 0.2, "n": 1994, "d": 100, "oob_score": 0.6565976935608104, "test_score": 0.5979816195397591, "coverage": 0.6365914786967418, "width_mean": 1.323966376902249, "width_sd": 0.9781213237337758, "width_min": 0.06828398497561528, "width_q1": 0.5252159509155482, "width_q2": 1.0801595637271117, "width_q3": 1.880966315006696, "width_max": 4.35692450370308}