{"data_name": "CommunityCrime", "n_neighbors": 50, "level": 0.99, "random_state": 3657, "test_size": 0.2, "n": 1994, "d": 100, "oob_score": 0.6448046277369712, "test_score": 0.6490120798272531, "coverage": 0.9624060150375939, "width_mean": 2.5979333834393494, "width_sd": 1.0735582068501641, "width_min": 0.3347340579725264, "width_q1": 1.5711964477046323, "width_q2": 2.8022995562733373, "width_q3": 3.444668761139974, "width_max": 4.5448855907477546}