{"data_name": "CommunityCrime", "n_neighbors": 200, "level": 0.8, "random_state": 4506, "test_size": 0.2, "n": 1994, "d": 100, "oob_score": 0.655207121965274, "test_score": 0.6132133592333493, "coverage": 0.7769423558897243, "width_mean": 1.1279225862645315, "width_sd": 0.38998265686976386, "width_min": 0.40629886731616693, "width_q1": 0.8083062580234428, "width_q2": 1.138117894110985, "width_q3": 1.416480233683023, "width_max": 2.0648615196795186}