{"data_name": "CommunityCrime", "n_neighbors": 50, "level": 0.9, "random_state": 3657, "test_size": 0.2, "n": 1994, "d": 100, "oob_score": 0.6448046277369712, "test_score": 0.6490120798272531, "coverage": 0.8721804511278195, "width_mean": 1.7053121972979772, "width_sd": 0.8185022972515278, "width_min": 0.1873052621248893, "width_q1": 0.9998478776845543, "width_q2": 1.6825281814242654, "width_q3": 2.374366826574867, "width_max": 3.5455452707748103}