{"data_name": "CommunityCrime", "n_neighbors": 200, "level": 0.99, "random_state": 1679, "test_size": 0.2, "n": 1994, "d": 100, "oob_score": 0.6413372672195294, "test_score": 0.6604768058914389, "coverage": 0.9974937343358395, "width_mean": 3.666950225114128, "width_sd": 0.447997978008508, "width_min": 2.2464787922222085, "width_q1": 3.3702868923822398, "width_q2": 3.686628442119678, "width_q3": 3.944774495911215, "width_max": 4.646011890322906}