{"data_name": "CommunityCrime", "n_neighbors": 200, "level": 0.9, "random_state": 8935, "test_size": 0.2, "n": 1994, "d": 100, "oob_score": 0.6565976935608104, "test_score": 0.5979816195397591, "coverage": 0.8947368421052632, "width_mean": 1.7047815509443696, "width_sd": 0.49390483715531386, "width_min": 0.7563481100552776, "width_q1": 1.3345178934295474, "width_q2": 1.721610533669913, "width_q3": 2.0183121690197257, "width_max": 2.8643947946878745}