{"data_name": "CommunityCrime", "n_neighbors": 1000, "level": 0.8, "random_state": 1424, "test_size": 0.2, "n": 1994, "d": 100, "oob_score": 0.6401709449702939, "test_score": 0.6769331553843743, "coverage": 0.8245614035087719, "width_mean": 1.4099990761684567, "width_sd": 0.034064286723914164, "width_min": 1.264465579975088, "width_q1": 1.391218509134847, "width_q2": 1.4061758279704326, "width_q3": 1.4301870808276664, "width_max": 1.4981588830027959}