{"data_name": "CommunityCrime", "n_neighbors": 100, "level": 0.8, "random_state": 4012, "test_size": 0.2, "n": 1994, "d": 100, "oob_score": 0.6553164590200173, "test_score": 0.6081336634789065, "coverage": 0.7493734335839599, "width_mean": 1.1252669107852584, "width_sd": 0.6426784101044298, "width_min": 0.2333987222994861, "width_q1": 0.5987991433994115, "width_q2": 1.0192226865008434, "width_q3": 1.570832075525595, "width_max": 2.878549280786989}