{"data_name": "CommunityCrime", "n_neighbors": 50, "level": 0.99, "random_state": 1824, "test_size": 0.2, "n": 1994, "d": 100, "oob_score": 0.6331904607036516, "test_score": 0.6476956466980824, "coverage": 0.949874686716792, "width_mean": 2.660511703278301, "width_sd": 1.0466089422500495, "width_min": 0.44807249154719353, "width_q1": 1.6462188031084093, "width_q2": 2.9038900042997806, "width_q3": 3.546827924819995, "width_max": 4.4583648139012215}