{"data_name": "CommunityCrime", "n_neighbors": 100, "level": 0.8, "random_state": 1679, "test_size": 0.2, "n": 1994, "d": 100, "oob_score": 0.6413372672195294, "test_score": 0.6604768058914389, "coverage": 0.7619047619047619, "width_mean": 1.1577899971063406, "width_sd": 0.6496066939820464, "width_min": 0.22408575490365878, "width_q1": 0.6037049445949365, "width_q2": 1.053861413715536, "width_q3": 1.6383735472505856, "width_max": 2.8587874008022767}