{"data_name": "CommunityCrime", "n_neighbors": 20, "level": 0.95, "random_state": 9674, "test_size": 0.2, "n": 1994, "d": 100, "oob_score": 0.6224956999409356, "test_score": 0.6886134976252996, "coverage": 0.8922305764411027, "width_mean": 1.860285101321455, "width_sd": 0.9934176116606155, "width_min": 0.255705054213371, "width_q1": 0.9949973243962653, "width_q2": 1.7866725242120785, "width_q3": 2.581823908883514, "width_max": 4.536433320894294}