{"data_name": "CommunityCrime", "n_neighbors": 5, "level": 0.8, "random_state": 2286, "test_size": 0.2, "n": 1994, "d": 100, "oob_score": 0.6210348447138936, "test_score": 0.7110746475495026, "coverage": 0.5914786967418546, "width_mean": 1.0453018155532043, "width_sd": 0.7137733125945394, "width_min": 0.05775168352666371, "width_q1": 0.4584485225059818, "width_q2": 0.8493793364816021, "width_q3": 1.5269524518160482, "width_max": 3.4896191358265414}