{"data_name": "CommunityCrime", "n_neighbors": "all", "level": 0.9, "random_state": 1824, "test_size": 0.2, "n": 1994, "d": 100, "oob_score": 0.6331904607036516, "test_score": 0.6476956466980824, "coverage": 0.8922305764411027, "width_mean": 1.9650288868023529, "width_sd": 1.9092587324067108e-16, "width_min": 1.9650288868023527, "width_q1": 1.9650288868023529, "width_q2": 1.965028886802353, "width_q3": 1.965028886802353, "width_max": 1.965028886802353}