{"data_name": "CommunityCrime", "n_neighbors": 500, "level": 0.8, "random_state": 1424, "test_size": 0.2, "n": 1994, "d": 100, "oob_score": 0.6401709449702939, "test_score": 0.6769331553843743, "coverage": 0.8395989974937343, "width_mean": 1.3622874103444416, "width_sd": 0.1294162906035068, "width_min": 1.1106187665469913, "width_q1": 1.2394282678993627, "width_q2": 1.3644911941349032, "width_q3": 1.4615333969364241, "width_max": 1.6923465196159841}