{"data_name": "CommunityCrime", "n_neighbors": 10, "level": 0.99, "random_state": 9674, "test_size": 0.2, "n": 1994, "d": 100, "oob_score": 0.6224956999409356, "test_score": 0.6886134976252996, "coverage": 0.8471177944862155, "width_mean": 1.7652139799967477, "width_sd": 1.0234255185315426, "width_min": 0.154055866399333, "width_q1": 0.9490408425789488, "width_q2": 1.5383806234344775, "width_q3": 2.47091250349826, "width_max": 4.370868390563671}