{"data_name": "CommunityCrime", "n_neighbors": 20, "level": 0.99, "random_state": 4506, "test_size": 0.2, "n": 1994, "d": 100, "oob_score": 0.655207121965274, "test_score": 0.6132133592333493, "coverage": 0.8897243107769424, "width_mean": 1.9312641330260998, "width_sd": 1.0631770139586092, "width_min": 0.2574504569931283, "width_q1": 1.007658439153107, "width_q2": 1.8072826298142695, "width_q3": 2.78732563053987, "width_max": 4.512941590959427}