{"data_name": "CommunityCrime", "n_neighbors": "all", "level": 0.8, "random_state": 1424, "test_size": 0.2, "n": 1994, "d": 100, "oob_score": 0.6401709449702939, "test_score": 0.6769331553843743, "coverage": 0.8070175438596491, "width_mean": 1.348482882072567, "width_sd": 1.969783982721724e-16, "width_min": 1.3484828820725667, "width_q1": 1.3484828820725667, "width_q2": 1.3484828820725667, "width_q3": 1.3484828820725667, "width_max": 1.3484828820725672}