{"data_name": "CommunityCrime", "n_neighbors": 5, "level": 0.8, "random_state": 4506, "test_size": 0.2, "n": 1994, "d": 100, "oob_score": 0.655207121965274, "test_score": 0.6132133592333493, "coverage": 0.5588972431077694, "width_mean": 0.9949353023068913, "width_sd": 0.7239206145720043, "width_min": 0.06098800763943801, "width_q1": 0.45232894043436045, "width_q2": 0.7899284656344219, "width_q3": 1.2609310373906646, "width_max": 4.160661266053349}