{"data_name": "CommunityCrime", "n_neighbors": 1000, "level": 0.9, "random_state": 9674, "test_size": 0.2, "n": 1994, "d": 100, "oob_score": 0.6224956999409356, "test_score": 0.6886134976252996, "coverage": 0.9172932330827067, "width_mean": 1.9685268021671731, "width_sd": 0.043593036498417254, "width_min": 1.8868771565386078, "width_q1": 1.9396216540367814, "width_q2": 1.9522485837967558, "width_q3": 1.9983142440953015, "width_max": 2.0985929670299726}