{"data_name": "CommunityCrime", "n_neighbors": "auto", "level": 0.8, "random_state": 409, "test_size": 0.2, "n": 1994, "d": 100, "oob_score": 0.6291922465147624, "test_score": 0.6702857150043094, "coverage": 0.8070175438596491, "width_mean": 1.1846331054441743, "width_sd": 0.7222803032741718, "width_min": 0.22908358214273805, "width_q1": 0.5912987435617877, "width_q2": 0.9936027420143416, "width_q3": 1.7039109481980663, "width_max": 2.93119817090378}