{"data_name": "CommunityCrime", "n_neighbors": 100, "level": 0.99, "random_state": 4012, "test_size": 0.2, "n": 1994, "d": 100, "oob_score": 0.6553164590200173, "test_score": 0.6081336634789065, "coverage": 0.9548872180451128, "width_mean": 2.541148842674471, "width_sd": 1.073937716820163, "width_min": 0.46351280528005556, "width_q1": 1.5771163103224732, "width_q2": 2.6702098670154815, "width_q3": 3.470985361116403, "width_max": 4.630300503387926}