{"data_name": "CommunityCrime", "n_neighbors": 10, "level": 0.99, "random_state": 1424, "test_size": 0.2, "n": 1994, "d": 100, "oob_score": 0.6401709449702939, "test_score": 0.6769331553843743, "coverage": 0.8195488721804511, "width_mean": 1.782838822757087, "width_sd": 1.05957328505182, "width_min": 0.19890744300610452, "width_q1": 0.8616564545639462, "width_q2": 1.664810974525384, "width_q3": 2.5594553675670655, "width_max": 4.6696486815821014}