{"data_name": "CommunityCrime", "n_neighbors": 500, "level": 0.95, "random_state": 1679, "test_size": 0.2, "n": 1994, "d": 100, "oob_score": 0.6413372672195294, "test_score": 0.6604768058914389, "coverage": 0.9699248120300752, "width_mean": 2.663865269969358, "width_sd": 0.10912156664609368, "width_min": 2.4937483676357646, "width_q1": 2.583873645169522, "width_q2": 2.6313327651071274, "width_q3": 2.708154001494713, "width_max": 3.1015019820563285}