{"data_name": "CommunityCrime", "n_neighbors": 200, "level": 0.9, "random_state": 1424, "test_size": 0.2, "n": 1994, "d": 100, "oob_score": 0.6401709449702939, "test_score": 0.6769331553843743, "coverage": 0.9298245614035088, "width_mean": 1.908511716846981, "width_sd": 0.5349504863568142, "width_min": 0.5797359867993696, "width_q1": 1.494459567917891, "width_q2": 1.9692970446844547, "width_q3": 2.3181817679462235, "width_max": 2.996637840940563}