{"data_name": "CommunityCrime", "n_neighbors": 20, "level": 0.9, "random_state": 4506, "test_size": 0.2, "n": 1994, "d": 100, "oob_score": 0.655207121965274, "test_score": 0.6132133592333493, "coverage": 0.8020050125313283, "width_mean": 1.4483082059364487, "width_sd": 0.8533703400390243, "width_min": 0.16586578507358352, "width_q1": 0.7763808438068173, "width_q2": 1.284960763774161, "width_q3": 1.9647736579059765, "width_max": 4.328993725841094}