{"data_name": "CommunityCrime", "n_neighbors": "all", "level": 0.9, "random_state": 409, "test_size": 0.2, "n": 1994, "d": 100, "oob_score": 0.6291922465147624, "test_score": 0.6702857150043094, "coverage": 0.9047619047619048, "width_mean": 2.014848075638022, "width_sd": 4.463096697426652e-16, "width_min": 2.014848075638022, "width_q1": 2.0148480756380223, "width_q2": 2.0148480756380223, "width_q3": 2.0148480756380223, "width_max": 2.0148480756380227}