{"data_name": "CommunityCrime", "n_neighbors": 200, "level": 0.95, "random_state": 1679, "test_size": 0.2, "n": 1994, "d": 100, "oob_score": 0.6413372672195294, "test_score": 0.6604768058914389, "coverage": 0.9624060150375939, "width_mean": 2.410878871598102, "width_sd": 0.5661365180398092, "width_min": 1.332174467448415, "width_q1": 1.8718251778075237, "width_q2": 2.3690928288990687, "width_q3": 2.867591357545739, "width_max": 3.697684150770745}