{"data_name": "CommunityCrime", "n_neighbors": 200, "level": 0.8, "random_state": 1824, "test_size": 0.2, "n": 1994, "d": 100, "oob_score": 0.6331904607036516, "test_score": 0.6476956466980824, "coverage": 0.7919799498746867, "width_mean": 1.2450202313612682, "width_sd": 0.39759338224497875, "width_min": 0.45482216731582836, "width_q1": 0.8990942558996633, "width_q2": 1.2598086234330261, "width_q3": 1.557193360702509, "width_max": 2.302761305151223}