{"data_name": "CommunityCrime", "n_neighbors": "all", "level": 0.9, "random_state": 3657, "test_size": 0.2, "n": 1994, "d": 100, "oob_score": 0.6448046277369712, "test_score": 0.6490120798272531, "coverage": 0.899749373433584, "width_mean": 1.9334127650386472, "width_sd": 4.505806729869581e-16, "width_min": 1.9334127650386472, "width_q1": 1.9334127650386477, "width_q2": 1.9334127650386477, "width_q3": 1.9334127650386477, "width_max": 1.933412765038648}