{"data_name": "CommunityCrime", "n_neighbors": 10, "level": 0.8, "random_state": 4012, "test_size": 0.2, "n": 1994, "d": 100, "oob_score": 0.6553164590200173, "test_score": 0.6081336634789065, "coverage": 0.6115288220551378, "width_mean": 1.0875971294085784, "width_sd": 0.7071659367163974, "width_min": 0.08566643182805866, "width_q1": 0.5180096953102343, "width_q2": 0.9141643295631738, "width_q3": 1.617461482130913, "width_max": 3.646761957058174}