{"data_name": "CommunityCrime", "n_neighbors": 10, "level": 0.9, "random_state": 2286, "test_size": 0.2, "n": 1994, "d": 100, "oob_score": 0.6210348447138936, "test_score": 0.7110746475495026, "coverage": 0.7919799498746867, "width_mean": 1.5086037199896678, "width_sd": 0.8632706868439752, "width_min": 0.15918822607342242, "width_q1": 0.8293769021048765, "width_q2": 1.3521457367385863, "width_q3": 2.1198375603440214, "width_max": 4.46068792721777}