{"data_name": "CommunityCrime", "n_neighbors": 200, "level": 0.95, "random_state": 3657, "test_size": 0.2, "n": 1994, "d": 100, "oob_score": 0.6448046277369712, "test_score": 0.6490120798272531, "coverage": 0.9423558897243107, "width_mean": 2.209985361250744, "width_sd": 0.47688753212230406, "width_min": 0.9081465853174936, "width_q1": 1.9481612233353869, "width_q2": 2.269251100253965, "width_q3": 2.508252929621383, "width_max": 3.3843214202248113}