{"data_name": "CommunityCrime", "n_neighbors": 100, "level": 0.9, "random_state": 1824, "test_size": 0.2, "n": 1994, "d": 100, "oob_score": 0.6331904607036516, "test_score": 0.6476956466980824, "coverage": 0.8847117794486216, "width_mean": 1.5669928927503944, "width_sd": 0.7621486917350759, "width_min": 0.3427515883204817, "width_q1": 0.8615901141148956, "width_q2": 1.4937551208509234, "width_q3": 2.206169239896738, "width_max": 3.2854669917188666}