{"data_name": "CommunityCrime", "n_neighbors": 1000, "level": 0.8, "random_state": 9674, "test_size": 0.2, "n": 1994, "d": 100, "oob_score": 0.6224956999409356, "test_score": 0.6886134976252996, "coverage": 0.8070175438596491, "width_mean": 1.3231350938201163, "width_sd": 0.03224287282696819, "width_min": 1.2395618192383075, "width_q1": 1.2973728576933576, "width_q2": 1.321090536557628, "width_q3": 1.3499404708987175, "width_max": 1.4025597310429365}