{"data_name": "CommunityCrime", "n_neighbors": "auto", "level": 0.99, "random_state": 9674, "test_size": 0.2, "n": 1994, "d": 100, "oob_score": 0.6224956999409356, "test_score": 0.6886134976252996, "coverage": 0.9774436090225563, "width_mean": 2.6993313759007833, "width_sd": 1.1588903364115462, "width_min": 0.6303979923008272, "width_q1": 1.6430776044534752, "width_q2": 2.678156158450998, "width_q3": 3.6923011609036305, "width_max": 4.8311173773192975}