{"data_name": "CommunityCrime", "n_neighbors": 5, "level": 0.95, "random_state": 9674, "test_size": 0.2, "n": 1994, "d": 100, "oob_score": 0.6224956999409356, "test_score": 0.6886134976252996, "coverage": 0.6390977443609023, "width_mean": 1.2433189838895033, "width_sd": 0.8720355799575767, "width_min": 0.062235792501828424, "width_q1": 0.5941720854583077, "width_q2": 1.0057619075028752, "width_q3": 1.6882501663091614, "width_max": 4.1083656810873475}