{"data_name": "CommunityCrime", "n_neighbors": 50, "level": 0.8, "random_state": 8935, "test_size": 0.2, "n": 1994, "d": 100, "oob_score": 0.6565976935608104, "test_score": 0.5979816195397591, "coverage": 0.7644110275689223, "width_mean": 1.2705709062436947, "width_sd": 0.6884565423042868, "width_min": 0.21011857129806455, "width_q1": 0.6575507804256417, "width_q2": 1.2006166740192517, "width_q3": 1.7413173456584, "width_max": 3.121862731558843}