{"data_name": "CommunityCrime", "n_neighbors": 20, "level": 0.9, "random_state": 1679, "test_size": 0.2, "n": 1994, "d": 100, "oob_score": 0.6413372672195294, "test_score": 0.6604768058914389, "coverage": 0.7944862155388471, "width_mean": 1.4964849058139855, "width_sd": 0.8916944217049547, "width_min": 0.17545202926720416, "width_q1": 0.7278642604475627, "width_q2": 1.2985377176626285, "width_q3": 2.1816172239483484, "width_max": 4.121366037216459}