{"data_name": "CommunityCrime", "n_neighbors": 50, "level": 0.99, "random_state": 9674, "test_size": 0.2, "n": 1994, "d": 100, "oob_score": 0.6224956999409356, "test_score": 0.6886134976252996, "coverage": 0.9724310776942355, "width_mean": 2.6067927114086067, "width_sd": 1.12459218250675, "width_min": 0.587924468469379, "width_q1": 1.5012755492970262, "width_q2": 2.7087901516992807, "width_q3": 3.553165510702991, "width_max": 4.812557469922893}