{"data_name": "CommunityCrime", "n_neighbors": 10, "level": 0.8, "random_state": 409, "test_size": 0.2, "n": 1994, "d": 100, "oob_score": 0.6291922465147624, "test_score": 0.6702857150043094, "coverage": 0.706766917293233, "width_mean": 1.1420903574060797, "width_sd": 0.7264558694762302, "width_min": 0.09779549567629775, "width_q1": 0.5590583533501314, "width_q2": 0.9589463083149148, "width_q3": 1.5877570856784768, "width_max": 3.6085147762609306}