{"data_name": "CommunityCrime", "n_neighbors": 5, "level": 0.99, "random_state": 9674, "test_size": 0.2, "n": 1994, "d": 100, "oob_score": 0.6224956999409356, "test_score": 0.6886134976252996, "coverage": 0.6691729323308271, "width_mean": 1.3072647840015168, "width_sd": 0.9185987368202001, "width_min": 0.06395264195015482, "width_q1": 0.6218381349432311, "width_q2": 1.0505813253062624, "width_q3": 1.7901408110220078, "width_max": 4.2818745573307595}