{"data_name": "CommunityCrime", "n_neighbors": "all", "level": 0.99, "random_state": 4506, "test_size": 0.2, "n": 1994, "d": 100, "oob_score": 0.655207121965274, "test_score": 0.6132133592333493, "coverage": 0.9849624060150376, "width_mean": 3.764648724557404, "width_sd": 1.239635869592571e-15, "width_min": 3.7646487245574045, "width_q1": 3.7646487245574054, "width_q2": 3.7646487245574054, "width_q3": 3.7646487245574054, "width_max": 3.7646487245574054}