{"data_name": "CommunityCrime", "n_neighbors": 200, "level": 0.99, "random_state": 1424, "test_size": 0.2, "n": 1994, "d": 100, "oob_score": 0.6401709449702939, "test_score": 0.6769331553843743, "coverage": 0.9949874686716792, "width_mean": 3.5449777113970145, "width_sd": 0.49527099114968415, "width_min": 1.8671203803205385, "width_q1": 3.442448071147619, "width_q2": 3.7171812679940994, "width_q3": 3.793639816565225, "width_max": 4.46707441959522}