{"data_name": "CommunityCrime", "n_neighbors": 500, "level": 0.95, "random_state": 4012, "test_size": 0.2, "n": 1994, "d": 100, "oob_score": 0.6553164590200173, "test_score": 0.6081336634789065, "coverage": 0.9348370927318296, "width_mean": 2.390153894759303, "width_sd": 0.1261552796702273, "width_min": 2.0821891592543396, "width_q1": 2.3082130601984616, "width_q2": 2.3534109238845735, "width_q3": 2.437957431496418, "width_max": 2.911933506668311}