{"data_name": "CommunityCrime", "n_neighbors": 20, "level": 0.99, "random_state": 409, "test_size": 0.2, "n": 1994, "d": 100, "oob_score": 0.6291922465147624, "test_score": 0.6702857150043094, "coverage": 0.9197994987468672, "width_mean": 2.1325027101599368, "width_sd": 1.107706389705844, "width_min": 0.27577415354894663, "width_q1": 1.0954184296039562, "width_q2": 2.189996563630358, "width_q3": 2.978022280964347, "width_max": 4.690919390531344}