{"data_name": "CommunityCrime", "n_neighbors": 200, "level": 0.99, "random_state": 4012, "test_size": 0.2, "n": 1994, "d": 100, "oob_score": 0.6553164590200173, "test_score": 0.6081336634789065, "coverage": 0.9824561403508771, "width_mean": 3.1811543997604033, "width_sd": 0.46177786893459805, "width_min": 1.673325588570977, "width_q1": 2.8298265685832824, "width_q2": 3.116218517182207, "width_q3": 3.465593896249956, "width_max": 4.522586654939328}