{"data_name": "CommunityCrime", "n_neighbors": 50, "level": 0.95, "random_state": 2286, "test_size": 0.2, "n": 1994, "d": 100, "oob_score": 0.6210348447138936, "test_score": 0.7110746475495026, "coverage": 0.9624060150375939, "width_mean": 2.147252081154187, "width_sd": 0.9877483937233071, "width_min": 0.4411861703632314, "width_q1": 1.2716190480345024, "width_q2": 2.1946363618608764, "width_q3": 2.870908892833171, "width_max": 4.475202459602177}