{"data_name": "CommunityCrime", "n_neighbors": 500, "level": 0.8, "random_state": 9674, "test_size": 0.2, "n": 1994, "d": 100, "oob_score": 0.6224956999409356, "test_score": 0.6886134976252996, "coverage": 0.8170426065162907, "width_mean": 1.325590913704454, "width_sd": 0.1366241181883999, "width_min": 1.0963677688967395, "width_q1": 1.193562873205241, "width_q2": 1.3164110370637099, "width_q3": 1.4252196294509565, "width_max": 1.6660520408657193}