{"data_name": "CommunityCrime", "n_neighbors": "all", "level": 0.8, "random_state": 409, "test_size": 0.2, "n": 1994, "d": 100, "oob_score": 0.6291922465147624, "test_score": 0.6702857150043094, "coverage": 0.8045112781954887, "width_mean": 1.3717505198200772, "width_sd": 2.4150424947884555e-16, "width_min": 1.3717505198200772, "width_q1": 1.3717505198200775, "width_q2": 1.3717505198200775, "width_q3": 1.3717505198200775, "width_max": 1.3717505198200777}