{"data_name": "CommunityCrime", "n_neighbors": 50, "level": 0.99, "random_state": 1679, "test_size": 0.2, "n": 1994, "d": 100, "oob_score": 0.6413372672195294, "test_score": 0.6604768058914389, "coverage": 0.9598997493734336, "width_mean": 2.565378006741515, "width_sd": 1.0906409340471743, "width_min": 0.5071390096393138, "width_q1": 1.579578540071441, "width_q2": 2.76108539275459, "width_q3": 3.3894657454257335, "width_max": 4.748952525457335}