{"data_name": "CommunityCrime", "n_neighbors": "all", "level": 0.99, "random_state": 2286, "test_size": 0.2, "n": 1994, "d": 100, "oob_score": 0.6210348447138936, "test_score": 0.7110746475495026, "coverage": 0.9974937343358395, "width_mean": 4.197004325932989, "width_sd": 8.9923959834215e-16, "width_min": 4.197004325932989, "width_q1": 4.19700432593299, "width_q2": 4.19700432593299, "width_q3": 4.19700432593299, "width_max": 4.1970043259329906}