{"data_name": "CommunityCrime", "n_neighbors": 50, "level": 0.99, "random_state": 2286, "test_size": 0.2, "n": 1994, "d": 100, "oob_score": 0.6210348447138936, "test_score": 0.7110746475495026, "coverage": 0.9799498746867168, "width_mean": 2.7206308501088188, "width_sd": 1.1016687085958128, "width_min": 0.5062031429680043, "width_q1": 1.7202338596238342, "width_q2": 2.8737811602702825, "width_q3": 3.6216019955531893, "width_max": 4.755977938542025}