{"data_name": "CommunityCrime", "n_neighbors": 5, "level": 0.95, "random_state": 4012, "test_size": 0.2, "n": 1994, "d": 100, "oob_score": 0.6553164590200173, "test_score": 0.6081336634789065, "coverage": 0.606516290726817, "width_mean": 1.1610844826361888, "width_sd": 0.8312294075254137, "width_min": 0.07996269511280196, "width_q1": 0.5057167995061111, "width_q2": 0.9359898238596727, "width_q3": 1.6709141671040593, "width_max": 4.052508080233035}