{"data_name": "CommunityCrime", "n_neighbors": 50, "level": 0.95, "random_state": 9674, "test_size": 0.2, "n": 1994, "d": 100, "oob_score": 0.6224956999409356, "test_score": 0.6886134976252996, "coverage": 0.9448621553884712, "width_mean": 2.055147658607118, "width_sd": 0.989347972297535, "width_min": 0.39336544365213033, "width_q1": 1.1865867419709044, "width_q2": 1.9505563045005374, "width_q3": 2.8870164620771703, "width_max": 4.254438431136867}