{"data_name": "CommunityCrime", "n_neighbors": 5, "level": 0.99, "random_state": 4012, "test_size": 0.2, "n": 1994, "d": 100, "oob_score": 0.6553164590200173, "test_score": 0.6081336634789065, "coverage": 0.6290726817042607, "width_mean": 1.2204850619477252, "width_sd": 0.8754027848352751, "width_min": 0.08183194375762282, "width_q1": 0.5292889640647132, "width_q2": 0.9841311201161485, "width_q3": 1.7663042729598701, "width_max": 4.281913623294196}