{"data_name": "CommunityCrime", "n_neighbors": 1000, "level": 0.99, "random_state": 4506, "test_size": 0.2, "n": 1994, "d": 100, "oob_score": 0.655207121965274, "test_score": 0.6132133592333493, "coverage": 0.9874686716791979, "width_mean": 3.7444449241992195, "width_sd": 0.1427462308845074, "width_min": 3.4813826404045423, "width_q1": 3.6685294496140575, "width_q2": 3.6685294496140575, "width_q3": 3.7611543289630873, "width_max": 4.181410366852766}