{"data_name": "CommunityCrime", "n_neighbors": "all", "level": 0.99, "random_state": 409, "test_size": 0.2, "n": 1994, "d": 100, "oob_score": 0.6291922465147624, "test_score": 0.6702857150043094, "coverage": 0.9949874686716792, "width_mean": 3.995638856879748, "width_sd": 4.446453643696192e-17, "width_min": 3.9956388568797476, "width_q1": 3.995638856879748, "width_q2": 3.995638856879748, "width_q3": 3.995638856879748, "width_max": 3.9956388568797485}