{"data_name": "CommunityCrime", "n_neighbors": 100, "level": 0.95, "random_state": 3657, "test_size": 0.2, "n": 1994, "d": 100, "oob_score": 0.6448046277369712, "test_score": 0.6490120798272531, "coverage": 0.9172932330827067, "width_mean": 1.9299842674974192, "width_sd": 0.8770682501793652, "width_min": 0.3074791273626535, "width_q1": 1.1208020515139785, "width_q2": 2.0331479645376525, "width_q3": 2.623622601293994, "width_max": 3.626145840766427}