{"data_name": "CommunityCrime", "n_neighbors": 50, "level": 0.9, "random_state": 9674, "test_size": 0.2, "n": 1994, "d": 100, "oob_score": 0.6224956999409356, "test_score": 0.6886134976252996, "coverage": 0.9147869674185464, "width_mean": 1.728519118847952, "width_sd": 0.8757880763098137, "width_min": 0.21798357336705754, "width_q1": 0.9258931868077096, "width_q2": 1.647345315390814, "width_q3": 2.4352500300285413, "width_max": 3.845323628855936}