{"data_name": "CommunityCrime", "n_neighbors": 5, "level": 0.8, "random_state": 4012, "test_size": 0.2, "n": 1994, "d": 100, "oob_score": 0.6553164590200173, "test_score": 0.6081336634789065, "coverage": 0.5338345864661654, "width_mean": 0.9383323102179277, "width_sd": 0.675551002362055, "width_min": 0.07295301269472365, "width_q1": 0.4109346241341388, "width_q2": 0.7654289284488401, "width_q3": 1.3524584861700677, "width_max": 3.1922372937536823}