{"data_name": "CommunityCrime", "n_neighbors": 10, "level": 0.95, "random_state": 1824, "test_size": 0.2, "n": 1994, "d": 100, "oob_score": 0.6331904607036516, "test_score": 0.6476956466980824, "coverage": 0.7944862155388471, "width_mean": 1.6619421377969004, "width_sd": 0.9537266502572227, "width_min": 0.1153686441188827, "width_q1": 0.8593053235657235, "width_q2": 1.5053885891263437, "width_q3": 2.37067407542909, "width_max": 4.05682769931971}