{"data_name": "CommunityCrime", "n_neighbors": 5, "level": 0.95, "random_state": 8935, "test_size": 0.2, "n": 1994, "d": 100, "oob_score": 0.6565976935608104, "test_score": 0.5979816195397591, "coverage": 0.6215538847117794, "width_mean": 1.2599232245310379, "width_sd": 0.9292878133884056, "width_min": 0.06568349832871012, "width_q1": 0.4974884284692699, "width_q2": 1.0271047136693932, "width_q3": 1.79974806443166, "width_max": 4.24164024933676}