{"data_name": "CommunityCrime", "n_neighbors": 5, "level": 0.8, "random_state": 3657, "test_size": 0.2, "n": 1994, "d": 100, "oob_score": 0.6448046277369712, "test_score": 0.6490120798272531, "coverage": 0.5488721804511278, "width_mean": 0.9764727964533412, "width_sd": 0.6896054544868718, "width_min": 0.045831652943849055, "width_q1": 0.4389178870725371, "width_q2": 0.7555863816608841, "width_q3": 1.4432237605831375, "width_max": 3.537284029211872}