{"data_name": "CommunityCrime", "n_neighbors": 10, "level": 0.95, "random_state": 3657, "test_size": 0.2, "n": 1994, "d": 100, "oob_score": 0.6448046277369712, "test_score": 0.6490120798272531, "coverage": 0.7744360902255639, "width_mean": 1.6172410504334145, "width_sd": 0.9368676451292272, "width_min": 0.12258739383082418, "width_q1": 0.8314491734075846, "width_q2": 1.4005179265103904, "width_q3": 2.3744741695433595, "width_max": 3.9329563317126452}