{"data_name": "CommunityCrime", "n_neighbors": 50, "level": 0.8, "random_state": 1424, "test_size": 0.2, "n": 1994, "d": 100, "oob_score": 0.6401709449702939, "test_score": 0.6769331553843743, "coverage": 0.7919799498746867, "width_mean": 1.3026643677930698, "width_sd": 0.7089728947999396, "width_min": 0.21023560947494468, "width_q1": 0.6762892641051079, "width_q2": 1.21703006695561, "width_q3": 1.8375756967206394, "width_max": 3.055608266388461}