{"data_name": "CommunityCrime", "n_neighbors": "auto", "level": 0.99, "random_state": 1824, "test_size": 0.2, "n": 1994, "d": 100, "oob_score": 0.6331904607036516, "test_score": 0.6476956466980824, "coverage": 0.9573934837092731, "width_mean": 2.6769618065885497, "width_sd": 0.9908530340147135, "width_min": 0.5285643142560899, "width_q1": 1.7916784092870555, "width_q2": 2.8725918347157036, "width_q3": 3.522775320903537, "width_max": 4.313419157241964}