{"data_name": "CommunityCrime", "n_neighbors": 20, "level": 0.95, "random_state": 409, "test_size": 0.2, "n": 1994, "d": 100, "oob_score": 0.6291922465147624, "test_score": 0.6702857150043094, "coverage": 0.8922305764411027, "width_mean": 1.8538135335042527, "width_sd": 0.958532998491421, "width_min": 0.23164539785144722, "width_q1": 0.9601085094318329, "width_q2": 1.9124560230192862, "width_q3": 2.5668712714726256, "width_max": 4.236739493133634}