{"data_name": "CommunityCrime", "n_neighbors": 10, "level": 0.95, "random_state": 9674, "test_size": 0.2, "n": 1994, "d": 100, "oob_score": 0.6224956999409356, "test_score": 0.6886134976252996, "coverage": 0.8120300751879699, "width_mean": 1.6391563646000935, "width_sd": 0.9476632860715313, "width_min": 0.1468483760732, "width_q1": 0.876840533087559, "width_q2": 1.455514786600448, "width_q3": 2.3156753374898025, "width_max": 4.254671974009519}