{"data_name": "CommunityCrime", "n_neighbors": 1000, "level": 0.9, "random_state": 4506, "test_size": 0.2, "n": 1994, "d": 100, "oob_score": 0.655207121965274, "test_score": 0.6132133592333493, "coverage": 0.8771929824561403, "width_mean": 1.9514641704364706, "width_sd": 0.0448965045419191, "width_min": 1.8465000438780848, "width_q1": 1.9246828244060683, "width_q2": 1.9418098519662377, "width_q3": 1.9721161283875348, "width_max": 2.09067379195493}