{"data_name": "CommunityCrime", "n_neighbors": 20, "level": 0.99, "random_state": 8935, "test_size": 0.2, "n": 1994, "d": 100, "oob_score": 0.6565976935608104, "test_score": 0.5979816195397591, "coverage": 0.9047619047619048, "width_mean": 2.046867331197408, "width_sd": 1.1032212237617747, "width_min": 0.25174183865949495, "width_q1": 1.043394237240204, "width_q2": 1.9443665887714756, "width_q3": 2.824765767923492, "width_max": 4.741741359338093}