{"data_name": "CommunityCrime", "n_neighbors": "all", "level": 0.9, "random_state": 4012, "test_size": 0.2, "n": 1994, "d": 100, "oob_score": 0.6553164590200173, "test_score": 0.6081336634789065, "coverage": 0.8771929824561403, "width_mean": 1.9376943463590353, "width_sd": 3.9754752119310028e-16, "width_min": 1.9376943463590353, "width_q1": 1.9376943463590355, "width_q2": 1.9376943463590357, "width_q3": 1.9376943463590357, "width_max": 1.9376943463590357}