{"data_name": "CommunityCrime", "n_neighbors": "auto", "level": 0.95, "random_state": 8935, "test_size": 0.2, "n": 1994, "d": 100, "oob_score": 0.6565976935608104, "test_score": 0.5979816195397591, "coverage": 0.9373433583959899, "width_mean": 1.927221867529321, "width_sd": 0.9714826120733336, "width_min": 0.4664033474897604, "width_q1": 1.0386745457677304, "width_q2": 1.8510753734201584, "width_q3": 2.643694052588672, "width_max": 4.1347003055403535}