{"data_name": "CommunityCrime", "n_neighbors": "auto", "level": 0.9, "random_state": 3657, "test_size": 0.2, "n": 1994, "d": 100, "oob_score": 0.6448046277369712, "test_score": 0.6490120798272531, "coverage": 0.8621553884711779, "width_mean": 1.5667763017840182, "width_sd": 0.8577648138927052, "width_min": 0.2615908825467256, "width_q1": 0.8010881691340106, "width_q2": 1.520117110755365, "width_q3": 2.207217546206838, "width_max": 3.4175806360808463}