{"data_name": "CommunityCrime", "n_neighbors": 5, "level": 0.95, "random_state": 2286, "test_size": 0.2, "n": 1994, "d": 100, "oob_score": 0.6210348447138936, "test_score": 0.7110746475495026, "coverage": 0.6541353383458647, "width_mean": 1.3026104359628616, "width_sd": 0.903837210987095, "width_min": 0.06847512206973572, "width_q1": 0.5657620113659818, "width_q2": 1.0572746093625425, "width_q3": 1.8877834824214297, "width_max": 4.207838286104794}