{"data_name": "CommunityCrime", "n_neighbors": 50, "level": 0.8, "random_state": 2286, "test_size": 0.2, "n": 1994, "d": 100, "oob_score": 0.6210348447138936, "test_score": 0.7110746475495026, "coverage": 0.8646616541353384, "width_mean": 1.338949062887334, "width_sd": 0.7000727245463507, "width_min": 0.26423802734113333, "width_q1": 0.7109746263486938, "width_q2": 1.2170783302171393, "width_q3": 1.8695256577919228, "width_max": 3.5915945189201057}