{"data_name": "CommunityCrime", "n_neighbors": 1000, "level": 0.8, "random_state": 2286, "test_size": 0.2, "n": 1994, "d": 100, "oob_score": 0.6210348447138936, "test_score": 0.7110746475495026, "coverage": 0.8395989974937343, "width_mean": 1.3413581757282351, "width_sd": 0.03228890240110654, "width_min": 1.2897686297968884, "width_q1": 1.3121494552660995, "width_q2": 1.3353850899844724, "width_q3": 1.368012093075492, "width_max": 1.4394786278145564}