{"data_name": "CommunityCrime", "n_neighbors": 10, "level": 0.99, "random_state": 1824, "test_size": 0.2, "n": 1994, "d": 100, "oob_score": 0.6331904607036516, "test_score": 0.6476956466980824, "coverage": 0.8145363408521303, "width_mean": 1.7946760097335337, "width_sd": 1.0431235030448507, "width_min": 0.11864882154212986, "width_q1": 0.9213041284345176, "width_q2": 1.6647425028164335, "width_q3": 2.595396744207916, "width_max": 4.449497002276979}