{"data_name": "CommunityCrime", "n_neighbors": 5, "level": 0.95, "random_state": 1824, "test_size": 0.2, "n": 1994, "d": 100, "oob_score": 0.6331904607036516, "test_score": 0.6476956466980824, "coverage": 0.6390977443609023, "width_mean": 1.2511706447215345, "width_sd": 0.8876438424495002, "width_min": 0.08324645899103311, "width_q1": 0.5932062239290183, "width_q2": 0.9663569609033599, "width_q3": 1.7966709504782652, "width_max": 4.225031116380615}