{"data_name": "CommunityCrime", "n_neighbors": 1000, "level": 0.8, "random_state": 1679, "test_size": 0.2, "n": 1994, "d": 100, "oob_score": 0.6413372672195294, "test_score": 0.6604768058914389, "coverage": 0.8020050125313283, "width_mean": 1.4031893729317773, "width_sd": 0.02980362442669158, "width_min": 1.3068727648022131, "width_q1": 1.383952780754749, "width_q2": 1.4076382463248767, "width_q3": 1.4243239166175785, "width_max": 1.4661473456551477}