{"data_name": "CommunityCrime", "n_neighbors": 50, "level": 0.95, "random_state": 4506, "test_size": 0.2, "n": 1994, "d": 100, "oob_score": 0.655207121965274, "test_score": 0.6132133592333493, "coverage": 0.9273182957393483, "width_mean": 1.99675937141921, "width_sd": 0.9647734627456421, "width_min": 0.2708749822571703, "width_q1": 1.1331170208693595, "width_q2": 1.9927435779025895, "width_q3": 2.6864781450372774, "width_max": 4.2802276904043906}