{"data_name": "CommunityCrime", "n_neighbors": 500, "level": 0.9, "random_state": 2286, "test_size": 0.2, "n": 1994, "d": 100, "oob_score": 0.6210348447138936, "test_score": 0.7110746475495026, "coverage": 0.9298245614035088, "width_mean": 2.032045296817314, "width_sd": 0.1033884248381545, "width_min": 1.7045591237592606, "width_q1": 1.9683147815686812, "width_q2": 2.030095624168846, "width_q3": 2.095000394709341, "width_max": 2.3279152925568853}