{"data_name": "CommunityCrime", "n_neighbors": 5, "level": 0.8, "random_state": 1679, "test_size": 0.2, "n": 1994, "d": 100, "oob_score": 0.6413372672195294, "test_score": 0.6604768058914389, "coverage": 0.556390977443609, "width_mean": 0.9950898809299046, "width_sd": 0.6942202896290547, "width_min": 0.02781364532222419, "width_q1": 0.4379579397654694, "width_q2": 0.8271376685823776, "width_q3": 1.435268749245029, "width_max": 3.67237301021269}