{"data_name": "CommunityCrime", "n_neighbors": 100, "level": 0.8, "random_state": 4506, "test_size": 0.2, "n": 1994, "d": 100, "oob_score": 0.655207121965274, "test_score": 0.6132133592333493, "coverage": 0.7644110275689223, "width_mean": 1.1490526837137325, "width_sd": 0.6620122684414458, "width_min": 0.17732459563671965, "width_q1": 0.6285129495161695, "width_q2": 1.001113164322053, "width_q3": 1.5336012042598215, "width_max": 2.9588163586547216}