{"data_name": "CommunityCrime", "n_neighbors": 50, "level": 0.99, "random_state": 4506, "test_size": 0.2, "n": 1994, "d": 100, "oob_score": 0.655207121965274, "test_score": 0.6132133592333493, "coverage": 0.9598997493734336, "width_mean": 2.514941102157436, "width_sd": 1.1177826364014396, "width_min": 0.33966644053367523, "width_q1": 1.4508203185117885, "width_q2": 2.5802459546971184, "width_q3": 3.5177483273331256, "width_max": 4.5011943056972346}