{"data_name": "CommunityCrime", "n_neighbors": 20, "level": 0.95, "random_state": 4506, "test_size": 0.2, "n": 1994, "d": 100, "oob_score": 0.655207121965274, "test_score": 0.6132133592333493, "coverage": 0.8646616541353384, "width_mean": 1.7166170543195876, "width_sd": 0.9501243746109397, "width_min": 0.21674615836221922, "width_q1": 0.9074426298440277, "width_q2": 1.6088784648513994, "width_q3": 2.425242648079608, "width_max": 4.431186984240168}