{"data_name": "CommunityCrime", "n_neighbors": 1000, "level": 0.9, "random_state": 3657, "test_size": 0.2, "n": 1994, "d": 100, "oob_score": 0.6448046277369712, "test_score": 0.6490120798272531, "coverage": 0.9097744360902256, "width_mean": 1.956841450153485, "width_sd": 0.04866365282450743, "width_min": 1.893417079981978, "width_q1": 1.9131132053172775, "width_q2": 1.9510612994888654, "width_q3": 1.9741293834904707, "width_max": 2.1310779713914005}