{"data_name": "CommunityCrime", "n_neighbors": 20, "level": 0.9, "random_state": 1424, "test_size": 0.2, "n": 1994, "d": 100, "oob_score": 0.6401709449702939, "test_score": 0.6769331553843743, "coverage": 0.8095238095238095, "width_mean": 1.5203036159981762, "width_sd": 0.8490762288853775, "width_min": 0.19247397085939788, "width_q1": 0.7993881435340846, "width_q2": 1.445257196168789, "width_q3": 2.148167400514274, "width_max": 3.666779962727506}