{"data_name": "CommunityCrime", "n_neighbors": 50, "level": 0.9, "random_state": 2286, "test_size": 0.2, "n": 1994, "d": 100, "oob_score": 0.6210348447138936, "test_score": 0.7110746475495026, "coverage": 0.9398496240601504, "width_mean": 1.7947728580324267, "width_sd": 0.8656905480143339, "width_min": 0.35428108962826155, "width_q1": 0.9927452525700728, "width_q2": 1.7752098105606415, "width_q3": 2.422495402339567, "width_max": 4.078547822392869}