{"data_name": "CommunityCrime", "n_neighbors": 50, "level": 0.99, "random_state": 409, "test_size": 0.2, "n": 1994, "d": 100, "oob_score": 0.6291922465147624, "test_score": 0.6702857150043094, "coverage": 0.9624060150375939, "width_mean": 2.644234032995018, "width_sd": 1.057785513581929, "width_min": 0.42407049368965655, "width_q1": 1.6237701663466737, "width_q2": 2.808523752688423, "width_q3": 3.456787104347385, "width_max": 4.6630862926531895}