{"data_name": "CommunityCrime", "n_neighbors": 200, "level": 0.95, "random_state": 1424, "test_size": 0.2, "n": 1994, "d": 100, "oob_score": 0.6401709449702939, "test_score": 0.6769331553843743, "coverage": 0.9649122807017544, "width_mean": 2.503038871791089, "width_sd": 0.48123551740389725, "width_min": 1.0282368297741307, "width_q1": 2.0700631293600322, "width_q2": 2.5836022710228166, "width_q3": 2.8590685145818355, "width_max": 3.483497059499826}