{"data_name": "CommunityCrime", "n_neighbors": "auto", "level": 0.8, "random_state": 1824, "test_size": 0.2, "n": 1994, "d": 100, "oob_score": 0.6331904607036516, "test_score": 0.6476956466980824, "coverage": 0.7794486215538847, "width_mean": 1.179864664006507, "width_sd": 0.6954421064282319, "width_min": 0.23661306942387117, "width_q1": 0.6066214837304398, "width_q2": 1.0230083176110147, "width_q3": 1.7156018547010157, "width_max": 2.945531615351986}