{"data_name": "CommunityCrime", "n_neighbors": 500, "level": 0.99, "random_state": 1824, "test_size": 0.2, "n": 1994, "d": 100, "oob_score": 0.6331904607036516, "test_score": 0.6476956466980824, "coverage": 0.9824561403508771, "width_mean": 3.807865849531691, "width_sd": 0.20811423936945017, "width_min": 3.363836104844224, "width_q1": 3.731442292706163, "width_q2": 3.733664097874585, "width_q3": 3.871216414764283, "width_max": 4.688578760848553}