{"data_name": "CommunityCrime", "n_neighbors": 1000, "level": 0.99, "random_state": 4012, "test_size": 0.2, "n": 1994, "d": 100, "oob_score": 0.6553164590200173, "test_score": 0.6081336634789065, "coverage": 0.9824561403508771, "width_mean": 3.6002371212327153, "width_sd": 0.054135948882962644, "width_min": 3.55673716929843, "width_q1": 3.5567371692984304, "width_q2": 3.5567371692984304, "width_q3": 3.657272246564006, "width_max": 3.8660539187707963}