{"data_name": "CommunityCrime", "n_neighbors": "auto", "level": 0.99, "random_state": 4012, "test_size": 0.2, "n": 1994, "d": 100, "oob_score": 0.6553164590200173, "test_score": 0.6081336634789065, "coverage": 0.9523809523809523, "width_mean": 2.520496675933622, "width_sd": 1.1031887421851432, "width_min": 0.4136315229749329, "width_q1": 1.5393390385591936, "width_q2": 2.6264389686267515, "width_q3": 3.4884452777215995, "width_max": 4.696897624041056}