{"data_name": "CommunityCrime", "n_neighbors": "auto", "level": 0.95, "random_state": 9674, "test_size": 0.2, "n": 1994, "d": 100, "oob_score": 0.6224956999409356, "test_score": 0.6886134976252996, "coverage": 0.9423558897243107, "width_mean": 2.0102452983984436, "width_sd": 1.0330433397552479, "width_min": 0.38235989654791647, "width_q1": 1.0538126575113393, "width_q2": 1.9032339066882304, "width_q3": 2.827573529452838, "width_max": 4.207602371538764}