{"data_name": "CommunityCrime", "n_neighbors": "auto", "level": 0.95, "random_state": 2286, "test_size": 0.2, "n": 1994, "d": 100, "oob_score": 0.6210348447138936, "test_score": 0.7110746475495026, "coverage": 0.9523809523809523, "width_mean": 2.0470665223305824, "width_sd": 1.025708729877511, "width_min": 0.46055102399754055, "width_q1": 1.1036547234869016, "width_q2": 2.0644001645471057, "width_q3": 2.763975019204227, "width_max": 4.5033945313585635}