{"data_name": "CommunityCrime", "n_neighbors": 5, "level": 0.8, "random_state": 409, "test_size": 0.2, "n": 1994, "d": 100, "oob_score": 0.6291922465147624, "test_score": 0.6702857150043094, "coverage": 0.5989974937343359, "width_mean": 1.0223898626652377, "width_sd": 0.7212856559592921, "width_min": 0.06288537033253894, "width_q1": 0.46875615888889677, "width_q2": 0.8026884331442462, "width_q3": 1.4336101114384392, "width_max": 3.4218353513138045}