{"data_name": "CommunityCrime", "n_neighbors": 5, "level": 0.9, "random_state": 3657, "test_size": 0.2, "n": 1994, "d": 100, "oob_score": 0.6448046277369712, "test_score": 0.6490120798272531, "coverage": 0.606516290726817, "width_mean": 1.1346564491492401, "width_sd": 0.8036014718447355, "width_min": 0.05228617203789998, "width_q1": 0.5128587911011353, "width_q2": 0.8876166725539715, "width_q3": 1.6691448808121376, "width_max": 3.9084287904803894}