{"data_name": "CommunityCrime", "n_neighbors": 10, "level": 0.95, "random_state": 8935, "test_size": 0.2, "n": 1994, "d": 100, "oob_score": 0.6565976935608104, "test_score": 0.5979816195397591, "coverage": 0.7644110275689223, "width_mean": 1.6137566904549916, "width_sd": 0.9632066456700298, "width_min": 0.15897169038983272, "width_q1": 0.7902235451199884, "width_q2": 1.486053334209108, "width_q3": 2.3255760479381005, "width_max": 4.2406597173134095}