{"data_name": "CommunityCrime", "n_neighbors": "all", "level": 0.9, "random_state": 4506, "test_size": 0.2, "n": 1994, "d": 100, "oob_score": 0.655207121965274, "test_score": 0.6132133592333493, "coverage": 0.8771929824561403, "width_mean": 1.8998206982735486, "width_sd": 1.8962704269848833e-16, "width_min": 1.8998206982735484, "width_q1": 1.8998206982735486, "width_q2": 1.8998206982735488, "width_q3": 1.8998206982735488, "width_max": 1.8998206982735488}