{"data_name": "CommunityCrime", "n_neighbors": 100, "level": 0.8, "random_state": 1824, "test_size": 0.2, "n": 1994, "d": 100, "oob_score": 0.6331904607036516, "test_score": 0.6476956466980824, "coverage": 0.7719298245614035, "width_mean": 1.1613696146474863, "width_sd": 0.6225021574089795, "width_min": 0.24250508204731158, "width_q1": 0.6394766440635853, "width_q2": 1.03432703076884, "width_q3": 1.6452420093803988, "width_max": 2.679857900476746}