{"data_name": "CommunityCrime", "n_neighbors": 10, "level": 0.8, "random_state": 3657, "test_size": 0.2, "n": 1994, "d": 100, "oob_score": 0.6448046277369712, "test_score": 0.6490120798272531, "coverage": 0.6541353383458647, "width_mean": 1.1539060667114525, "width_sd": 0.7243021856694496, "width_min": 0.09889949616575666, "width_q1": 0.5382428640658004, "width_q2": 0.9722821778969526, "width_q3": 1.72477394607811, "width_max": 3.2593459275370273}