{"data_name": "CommunityCrime", "n_neighbors": 5, "level": 0.8, "random_state": 1824, "test_size": 0.2, "n": 1994, "d": 100, "oob_score": 0.6331904607036516, "test_score": 0.6476956466980824, "coverage": 0.5588972431077694, "width_mean": 1.015083576289454, "width_sd": 0.7225429931326208, "width_min": 0.05844321436124833, "width_q1": 0.4727404807509801, "width_q2": 0.7789568558632776, "width_q3": 1.4931352066694903, "width_max": 3.908644593055368}