{"data_name": "CommunityCrime", "n_neighbors": 1000, "level": 0.8, "random_state": 4012, "test_size": 0.2, "n": 1994, "d": 100, "oob_score": 0.6553164590200173, "test_score": 0.6081336634789065, "coverage": 0.7493734335839599, "width_mean": 1.2937632614053571, "width_sd": 0.0337608450162598, "width_min": 1.2429437232385399, "width_q1": 1.2740718745633686, "width_q2": 1.2859766499868932, "width_q3": 1.3066872294082001, "width_max": 1.3929099601889718}