{"data_name": "CommunityCrime", "n_neighbors": 200, "level": 0.9, "random_state": 3657, "test_size": 0.2, "n": 1994, "d": 100, "oob_score": 0.6448046277369712, "test_score": 0.6490120798272531, "coverage": 0.9147869674185464, "width_mean": 1.700622999290348, "width_sd": 0.48403388359579463, "width_min": 0.539406424289127, "width_q1": 1.3346976282558032, "width_q2": 1.707839657204254, "width_q3": 2.084171484602069, "width_max": 2.865372548673356}