{"data_name": "CommunityCrime", "n_neighbors": 1000, "level": 0.8, "random_state": 1824, "test_size": 0.2, "n": 1994, "d": 100, "oob_score": 0.6331904607036516, "test_score": 0.6476956466980824, "coverage": 0.8120300751879699, "width_mean": 1.375555962905447, "width_sd": 0.04258002909488694, "width_min": 1.2915910994143023, "width_q1": 1.3330259557999011, "width_q2": 1.3704923663974256, "width_q3": 1.409866882879145, "width_max": 1.4639798314229022}