{"data_name": "CommunityCrime", "n_neighbors": 20, "level": 0.8, "random_state": 8935, "test_size": 0.2, "n": 1994, "d": 100, "oob_score": 0.6565976935608104, "test_score": 0.5979816195397591, "coverage": 0.6917293233082706, "width_mean": 1.1541648353958656, "width_sd": 0.7210656316605033, "width_min": 0.12122282323075428, "width_q1": 0.5319157084356522, "width_q2": 1.0371374318474165, "width_q3": 1.6707051289084092, "width_max": 3.854237470798045}