{"data_name": "CommunityCrime", "n_neighbors": 5, "level": 0.9, "random_state": 8935, "test_size": 0.2, "n": 1994, "d": 100, "oob_score": 0.6565976935608104, "test_score": 0.5979816195397591, "coverage": 0.5789473684210527, "width_mean": 1.1798692840670244, "width_sd": 0.869852173450223, "width_min": 0.06243289002007835, "width_q1": 0.46627798689354977, "width_q2": 0.9631235905544059, "width_q3": 1.711880594797557, "width_max": 4.097534931378861}