{"data_name": "CommunityCrime", "n_neighbors": 200, "level": 0.95, "random_state": 2286, "test_size": 0.2, "n": 1994, "d": 100, "oob_score": 0.6210348447138936, "test_score": 0.7110746475495026, "coverage": 0.974937343358396, "width_mean": 2.340643362835698, "width_sd": 0.5449387412113316, "width_min": 1.042988676297771, "width_q1": 1.9318935947040332, "width_q2": 2.3209603076008474, "width_q3": 2.676643822315919, "width_max": 3.9842447702747883}