{"data_name": "CommunityCrime", "n_neighbors": "all", "level": 0.9, "random_state": 8935, "test_size": 0.2, "n": 1994, "d": 100, "oob_score": 0.6565976935608104, "test_score": 0.5979816195397591, "coverage": 0.87468671679198, "width_mean": 1.9616056938210917, "width_sd": 4.460327167716933e-16, "width_min": 1.961605693821091, "width_q1": 1.9616056938210913, "width_q2": 1.9616056938210913, "width_q3": 1.9616056938210913, "width_max": 1.9616056938210917}