{"data_name": "CommunityCrime", "n_neighbors": 500, "level": 0.95, "random_state": 4506, "test_size": 0.2, "n": 1994, "d": 100, "oob_score": 0.655207121965274, "test_score": 0.6132133592333493, "coverage": 0.9598997493734336, "width_mean": 2.684525199241102, "width_sd": 0.11084787394959252, "width_min": 2.220429573192579, "width_q1": 2.6301358581593224, "width_q2": 2.6624156626227373, "width_q3": 2.737716294235744, "width_max": 3.0236872633890437}