{"data_name": "CommunityCrime", "n_neighbors": 10, "level": 0.8, "random_state": 1824, "test_size": 0.2, "n": 1994, "d": 100, "oob_score": 0.6331904607036516, "test_score": 0.6476956466980824, "coverage": 0.6892230576441103, "width_mean": 1.1641901180345253, "width_sd": 0.7155092468408987, "width_min": 0.09796907420508227, "width_q1": 0.6227402621063551, "width_q2": 1.0224869515457902, "width_q3": 1.6164101799434472, "width_max": 3.5189841387338663}