{"data_name": "CommunityCrime", "n_neighbors": "all", "level": 0.8, "random_state": 4506, "test_size": 0.2, "n": 1994, "d": 100, "oob_score": 0.655207121965274, "test_score": 0.6132133592333493, "coverage": 0.7819548872180451, "width_mean": 1.3158789627485472, "width_sd": 2.5054493861897664e-16, "width_min": 1.3158789627485472, "width_q1": 1.3158789627485474, "width_q2": 1.3158789627485474, "width_q3": 1.3158789627485474, "width_max": 1.3158789627485477}