{"data_name": "CommunityCrime", "n_neighbors": 20, "level": 0.95, "random_state": 1424, "test_size": 0.2, "n": 1994, "d": 100, "oob_score": 0.6401709449702939, "test_score": 0.6769331553843743, "coverage": 0.8721804511278195, "width_mean": 1.8420240834253006, "width_sd": 0.971937559624835, "width_min": 0.2340647170536676, "width_q1": 0.9413359701949324, "width_q2": 1.8577101098127442, "width_q3": 2.6225099209997875, "width_max": 4.193147522347321}