{"data_name": "CommunityCrime", "n_neighbors": 20, "level": 0.8, "random_state": 1824, "test_size": 0.2, "n": 1994, "d": 100, "oob_score": 0.6331904607036516, "test_score": 0.6476956466980824, "coverage": 0.7268170426065163, "width_mean": 1.1974451257111545, "width_sd": 0.7292115625888844, "width_min": 0.10666972357699545, "width_q1": 0.6246035033758527, "width_q2": 1.0426004316895678, "width_q3": 1.7146565702024115, "width_max": 3.191929387466997}