{"data_name": "CommunityCrime", "n_neighbors": 100, "level": 0.99, "random_state": 2286, "test_size": 0.2, "n": 1994, "d": 100, "oob_score": 0.6210348447138936, "test_score": 0.7110746475495026, "coverage": 0.9899749373433584, "width_mean": 2.784558547623059, "width_sd": 1.0742902913489631, "width_min": 0.589664119655636, "width_q1": 1.7961885479247859, "width_q2": 2.902818931327769, "width_q3": 3.714498421516949, "width_max": 4.712361894652997}