{"data_name": "CommunityCrime", "n_neighbors": "auto", "level": 0.95, "random_state": 3657, "test_size": 0.2, "n": 1994, "d": 100, "oob_score": 0.6448046277369712, "test_score": 0.6490120798272531, "coverage": 0.9147869674185464, "width_mean": 1.939069047072029, "width_sd": 0.9556372437002741, "width_min": 0.3091579951122104, "width_q1": 1.0662998756336, "width_q2": 1.9363829168729434, "width_q3": 2.702572279137384, "width_max": 3.840454705161072}