{"data_name": "CommunityCrime", "n_neighbors": 10, "level": 0.99, "random_state": 1679, "test_size": 0.2, "n": 1994, "d": 100, "oob_score": 0.6413372672195294, "test_score": 0.6604768058914389, "coverage": 0.7919799498746867, "width_mean": 1.6947874461914527, "width_sd": 1.0198884571994216, "width_min": 0.1482252348003582, "width_q1": 0.8533601434857039, "width_q2": 1.5155174935882634, "width_q3": 2.4157041517158753, "width_max": 4.7306755333545665}