{"data_name": "CommunityCrime", "n_neighbors": 200, "level": 0.99, "random_state": 1824, "test_size": 0.2, "n": 1994, "d": 100, "oob_score": 0.6331904607036516, "test_score": 0.6476956466980824, "coverage": 0.9824561403508771, "width_mean": 3.239944246098426, "width_sd": 0.38118607611108024, "width_min": 1.9486345564437937, "width_q1": 2.8704336191776365, "width_q2": 3.191097271810226, "width_q3": 3.52449852893786, "width_max": 4.377124731003848}