{"data_name": "CommunityCrime", "n_neighbors": 20, "level": 0.9, "random_state": 1824, "test_size": 0.2, "n": 1994, "d": 100, "oob_score": 0.6331904607036516, "test_score": 0.6476956466980824, "coverage": 0.8095238095238095, "width_mean": 1.5238823884982637, "width_sd": 0.8816789591289753, "width_min": 0.16671596311366288, "width_q1": 0.7924229636174202, "width_q2": 1.3617936209928314, "width_q3": 2.1992202044518017, "width_max": 3.572646665799883}