{"data_name": "CommunityCrime", "n_neighbors": 500, "level": 0.9, "random_state": 409, "test_size": 0.2, "n": 1994, "d": 100, "oob_score": 0.6291922465147624, "test_score": 0.6702857150043094, "coverage": 0.9147869674185464, "width_mean": 1.9426016019372885, "width_sd": 0.180979162591539, "width_min": 1.7129318328512264, "width_q1": 1.788472547681483, "width_q2": 1.8967579053714347, "width_q3": 2.0601018927672783, "width_max": 2.46456809574708}