{"data_name": "CommunityCrime", "n_neighbors": 200, "level": 0.9, "random_state": 4506, "test_size": 0.2, "n": 1994, "d": 100, "oob_score": 0.655207121965274, "test_score": 0.6132133592333493, "coverage": 0.8796992481203008, "width_mean": 1.6538552150618764, "width_sd": 0.49718751920604265, "width_min": 0.502405289887001, "width_q1": 1.2965491617017588, "width_q2": 1.621939541280497, "width_q3": 1.9089718315188193, "width_max": 2.9842570532255523}