{"data_name": "CommunityCrime", "n_neighbors": 200, "level": 0.99, "random_state": 4506, "test_size": 0.2, "n": 1994, "d": 100, "oob_score": 0.655207121965274, "test_score": 0.6132133592333493, "coverage": 0.9774436090225563, "width_mean": 2.868767469896002, "width_sd": 0.6250101913417649, "width_min": 1.50395376405756, "width_q1": 2.3889604738122703, "width_q2": 2.77090804451316, "width_q3": 3.2857031394741307, "width_max": 4.476550497445039}