{"data_name": "CommunityCrime", "n_neighbors": 10, "level": 0.9, "random_state": 1424, "test_size": 0.2, "n": 1994, "d": 100, "oob_score": 0.6401709449702939, "test_score": 0.6769331553843743, "coverage": 0.7543859649122807, "width_mean": 1.4770177288239483, "width_sd": 0.8583687493579409, "width_min": 0.16207924674281504, "width_q1": 0.7114965385497859, "width_q2": 1.424632197384672, "width_q3": 2.0855116724159446, "width_max": 4.220851078116785}