{"data_name": "CommunityCrime", "n_neighbors": "all", "level": 0.8, "random_state": 3657, "test_size": 0.2, "n": 1994, "d": 100, "oob_score": 0.6448046277369712, "test_score": 0.6490120798272531, "coverage": 0.8170426065162907, "width_mean": 1.3455532232312708, "width_sd": 2.220446049250313e-16, "width_min": 1.345553223231271, "width_q1": 1.345553223231271, "width_q2": 1.345553223231271, "width_q3": 1.345553223231271, "width_max": 1.345553223231271}