{"data_name": "CommunityCrime", "n_neighbors": 500, "level": 0.95, "random_state": 1424, "test_size": 0.2, "n": 1994, "d": 100, "oob_score": 0.6401709449702939, "test_score": 0.6769331553843743, "coverage": 0.9573934837092731, "width_mean": 2.624080613667614, "width_sd": 0.1247971029730216, "width_min": 2.432233896388637, "width_q1": 2.5284403093048606, "width_q2": 2.5858348013929913, "width_q3": 2.7045223910115617, "width_max": 3.0104746662963953}