{"data_name": "CommunityCrime", "n_neighbors": "all", "level": 0.99, "random_state": 1424, "test_size": 0.2, "n": 1994, "d": 100, "oob_score": 0.6401709449702939, "test_score": 0.6769331553843743, "coverage": 0.9849624060150376, "width_mean": 3.7250256795497783, "width_sd": 3.7068598913163286e-16, "width_min": 3.725025679549778, "width_q1": 3.725025679549778, "width_q2": 3.725025679549778, "width_q3": 3.7250256795497783, "width_max": 3.7250256795497787}