{"data_name": "CommunityCrime", "n_neighbors": 500, "level": 0.8, "random_state": 4012, "test_size": 0.2, "n": 1994, "d": 100, "oob_score": 0.6553164590200173, "test_score": 0.6081336634789065, "coverage": 0.7518796992481203, "width_mean": 1.2158470601297828, "width_sd": 0.1374710448598005, "width_min": 0.9919441900564843, "width_q1": 1.0908832507228232, "width_q2": 1.1966919168615981, "width_q3": 1.3053556345454043, "width_max": 1.5815114815108353}