{"data_name": "CommunityCrime", "n_neighbors": 5, "level": 0.95, "random_state": 3657, "test_size": 0.2, "n": 1994, "d": 100, "oob_score": 0.6448046277369712, "test_score": 0.6490120798272531, "coverage": 0.6340852130325815, "width_mean": 1.2137482754971896, "width_sd": 0.863063281089025, "width_min": 0.05551343158492561, "width_q1": 0.5472308428769648, "width_q2": 0.9440815329161126, "width_q3": 1.7821820516216929, "width_max": 4.094001171114648}