{"data_name": "CommunityCrime", "n_neighbors": 50, "level": 0.8, "random_state": 3657, "test_size": 0.2, "n": 1994, "d": 100, "oob_score": 0.6448046277369712, "test_score": 0.6490120798272531, "coverage": 0.7794486215538847, "width_mean": 1.2724005260949829, "width_sd": 0.6777301213608357, "width_min": 0.1370932690434854, "width_q1": 0.6773358327122734, "width_q2": 1.2010695590432332, "width_q3": 1.763914762777268, "width_max": 2.9235260153845664}