{"data_name": "CommunityCrime", "n_neighbors": 500, "level": 0.95, "random_state": 1824, "test_size": 0.2, "n": 1994, "d": 100, "oob_score": 0.6331904607036516, "test_score": 0.6476956466980824, "coverage": 0.9598997493734336, "width_mean": 2.641895012273892, "width_sd": 0.09546315796268554, "width_min": 2.383293174344206, "width_q1": 2.5706906089380626, "width_q2": 2.6351356487996362, "width_q3": 2.693717606349591, "width_max": 2.9956340005707727}