{"data_name": "ComputerHardware", "n_neighbors": 200, "level": 0.8, "random_state": 9674, "test_size": 0.2, "n": 209, "d": 6, "oob_score": 0.7633254964785499, "test_score": 0.8479622446260227, "coverage": 0.6904761904761905, "width_mean": 0.4664093578353874, "width_sd": 8.080729930501363e-17, "width_min": 0.4664093578353872, "width_q1": 0.46640935783538734, "width_q2": 0.46640935783538734, "width_q3": 0.4664093578353874, "width_max": 0.4664093578353876}