{"data_name": "ComputerHardware", "n_neighbors": "auto", "level": 0.99, "random_state": 4506, "test_size": 0.2, "n": 209, "d": 6, "oob_score": 0.8804018509093003, "test_score": 0.8927638943284549, "coverage": 1.0, "width_mean": 0.7525454965714549, "width_sd": 0.6517163351244619, "width_min": 0.18335491532671644, "width_q1": 0.3532459224610767, "width_q2": 0.49749613849166263, "width_q3": 1.0128098962304382, "width_max": 3.362630846214915}