{"data_name": "ComputerHardware", "n_neighbors": "auto", "level": 0.8, "random_state": 1679, "test_size": 0.2, "n": 209, "d": 6, "oob_score": 0.8789992822732817, "test_score": 0.9124627153021243, "coverage": 0.7857142857142857, "width_mean": 0.38378784198625254, "width_sd": 0.31026821135483046, "width_min": 0.1253571482527307, "width_q1": 0.15715848019609946, "width_q2": 0.21838966925072797, "width_q3": 0.6118460559200923, "width_max": 1.1880852281378875}