{"data_name": "ComputerHardware", "n_neighbors": 100, "level": 0.99, "random_state": 2286, "test_size": 0.2, "n": 209, "d": 6, "oob_score": 0.7146135088772909, "test_score": 0.9081522961310889, "coverage": 0.9761904761904762, "width_mean": 3.6764780820236056, "width_sd": 0.12863582015999722, "width_min": 3.5019334753527183, "width_q1": 3.5118785195572166, "width_q2": 3.756350025254773, "width_q3": 3.7961302020727645, "width_max": 3.7961302020727654}