{"data_name": "ComputerHardware", "n_neighbors": 10, "level": 0.8, "random_state": 1824, "test_size": 0.2, "n": 209, "d": 6, "oob_score": 0.8658000576858099, "test_score": 0.5569563278168649, "coverage": 0.5952380952380952, "width_mean": 0.43180818613416133, "width_sd": 0.30788668147397547, "width_min": 0.09269496652815978, "width_q1": 0.1647839284066647, "width_q2": 0.34542803076518513, "width_q3": 0.6730271359151724, "width_max": 1.2110366561208432}