{"data_name": "ComputerHardware", "n_neighbors": "auto", "level": 0.9, "random_state": 8935, "test_size": 0.2, "n": 209, "d": 6, "oob_score": 0.823436993919617, "test_score": 0.8097112897893232, "coverage": 0.7142857142857143, "width_mean": 0.6309700772225997, "width_sd": 0.666863718299354, "width_min": 0.08256528870422064, "width_q1": 0.1676102370789884, "width_q2": 0.3592123770128879, "width_q3": 0.7138284295492253, "width_max": 2.8765811129988568}