{"data_name": "ComputerHardware", "n_neighbors": 200, "level": 0.95, "random_state": 1679, "test_size": 0.2, "n": 209, "d": 6, "oob_score": 0.8789992822732817, "test_score": 0.9124627153021243, "coverage": 0.9523809523809523, "width_mean": 1.0441528547706809, "width_sd": 1.136349493877995e-16, "width_min": 1.0441528547706806, "width_q1": 1.0441528547706806, "width_q2": 1.0441528547706809, "width_q3": 1.0441528547706809, "width_max": 1.0441528547706809}