{"data_name": "ComputerHardware", "n_neighbors": 50, "level": 0.8, "random_state": 409, "test_size": 0.2, "n": 209, "d": 6, "oob_score": 0.8719046100003701, "test_score": 0.9190137730598907, "coverage": 0.8095238095238095, "width_mean": 0.4925292397446433, "width_sd": 0.14388333810900797, "width_min": 0.24310100295232828, "width_q1": 0.3796738369778785, "width_q2": 0.4668620655887337, "width_q3": 0.6307417506785605, "width_max": 0.7780182608782953}