{"data_name": "ComputerHardware", "n_neighbors": "auto", "level": 0.8, "random_state": 8935, "test_size": 0.2, "n": 209, "d": 6, "oob_score": 0.823436993919617, "test_score": 0.8097112897893232, "coverage": 0.6904761904761905, "width_mean": 0.4192017577678885, "width_sd": 0.3599434988785066, "width_min": 0.07565030836286524, "width_q1": 0.13876831100454717, "width_q2": 0.2716580020482809, "width_q3": 0.577943401801938, "width_max": 1.5843353026628741}