{"data_name": "ComputerHardware", "n_neighbors": 10, "level": 0.95, "random_state": 9674, "test_size": 0.2, "n": 209, "d": 6, "oob_score": 0.7633254964785499, "test_score": 0.8479622446260227, "coverage": 0.7142857142857143, "width_mean": 0.5721873518039775, "width_sd": 0.8691678929205061, "width_min": 0.08365521016947919, "width_q1": 0.18115100126510392, "width_q2": 0.31767872371889416, "width_q3": 0.6700593189134739, "width_max": 5.753765810311831}