{"data_name": "ComputerHardware", "n_neighbors": "auto", "level": 0.8, "random_state": 4506, "test_size": 0.2, "n": 209, "d": 6, "oob_score": 0.8804018509093003, "test_score": 0.8927638943284549, "coverage": 0.8095238095238095, "width_mean": 0.39829076917467776, "width_sd": 0.3400727202545152, "width_min": 0.09150546784180169, "width_q1": 0.15024985066990776, "width_q2": 0.2675870706733548, "width_q3": 0.5475224130596995, "width_max": 1.6490358628295176}