{"data_name": "ComputerHardware", "n_neighbors": "all", "level": 0.95, "random_state": 4506, "test_size": 0.2, "n": 209, "d": 6, "oob_score": 0.8804018509093003, "test_score": 0.8927638943284549, "coverage": 0.9523809523809523, "width_mean": 1.1081536335087336, "width_sd": 1.412667783374459e-16, "width_min": 1.1081536335087334, "width_q1": 1.1081536335087334, "width_q2": 1.1081536335087336, "width_q3": 1.1081536335087336, "width_max": 1.108153633508734}