{"data_name": "ComputerHardware", "n_neighbors": 5, "level": 0.9, "random_state": 9674, "test_size": 0.2, "n": 209, "d": 6, "oob_score": 0.7633254964785499, "test_score": 0.8479622446260227, "coverage": 0.5714285714285714, "width_mean": 0.4457349099122046, "width_sd": 0.7863608287685837, "width_min": 0.03273621144358502, "width_q1": 0.12969042581607892, "width_q2": 0.20661188664379207, "width_q3": 0.5433584279603149, "width_max": 5.188968854168547}