{"data_name": "ComputerHardware", "n_neighbors": 20, "level": 0.8, "random_state": 9674, "test_size": 0.2, "n": 209, "d": 6, "oob_score": 0.7633254964785499, "test_score": 0.8479622446260227, "coverage": 0.6666666666666666, "width_mean": 0.3878813365582153, "width_sd": 0.2661665821420455, "width_min": 0.12672558763213287, "width_q1": 0.18568908021955405, "width_q2": 0.3339557787237487, "width_q3": 0.4578692821274815, "width_max": 1.2222324480503497}