{"data_name": "ComputerHardware", "n_neighbors": 100, "level": 0.99, "random_state": 9674, "test_size": 0.2, "n": 209, "d": 6, "oob_score": 0.7633254964785499, "test_score": 0.8479622446260227, "coverage": 1.0, "width_mean": 4.802887407236078, "width_sd": 0.6739875157514045, "width_min": 1.362762507989419, "width_q1": 4.962674400402793, "width_q2": 4.962674400402793, "width_q3": 4.962674400402793, "width_max": 5.028892329304275}