{"data_name": "ComputerHardware", "n_neighbors": 10, "level": 0.8, "random_state": 2286, "test_size": 0.2, "n": 209, "d": 6, "oob_score": 0.7146135088772909, "test_score": 0.9081522961310889, "coverage": 0.6428571428571429, "width_mean": 0.4638829953933184, "width_sd": 0.44727389251129096, "width_min": 0.1015497672070323, "width_q1": 0.18409050687367162, "width_q2": 0.2846709070050709, "width_q3": 0.58033606072604, "width_max": 2.1972368629781203}