{"data_name": "ComputerHardware", "n_neighbors": 10, "level": 0.8, "random_state": 9674, "test_size": 0.2, "n": 209, "d": 6, "oob_score": 0.7633254964785499, "test_score": 0.8479622446260227, "coverage": 0.5476190476190477, "width_mean": 0.39529292038061864, "width_sd": 0.5763032057746038, "width_min": 0.05365368693475003, "width_q1": 0.13920517025533452, "width_q2": 0.22299825539712126, "width_q3": 0.48040990238631304, "width_max": 3.77603728553926}