{"data_name": "ComputerHardware", "n_neighbors": 100, "level": 0.8, "random_state": 409, "test_size": 0.2, "n": 209, "d": 6, "oob_score": 0.8719046100003701, "test_score": 0.9190137730598907, "coverage": 0.7857142857142857, "width_mean": 0.5440207211599467, "width_sd": 0.050217211298017504, "width_min": 0.45717362426476543, "width_q1": 0.5124970835002683, "width_q2": 0.5407178279208633, "width_q3": 0.5927994014764593, "width_max": 0.6310052681457561}