{"data_name": "ComputerHardware", "n_neighbors": 100, "level": 0.9, "random_state": 4506, "test_size": 0.2, "n": 209, "d": 6, "oob_score": 0.8804018509093003, "test_score": 0.8927638943284549, "coverage": 0.9285714285714286, "width_mean": 0.8676134514130751, "width_sd": 0.026817949067961123, "width_min": 0.849613529570723, "width_q1": 0.849613529570723, "width_q2": 0.8510649347286421, "width_q3": 0.883089086414462, "width_max": 0.9582403721324981}