{"data_name": "ComputerHardware", "n_neighbors": 20, "level": 0.8, "random_state": 4012, "test_size": 0.2, "n": 209, "d": 6, "oob_score": 0.8908626054047597, "test_score": 0.8390788329945758, "coverage": 0.6666666666666666, "width_mean": 0.3536639904282558, "width_sd": 0.24336652213612692, "width_min": 0.11205067023113341, "width_q1": 0.17261695476479777, "width_q2": 0.25006960994442967, "width_q3": 0.44554100085207693, "width_max": 0.9461071422758587}