{"data_name": "ComputerHardware", "n_neighbors": 50, "level": 0.99, "random_state": 9674, "test_size": 0.2, "n": 209, "d": 6, "oob_score": 0.7633254964785499, "test_score": 0.8479622446260227, "coverage": 0.9523809523809523, "width_mean": 2.033872840321171, "width_sd": 0.636540470652302, "width_min": 0.935101204257293, "width_q1": 1.8572721468524513, "width_q2": 1.93414299749198, "width_q3": 1.9931725513084069, "width_max": 5.727940977081261}