{"data_name": "ComputerHardware", "n_neighbors": "all", "level": 0.8, "random_state": 3657, "test_size": 0.2, "n": 209, "d": 6, "oob_score": 0.882899883022193, "test_score": 0.8580627844540161, "coverage": 0.8333333333333334, "width_mean": 0.5060832483612869, "width_sd": 1.247163865523302e-16, "width_min": 0.5060832483612869, "width_q1": 0.506083248361287, "width_q2": 0.506083248361287, "width_q3": 0.506083248361287, "width_max": 0.5060832483612872}