{"data_name": "ComputerHardware", "n_neighbors": 10, "level": 0.8, "random_state": 1679, "test_size": 0.2, "n": 209, "d": 6, "oob_score": 0.8789992822732817, "test_score": 0.9124627153021243, "coverage": 0.7142857142857143, "width_mean": 0.35472064201426035, "width_sd": 0.33353771137668226, "width_min": 0.08562052599718156, "width_q1": 0.1433930694970225, "width_q2": 0.18078097603167462, "width_q3": 0.43951955182777597, "width_max": 1.1880852281378875}