{"data_name": "ComputerHardware", "n_neighbors": 50, "level": 0.99, "random_state": 4506, "test_size": 0.2, "n": 209, "d": 6, "oob_score": 0.8804018509093003, "test_score": 0.8927638943284549, "coverage": 1.0, "width_mean": 1.2237650128816635, "width_sd": 0.39261003927462074, "width_min": 0.973813318303181, "width_q1": 1.071516036673834, "width_q2": 1.0715160366738343, "width_q3": 1.1812433213002893, "width_max": 2.9004111467491223}