{"data_name": "ComputerHardware", "n_neighbors": "auto", "level": 0.95, "random_state": 1679, "test_size": 0.2, "n": 209, "d": 6, "oob_score": 0.8789992822732817, "test_score": 0.9124627153021243, "coverage": 0.9761904761904762, "width_mean": 0.6106956699415367, "width_sd": 0.432312585595112, "width_min": 0.16451327839016083, "width_q1": 0.3311416638811204, "width_q2": 0.37954138645556446, "width_q3": 0.8716672214146363, "width_max": 2.040020580215459}