{"data_name": "ComputerHardware", "n_neighbors": 50, "level": 0.95, "random_state": 1424, "test_size": 0.2, "n": 209, "d": 6, "oob_score": 0.8976195816077457, "test_score": 0.904081273109096, "coverage": 1.0, "width_mean": 1.1783312522821943, "width_sd": 0.42053576937267545, "width_min": 0.794747628739747, "width_q1": 1.0038230150763008, "width_q2": 1.0664535168752032, "width_q3": 1.11611576310609, "width_max": 2.514754657508001}