{"data_name": "ComputerHardware", "n_neighbors": 5, "level": 0.99, "random_state": 3657, "test_size": 0.2, "n": 209, "d": 6, "oob_score": 0.882899883022193, "test_score": 0.8580627844540161, "coverage": 0.8095238095238095, "width_mean": 0.47882366791259334, "width_sd": 0.4076153673834203, "width_min": 0.06953839181846821, "width_q1": 0.21942488946523436, "width_q2": 0.40317788518008246, "width_q3": 0.5905821691594292, "width_max": 1.917933837734129}