{"data_name": "ComputerHardware", "n_neighbors": 20, "level": 0.99, "random_state": 4012, "test_size": 0.2, "n": 209, "d": 6, "oob_score": 0.8908626054047597, "test_score": 0.8390788329945758, "coverage": 0.8571428571428571, "width_mean": 0.7068210798682456, "width_sd": 0.41047923993311797, "width_min": 0.19592241447390601, "width_q1": 0.4031109212554192, "width_q2": 0.488087317503034, "width_q3": 1.0082070901967963, "width_max": 1.654863873191519}