{"data_name": "ComputerHardware", "n_neighbors": 20, "level": 0.95, "random_state": 4012, "test_size": 0.2, "n": 209, "d": 6, "oob_score": 0.8908626054047597, "test_score": 0.8390788329945758, "coverage": 0.8095238095238095, "width_mean": 0.6009223096603246, "width_sd": 0.3600241887395827, "width_min": 0.17478180792758852, "width_q1": 0.3596327936092445, "width_q2": 0.4403022379405138, "width_q3": 0.8665973138655665, "width_max": 1.4925256125674504}