{"data_name": "ComputerHardware", "n_neighbors": 200, "level": 0.95, "random_state": 9674, "test_size": 0.2, "n": 209, "d": 6, "oob_score": 0.7633254964785499, "test_score": 0.8479622446260227, "coverage": 0.9047619047619048, "width_mean": 1.0749212050443242, "width_sd": 1.6784994417006302e-16, "width_min": 1.0749212050443235, "width_q1": 1.074921205044324, "width_q2": 1.0749212050443242, "width_q3": 1.0749212050443242, "width_max": 1.0749212050443242}