{"data_name": "ComputerHardware", "n_neighbors": 5, "level": 0.9, "random_state": 4506, "test_size": 0.2, "n": 209, "d": 6, "oob_score": 0.8804018509093003, "test_score": 0.8927638943284549, "coverage": 0.8333333333333334, "width_mean": 0.43265317374429835, "width_sd": 0.5085546492976327, "width_min": 0.03232867465452738, "width_q1": 0.1601563752656075, "width_q2": 0.26056938606924507, "width_q3": 0.49710067393817375, "width_max": 2.9877815265155343}