{"data_name": "ComputerHardware", "n_neighbors": "auto", "level": 0.8, "random_state": 9674, "test_size": 0.2, "n": 209, "d": 6, "oob_score": 0.7633254964785499, "test_score": 0.8479622446260227, "coverage": 0.5714285714285714, "width_mean": 0.375983457155933, "width_sd": 0.44760993411688615, "width_min": 0.0825266856313217, "width_q1": 0.14319152424572834, "width_q2": 0.23400731006377723, "width_q3": 0.3623970990859521, "width_max": 2.7294377940530743}