{"data_name": "ComputerHardware", "n_neighbors": 50, "level": 0.9, "random_state": 4506, "test_size": 0.2, "n": 209, "d": 6, "oob_score": 0.8804018509093003, "test_score": 0.8927638943284549, "coverage": 0.9523809523809523, "width_mean": 0.865138662606955, "width_sd": 0.11682814968197423, "width_min": 0.49999494183620186, "width_q1": 0.8416617766182211, "width_q2": 0.8884766368636992, "width_q3": 0.9184267143731757, "width_max": 1.1281297303331606}