{"data_name": "ComputerHardware", "n_neighbors": 5, "level": 0.8, "random_state": 409, "test_size": 0.2, "n": 209, "d": 6, "oob_score": 0.8719046100003701, "test_score": 0.9190137730598907, "coverage": 0.7857142857142857, "width_mean": 0.5077227158280441, "width_sd": 0.5200083062704656, "width_min": 0.0678980318170112, "width_q1": 0.1348465285158328, "width_q2": 0.3353730334647601, "width_q3": 0.724513973022965, "width_max": 2.744862701916071}