{"data_name": "ComputerHardware", "n_neighbors": "auto", "level": 0.8, "random_state": 4012, "test_size": 0.2, "n": 209, "d": 6, "oob_score": 0.8908626054047597, "test_score": 0.8390788329945758, "coverage": 0.6428571428571429, "width_mean": 0.3456055937749222, "width_sd": 0.2669788753505863, "width_min": 0.07330831401869842, "width_q1": 0.16536821405752444, "width_q2": 0.22138004613606874, "width_q3": 0.44486957842568964, "width_max": 0.9156283954706486}