{"data_name": "ComputerHardware", "n_neighbors": "auto", "level": 0.9, "random_state": 409, "test_size": 0.2, "n": 209, "d": 6, "oob_score": 0.8719046100003701, "test_score": 0.9190137730598907, "coverage": 0.9761904761904762, "width_mean": 0.6698408404809286, "width_sd": 0.5510849013095782, "width_min": 0.0981223891493801, "width_q1": 0.25654867944784, "width_q2": 0.4399686204761832, "width_q3": 1.0667977291016095, "width_max": 2.848541206202399}