{"data_name": "ComputerHardware", "n_neighbors": "all", "level": 0.8, "random_state": 8935, "test_size": 0.2, "n": 209, "d": 6, "oob_score": 0.823436993919617, "test_score": 0.8097112897893232, "coverage": 0.6428571428571429, "width_mean": 0.40928131907302384, "width_sd": 9.614813431917819e-17, "width_min": 0.40928131907302356, "width_q1": 0.4092813190730238, "width_q2": 0.4092813190730238, "width_q3": 0.4092813190730238, "width_max": 0.409281319073024}