{"data_name": "ComputerHardware", "n_neighbors": 100, "level": 0.95, "random_state": 2286, "test_size": 0.2, "n": 209, "d": 6, "oob_score": 0.7146135088772909, "test_score": 0.9081522961310889, "coverage": 0.9047619047619048, "width_mean": 1.0982879072468312, "width_sd": 0.0952168918856711, "width_min": 0.8580954793302061, "width_q1": 0.9986117185125643, "width_q2": 1.1339690475882764, "width_q3": 1.1988312472559703, "width_max": 1.1988312472559706}