{"data_name": "ComputerHardware", "n_neighbors": 50, "level": 0.9, "random_state": 9674, "test_size": 0.2, "n": 209, "d": 6, "oob_score": 0.7633254964785499, "test_score": 0.8479622446260227, "coverage": 0.7619047619047619, "width_mean": 0.6156098090637356, "width_sd": 0.19132671141712257, "width_min": 0.3542380958168746, "width_q1": 0.4660839303925988, "width_q2": 0.557441819875687, "width_q3": 0.7909031871972092, "width_max": 1.0856137204183436}