{"data_name": "ComputerHardware", "n_neighbors": "all", "level": 0.99, "random_state": 4506, "test_size": 0.2, "n": 209, "d": 6, "oob_score": 0.8804018509093003, "test_score": 0.8927638943284549, "coverage": 0.9761904761904762, "width_mean": 1.8172853846416868, "width_sd": 6.446399424709315e-16, "width_min": 1.8172853846416857, "width_q1": 1.817285384641686, "width_q2": 1.817285384641686, "width_q3": 1.817285384641686, "width_max": 1.8172853846416863}