{"data_name": "ComputerHardware", "n_neighbors": 20, "level": 0.9, "random_state": 3657, "test_size": 0.2, "n": 209, "d": 6, "oob_score": 0.882899883022193, "test_score": 0.8580627844540161, "coverage": 0.8095238095238095, "width_mean": 0.55122919328731, "width_sd": 0.28502166457034606, "width_min": 0.15048595899809947, "width_q1": 0.34257986068725843, "width_q2": 0.49231378950751303, "width_q3": 0.6702106118422002, "width_max": 1.3443534656684863}