{"data_name": "ComputerHardware", "n_neighbors": "auto", "level": 0.9, "random_state": 1824, "test_size": 0.2, "n": 209, "d": 6, "oob_score": 0.8658000576858099, "test_score": 0.5569563278168649, "coverage": 0.7142857142857143, "width_mean": 0.6120654227062943, "width_sd": 0.4330141911441088, "width_min": 0.15454488318942172, "width_q1": 0.28489011707722134, "width_q2": 0.4324324697641893, "width_q3": 0.8542187873362544, "width_max": 1.8692939235326547}