{"data_name": "ComputerHardware", "n_neighbors": 200, "level": 0.9, "random_state": 1679, "test_size": 0.2, "n": 209, "d": 6, "oob_score": 0.8789992822732817, "test_score": 0.9124627153021243, "coverage": 0.9523809523809523, "width_mean": 0.837701672018506, "width_sd": 2.410561298757094e-16, "width_min": 0.8377016720185062, "width_q1": 0.8377016720185062, "width_q2": 0.8377016720185062, "width_q3": 0.8377016720185062, "width_max": 0.8377016720185063}