{"data_name": "ComputerHardware", "n_neighbors": 50, "level": 0.8, "random_state": 8935, "test_size": 0.2, "n": 209, "d": 6, "oob_score": 0.823436993919617, "test_score": 0.8097112897893232, "coverage": 0.5952380952380952, "width_mean": 0.32830292770545566, "width_sd": 0.12825830169446129, "width_min": 0.15256006856082016, "width_q1": 0.23011736230768534, "width_q2": 0.26106536772799543, "width_q3": 0.4624962461487567, "width_max": 0.599192225276962}