{"data_name": "ComputerHardware", "n_neighbors": 20, "level": 0.99, "random_state": 4506, "test_size": 0.2, "n": 209, "d": 6, "oob_score": 0.8804018509093003, "test_score": 0.8927638943284549, "coverage": 1.0, "width_mean": 0.7612299986225819, "width_sd": 0.5031915012364064, "width_min": 0.13434791744495356, "width_q1": 0.4494014390122123, "width_q2": 0.6976607548869938, "width_q3": 1.0063866862464828, "width_max": 3.2386206829436053}