{"data_name": "ComputerHardware", "n_neighbors": 50, "level": 0.9, "random_state": 1424, "test_size": 0.2, "n": 209, "d": 6, "oob_score": 0.8976195816077457, "test_score": 0.904081273109096, "coverage": 1.0, "width_mean": 0.9020721871640726, "width_sd": 0.11838621743876979, "width_min": 0.681007438967917, "width_q1": 0.8306713556412338, "width_q2": 0.9178582313367281, "width_q3": 0.968569509806639, "width_max": 1.238973760762558}