{"data_name": "ComputerHardware", "n_neighbors": 50, "level": 0.99, "random_state": 2286, "test_size": 0.2, "n": 209, "d": 6, "oob_score": 0.7146135088772909, "test_score": 0.9081522961310889, "coverage": 0.9761904761904762, "width_mean": 1.9264697562275737, "width_sd": 1.1649656316622647, "width_min": 1.058560539660725, "width_q1": 1.3086431604034416, "width_q2": 1.3310822310897354, "width_q3": 1.7658344011494105, "width_max": 4.738454735949414}