{"data_name": "ComputerHardware", "n_neighbors": 50, "level": 0.8, "random_state": 1424, "test_size": 0.2, "n": 209, "d": 6, "oob_score": 0.8976195816077457, "test_score": 0.904081273109096, "coverage": 0.9047619047619048, "width_mean": 0.6175324309931304, "width_sd": 0.13101336642605083, "width_min": 0.3802908434329701, "width_q1": 0.5736234644184623, "width_q2": 0.596836150421846, "width_q3": 0.6691255334852818, "width_max": 0.9813823605310736}