{"data_name": "ComputerHardware", "n_neighbors": "auto", "level": 0.9, "random_state": 1424, "test_size": 0.2, "n": 209, "d": 6, "oob_score": 0.8976195816077457, "test_score": 0.904081273109096, "coverage": 0.8571428571428571, "width_mean": 0.5543311043834976, "width_sd": 0.561529311588062, "width_min": 0.0862408013778051, "width_q1": 0.2343647793268422, "width_q2": 0.35464796877688753, "width_q3": 0.6614806254356896, "width_max": 2.6501216436558703}