{"data_name": "ComputerHardware", "n_neighbors": 50, "level": 0.9, "random_state": 2286, "test_size": 0.2, "n": 209, "d": 6, "oob_score": 0.7146135088772909, "test_score": 0.9081522961310889, "coverage": 0.8333333333333334, "width_mean": 0.8550118036171688, "width_sd": 0.15648360426833627, "width_min": 0.3654394764257532, "width_q1": 0.7771849622570455, "width_q2": 0.881463688589778, "width_q3": 0.892117553803552, "width_max": 1.204066330136465}