{"data_name": "ComputerHardware", "n_neighbors": 5, "level": 0.9, "random_state": 409, "test_size": 0.2, "n": 209, "d": 6, "oob_score": 0.8719046100003701, "test_score": 0.9190137730598907, "coverage": 0.8571428571428571, "width_mean": 0.5681547604521745, "width_sd": 0.5806511830702404, "width_min": 0.07100794699296392, "width_q1": 0.16041132693744092, "width_q2": 0.37855912060125496, "width_q3": 0.8535382857921701, "width_max": 3.1595767190613886}