{"data_name": "ComputerHardware", "n_neighbors": 100, "level": 0.8, "random_state": 2286, "test_size": 0.2, "n": 209, "d": 6, "oob_score": 0.7146135088772909, "test_score": 0.9081522961310889, "coverage": 0.7142857142857143, "width_mean": 0.46396636439851335, "width_sd": 0.04807929115435592, "width_min": 0.30125077014394963, "width_q1": 0.4699408705998546, "width_q2": 0.47647234270949473, "width_q3": 0.4869101054696766, "width_max": 0.5306382649542101}