{"data_name": "ComputerHardware", "n_neighbors": "auto", "level": 0.8, "random_state": 409, "test_size": 0.2, "n": 209, "d": 6, "oob_score": 0.8719046100003701, "test_score": 0.9190137730598907, "coverage": 0.8809523809523809, "width_mean": 0.5297400178111218, "width_sd": 0.4675823599648431, "width_min": 0.08831039080087755, "width_q1": 0.19531548539800458, "width_q2": 0.2746617158861371, "width_q3": 0.9323439463641995, "width_max": 2.1227916761980925}