{"data_name": "ComputerHardware", "n_neighbors": 50, "level": 0.8, "random_state": 3657, "test_size": 0.2, "n": 209, "d": 6, "oob_score": 0.882899883022193, "test_score": 0.8580627844540161, "coverage": 0.8333333333333334, "width_mean": 0.41312999312784066, "width_sd": 0.17375267661470178, "width_min": 0.20202429897906055, "width_q1": 0.2771608934661988, "width_q2": 0.3479490595014408, "width_q3": 0.536525579419567, "width_max": 0.7896566768291855}