{"data_name": "ComputerHardware", "n_neighbors": 20, "level": 0.8, "random_state": 3657, "test_size": 0.2, "n": 209, "d": 6, "oob_score": 0.882899883022193, "test_score": 0.8580627844540161, "coverage": 0.7857142857142857, "width_mean": 0.39872380059381823, "width_sd": 0.24484186695746124, "width_min": 0.11956612933940797, "width_q1": 0.2005959522102747, "width_q2": 0.3227748744857838, "width_q3": 0.5308536390240719, "width_max": 1.0966341606874188}