{"data_name": "ComputerHardware", "n_neighbors": 50, "level": 0.95, "random_state": 4506, "test_size": 0.2, "n": 209, "d": 6, "oob_score": 0.8804018509093003, "test_score": 0.8927638943284549, "coverage": 0.9761904761904762, "width_mean": 0.9870656720439719, "width_sd": 0.09761985387862561, "width_min": 0.7073079012392873, "width_q1": 0.9724919084511603, "width_q2": 0.9724919084511605, "width_q3": 1.0103330578197365, "width_max": 1.4015092888341452}