{"data_name": "ComputerHardware", "n_neighbors": 10, "level": 0.95, "random_state": 2286, "test_size": 0.2, "n": 209, "d": 6, "oob_score": 0.7146135088772909, "test_score": 0.9081522961310889, "coverage": 0.7380952380952381, "width_mean": 0.9094183714516889, "width_sd": 1.214475031557777, "width_min": 0.1435284934178016, "width_q1": 0.37577528519993686, "width_q2": 0.45057731707865556, "width_q3": 0.827796103295741, "width_max": 4.7957588001059035}