{"data_name": "ComputerHardware", "n_neighbors": "auto", "level": 0.95, "random_state": 409, "test_size": 0.2, "n": 209, "d": 6, "oob_score": 0.8719046100003701, "test_score": 0.9190137730598907, "coverage": 1.0, "width_mean": 0.7820943952978238, "width_sd": 0.5852790915592275, "width_min": 0.10302838832363137, "width_q1": 0.3812969608295129, "width_q2": 0.5880751254739873, "width_q3": 1.097605848822026, "width_max": 3.2114159712045542}