{"data_name": "ComputerHardware", "n_neighbors": 20, "level": 0.95, "random_state": 4506, "test_size": 0.2, "n": 209, "d": 6, "oob_score": 0.8804018509093003, "test_score": 0.8927638943284549, "coverage": 0.9523809523809523, "width_mean": 0.6557146655099622, "width_sd": 0.40522377868306414, "width_min": 0.12782751209902266, "width_q1": 0.3725529927121814, "width_q2": 0.5705443883651999, "width_q3": 0.9283515595234892, "width_max": 2.3818231912509016}