{"data_name": "ComputerHardware", "n_neighbors": 5, "level": 0.99, "random_state": 1824, "test_size": 0.2, "n": 209, "d": 6, "oob_score": 0.8658000576858099, "test_score": 0.5569563278168649, "coverage": 0.6428571428571429, "width_mean": 0.5186866887219796, "width_sd": 0.4606027077418236, "width_min": 0.06038490819943276, "width_q1": 0.21562669701458662, "width_q2": 0.3579584496483551, "width_q3": 0.6269324022485252, "width_max": 2.102906069289956}