{"data_name": "ComputerHardware", "n_neighbors": 100, "level": 0.9, "random_state": 3657, "test_size": 0.2, "n": 209, "d": 6, "oob_score": 0.882899883022193, "test_score": 0.8580627844540161, "coverage": 0.9047619047619048, "width_mean": 0.7780176094862277, "width_sd": 0.030302340279617933, "width_min": 0.7197924795755364, "width_q1": 0.7556628318164443, "width_q2": 0.7764203806308303, "width_q3": 0.7764203806308303, "width_max": 0.8833276656342619}