{"data_name": "ComputerHardware", "n_neighbors": 10, "level": 0.99, "random_state": 4012, "test_size": 0.2, "n": 209, "d": 6, "oob_score": 0.8908626054047597, "test_score": 0.8390788329945758, "coverage": 0.7619047619047619, "width_mean": 0.5821861146224135, "width_sd": 0.42658340003472794, "width_min": 0.12488217732314139, "width_q1": 0.21509705878683855, "width_q2": 0.4306247927896064, "width_q3": 0.9139879954557504, "width_max": 1.6727914404783317}