{"data_name": "ComputerHardware", "n_neighbors": 200, "level": 0.8, "random_state": 409, "test_size": 0.2, "n": 209, "d": 6, "oob_score": 0.8719046100003701, "test_score": 0.9190137730598907, "coverage": 0.7857142857142857, "width_mean": 0.5480442663734977, "width_sd": 5.93439168722175e-17, "width_min": 0.5480442663734975, "width_q1": 0.5480442663734977, "width_q2": 0.5480442663734977, "width_q3": 0.5480442663734977, "width_max": 0.5480442663734978}