{"data_name": "ComputerHardware", "n_neighbors": "auto", "level": 0.9, "random_state": 9674, "test_size": 0.2, "n": 209, "d": 6, "oob_score": 0.7633254964785499, "test_score": 0.8479622446260227, "coverage": 0.6666666666666666, "width_mean": 0.5210344447675735, "width_sd": 0.6906276064316885, "width_min": 0.09324863926296167, "width_q1": 0.17968913000958087, "width_q2": 0.30789751585692043, "width_q3": 0.5972858249209658, "width_max": 4.508529331751323}