{"data_name": "ComputerHardware", "n_neighbors": 10, "level": 0.9, "random_state": 8935, "test_size": 0.2, "n": 209, "d": 6, "oob_score": 0.823436993919617, "test_score": 0.8097112897893232, "coverage": 0.7142857142857143, "width_mean": 0.6273900806773653, "width_sd": 0.733917502057028, "width_min": 0.09289761952938486, "width_q1": 0.17488769818460176, "width_q2": 0.3072762409886447, "width_q3": 0.7347433550860496, "width_max": 2.753416533106065}