{"data_name": "ComputerHardware", "n_neighbors": 100, "level": 0.8, "random_state": 9674, "test_size": 0.2, "n": 209, "d": 6, "oob_score": 0.7633254964785499, "test_score": 0.8479622446260227, "coverage": 0.6904761904761905, "width_mean": 0.4724973036909505, "width_sd": 0.033303130106339944, "width_min": 0.37359681833032543, "width_q1": 0.46267696232335975, "width_q2": 0.4698840532572963, "width_q3": 0.48979837794374154, "width_max": 0.541638517704883}