{"data_name": "ComputerHardware", "n_neighbors": 10, "level": 0.8, "random_state": 8935, "test_size": 0.2, "n": 209, "d": 6, "oob_score": 0.823436993919617, "test_score": 0.8097112897893232, "coverage": 0.5714285714285714, "width_mean": 0.42443419640046753, "width_sd": 0.41453034717253334, "width_min": 0.07844246718167491, "width_q1": 0.1286398547231987, "width_q2": 0.24048573650376526, "width_q3": 0.6276298028428224, "width_max": 1.6422628144097198}