{"data_name": "ComputerHardware", "n_neighbors": 100, "level": 0.95, "random_state": 9674, "test_size": 0.2, "n": 209, "d": 6, "oob_score": 0.7633254964785499, "test_score": 0.8479622446260227, "coverage": 0.9285714285714286, "width_mean": 1.1019414174343036, "width_sd": 0.07063174563681038, "width_min": 0.9123613660216696, "width_q1": 1.0713706179612046, "width_q2": 1.0713706179612046, "width_q3": 1.1579556010335454, "width_max": 1.2704724475939395}