{"data_name": "ComputerHardware", "n_neighbors": 50, "level": 0.99, "random_state": 8935, "test_size": 0.2, "n": 209, "d": 6, "oob_score": 0.823436993919617, "test_score": 0.8097112897893232, "coverage": 0.9047619047619048, "width_mean": 1.446711483691411, "width_sd": 0.9194416485503676, "width_min": 0.4975258278539114, "width_q1": 0.8726230833102439, "width_q2": 1.0360000141509689, "width_q3": 1.5067279960310103, "width_max": 3.5113062800815666}