{"data_name": "ComputerHardware", "n_neighbors": "all", "level": 0.95, "random_state": 3657, "test_size": 0.2, "n": 209, "d": 6, "oob_score": 0.882899883022193, "test_score": 0.8580627844540161, "coverage": 0.9523809523809523, "width_mean": 1.145526398806258, "width_sd": 4.845410522502477e-17, "width_min": 1.1455263988062578, "width_q1": 1.145526398806258, "width_q2": 1.145526398806258, "width_q3": 1.145526398806258, "width_max": 1.145526398806258}