{"data_name": "ComputerHardware", "n_neighbors": "auto", "level": 0.99, "random_state": 1679, "test_size": 0.2, "n": 209, "d": 6, "oob_score": 0.8789992822732817, "test_score": 0.9124627153021243, "coverage": 1.0, "width_mean": 0.7068452315713921, "width_sd": 0.4666045383637813, "width_min": 0.17141008074890107, "width_q1": 0.4243894398053603, "width_q2": 0.5382125068340146, "width_q3": 1.0250514615053916, "width_max": 2.2672033407694783}