{"data_name": "ComputerHardware", "n_neighbors": 5, "level": 0.95, "random_state": 4506, "test_size": 0.2, "n": 209, "d": 6, "oob_score": 0.8804018509093003, "test_score": 0.8927638943284549, "coverage": 0.8333333333333334, "width_mean": 0.4597031779876709, "width_sd": 0.5426395158915566, "width_min": 0.03431661698422939, "width_q1": 0.17035383151376643, "width_q2": 0.2783108053049368, "width_q3": 0.5318070973484247, "width_max": 3.220300791191156}