{"data_name": "ComputerHardware", "n_neighbors": 200, "level": 0.99, "random_state": 1424, "test_size": 0.2, "n": 209, "d": 6, "oob_score": 0.8976195816077457, "test_score": 0.904081273109096, "coverage": 1.0, "width_mean": 2.940078459258767, "width_sd": 4.440892098500626e-16, "width_min": 2.9400784592587668, "width_q1": 2.9400784592587668, "width_q2": 2.9400784592587668, "width_q3": 2.9400784592587668, "width_max": 2.9400784592587668}