{"data_name": "ComputerHardware", "n_neighbors": 20, "level": 0.8, "random_state": 4506, "test_size": 0.2, "n": 209, "d": 6, "oob_score": 0.8804018509093003, "test_score": 0.8927638943284549, "coverage": 0.8095238095238095, "width_mean": 0.39199371579207754, "width_sd": 0.2606788470866263, "width_min": 0.10196568996315825, "width_q1": 0.16339902035563836, "width_q2": 0.28202110680667947, "width_q3": 0.621209018535535, "width_max": 0.9374129998802614}