{"data_name": "ComputerHardware", "n_neighbors": 100, "level": 0.8, "random_state": 4506, "test_size": 0.2, "n": 209, "d": 6, "oob_score": 0.8804018509093003, "test_score": 0.8927638943284549, "coverage": 0.9047619047619048, "width_mean": 0.5460454451865564, "width_sd": 0.059223191678206895, "width_min": 0.47098413782808773, "width_q1": 0.5097181167695968, "width_q2": 0.5223577931627303, "width_q3": 0.5734877042436692, "width_max": 0.6996260797315568}