{"data_name": "ComputerHardware", "n_neighbors": 10, "level": 0.8, "random_state": 3657, "test_size": 0.2, "n": 209, "d": 6, "oob_score": 0.882899883022193, "test_score": 0.8580627844540161, "coverage": 0.7619047619047619, "width_mean": 0.3719119570404724, "width_sd": 0.2429752730664634, "width_min": 0.09134560786758694, "width_q1": 0.17968031173116636, "width_q2": 0.3001197096330755, "width_q3": 0.5283483426033062, "width_max": 1.0477934719474198}