{"data_name": "ComputerHardware", "n_neighbors": 5, "level": 0.9, "random_state": 3657, "test_size": 0.2, "n": 209, "d": 6, "oob_score": 0.882899883022193, "test_score": 0.8580627844540161, "coverage": 0.7619047619047619, "width_mean": 0.42165098928735356, "width_sd": 0.34446363745510417, "width_min": 0.06485087911848819, "width_q1": 0.18971325728743993, "width_q2": 0.36027037108613125, "width_q3": 0.5339741857848, "width_max": 1.601536750404004}