{"data_name": "ComputerHardware", "n_neighbors": 10, "level": 0.95, "random_state": 1824, "test_size": 0.2, "n": 209, "d": 6, "oob_score": 0.8658000576858099, "test_score": 0.5569563278168649, "coverage": 0.7142857142857143, "width_mean": 0.6589990935299781, "width_sd": 0.48977380080110067, "width_min": 0.1536901660799606, "width_q1": 0.3349553514686186, "width_q2": 0.5158238528285973, "width_q3": 0.9081015539460962, "width_max": 1.9051478802625343}