{"data_name": "ComputerHardware", "n_neighbors": 10, "level": 0.8, "random_state": 4506, "test_size": 0.2, "n": 209, "d": 6, "oob_score": 0.8804018509093003, "test_score": 0.8927638943284549, "coverage": 0.7857142857142857, "width_mean": 0.40791832838382064, "width_sd": 0.33643940338988104, "width_min": 0.07718276742995156, "width_q1": 0.16796247107977547, "width_q2": 0.257436361664043, "width_q3": 0.6090121814255753, "width_max": 1.423562838699859}