{"data_name": "ComputerHardware", "n_neighbors": "all", "level": 0.99, "random_state": 8935, "test_size": 0.2, "n": 209, "d": 6, "oob_score": 0.823436993919617, "test_score": 0.8097112897893232, "coverage": 0.9285714285714286, "width_mean": 2.12688848617627, "width_sd": 2.0557335828564925e-16, "width_min": 2.126888486176269, "width_q1": 2.12688848617627, "width_q2": 2.12688848617627, "width_q3": 2.12688848617627, "width_max": 2.12688848617627}