{"data_name": "ComputerHardware", "n_neighbors": 5, "level": 0.99, "random_state": 409, "test_size": 0.2, "n": 209, "d": 6, "oob_score": 0.8719046100003701, "test_score": 0.9190137730598907, "coverage": 0.8809523809523809, "width_mean": 0.622543600613892, "width_sd": 0.6374925245606121, "width_min": 0.07380687065132141, "width_q1": 0.18341964551688822, "width_q2": 0.4132161464550659, "width_q3": 0.9696601672844548, "width_max": 3.532819334492176}