{"data_name": "ComputerHardware", "n_neighbors": 20, "level": 0.99, "random_state": 1679, "test_size": 0.2, "n": 209, "d": 6, "oob_score": 0.8789992822732817, "test_score": 0.9124627153021243, "coverage": 1.0, "width_mean": 0.7821716453185872, "width_sd": 0.4354743807008498, "width_min": 0.23873853520697524, "width_q1": 0.45303440007906476, "width_q2": 0.6976116856724233, "width_q3": 1.0296035263139702, "width_max": 2.2562188481173022}