{"data_name": "ComputerHardware", "n_neighbors": 100, "level": 0.95, "random_state": 409, "test_size": 0.2, "n": 209, "d": 6, "oob_score": 0.8719046100003701, "test_score": 0.9190137730598907, "coverage": 0.9761904761904762, "width_mean": 0.9963604097384169, "width_sd": 0.12452285195239633, "width_min": 0.8522356705832295, "width_q1": 0.8853461423778585, "width_q2": 0.9657642136055966, "width_q3": 1.0831086625760786, "width_max": 1.247735855656713}