{"data_name": "ComputerHardware", "n_neighbors": "all", "level": 0.9, "random_state": 3657, "test_size": 0.2, "n": 209, "d": 6, "oob_score": 0.882899883022193, "test_score": 0.8580627844540161, "coverage": 0.8809523809523809, "width_mean": 0.7761023752008055, "width_sd": 1.1102230246251565e-16, "width_min": 0.7761023752008054, "width_q1": 0.7761023752008054, "width_q2": 0.7761023752008054, "width_q3": 0.7761023752008054, "width_max": 0.7761023752008054}