{"data_name": "ComputerHardware", "n_neighbors": 10, "level": 0.95, "random_state": 3657, "test_size": 0.2, "n": 209, "d": 6, "oob_score": 0.882899883022193, "test_score": 0.8580627844540161, "coverage": 0.8333333333333334, "width_mean": 0.5754493140988636, "width_sd": 0.4609417815652729, "width_min": 0.12510952103119088, "width_q1": 0.2349510180376697, "width_q2": 0.4195700216011696, "width_q3": 0.672214631813588, "width_max": 1.770838516083209}