{"data_name": "ComputerHardware", "n_neighbors": 100, "level": 0.9, "random_state": 9674, "test_size": 0.2, "n": 209, "d": 6, "oob_score": 0.7633254964785499, "test_score": 0.8479622446260227, "coverage": 0.8333333333333334, "width_mean": 0.7166417716773422, "width_sd": 0.0926482471243027, "width_min": 0.6406965242298664, "width_q1": 0.6406965242298666, "width_q2": 0.6782049667354579, "width_q3": 0.7708446741322967, "width_max": 0.9487391817041563}