{"data_name": "ComputerHardware", "n_neighbors": 5, "level": 0.95, "random_state": 8935, "test_size": 0.2, "n": 209, "d": 6, "oob_score": 0.823436993919617, "test_score": 0.8097112897893232, "coverage": 0.5714285714285714, "width_mean": 0.5440042038177287, "width_sd": 0.7596321459268494, "width_min": 0.08016313973205358, "width_q1": 0.13426286825100836, "width_q2": 0.24680411499639196, "width_q3": 0.5883869124721224, "width_max": 3.7635760454306233}