{"data_name": "ComputerHardware", "n_neighbors": 100, "level": 0.9, "random_state": 2286, "test_size": 0.2, "n": 209, "d": 6, "oob_score": 0.7146135088772909, "test_score": 0.9081522961310889, "coverage": 0.8571428571428571, "width_mean": 0.8056395541664316, "width_sd": 0.04126291745299819, "width_min": 0.6662154272100065, "width_q1": 0.7906531939887347, "width_q2": 0.8150571103661077, "width_q3": 0.8394558628451889, "width_max": 0.8468193238616035}