{"data_name": "ComputerHardware", "n_neighbors": 5, "level": 0.9, "random_state": 8935, "test_size": 0.2, "n": 209, "d": 6, "oob_score": 0.823436993919617, "test_score": 0.8097112897893232, "coverage": 0.5, "width_mean": 0.5023448856151915, "width_sd": 0.681537514879063, "width_min": 0.07548209870568867, "width_q1": 0.1285330177804234, "width_q2": 0.23043295578900277, "width_q3": 0.563227572914395, "width_max": 3.358325167526406}