{"data_name": "ComputerHardware", "n_neighbors": "all", "level": 0.8, "random_state": 4012, "test_size": 0.2, "n": 209, "d": 6, "oob_score": 0.8908626054047597, "test_score": 0.8390788329945758, "coverage": 0.6666666666666666, "width_mean": 0.41622043156486505, "width_sd": 1.7066750609039093e-16, "width_min": 0.41622043156486477, "width_q1": 0.4162204315648649, "width_q2": 0.4162204315648649, "width_q3": 0.4162204315648649, "width_max": 0.416220431564865}