{"data_name": "ComputerHardware", "n_neighbors": "all", "level": 0.95, "random_state": 2286, "test_size": 0.2, "n": 209, "d": 6, "oob_score": 0.7146135088772909, "test_score": 0.9081522961310889, "coverage": 0.8809523809523809, "width_mean": 0.8906139807061199, "width_sd": 1.136349493877995e-16, "width_min": 0.8906139807061195, "width_q1": 0.8906139807061197, "width_q2": 0.8906139807061199, "width_q3": 0.89061398070612, "width_max": 0.89061398070612}