{"data_name": "ComputerHardware", "n_neighbors": 50, "level": 0.99, "random_state": 1679, "test_size": 0.2, "n": 209, "d": 6, "oob_score": 0.8789992822732817, "test_score": 0.9124627153021243, "coverage": 1.0, "width_mean": 1.1111793139749082, "width_sd": 0.2278577327804134, "width_min": 0.8747828508871409, "width_q1": 1.0399689186562595, "width_q2": 1.0399689186562595, "width_q3": 1.1157387472684177, "width_max": 2.063406174577119}