{"data_name": "ComputerHardware", "n_neighbors": 10, "level": 0.95, "random_state": 8935, "test_size": 0.2, "n": 209, "d": 6, "oob_score": 0.823436993919617, "test_score": 0.8097112897893232, "coverage": 0.7380952380952381, "width_mean": 0.7288680228158148, "width_sd": 0.8998302228180196, "width_min": 0.10012519570323991, "width_q1": 0.20820678906738493, "width_q2": 0.36270907046777257, "width_q3": 0.7806661049218324, "width_max": 3.441938655020851}