{"data_name": "ComputerHardware", "n_neighbors": 10, "level": 0.99, "random_state": 1824, "test_size": 0.2, "n": 209, "d": 6, "oob_score": 0.8658000576858099, "test_score": 0.5569563278168649, "coverage": 0.7619047619047619, "width_mean": 0.7195833355021958, "width_sd": 0.5470727374094759, "width_min": 0.16689759268122445, "width_q1": 0.3779809899011227, "width_q2": 0.5667780447326889, "width_q3": 0.9695812220964128, "width_max": 2.216659093827799}