{"data_name": "ComputerHardware", "n_neighbors": 20, "level": 0.99, "random_state": 1824, "test_size": 0.2, "n": 209, "d": 6, "oob_score": 0.8658000576858099, "test_score": 0.5569563278168649, "coverage": 0.8333333333333334, "width_mean": 1.036210696355854, "width_sd": 0.6330013118248811, "width_min": 0.1996721917242139, "width_q1": 0.5819287970713175, "width_q2": 0.7579764678424898, "width_q3": 1.486156807174091, "width_max": 2.141845568445582}