{"data_name": "ComputerHardware", "n_neighbors": "auto", "level": 0.99, "random_state": 3657, "test_size": 0.2, "n": 209, "d": 6, "oob_score": 0.882899883022193, "test_score": 0.8580627844540161, "coverage": 0.9761904761904762, "width_mean": 0.7640223240680415, "width_sd": 0.5443902918103425, "width_min": 0.099179594519612, "width_q1": 0.43491360490528874, "width_q2": 0.6413627451660568, "width_q3": 0.8956552617116524, "width_max": 2.103263108267069}