{"data_name": "ComputerHardware", "n_neighbors": 50, "level": 0.99, "random_state": 1824, "test_size": 0.2, "n": 209, "d": 6, "oob_score": 0.8658000576858099, "test_score": 0.5569563278168649, "coverage": 0.9285714285714286, "width_mean": 1.6694204114820423, "width_sd": 0.22066987823464213, "width_min": 1.0600005612038739, "width_q1": 1.5751010555383405, "width_q2": 1.587970095113231, "width_q3": 1.86272910163506, "width_max": 2.167110829877057}