{"data_name": "ComputerHardware", "n_neighbors": 100, "level": 0.9, "random_state": 8935, "test_size": 0.2, "n": 209, "d": 6, "oob_score": 0.823436993919617, "test_score": 0.8097112897893232, "coverage": 0.8095238095238095, "width_mean": 0.7166686398541243, "width_sd": 0.08244920085798553, "width_min": 0.5425601501802477, "width_q1": 0.6677099471724479, "width_q2": 0.7186928174589646, "width_q3": 0.7837856345093288, "width_max": 0.8507001828832634}