{"data_name": "ComputerHardware", "n_neighbors": "auto", "level": 0.99, "random_state": 9674, "test_size": 0.2, "n": 209, "d": 6, "oob_score": 0.7633254964785499, "test_score": 0.8479622446260227, "coverage": 0.8333333333333334, "width_mean": 0.7542464471210398, "width_sd": 0.9385159688324002, "width_min": 0.10014946242892153, "width_q1": 0.2610559033434417, "width_q2": 0.6172205814979331, "width_q3": 0.9554755277985567, "width_max": 6.222560719887552}