{"data_name": "ComputerHardware", "n_neighbors": 100, "level": 0.99, "random_state": 4012, "test_size": 0.2, "n": 209, "d": 6, "oob_score": 0.8908626054047597, "test_score": 0.8390788329945758, "coverage": 1.0, "width_mean": 3.401845823160007, "width_sd": 0.09787052232620401, "width_min": 2.776720852902012, "width_q1": 3.415881352086041, "width_q2": 3.415881352086041, "width_q3": 3.415881352086041, "width_max": 3.4610523892415266}