{"data_name": "ComputerHardware", "n_neighbors": 50, "level": 0.8, "random_state": 4506, "test_size": 0.2, "n": 209, "d": 6, "oob_score": 0.8804018509093003, "test_score": 0.8927638943284549, "coverage": 0.8809523809523809, "width_mean": 0.5306255230002451, "width_sd": 0.16779745411946712, "width_min": 0.25438081088069653, "width_q1": 0.4125091431624709, "width_q2": 0.5103295831508494, "width_q3": 0.6369672767779855, "width_max": 0.9028215900609213}