{"data_name": "ComputerHardware", "n_neighbors": 200, "level": 0.99, "random_state": 3657, "test_size": 0.2, "n": 209, "d": 6, "oob_score": 0.882899883022193, "test_score": 0.8580627844540161, "coverage": 1.0, "width_mean": 2.8090530335699277, "width_sd": 4.493448863974848e-16, "width_min": 2.8090530335699277, "width_q1": 2.809053033569928, "width_q2": 2.809053033569928, "width_q3": 2.809053033569928, "width_max": 2.8090530335699286}