{"data_name": "ComputerHardware", "n_neighbors": 20, "level": 0.8, "random_state": 1679, "test_size": 0.2, "n": 209, "d": 6, "oob_score": 0.8789992822732817, "test_score": 0.9124627153021243, "coverage": 0.7380952380952381, "width_mean": 0.40337209726194395, "width_sd": 0.2802354130105737, "width_min": 0.12121986557436548, "width_q1": 0.17509274440004866, "width_q2": 0.24896339843726767, "width_q3": 0.5907340043988198, "width_max": 1.014592736575703}