{"data_name": "ComputerHardware", "n_neighbors": 5, "level": 0.8, "random_state": 1679, "test_size": 0.2, "n": 209, "d": 6, "oob_score": 0.8789992822732817, "test_score": 0.9124627153021243, "coverage": 0.6190476190476191, "width_mean": 0.2906208332040841, "width_sd": 0.2655429286732727, "width_min": 0.055644012804197174, "width_q1": 0.11171415997732534, "width_q2": 0.183179874015568, "width_q3": 0.3579865516612637, "width_max": 1.4305094103145408}