{"data_name": "ComputerHardware", "n_neighbors": 200, "level": 0.95, "random_state": 1824, "test_size": 0.2, "n": 209, "d": 6, "oob_score": 0.8658000576858099, "test_score": 0.5569563278168649, "coverage": 0.8809523809523809, "width_mean": 1.0629831562252705, "width_sd": 0.0, "width_min": 1.0629831562252705, "width_q1": 1.0629831562252705, "width_q2": 1.0629831562252705, "width_q3": 1.0629831562252705, "width_max": 1.0629831562252705}