{"data_name": "ComputerHardware", "n_neighbors": 10, "level": 0.8, "random_state": 1424, "test_size": 0.2, "n": 209, "d": 6, "oob_score": 0.8976195816077457, "test_score": 0.904081273109096, "coverage": 0.8095238095238095, "width_mean": 0.37120502837981617, "width_sd": 0.3230952831794876, "width_min": 0.04055407155344337, "width_q1": 0.17300744684881697, "width_q2": 0.22392643587099811, "width_q3": 0.4704690455679477, "width_max": 1.2770823490670873}