{"data_name": "ComputerHardware", "n_neighbors": 100, "level": 0.99, "random_state": 3657, "test_size": 0.2, "n": 209, "d": 6, "oob_score": 0.882899883022193, "test_score": 0.8580627844540161, "coverage": 1.0, "width_mean": 2.672475383328699, "width_sd": 0.08561491082514443, "width_min": 2.193392976868819, "width_q1": 2.667364794097278, "width_q2": 2.6673647940972782, "width_q3": 2.67963168300967, "width_max": 2.88400531969448}