{"data_name": "ComputerHardware", "n_neighbors": 10, "level": 0.99, "random_state": 409, "test_size": 0.2, "n": 209, "d": 6, "oob_score": 0.8719046100003701, "test_score": 0.9190137730598907, "coverage": 0.9761904761904762, "width_mean": 0.7536500645325501, "width_sd": 0.6316261060918499, "width_min": 0.11512099662530717, "width_q1": 0.394039833054366, "width_q2": 0.49198473031049317, "width_q3": 1.111513261300748, "width_max": 3.4809800823490114}