{"data_name": "ComputerHardware", "n_neighbors": 200, "level": 0.9, "random_state": 1424, "test_size": 0.2, "n": 209, "d": 6, "oob_score": 0.8976195816077457, "test_score": 0.904081273109096, "coverage": 0.9523809523809523, "width_mean": 0.809923490130978, "width_sd": 0.0, "width_min": 0.809923490130978, "width_q1": 0.809923490130978, "width_q2": 0.809923490130978, "width_q3": 0.809923490130978, "width_max": 0.809923490130978}