{"data_name": "ComputerHardware", "n_neighbors": 20, "level": 0.95, "random_state": 1424, "test_size": 0.2, "n": 209, "d": 6, "oob_score": 0.8976195816077457, "test_score": 0.904081273109096, "coverage": 0.9047619047619048, "width_mean": 0.9248679378963367, "width_sd": 0.7071180384879753, "width_min": 0.14894163638438845, "width_q1": 0.42685744499603795, "width_q2": 0.6658337987434344, "width_q3": 1.0645335276911123, "width_max": 2.868217220278801}