{"data_name": "ComputerHardware", "n_neighbors": "auto", "level": 0.95, "random_state": 2286, "test_size": 0.2, "n": 209, "d": 6, "oob_score": 0.7146135088772909, "test_score": 0.9081522961310889, "coverage": 0.7619047619047619, "width_mean": 1.0384893002679174, "width_sd": 1.3005468552116568, "width_min": 0.06282832929182325, "width_q1": 0.3536767020543705, "width_q2": 0.459776101859518, "width_q3": 0.9720669297760968, "width_max": 4.428755462199961}