{"data_name": "ComputerHardware", "n_neighbors": 50, "level": 0.99, "random_state": 409, "test_size": 0.2, "n": 209, "d": 6, "oob_score": 0.8719046100003701, "test_score": 0.9190137730598907, "coverage": 1.0, "width_mean": 1.1782977039669955, "width_sd": 0.36740045275805483, "width_min": 0.8794430680988389, "width_q1": 0.9636148379453773, "width_q2": 1.0212666835750914, "width_q3": 1.319604466521637, "width_max": 3.0662660652036973}