{"data_name": "ComputerHardware", "n_neighbors": 100, "level": 0.95, "random_state": 4506, "test_size": 0.2, "n": 209, "d": 6, "oob_score": 0.8804018509093003, "test_score": 0.8927638943284549, "coverage": 0.9761904761904762, "width_mean": 1.0794088098553436, "width_sd": 0.08051308945022774, "width_min": 0.9802986326077822, "width_q1": 1.002856973601295, "width_q2": 1.0801060503324376, "width_q3": 1.1478742068430543, "width_max": 1.2719096564788739}