{"data_name": "ComputerHardware", "n_neighbors": 50, "level": 0.9, "random_state": 4012, "test_size": 0.2, "n": 209, "d": 6, "oob_score": 0.8908626054047597, "test_score": 0.8390788329945758, "coverage": 0.7619047619047619, "width_mean": 0.6135978389033615, "width_sd": 0.12361533298222845, "width_min": 0.39562049882982464, "width_q1": 0.5612106225221135, "width_q2": 0.5670447416664043, "width_q3": 0.6349888433988745, "width_max": 0.955597931413722}