{"data_name": "ComputerHardware", "n_neighbors": 200, "level": 0.9, "random_state": 8935, "test_size": 0.2, "n": 209, "d": 6, "oob_score": 0.823436993919617, "test_score": 0.8097112897893232, "coverage": 0.8095238095238095, "width_mean": 0.7658970714480856, "width_sd": 8.035204329190314e-17, "width_min": 0.7658970714480855, "width_q1": 0.7658970714480855, "width_q2": 0.7658970714480856, "width_q3": 0.7658970714480856, "width_max": 0.7658970714480857}