{"data_name": "ComputerHardware", "n_neighbors": 20, "level": 0.9, "random_state": 409, "test_size": 0.2, "n": 209, "d": 6, "oob_score": 0.8719046100003701, "test_score": 0.9190137730598907, "coverage": 0.9523809523809523, "width_mean": 0.660144716845305, "width_sd": 0.4159897110340123, "width_min": 0.14741237825032477, "width_q1": 0.3425988709045733, "width_q2": 0.5065413012719939, "width_q3": 1.0459195479781178, "width_max": 1.6043991547664458}