{"data_name": "ComputerHardware", "n_neighbors": "auto", "level": 0.99, "random_state": 4012, "test_size": 0.2, "n": 209, "d": 6, "oob_score": 0.8908626054047597, "test_score": 0.8390788329945758, "coverage": 0.8571428571428571, "width_mean": 0.6782971936140437, "width_sd": 0.42810337778982854, "width_min": 0.13771786912675843, "width_q1": 0.39264715569759023, "width_q2": 0.4746061390332662, "width_q3": 0.9871863509636173, "width_max": 1.6638233199019785}