{"data_name": "ComputerHardware", "n_neighbors": 20, "level": 0.95, "random_state": 9674, "test_size": 0.2, "n": 209, "d": 6, "oob_score": 0.7633254964785499, "test_score": 0.8479622446260227, "coverage": 0.7857142857142857, "width_mean": 0.8715477334594889, "width_sd": 0.7996800670716439, "width_min": 0.17213113900074695, "width_q1": 0.3433185526633768, "width_q2": 0.6124028449485203, "width_q3": 1.1927010490116754, "width_max": 5.021273764099765}