{"data_name": "ComputerHardware", "n_neighbors": 5, "level": 0.9, "random_state": 4012, "test_size": 0.2, "n": 209, "d": 6, "oob_score": 0.8908626054047597, "test_score": 0.8390788329945758, "coverage": 0.5952380952380952, "width_mean": 0.36432093133392884, "width_sd": 0.3029485402272356, "width_min": 0.03807991113910325, "width_q1": 0.1070090094160729, "width_q2": 0.2585793941244764, "width_q3": 0.506562129931412, "width_max": 1.1514158273051363}