{"data_name": "ComputerHardware", "n_neighbors": "auto", "level": 0.8, "random_state": 1824, "test_size": 0.2, "n": 209, "d": 6, "oob_score": 0.8658000576858099, "test_score": 0.5569563278168649, "coverage": 0.6190476190476191, "width_mean": 0.4366008600157419, "width_sd": 0.32935871073369555, "width_min": 0.1197913805999376, "width_q1": 0.1924995919904192, "width_q2": 0.30620938167494854, "width_q3": 0.6160969705700567, "width_max": 1.4652082480436857}