{"data_name": "ComputerHardware", "n_neighbors": 20, "level": 0.99, "random_state": 1424, "test_size": 0.2, "n": 209, "d": 6, "oob_score": 0.8976195816077457, "test_score": 0.904081273109096, "coverage": 0.9285714285714286, "width_mean": 1.1435761812831546, "width_sd": 0.928769005374986, "width_min": 0.15492421522586086, "width_q1": 0.5048511287802956, "width_q2": 0.6989513819320754, "width_q3": 1.2896483585459655, "width_max": 3.026076875739209}