{"data_name": "ComputerHardware", "n_neighbors": "all", "level": 0.95, "random_state": 1424, "test_size": 0.2, "n": 209, "d": 6, "oob_score": 0.8976195816077457, "test_score": 0.904081273109096, "coverage": 1.0, "width_mean": 1.1063237302498292, "width_sd": 3.121437377171735e-16, "width_min": 1.1063237302498292, "width_q1": 1.1063237302498294, "width_q2": 1.1063237302498294, "width_q3": 1.1063237302498297, "width_max": 1.1063237302498297}