{"data_name": "ComputerHardware", "n_neighbors": 50, "level": 0.95, "random_state": 4012, "test_size": 0.2, "n": 209, "d": 6, "oob_score": 0.8908626054047597, "test_score": 0.8390788329945758, "coverage": 0.8571428571428571, "width_mean": 0.7636152945620386, "width_sd": 0.23122478183180223, "width_min": 0.5550377169805281, "width_q1": 0.6215568072552538, "width_q2": 0.6221253211809139, "width_q3": 0.8490729832447748, "width_max": 1.4379152390206544}