{"data_name": "ComputerHardware", "n_neighbors": 100, "level": 0.99, "random_state": 1824, "test_size": 0.2, "n": 209, "d": 6, "oob_score": 0.8658000576858099, "test_score": 0.5569563278168649, "coverage": 0.9285714285714286, "width_mean": 1.595220832063053, "width_sd": 0.16514728190798886, "width_min": 1.4975956439823976, "width_q1": 1.4975956439823976, "width_q2": 1.4975956439823976, "width_q3": 1.6654691115607685, "width_max": 2.0949158993672796}