{"data_name": "ComputerHardware", "n_neighbors": 10, "level": 0.8, "random_state": 4012, "test_size": 0.2, "n": 209, "d": 6, "oob_score": 0.8908626054047597, "test_score": 0.8390788329945758, "coverage": 0.6666666666666666, "width_mean": 0.3594667799388575, "width_sd": 0.30870412793320806, "width_min": 0.08360947078590075, "width_q1": 0.14506026393234828, "width_q2": 0.2482429631877543, "width_q3": 0.43257427367405754, "width_max": 1.37815426286599}