{"data_name": "ComputerHardware", "n_neighbors": 100, "level": 0.9, "random_state": 4012, "test_size": 0.2, "n": 209, "d": 6, "oob_score": 0.8908626054047597, "test_score": 0.8390788329945758, "coverage": 0.9047619047619048, "width_mean": 0.8993427099782336, "width_sd": 0.0587879412758429, "width_min": 0.7388060682157265, "width_q1": 0.9082844231903986, "width_q2": 0.9150020463199002, "width_q3": 0.9150020463199002, "width_max": 1.0095841704320296}