{"data_name": "ComputerHardware", "n_neighbors": 200, "level": 0.99, "random_state": 2286, "test_size": 0.2, "n": 209, "d": 6, "oob_score": 0.7146135088772909, "test_score": 0.9081522961310889, "coverage": 0.9285714285714286, "width_mean": 2.533415326678061, "width_sd": 4.440892098500626e-16, "width_min": 2.5334153266780604, "width_q1": 2.5334153266780604, "width_q2": 2.5334153266780604, "width_q3": 2.5334153266780604, "width_max": 2.5334153266780604}