{"data_name": "ComputerHardware", "n_neighbors": "auto", "level": 0.95, "random_state": 1824, "test_size": 0.2, "n": 209, "d": 6, "oob_score": 0.8658000576858099, "test_score": 0.5569563278168649, "coverage": 0.7857142857142857, "width_mean": 0.7662411426778372, "width_sd": 0.5203015870586163, "width_min": 0.18317348755863883, "width_q1": 0.35692476772282195, "width_q2": 0.5617781872320566, "width_q3": 1.057131594105118, "width_max": 1.939200382379466}