{"data_name": "ComputerHardware", "n_neighbors": 100, "level": 0.8, "random_state": 1679, "test_size": 0.2, "n": 209, "d": 6, "oob_score": 0.8789992822732817, "test_score": 0.9124627153021243, "coverage": 0.9523809523809523, "width_mean": 0.56008977580352, "width_sd": 0.05311887814169909, "width_min": 0.46187676666516564, "width_q1": 0.5287502569484801, "width_q2": 0.5653646884738697, "width_q3": 0.5894732556861686, "width_max": 0.6563503853119654}