{"data_name": "ComputerHardware", "n_neighbors": 5, "level": 0.9, "random_state": 2286, "test_size": 0.2, "n": 209, "d": 6, "oob_score": 0.7146135088772909, "test_score": 0.9081522961310889, "coverage": 0.5714285714285714, "width_mean": 0.7068265203591471, "width_sd": 1.0420151801661859, "width_min": 0.0730446472048561, "width_q1": 0.2060978653222079, "width_q2": 0.3584599972290941, "width_q3": 0.5789509575143619, "width_max": 4.67402358879845}