{"data_name": "ComputerHardware", "n_neighbors": 50, "level": 0.9, "random_state": 8935, "test_size": 0.2, "n": 209, "d": 6, "oob_score": 0.823436993919617, "test_score": 0.8097112897893232, "coverage": 0.7380952380952381, "width_mean": 0.509289602835111, "width_sd": 0.19564926956931683, "width_min": 0.20709176313181177, "width_q1": 0.3326093044587144, "width_q2": 0.47448225508401964, "width_q3": 0.6803057740574148, "width_max": 0.8728224470255861}