{"data_name": "ComputerHardware", "n_neighbors": 20, "level": 0.99, "random_state": 8935, "test_size": 0.2, "n": 209, "d": 6, "oob_score": 0.823436993919617, "test_score": 0.8097112897893232, "coverage": 0.8571428571428571, "width_mean": 1.1536009152793518, "width_sd": 1.132423096283699, "width_min": 0.1472348815724629, "width_q1": 0.4550487535068866, "width_q2": 0.6563398177749837, "width_q3": 1.4403571325708562, "width_max": 3.891683978127916}