{"data_name": "ComputerHardware", "n_neighbors": 100, "level": 0.8, "random_state": 4012, "test_size": 0.2, "n": 209, "d": 6, "oob_score": 0.8908626054047597, "test_score": 0.8390788329945758, "coverage": 0.7380952380952381, "width_mean": 0.5461387245528041, "width_sd": 0.04013030966853359, "width_min": 0.4467226537692352, "width_q1": 0.5371004294389718, "width_q2": 0.5424480562158155, "width_q3": 0.5731404762465708, "width_max": 0.6199798661043627}