{"data_name": "ComputerHardware", "n_neighbors": 50, "level": 0.8, "random_state": 1679, "test_size": 0.2, "n": 209, "d": 6, "oob_score": 0.8789992822732817, "test_score": 0.9124627153021243, "coverage": 0.9523809523809523, "width_mean": 0.5270774608953726, "width_sd": 0.1321858905937717, "width_min": 0.2769205989833984, "width_q1": 0.4377349184566126, "width_q2": 0.47901691282444003, "width_q3": 0.6051223654633968, "width_max": 0.8282355218522588}