{"data_name": "ComputerHardware", "n_neighbors": 5, "level": 0.95, "random_state": 3657, "test_size": 0.2, "n": 209, "d": 6, "oob_score": 0.882899883022193, "test_score": 0.8580627844540161, "coverage": 0.8095238095238095, "width_mean": 0.45341358852359803, "width_sd": 0.3793736849701828, "width_min": 0.06745505284069941, "width_q1": 0.20621971960843688, "width_q2": 0.38410787891610415, "width_q3": 0.560275895530314, "width_max": 1.7773129100318517}