{"data_name": "ComputerHardware", "n_neighbors": 10, "level": 0.9, "random_state": 9674, "test_size": 0.2, "n": 209, "d": 6, "oob_score": 0.7633254964785499, "test_score": 0.8479622446260227, "coverage": 0.6190476190476191, "width_mean": 0.5132225413295244, "width_sd": 0.7704204699559174, "width_min": 0.07365470242456951, "width_q1": 0.1673892737855931, "width_q2": 0.29863081791016316, "width_q3": 0.6006154321813124, "width_max": 5.094522968720971}