{"data_name": "ComputerHardware", "n_neighbors": 20, "level": 0.9, "random_state": 4012, "test_size": 0.2, "n": 209, "d": 6, "oob_score": 0.8908626054047597, "test_score": 0.8390788329945758, "coverage": 0.7142857142857143, "width_mean": 0.4685488469004239, "width_sd": 0.318168152861083, "width_min": 0.13878934300866191, "width_q1": 0.25231355123136534, "width_q2": 0.33137207890229325, "width_q3": 0.6086433154780383, "width_max": 1.364698809959936}