{"data_name": "ComputerHardware", "n_neighbors": 100, "level": 0.95, "random_state": 3657, "test_size": 0.2, "n": 209, "d": 6, "oob_score": 0.882899883022193, "test_score": 0.8580627844540161, "coverage": 0.9285714285714286, "width_mean": 1.0103849049181102, "width_sd": 0.04468665617208105, "width_min": 0.9685547593119035, "width_q1": 0.9811375803192468, "width_q2": 0.9811375803192468, "width_q3": 1.037880539052306, "width_max": 1.152129457211231}