{"data_name": "ComputerHardware", "n_neighbors": 100, "level": 0.9, "random_state": 1679, "test_size": 0.2, "n": 209, "d": 6, "oob_score": 0.8789992822732817, "test_score": 0.9124627153021243, "coverage": 0.9523809523809523, "width_mean": 0.8325885172808265, "width_sd": 0.035544073341760116, "width_min": 0.7513164304717601, "width_q1": 0.8237788853600124, "width_q2": 0.8276704884521016, "width_q3": 0.856213961068369, "width_max": 0.8982054347537192}