{"data_name": "ComputerHardware", "n_neighbors": "auto", "level": 0.95, "random_state": 8935, "test_size": 0.2, "n": 209, "d": 6, "oob_score": 0.823436993919617, "test_score": 0.8097112897893232, "coverage": 0.7857142857142857, "width_mean": 0.8773184932528231, "width_sd": 0.932410572788845, "width_min": 0.08602277887489851, "width_q1": 0.2634546778718825, "width_q2": 0.4928830180748534, "width_q3": 1.0520337696185416, "width_max": 3.5227040181668485}