{"data_name": "ComputerHardware", "n_neighbors": 200, "level": 0.8, "random_state": 2286, "test_size": 0.2, "n": 209, "d": 6, "oob_score": 0.7146135088772909, "test_score": 0.9081522961310889, "coverage": 0.6666666666666666, "width_mean": 0.3855378726873927, "width_sd": 8.901587530832624e-17, "width_min": 0.38553787268739237, "width_q1": 0.3855378726873927, "width_q2": 0.3855378726873927, "width_q3": 0.38553787268739276, "width_max": 0.3855378726873928}