{"data_name": "ComputerHardware", "n_neighbors": 50, "level": 0.8, "random_state": 2286, "test_size": 0.2, "n": 209, "d": 6, "oob_score": 0.7146135088772909, "test_score": 0.9081522961310889, "coverage": 0.7380952380952381, "width_mean": 0.44691282408965083, "width_sd": 0.1502665625784133, "width_min": 0.2537418891533727, "width_q1": 0.32330068824802116, "width_q2": 0.4261764969131548, "width_q3": 0.5181522259488557, "width_max": 0.7798005841986348}