{"data_name": "ComputerHardware", "n_neighbors": 20, "level": 0.9, "random_state": 1679, "test_size": 0.2, "n": 209, "d": 6, "oob_score": 0.8789992822732817, "test_score": 0.9124627153021243, "coverage": 0.8333333333333334, "width_mean": 0.5261542316488184, "width_sd": 0.31740394911735603, "width_min": 0.16418885049983556, "width_q1": 0.24483876565812726, "width_q2": 0.45648122511147754, "width_q3": 0.735327923360716, "width_max": 1.1571866089382576}