{"data_name": "ComputerHardware", "n_neighbors": 10, "level": 0.99, "random_state": 1679, "test_size": 0.2, "n": 209, "d": 6, "oob_score": 0.8789992822732817, "test_score": 0.9124627153021243, "coverage": 0.8809523809523809, "width_mean": 0.5577467033682841, "width_sd": 0.48945855379896847, "width_min": 0.10835146094587095, "width_q1": 0.22828995265268495, "width_q2": 0.43062462055754447, "width_q3": 0.655444335513971, "width_max": 2.2672033407694783}