{"data_name": "ComputerHardware", "n_neighbors": "auto", "level": 0.95, "random_state": 4012, "test_size": 0.2, "n": 209, "d": 6, "oob_score": 0.8908626054047597, "test_score": 0.8390788329945758, "coverage": 0.8571428571428571, "width_mean": 0.582107925134176, "width_sd": 0.38671512972164185, "width_min": 0.12523082425458187, "width_q1": 0.31271111245640276, "width_q2": 0.41601985671717134, "width_q3": 0.9163133685989411, "width_max": 1.4790701596613962}