{"data_name": "ComputerHardware", "n_neighbors": 100, "level": 0.9, "random_state": 1424, "test_size": 0.2, "n": 209, "d": 6, "oob_score": 0.8976195816077457, "test_score": 0.904081273109096, "coverage": 0.9761904761904762, "width_mean": 0.889832182835209, "width_sd": 0.04385099952506234, "width_min": 0.8167286661039177, "width_q1": 0.8820924171617538, "width_q2": 0.8820924171617539, "width_q3": 0.9124248567937449, "width_max": 1.0533955543689686}