{"data_name": "ComputerHardware", "n_neighbors": 5, "level": 0.8, "random_state": 3657, "test_size": 0.2, "n": 209, "d": 6, "oob_score": 0.882899883022193, "test_score": 0.8580627844540161, "coverage": 0.7142857142857143, "width_mean": 0.35812579081486506, "width_sd": 0.2765755794669006, "width_min": 0.05964253167406586, "width_q1": 0.15529919568026912, "width_q2": 0.2888010536399388, "width_q3": 0.46482532172850377, "width_max": 1.2499844311483095}