{"data_name": "ComputerHardware", "n_neighbors": 5, "level": 0.99, "random_state": 1424, "test_size": 0.2, "n": 209, "d": 6, "oob_score": 0.8976195816077457, "test_score": 0.904081273109096, "coverage": 0.6428571428571429, "width_mean": 0.37348175466136546, "width_sd": 0.293976382510085, "width_min": 0.03181957710981698, "width_q1": 0.13554802162305885, "width_q2": 0.2774538209897681, "width_q3": 0.5355882351481677, "width_max": 1.087970787878462}