{"data_name": "ComputerHardware", "n_neighbors": 20, "level": 0.95, "random_state": 1679, "test_size": 0.2, "n": 209, "d": 6, "oob_score": 0.8789992822732817, "test_score": 0.9124627153021243, "coverage": 0.9761904761904762, "width_mean": 0.6683861281320228, "width_sd": 0.37083028351543196, "width_min": 0.21995540397958485, "width_q1": 0.3621713786460483, "width_q2": 0.6107702214210957, "width_q3": 0.9000736932470974, "width_max": 1.7677600751488376}