{"data_name": "ComputerHardware", "n_neighbors": 10, "level": 0.95, "random_state": 4506, "test_size": 0.2, "n": 209, "d": 6, "oob_score": 0.8804018509093003, "test_score": 0.8927638943284549, "coverage": 0.9285714285714286, "width_mean": 0.5658349981906288, "width_sd": 0.49903244006366265, "width_min": 0.09054194502791613, "width_q1": 0.26790964187103483, "width_q2": 0.39505875566102183, "width_q3": 0.7633680441245808, "width_max": 2.945505751575049}