{"data_name": "ComputerHardware", "n_neighbors": "auto", "level": 0.95, "random_state": 3657, "test_size": 0.2, "n": 209, "d": 6, "oob_score": 0.882899883022193, "test_score": 0.8580627844540161, "coverage": 0.9047619047619048, "width_mean": 0.6345878392042796, "width_sd": 0.4275119975491319, "width_min": 0.09424286845063445, "width_q1": 0.34425878075035243, "width_q2": 0.539605815404353, "width_q3": 0.773213305839006, "width_max": 1.7650502404131037}