{"data_name": "ComputerHardware", "n_neighbors": 20, "level": 0.95, "random_state": 409, "test_size": 0.2, "n": 209, "d": 6, "oob_score": 0.8719046100003701, "test_score": 0.9190137730598907, "coverage": 0.9761904761904762, "width_mean": 0.8078903845358048, "width_sd": 0.4880488795241254, "width_min": 0.16396671575437471, "width_q1": 0.4190503527553873, "width_q2": 0.6777177825873786, "width_q3": 1.1617414068693248, "width_max": 2.589344945486574}