{"data_name": "ComputerHardware", "n_neighbors": 100, "level": 0.99, "random_state": 1679, "test_size": 0.2, "n": 209, "d": 6, "oob_score": 0.8789992822732817, "test_score": 0.9124627153021243, "coverage": 1.0, "width_mean": 3.3307322008840066, "width_sd": 0.3225725907646449, "width_min": 2.907089921174287, "width_q1": 2.909549898029187, "width_q2": 3.5793835808931274, "width_q3": 3.5818435577480274, "width_max": 3.6034235698516346}