{"data_name": "ComputerHardware", "n_neighbors": "auto", "level": 0.95, "random_state": 4506, "test_size": 0.2, "n": 209, "d": 6, "oob_score": 0.8804018509093003, "test_score": 0.8927638943284549, "coverage": 0.9761904761904762, "width_mean": 0.6331202759828978, "width_sd": 0.5309621025359533, "width_min": 0.16317934804562656, "width_q1": 0.30159695302396705, "width_q2": 0.43356796838103884, "width_q3": 0.953236389625811, "width_max": 3.001874007607462}