{"data_name": "ComputerHardware", "n_neighbors": 5, "level": 0.8, "random_state": 9674, "test_size": 0.2, "n": 209, "d": 6, "oob_score": 0.7633254964785499, "test_score": 0.8479622446260227, "coverage": 0.5, "width_mean": 0.37625904995230514, "width_sd": 0.6069078656572123, "width_min": 0.031249408116056976, "width_q1": 0.1115380972980178, "width_q2": 0.17465230800073112, "width_q3": 0.46291361600894, "width_max": 3.964929056434411}