{"data_name": "ComputerHardware", "n_neighbors": 5, "level": 0.95, "random_state": 409, "test_size": 0.2, "n": 209, "d": 6, "oob_score": 0.8719046100003701, "test_score": 0.9190137730598907, "coverage": 0.8809523809523809, "width_mean": 0.5983707827642398, "width_sd": 0.6120054237154742, "width_min": 0.07256290458094034, "width_q1": 0.17319372614824494, "width_q2": 0.39739635150676855, "width_q3": 0.9180504421767728, "width_max": 3.3669337276340485}