{"data_name": "ComputerHardware", "n_neighbors": "all", "level": 0.8, "random_state": 4506, "test_size": 0.2, "n": 209, "d": 6, "oob_score": 0.8804018509093003, "test_score": 0.8927638943284549, "coverage": 0.8571428571428571, "width_mean": 0.5740476540192312, "width_sd": 5.417333653604157e-17, "width_min": 0.574047654019231, "width_q1": 0.5740476540192312, "width_q2": 0.5740476540192312, "width_q3": 0.5740476540192312, "width_max": 0.5740476540192313}