{"data_name": "ComputerHardware", "n_neighbors": 100, "level": 0.9, "random_state": 1824, "test_size": 0.2, "n": 209, "d": 6, "oob_score": 0.8658000576858099, "test_score": 0.5569563278168649, "coverage": 0.8333333333333334, "width_mean": 0.7788661339485795, "width_sd": 0.062177801802326835, "width_min": 0.6459537844207245, "width_q1": 0.7669269360914824, "width_q2": 0.7732610053278443, "width_q3": 0.844970356049359, "width_max": 0.870501225603038}