{"data_name": "ComputerHardware", "n_neighbors": 50, "level": 0.95, "random_state": 3657, "test_size": 0.2, "n": 209, "d": 6, "oob_score": 0.882899883022193, "test_score": 0.8580627844540161, "coverage": 0.9523809523809523, "width_mean": 0.9061658522623842, "width_sd": 0.12779085268532084, "width_min": 0.5979860309864505, "width_q1": 0.8452457854012332, "width_q2": 0.8909167519378003, "width_q3": 0.9396874845466786, "width_max": 1.2951163468407674}