{"data_name": "ComputerHardware", "n_neighbors": "auto", "level": 0.99, "random_state": 1824, "test_size": 0.2, "n": 209, "d": 6, "oob_score": 0.8658000576858099, "test_score": 0.5569563278168649, "coverage": 0.8095238095238095, "width_mean": 0.8942348782550608, "width_sd": 0.6054655938944017, "width_min": 0.1998091864593035, "width_q1": 0.43204860375204285, "width_q2": 0.6584839798214507, "width_q3": 1.2211520581604498, "width_max": 2.182889941078844}