{"data_name": "ComputerHardware", "n_neighbors": "auto", "level": 0.99, "random_state": 1424, "test_size": 0.2, "n": 209, "d": 6, "oob_score": 0.8976195816077457, "test_score": 0.904081273109096, "coverage": 0.9285714285714286, "width_mean": 0.785048203062716, "width_sd": 0.6710665551296712, "width_min": 0.14272855121139483, "width_q1": 0.43785846765968095, "width_q2": 0.5947380020393684, "width_q3": 0.8713626571826338, "width_max": 3.0239997750094654}