{"data_name": "ComputerHardware", "n_neighbors": 20, "level": 0.9, "random_state": 8935, "test_size": 0.2, "n": 209, "d": 6, "oob_score": 0.823436993919617, "test_score": 0.8097112897893232, "coverage": 0.7380952380952381, "width_mean": 0.5693068177302264, "width_sd": 0.45601617655121246, "width_min": 0.13641806877031049, "width_q1": 0.19948165329245568, "width_q2": 0.40240986760971387, "width_q3": 0.7085190394427708, "width_max": 1.6507580486128557}