{"data_name": "ComputerHardware", "n_neighbors": 100, "level": 0.9, "random_state": 409, "test_size": 0.2, "n": 209, "d": 6, "oob_score": 0.8719046100003701, "test_score": 0.9190137730598907, "coverage": 0.8333333333333334, "width_mean": 0.7602168567173498, "width_sd": 0.032114999841135715, "width_min": 0.7048114493646023, "width_q1": 0.7461043614431132, "width_q2": 0.7493141504745825, "width_q3": 0.7702609862373982, "width_max": 0.886777750766486}