{"data_name": "ComputerHardware", "n_neighbors": 5, "level": 0.95, "random_state": 1424, "test_size": 0.2, "n": 209, "d": 6, "oob_score": 0.8976195816077457, "test_score": 0.904081273109096, "coverage": 0.6190476190476191, "width_mean": 0.3567978320546224, "width_sd": 0.2838584581610743, "width_min": 0.03082377861775254, "width_q1": 0.13095038565788725, "width_q2": 0.26850863991731233, "width_q3": 0.5070857272707322, "width_max": 1.0734194323646868}