{"data_name": "ConcreteSlumpTest", "n_neighbors": "all", "level": 0.99, "random_state": 1824, "test_size": 0.2, "n": 103, "d": 9, "oob_score": 0.7725426354549322, "test_score": 0.7687348688913548, "coverage": 0.9523809523809523, "width_mean": 2.5491733117634796, "width_sd": 8.881784197001252e-16, "width_min": 2.5491733117634787, "width_q1": 2.5491733117634787, "width_q2": 2.5491733117634787, "width_q3": 2.5491733117634787, "width_max": 2.5491733117634787}