{"data_name": "ConcreteCompressiveStrength", "n_neighbors": 50, "level": 0.99, "random_state": 4012, "test_size": 0.2, "n": 1030, "d": 8, "oob_score": 0.9044469166705538, "test_score": 0.9101923596087373, "coverage": 0.9805825242718447, "width_mean": 1.89826272748759, "width_sd": 0.33196373304314697, "width_min": 0.9907141946460167, "width_q1": 1.7624977490471088, "width_q2": 1.8403712713129259, "width_q3": 1.9881855924856953, "width_max": 3.1465027186366434}