{"data_name": "ConcreteCompressiveStrength", "n_neighbors": 100, "level": 0.99, "random_state": 1424, "test_size": 0.2, "n": 1030, "d": 8, "oob_score": 0.9053364080099315, "test_score": 0.9255095358779298, "coverage": 0.9951456310679612, "width_mean": 1.7683435359526023, "width_sd": 0.23983593225626929, "width_min": 1.22397381954826, "width_q1": 1.6498554862530141, "width_q2": 1.6722846697336717, "width_q3": 1.7805493000554717, "width_max": 2.888105610544567}