{"data_name": "ConcreteCompressiveStrength", "n_neighbors": 10, "level": 0.9, "random_state": 409, "test_size": 0.2, "n": 1030, "d": 8, "oob_score": 0.9089371067365589, "test_score": 0.8860846844377614, "coverage": 0.8592233009708737, "width_mean": 0.7718852000289893, "width_sd": 0.3884220922487974, "width_min": 0.17926745637369382, "width_q1": 0.47381197523323443, "width_q2": 0.7033751548287501, "width_q3": 0.9971501372837717, "width_max": 2.393538603092076}