{"data_name": "ConcreteCompressiveStrength", "n_neighbors": 100, "level": 0.95, "random_state": 2286, "test_size": 0.2, "n": 1030, "d": 8, "oob_score": 0.9123768518521445, "test_score": 0.921144258834218, "coverage": 0.9223300970873787, "width_mean": 1.0112325052766493, "width_sd": 0.1267965350395794, "width_min": 0.8637418846683358, "width_q1": 0.9343388966860795, "width_q2": 0.9777574038315412, "width_q3": 1.058611562067674, "width_max": 1.6675021912607044}