{"data_name": "ConcreteCompressiveStrength", "n_neighbors": 500, "level": 0.9, "random_state": 3657, "test_size": 0.2, "n": 1030, "d": 8, "oob_score": 0.9141468476679196, "test_score": 0.902115072383955, "coverage": 0.8640776699029126, "width_mean": 0.8874433001503742, "width_sd": 0.008684300101449034, "width_min": 0.8602374815151049, "width_q1": 0.8837288320981123, "width_q2": 0.8844394894787058, "width_q3": 0.8920198006382378, "width_max": 0.9141162007770365}