{"data_name": "ConcreteSlumpTest", "n_neighbors": "all", "level": 0.9, "random_state": 1424, "test_size": 0.2, "n": 103, "d": 9, "oob_score": 0.6856950326342898, "test_score": 0.7538262917030606, "coverage": 0.8571428571428571, "width_mean": 1.471808159441324, "width_sd": 0.0, "width_min": 1.471808159441324, "width_q1": 1.471808159441324, "width_q2": 1.471808159441324, "width_q3": 1.471808159441324, "width_max": 1.471808159441324}