{"data_name": "ConcreteSlumpTest", "n_neighbors": "auto", "level": 0.8, "random_state": 3657, "test_size": 0.2, "n": 103, "d": 9, "oob_score": 0.7715337577849344, "test_score": 0.7870365167112044, "coverage": 0.9047619047619048, "width_mean": 0.9508646170796101, "width_sd": 0.2160154194733173, "width_min": 0.5963745715783583, "width_q1": 0.7066069268228687, "width_q2": 0.9872174844986895, "width_q3": 1.158399855226271, "width_max": 1.3306975829241638}