{"data_name": "ConcreteCompressiveStrength", "n_neighbors": "auto", "level": 0.95, "random_state": 1824, "test_size": 0.2, "n": 1030, "d": 8, "oob_score": 0.9144541933260778, "test_score": 0.8747595859302015, "coverage": 0.8883495145631068, "width_mean": 0.9368865091445009, "width_sd": 0.31790869072861294, "width_min": 0.12622741540164195, "width_q1": 0.7426848006086502, "width_q2": 0.9187687252881288, "width_q3": 1.0859558428877465, "width_max": 1.9003274453438639}