{"data_name": "ConcreteCompressiveStrength", "n_neighbors": 1000, "level": 0.99, "random_state": 3657, "test_size": 0.2, "n": 1030, "d": 8, "oob_score": 0.9141468476679196, "test_score": 0.902115072383955, "coverage": 0.9757281553398058, "width_mean": 1.7299929319003728, "width_sd": 5.955671252757366e-16, "width_min": 1.7299929319003722, "width_q1": 1.7299929319003722, "width_q2": 1.7299929319003722, "width_q3": 1.7299929319003724, "width_max": 1.7299929319003726}