{"data_name": "ConcreteCompressiveStrength", "n_neighbors": 100, "level": 0.95, "random_state": 8935, "test_size": 0.2, "n": 1030, "d": 8, "oob_score": 0.9077080889321628, "test_score": 0.9090665322934884, "coverage": 0.9466019417475728, "width_mean": 1.1631504848588257, "width_sd": 0.08793470220632525, "width_min": 1.0700025264752322, "width_q1": 1.0970653065589266, "width_q2": 1.1236737407953181, "width_q3": 1.203143208486672, "width_max": 1.4593843326319573}