{"data_name": "ConcreteCompressiveStrength", "n_neighbors": 200, "level": 0.8, "random_state": 1424, "test_size": 0.2, "n": 1030, "d": 8, "oob_score": 0.9053364080099315, "test_score": 0.9255095358779298, "coverage": 0.7961165048543689, "width_mean": 0.6653406553536674, "width_sd": 0.023927891561945042, "width_min": 0.60417111611874, "width_q1": 0.647059765743558, "width_q2": 0.6641792104496638, "width_q3": 0.6780810050649374, "width_max": 0.7252901528274157}