{"data_name": "ConcreteCompressiveStrength", "n_neighbors": 5, "level": 0.8, "random_state": 1679, "test_size": 0.2, "n": 1030, "d": 8, "oob_score": 0.9080721873467664, "test_score": 0.9021898250092618, "coverage": 0.6699029126213593, "width_mean": 0.4592147346430755, "width_sd": 0.2864630096633261, "width_min": 0.031933217402432934, "width_q1": 0.2502833761349304, "width_q2": 0.40045646501830545, "width_q3": 0.605821573759903, "width_max": 2.0112610501776187}