{"data_name": "ConcreteSlumpTest", "n_neighbors": 5, "level": 0.8, "random_state": 1424, "test_size": 0.2, "n": 103, "d": 9, "oob_score": 0.6856950326342898, "test_score": 0.7538262917030606, "coverage": 0.8095238095238095, "width_mean": 0.8846242691802689, "width_sd": 0.4305054981584648, "width_min": 0.34166395831984775, "width_q1": 0.607132833453933, "width_q2": 0.897990242990369, "width_q3": 1.0615046480252346, "width_max": 2.1193369688030668}