{"data_name": "ConcreteSlumpTest", "n_neighbors": 10, "level": 0.8, "random_state": 8935, "test_size": 0.2, "n": 103, "d": 9, "oob_score": 0.777103847529504, "test_score": 0.7388082036200501, "coverage": 0.7619047619047619, "width_mean": 0.8078663954432953, "width_sd": 0.2573833145282468, "width_min": 0.37043906938246274, "width_q1": 0.6123228576264935, "width_q2": 0.8091302469313331, "width_q3": 0.9109240433382584, "width_max": 1.2553668301579286}