{"data_name": "ConcreteCompressiveStrength", "n_neighbors": 200, "level": 0.8, "random_state": 3657, "test_size": 0.2, "n": 1030, "d": 8, "oob_score": 0.9141468476679196, "test_score": 0.902115072383955, "coverage": 0.7475728155339806, "width_mean": 0.6349667452992985, "width_sd": 0.020769155346344766, "width_min": 0.5924258342479962, "width_q1": 0.6213714334442819, "width_q2": 0.6316321220349805, "width_q3": 0.6467420222226474, "width_max": 0.7253900354623832}