{"data_name": "ConcreteCompressiveStrength", "n_neighbors": 500, "level": 0.9, "random_state": 1824, "test_size": 0.2, "n": 1030, "d": 8, "oob_score": 0.9144541933260778, "test_score": 0.8747595859302015, "coverage": 0.8980582524271845, "width_mean": 0.9507795719933962, "width_sd": 0.009542916375747813, "width_min": 0.9224427371346803, "width_q1": 0.9489664917676361, "width_q2": 0.9489664917676364, "width_q3": 0.9537001119618682, "width_max": 0.9869832789461186}