{"data_name": "ConcreteSlumpTest", "n_neighbors": 100, "level": 0.99, "random_state": 9674, "test_size": 0.2, "n": 103, "d": 9, "oob_score": 0.78994557425148, "test_score": 0.8420143456423, "coverage": 1.0, "width_mean": 2.517771459932412, "width_sd": 1.6784994417006302e-16, "width_min": 2.517771459932412, "width_q1": 2.517771459932412, "width_q2": 2.517771459932412, "width_q3": 2.517771459932412, "width_max": 2.5177714599324124}