{"data_name": "ConcreteCompressiveStrength", "n_neighbors": "auto", "level": 0.8, "random_state": 1424, "test_size": 0.2, "n": 1030, "d": 8, "oob_score": 0.9053364080099315, "test_score": 0.9255095358779298, "coverage": 0.7669902912621359, "width_mean": 0.6010408292744931, "width_sd": 0.24432492768977024, "width_min": 0.03151950854725705, "width_q1": 0.4195214955039604, "width_q2": 0.5921362235923691, "width_q3": 0.7722748824779337, "width_max": 1.4930359831212432}