{"data_name": "ConcreteSlumpTest", "n_neighbors": 50, "level": 0.9, "random_state": 1424, "test_size": 0.2, "n": 103, "d": 9, "oob_score": 0.6856950326342898, "test_score": 0.7538262917030606, "coverage": 0.8571428571428571, "width_mean": 1.3934768936578261, "width_sd": 0.0801093235698585, "width_min": 1.2952452875847646, "width_q1": 1.3254671181810174, "width_q2": 1.3712247798767419, "width_q3": 1.4669829073030947, "width_max": 1.554379477480608}