{"data_name": "ConcreteCompressiveStrength", "n_neighbors": 20, "level": 0.95, "random_state": 4012, "test_size": 0.2, "n": 1030, "d": 8, "oob_score": 0.9044469166705538, "test_score": 0.9101923596087373, "coverage": 0.9077669902912622, "width_mean": 1.0871216181092993, "width_sd": 0.44264106333708075, "width_min": 0.43951501056019593, "width_q1": 0.7815641074907451, "width_q2": 0.9489113263118449, "width_q3": 1.3125760798794324, "width_max": 2.5084436301932764}