{"data_name": "ConcreteCompressiveStrength", "n_neighbors": 5, "level": 0.8, "random_state": 8935, "test_size": 0.2, "n": 1030, "d": 8, "oob_score": 0.9077080889321628, "test_score": 0.9090665322934884, "coverage": 0.7087378640776699, "width_mean": 0.4997620338149752, "width_sd": 0.29336488204097527, "width_min": 0.02342892554149545, "width_q1": 0.3041237377415975, "width_q2": 0.4684579746925319, "width_q3": 0.6398789610544178, "width_max": 1.7466625312465742}