{"data_name": "ConcreteSlumpTest", "n_neighbors": 50, "level": 0.9, "random_state": 409, "test_size": 0.2, "n": 103, "d": 9, "oob_score": 0.7628057233540584, "test_score": 0.8425330395990198, "coverage": 0.9523809523809523, "width_mean": 1.470529063399194, "width_sd": 0.08564856306381405, "width_min": 1.3274847737729158, "width_q1": 1.421047693384199, "width_q2": 1.4210476933841991, "width_q3": 1.5451121405446542, "width_max": 1.648149135426867}