{"data_name": "ConcreteCompressiveStrength", "n_neighbors": 500, "level": 0.95, "random_state": 3657, "test_size": 0.2, "n": 1030, "d": 8, "oob_score": 0.9141468476679196, "test_score": 0.902115072383955, "coverage": 0.9466019417475728, "width_mean": 1.1608095917789367, "width_sd": 0.018637848437706134, "width_min": 1.1212268490543658, "width_q1": 1.146669566448463, "width_q2": 1.1553431881316332, "width_q3": 1.1623592716941697, "width_max": 1.2330628646896886}