{"data_name": "ConcreteCompressiveStrength", "n_neighbors": 20, "level": 0.8, "random_state": 3657, "test_size": 0.2, "n": 1030, "d": 8, "oob_score": 0.9141468476679196, "test_score": 0.902115072383955, "coverage": 0.7669902912621359, "width_mean": 0.5977699590036344, "width_sd": 0.1989521369825212, "width_min": 0.22121487282297758, "width_q1": 0.4534341912568848, "width_q2": 0.5969244339138511, "width_q3": 0.7262691220491452, "width_max": 1.3447928138712204}