{"data_name": "ConcreteCompressiveStrength", "n_neighbors": 500, "level": 0.95, "random_state": 8935, "test_size": 0.2, "n": 1030, "d": 8, "oob_score": 0.9077080889321628, "test_score": 0.9090665322934884, "coverage": 0.9563106796116505, "width_mean": 1.2203174943000847, "width_sd": 0.028524948575095063, "width_min": 1.189608567377971, "width_q1": 1.199038233650795, "width_q2": 1.2225059868163892, "width_q3": 1.2338358788121038, "width_max": 1.3020407558441354}