{"data_name": "ConcreteCompressiveStrength", "n_neighbors": 100, "level": 0.95, "random_state": 4012, "test_size": 0.2, "n": 1030, "d": 8, "oob_score": 0.9044469166705538, "test_score": 0.9101923596087373, "coverage": 0.9320388349514563, "width_mean": 1.1858815248045729, "width_sd": 0.15837812383552616, "width_min": 0.9554763847295713, "width_q1": 1.0458553479684747, "width_q2": 1.1543627336386275, "width_q3": 1.289510396068931, "width_max": 1.7663255642017317}