{"data_name": "ConcreteCompressiveStrength", "n_neighbors": "all", "level": 0.99, "random_state": 8935, "test_size": 0.2, "n": 1030, "d": 8, "oob_score": 0.9077080889321628, "test_score": 0.9090665322934884, "coverage": 0.9951456310679612, "width_mean": 2.00287987888168, "width_sd": 4.375741005821135e-16, "width_min": 2.00287987888168, "width_q1": 2.0028798788816804, "width_q2": 2.0028798788816804, "width_q3": 2.0028798788816804, "width_max": 2.0028798788816804}