{"data_name": "ConcreteCompressiveStrength", "n_neighbors": 10, "level": 0.99, "random_state": 9674, "test_size": 0.2, "n": 1030, "d": 8, "oob_score": 0.9110107115932303, "test_score": 0.9122978376968222, "coverage": 0.8980582524271845, "width_mean": 0.906532487695501, "width_sd": 0.5521595584269929, "width_min": 0.1849079649880243, "width_q1": 0.5428990373572766, "width_q2": 0.7749065411952035, "width_q3": 1.1206715592666239, "width_max": 3.037612587247119}