{"data_name": "ConcreteSlumpTest", "n_neighbors": "auto", "level": 0.8, "random_state": 1679, "test_size": 0.2, "n": 103, "d": 9, "oob_score": 0.7410592044700035, "test_score": 0.8161237760595266, "coverage": 0.8095238095238095, "width_mean": 1.0661128253003225, "width_sd": 0.21473676372296455, "width_min": 0.49381130616790037, "width_q1": 0.9774470904425026, "width_q2": 1.033323372770989, "width_q3": 1.1622200577103916, "width_max": 1.6051365495883427}