{"data_name": "ConcreteCompressiveStrength", "n_neighbors": 500, "level": 0.8, "random_state": 8935, "test_size": 0.2, "n": 1030, "d": 8, "oob_score": 0.9077080889321628, "test_score": 0.9090665322934884, "coverage": 0.8252427184466019, "width_mean": 0.7123506630184695, "width_sd": 0.007501359982429672, "width_min": 0.6891059215257379, "width_q1": 0.7068389292010623, "width_q2": 0.713623808349754, "width_q3": 0.718547497266031, "width_max": 0.7312422407187271}