{"data_name": "ConcreteCompressiveStrength", "n_neighbors": 500, "level": 0.8, "random_state": 1824, "test_size": 0.2, "n": 1030, "d": 8, "oob_score": 0.9144541933260778, "test_score": 0.8747595859302015, "coverage": 0.7912621359223301, "width_mean": 0.6836075576878254, "width_sd": 0.006309951254609641, "width_min": 0.6687898097032636, "width_q1": 0.6800075284851209, "width_q2": 0.6825228245108488, "width_q3": 0.6855104723240377, "width_max": 0.7302599874194482}