{"data_name": "ConcreteCompressiveStrength", "n_neighbors": "all", "level": 0.9, "random_state": 3657, "test_size": 0.2, "n": 1030, "d": 8, "oob_score": 0.9141468476679196, "test_score": 0.902115072383955, "coverage": 0.883495145631068, "width_mean": 0.9120196307753493, "width_sd": 1.1262752747171213e-16, "width_min": 0.9120196307753492, "width_q1": 0.9120196307753494, "width_q2": 0.9120196307753494, "width_q3": 0.9120196307753494, "width_max": 0.9120196307753496}