{"data_name": "ConcreteSlumpTest", "n_neighbors": 10, "level": 0.9, "random_state": 1424, "test_size": 0.2, "n": 103, "d": 9, "oob_score": 0.6856950326342898, "test_score": 0.7538262917030606, "coverage": 0.9523809523809523, "width_mean": 1.2497444264182176, "width_sd": 0.3948993772390954, "width_min": 0.5272601048350392, "width_q1": 0.9401530766105098, "width_q2": 1.1992567196404296, "width_q3": 1.4985673873683067, "width_max": 2.3264126008635078}