{"data_name": "ConcreteSlumpTest", "n_neighbors": "auto", "level": 0.99, "random_state": 1424, "test_size": 0.2, "n": 103, "d": 9, "oob_score": 0.6856950326342898, "test_score": 0.7538262917030606, "coverage": 1.0, "width_mean": 1.8511709960470017, "width_sd": 0.48435313983699474, "width_min": 1.0642258489689873, "width_q1": 1.4611842000335353, "width_q2": 1.9288455375315665, "width_q3": 2.002945029702137, "width_max": 3.068364115878102}