{"data_name": "ConcreteCompressiveStrength", "n_neighbors": 100, "level": 0.9, "random_state": 409, "test_size": 0.2, "n": 1030, "d": 8, "oob_score": 0.9089371067365589, "test_score": 0.8860846844377614, "coverage": 0.8932038834951457, "width_mean": 0.9360758164382832, "width_sd": 0.09492278030481452, "width_min": 0.7573425542988247, "width_q1": 0.8834514719291586, "width_q2": 0.9130280926674417, "width_q3": 0.9736920813328739, "width_max": 1.304520109829107}