{"data_name": "ConcreteCompressiveStrength", "n_neighbors": 50, "level": 0.9, "random_state": 9674, "test_size": 0.2, "n": 1030, "d": 8, "oob_score": 0.9110107115932303, "test_score": 0.9122978376968222, "coverage": 0.8883495145631068, "width_mean": 0.8558441302598391, "width_sd": 0.18677891837848795, "width_min": 0.47285251943870354, "width_q1": 0.7275723828488411, "width_q2": 0.8265329296623454, "width_q3": 0.9484905096445225, "width_max": 1.7202795927019034}