{"data_name": "ConcreteSlumpTest", "n_neighbors": "auto", "level": 0.95, "random_state": 1824, "test_size": 0.2, "n": 103, "d": 9, "oob_score": 0.7725426354549322, "test_score": 0.7687348688913548, "coverage": 0.7619047619047619, "width_mean": 1.383943752841004, "width_sd": 0.4425530466331058, "width_min": 0.7534252893195681, "width_q1": 1.0289243115382514, "width_q2": 1.273630678721335, "width_q3": 1.8086521060295033, "width_max": 2.2989238226751274}