{"data_name": "ConcreteCompressiveStrength", "n_neighbors": 50, "level": 0.95, "random_state": 9674, "test_size": 0.2, "n": 1030, "d": 8, "oob_score": 0.9110107115932303, "test_score": 0.9122978376968222, "coverage": 0.941747572815534, "width_mean": 1.113717272937159, "width_sd": 0.2591934844298315, "width_min": 0.5294921743482818, "width_q1": 0.9956105053298522, "width_q2": 1.085450994532414, "width_q3": 1.186841122548524, "width_max": 1.9565094095497138}