{"data_name": "ConcreteCompressiveStrength", "n_neighbors": 200, "level": 0.9, "random_state": 4012, "test_size": 0.2, "n": 1030, "d": 8, "oob_score": 0.9044469166705538, "test_score": 0.9101923596087373, "coverage": 0.8592233009708737, "width_mean": 0.919258551915511, "width_sd": 0.04249205029562223, "width_min": 0.8024668291626897, "width_q1": 0.8873577846095948, "width_q2": 0.9140555985820791, "width_q3": 0.9320954388206073, "width_max": 1.0801335136264076}