{"data_name": "ConcreteCompressiveStrength", "n_neighbors": 100, "level": 0.99, "random_state": 8935, "test_size": 0.2, "n": 1030, "d": 8, "oob_score": 0.9077080889321628, "test_score": 0.9090665322934884, "coverage": 0.9854368932038835, "width_mean": 1.8585926565379074, "width_sd": 0.24293031529348666, "width_min": 1.3014919693447649, "width_q1": 1.6493957902167877, "width_q2": 1.8429099794750607, "width_q3": 2.0073871339915152, "width_max": 2.996464501238815}