{"data_name": "ConcreteCompressiveStrength", "n_neighbors": 5, "level": 0.8, "random_state": 4012, "test_size": 0.2, "n": 1030, "d": 8, "oob_score": 0.9044469166705538, "test_score": 0.9101923596087373, "coverage": 0.6650485436893204, "width_mean": 0.5184222991605549, "width_sd": 0.3506478636222391, "width_min": 0.010043680309635539, "width_q1": 0.3014281891428854, "width_q2": 0.45073635841064336, "width_q3": 0.6318059699408324, "width_max": 2.3985366580022442}