{"data_name": "ConcreteCompressiveStrength", "n_neighbors": 200, "level": 0.8, "random_state": 409, "test_size": 0.2, "n": 1030, "d": 8, "oob_score": 0.9089371067365589, "test_score": 0.8860846844377614, "coverage": 0.7524271844660194, "width_mean": 0.6431622371919354, "width_sd": 0.026356327338565626, "width_min": 0.6034771649708459, "width_q1": 0.6170365990672663, "width_q2": 0.6423625698221962, "width_q3": 0.6576405539614549, "width_max": 0.7191767153235451}