{"data_name": "ConcreteCompressiveStrength", "n_neighbors": 20, "level": 0.99, "random_state": 1424, "test_size": 0.2, "n": 1030, "d": 8, "oob_score": 0.9053364080099315, "test_score": 0.9255095358779298, "coverage": 0.9611650485436893, "width_mean": 1.1500026730330881, "width_sd": 0.48732399788289893, "width_min": 0.3354426536219577, "width_q1": 0.8259916844234292, "width_q2": 1.0491282808737132, "width_q3": 1.3561931203220605, "width_max": 2.844063857670361}