{"data_name": "ConcreteSlumpTest", "n_neighbors": "all", "level": 0.95, "random_state": 9674, "test_size": 0.2, "n": 103, "d": 9, "oob_score": 0.78994557425148, "test_score": 0.8420143456423, "coverage": 0.9523809523809523, "width_mean": 1.7907806934246941, "width_sd": 4.3877058433643587e-16, "width_min": 1.7907806934246944, "width_q1": 1.7907806934246946, "width_q2": 1.7907806934246946, "width_q3": 1.7907806934246946, "width_max": 1.7907806934246948}