{"data_name": "ConcreteSlumpTest", "n_neighbors": 50, "level": 0.9, "random_state": 8935, "test_size": 0.2, "n": 103, "d": 9, "oob_score": 0.777103847529504, "test_score": 0.7388082036200501, "coverage": 0.9047619047619048, "width_mean": 1.4827516360382693, "width_sd": 0.1898743960237695, "width_min": 1.179007503858366, "width_q1": 1.3263598575762026, "width_q2": 1.5424087826881558, "width_q3": 1.5629346866792437, "width_max": 1.7639046730184909}