{"data_name": "ConcreteSlumpTest", "n_neighbors": 20, "level": 0.8, "random_state": 4506, "test_size": 0.2, "n": 103, "d": 9, "oob_score": 0.7902806188084024, "test_score": 0.7999546452313802, "coverage": 0.8571428571428571, "width_mean": 1.0436002316672575, "width_sd": 0.12019709968359335, "width_min": 0.7593083280003565, "width_q1": 0.9460539487125799, "width_q2": 1.063569991270872, "width_q3": 1.1341681044704137, "width_max": 1.254370497972122}