{"data_name": "ConcreteCompressiveStrength", "n_neighbors": "auto", "level": 0.8, "random_state": 3657, "test_size": 0.2, "n": 1030, "d": 8, "oob_score": 0.9141468476679196, "test_score": 0.902115072383955, "coverage": 0.7669902912621359, "width_mean": 0.6066367689754357, "width_sd": 0.22723020274266317, "width_min": 0.1339249093948589, "width_q1": 0.4770773897056102, "width_q2": 0.5834122403795327, "width_q3": 0.7364154890180095, "width_max": 1.2872286665075676}