{"data_name": "ConcreteCompressiveStrength", "n_neighbors": "all", "level": 0.95, "random_state": 1679, "test_size": 0.2, "n": 1030, "d": 8, "oob_score": 0.9080721873467664, "test_score": 0.9021898250092618, "coverage": 0.9514563106796117, "width_mean": 1.2083514897126209, "width_sd": 2.299867160934362e-16, "width_min": 1.2083514897126204, "width_q1": 1.2083514897126206, "width_q2": 1.2083514897126206, "width_q3": 1.2083514897126206, "width_max": 1.2083514897126209}