{"data_name": "ConcreteSlumpTest", "n_neighbors": 100, "level": 0.95, "random_state": 4506, "test_size": 0.2, "n": 103, "d": 9, "oob_score": 0.7902806188084024, "test_score": 0.7999546452313802, "coverage": 0.9523809523809523, "width_mean": 1.5930534123008, "width_sd": 4.845410522502477e-17, "width_min": 1.5930534123008, "width_q1": 1.5930534123008, "width_q2": 1.5930534123008, "width_q3": 1.5930534123008, "width_max": 1.5930534123008002}