{"data_name": "ConcreteCompressiveStrength", "n_neighbors": 5, "level": 0.8, "random_state": 2286, "test_size": 0.2, "n": 1030, "d": 8, "oob_score": 0.9123768518521445, "test_score": 0.921144258834218, "coverage": 0.7087378640776699, "width_mean": 0.46632546806218894, "width_sd": 0.30291433505162696, "width_min": 0.0023124394074117843, "width_q1": 0.25892402990911645, "width_q2": 0.3982558041504157, "width_q3": 0.597916560414887, "width_max": 2.11402191067154}