{"data_name": "ConcreteSlumpTest", "n_neighbors": "auto", "level": 0.9, "random_state": 2286, "test_size": 0.2, "n": 103, "d": 9, "oob_score": 0.7597821658397921, "test_score": 0.7755009922532942, "coverage": 1.0, "width_mean": 1.3870442881393503, "width_sd": 0.261239806848037, "width_min": 0.7797713616108052, "width_q1": 1.2285480747974975, "width_q2": 1.368287429596236, "width_q3": 1.5630855978267544, "width_max": 1.8009437086134}