{"data_name": "ConcreteCompressiveStrength", "n_neighbors": 100, "level": 0.99, "random_state": 4012, "test_size": 0.2, "n": 1030, "d": 8, "oob_score": 0.9044469166705538, "test_score": 0.9101923596087373, "coverage": 0.9951456310679612, "width_mean": 1.9599584294195593, "width_sd": 0.23540507880649772, "width_min": 1.422599990403544, "width_q1": 1.83993556826029, "width_q2": 1.83993556826029, "width_q3": 2.028024215817523, "width_max": 2.9366678943849855}