{"data_name": "ConcreteSlumpTest", "n_neighbors": 5, "level": 0.95, "random_state": 409, "test_size": 0.2, "n": 103, "d": 9, "oob_score": 0.7628057233540584, "test_score": 0.8425330395990198, "coverage": 0.7142857142857143, "width_mean": 0.9164324237669084, "width_sd": 0.40599567931110053, "width_min": 0.2615573307015209, "width_q1": 0.6442600386307101, "width_q2": 0.8299201693540186, "width_q3": 1.0983245608552281, "width_max": 2.099264762326838}