{"data_name": "ConcreteSlumpTest", "n_neighbors": 5, "level": 0.99, "random_state": 3657, "test_size": 0.2, "n": 103, "d": 9, "oob_score": 0.7715337577849344, "test_score": 0.7870365167112044, "coverage": 0.8095238095238095, "width_mean": 0.9548062161723964, "width_sd": 0.285640936401154, "width_min": 0.5837603156856791, "width_q1": 0.747333286344505, "width_q2": 0.8931269998064286, "width_q3": 1.0862999507512276, "width_max": 1.5018342671272962}