{"data_name": "ConcreteCompressiveStrength", "n_neighbors": "auto", "level": 0.99, "random_state": 409, "test_size": 0.2, "n": 1030, "d": 8, "oob_score": 0.9089371067365589, "test_score": 0.8860846844377614, "coverage": 0.9320388349514563, "width_mean": 1.2372498696527545, "width_sd": 0.6573289031521916, "width_min": 0.07442154300030879, "width_q1": 0.8324681015517605, "width_q2": 1.1157080403339261, "width_q3": 1.464909297893224, "width_max": 3.2806244330176226}