{"data_name": "ConcreteCompressiveStrength", "n_neighbors": 200, "level": 0.9, "random_state": 9674, "test_size": 0.2, "n": 1030, "d": 8, "oob_score": 0.9110107115932303, "test_score": 0.9122978376968222, "coverage": 0.883495145631068, "width_mean": 0.9085540622356598, "width_sd": 0.03015039737026443, "width_min": 0.8694559943907216, "width_q1": 0.8905664102493713, "width_q2": 0.9031844740341257, "width_q3": 0.9196101287760916, "width_max": 1.0452578040290066}