{"data_name": "ConcreteCompressiveStrength", "n_neighbors": 500, "level": 0.9, "random_state": 4506, "test_size": 0.2, "n": 1030, "d": 8, "oob_score": 0.9094244607737588, "test_score": 0.9105436343987471, "coverage": 0.9174757281553398, "width_mean": 0.950868714780242, "width_sd": 0.01018486913883194, "width_min": 0.917637205788016, "width_q1": 0.9431187335788737, "width_q2": 0.9510519865753888, "width_q3": 0.9576441163496722, "width_max": 0.9703770180972007}