{"data_name": "ConcreteCompressiveStrength", "n_neighbors": 50, "level": 0.95, "random_state": 8935, "test_size": 0.2, "n": 1030, "d": 8, "oob_score": 0.9077080889321628, "test_score": 0.9090665322934884, "coverage": 0.9563106796116505, "width_mean": 1.153608971533878, "width_sd": 0.19897164678482568, "width_min": 0.6633957612813901, "width_q1": 1.0744783833118887, "width_q2": 1.1257955125167656, "width_q3": 1.1892806609558773, "width_max": 2.12138504273475}