{"data_name": "ConcreteSlumpTest", "n_neighbors": "auto", "level": 0.95, "random_state": 4012, "test_size": 0.2, "n": 103, "d": 9, "oob_score": 0.8052529263425103, "test_score": 0.7111764740899398, "coverage": 0.8095238095238095, "width_mean": 1.4089032772744143, "width_sd": 0.3427988980303447, "width_min": 0.5700818476016862, "width_q1": 1.3205992157834674, "width_q2": 1.4131745875956563, "width_q3": 1.566201072631154, "width_max": 2.3097412537055195}