{"data_name": "ConcreteCompressiveStrength", "n_neighbors": 1000, "level": 0.8, "random_state": 2286, "test_size": 0.2, "n": 1030, "d": 8, "oob_score": 0.9123768518521445, "test_score": 0.921144258834218, "coverage": 0.8058252427184466, "width_mean": 0.6419041856674232, "width_sd": 2.2096408948642e-16, "width_min": 0.641904185667423, "width_q1": 0.641904185667423, "width_q2": 0.641904185667423, "width_q3": 0.641904185667423, "width_max": 0.6419041856674232}