{"data_name": "ConcreteSlumpTest", "n_neighbors": 50, "level": 0.9, "random_state": 4012, "test_size": 0.2, "n": 103, "d": 9, "oob_score": 0.8052529263425103, "test_score": 0.7111764740899398, "coverage": 0.9047619047619048, "width_mean": 1.4164822035727571, "width_sd": 0.13874307224182533, "width_min": 1.1513851416177512, "width_q1": 1.3067506529844826, "width_q2": 1.420803786460088, "width_q3": 1.5056448638096778, "width_max": 1.6566158378971128}