{"data_name": "ConcreteSlumpTest", "n_neighbors": 100, "level": 0.8, "random_state": 4506, "test_size": 0.2, "n": 103, "d": 9, "oob_score": 0.7902806188084024, "test_score": 0.7999546452313802, "coverage": 0.9047619047619048, "width_mean": 1.2171008207361307, "width_sd": 1.9978139383756973e-16, "width_min": 1.2171008207361305, "width_q1": 1.2171008207361305, "width_q2": 1.2171008207361305, "width_q3": 1.2171008207361305, "width_max": 1.2171008207361307}