{"data_name": "ConcreteCompressiveStrength", "n_neighbors": "all", "level": 0.8, "random_state": 1424, "test_size": 0.2, "n": 1030, "d": 8, "oob_score": 0.9053364080099315, "test_score": 0.9255095358779298, "coverage": 0.7864077669902912, "width_mean": 0.6548895939386034, "width_sd": 8.920772008970949e-17, "width_min": 0.6548895939386032, "width_q1": 0.6548895939386032, "width_q2": 0.6548895939386034, "width_q3": 0.6548895939386034, "width_max": 0.6548895939386035}