{"data_name": "ConcreteCompressiveStrength", "n_neighbors": 100, "level": 0.9, "random_state": 1824, "test_size": 0.2, "n": 1030, "d": 8, "oob_score": 0.9144541933260778, "test_score": 0.8747595859302015, "coverage": 0.912621359223301, "width_mean": 0.9939002471066657, "width_sd": 0.06751792518172427, "width_min": 0.9091262829692324, "width_q1": 0.9359044879652529, "width_q2": 0.9859093367127765, "width_q3": 1.0094602002795465, "width_max": 1.2923912916818039}