{"data_name": "ConcreteSlumpTest", "n_neighbors": 100, "level": 0.8, "random_state": 1824, "test_size": 0.2, "n": 103, "d": 9, "oob_score": 0.7725426354549322, "test_score": 0.7687348688913548, "coverage": 0.6190476190476191, "width_mean": 0.9691408809765469, "width_sd": 1.796726309317014e-16, "width_min": 0.9691408809765469, "width_q1": 0.969140880976547, "width_q2": 0.9691408809765472, "width_q3": 0.9691408809765472, "width_max": 0.9691408809765472}