{"data_name": "ConcreteCompressiveStrength", "n_neighbors": 50, "level": 0.95, "random_state": 409, "test_size": 0.2, "n": 1030, "d": 8, "oob_score": 0.9089371067365589, "test_score": 0.8860846844377614, "coverage": 0.9271844660194175, "width_mean": 1.1030205904327859, "width_sd": 0.23071392704393018, "width_min": 0.7321627605740894, "width_q1": 0.9334553319679427, "width_q2": 1.0529504860870773, "width_q3": 1.2051052446190624, "width_max": 2.0146475545743208}