{"data_name": "ConcreteSlumpTest", "n_neighbors": 10, "level": 0.95, "random_state": 1679, "test_size": 0.2, "n": 103, "d": 9, "oob_score": 0.7410592044700035, "test_score": 0.8161237760595266, "coverage": 0.9523809523809523, "width_mean": 1.3308477995930599, "width_sd": 0.4090908696875298, "width_min": 0.5455237988263449, "width_q1": 1.1303975609086807, "width_q2": 1.222513951773026, "width_q3": 1.5898136198691504, "width_max": 2.2708137103992323}