{"data_name": "ConcreteCompressiveStrength", "n_neighbors": 5, "level": 0.9, "random_state": 2286, "test_size": 0.2, "n": 1030, "d": 8, "oob_score": 0.9123768518521445, "test_score": 0.921144258834218, "coverage": 0.7427184466019418, "width_mean": 0.5365708914062017, "width_sd": 0.3467057111279102, "width_min": 0.002326203927694004, "width_q1": 0.31010521946894565, "width_q2": 0.458896555590087, "width_q3": 0.6889300790358385, "width_max": 2.4638963585530433}