{"data_name": "ConcreteSlumpTest", "n_neighbors": 50, "level": 0.9, "random_state": 9674, "test_size": 0.2, "n": 103, "d": 9, "oob_score": 0.78994557425148, "test_score": 0.8420143456423, "coverage": 0.9047619047619048, "width_mean": 1.4912781107653508, "width_sd": 0.15013508891061653, "width_min": 1.1789324782409583, "width_q1": 1.4499074028095562, "width_q2": 1.5373598549794467, "width_q3": 1.56114027291228, "width_max": 1.6760120438215693}