{"data_name": "ConcreteCompressiveStrength", "n_neighbors": 20, "level": 0.9, "random_state": 4506, "test_size": 0.2, "n": 1030, "d": 8, "oob_score": 0.9094244607737588, "test_score": 0.9105436343987471, "coverage": 0.9174757281553398, "width_mean": 0.8462009482943823, "width_sd": 0.3114597581165907, "width_min": 0.22553577682646994, "width_q1": 0.6479517216240036, "width_q2": 0.7871010094831313, "width_q3": 0.9835472211941899, "width_max": 1.9236393594469114}