{"data_name": "ConcreteSlumpTest", "n_neighbors": 50, "level": 0.9, "random_state": 1679, "test_size": 0.2, "n": 103, "d": 9, "oob_score": 0.7410592044700035, "test_score": 0.8161237760595266, "coverage": 0.9047619047619048, "width_mean": 1.5039000937234996, "width_sd": 0.07384460552179273, "width_min": 1.4306818717956902, "width_q1": 1.4414186227330028, "width_q2": 1.4810640436740816, "width_q3": 1.5459217248198154, "width_max": 1.6903103025063144}