{"data_name": "ConcreteSlumpTest", "n_neighbors": 20, "level": 0.95, "random_state": 4012, "test_size": 0.2, "n": 103, "d": 9, "oob_score": 0.8052529263425103, "test_score": 0.7111764740899398, "coverage": 0.8095238095238095, "width_mean": 1.4019227456503378, "width_sd": 0.22649915746014068, "width_min": 1.0022143954718565, "width_q1": 1.2505810699626831, "width_q2": 1.4015385128704656, "width_q3": 1.491837382621393, "width_max": 1.8907466061753508}