{"data_name": "ConcreteSlumpTest", "n_neighbors": 100, "level": 0.8, "random_state": 2286, "test_size": 0.2, "n": 103, "d": 9, "oob_score": 0.7597821658397921, "test_score": 0.7755009922532942, "coverage": 0.8571428571428571, "width_mean": 1.2715976296996139, "width_sd": 1.9978139383756973e-16, "width_min": 1.2715976296996139, "width_q1": 1.271597629699614, "width_q2": 1.271597629699614, "width_q3": 1.271597629699614, "width_max": 1.271597629699614}