{"data_name": "ConcreteCompressiveStrength", "n_neighbors": 5, "level": 0.99, "random_state": 3657, "test_size": 0.2, "n": 1030, "d": 8, "oob_score": 0.9141468476679196, "test_score": 0.902115072383955, "coverage": 0.7621359223300971, "width_mean": 0.6021178300489202, "width_sd": 0.319600874203995, "width_min": 0.059195516314929475, "width_q1": 0.3411699261828938, "width_q2": 0.5757687075387359, "width_q3": 0.8077591778546791, "width_max": 1.7192932868964115}