{"data_name": "ConcreteCompressiveStrength", "n_neighbors": 20, "level": 0.99, "random_state": 4506, "test_size": 0.2, "n": 1030, "d": 8, "oob_score": 0.9094244607737588, "test_score": 0.9105436343987471, "coverage": 0.9466019417475728, "width_mean": 1.216152404185107, "width_sd": 0.46012516574963325, "width_min": 0.4502542544408054, "width_q1": 0.9144300831235348, "width_q2": 1.0810300656646468, "width_q3": 1.372317913472123, "width_max": 3.009456557381691}