{"data_name": "ConcreteCompressiveStrength", "n_neighbors": 20, "level": 0.9, "random_state": 9674, "test_size": 0.2, "n": 1030, "d": 8, "oob_score": 0.9110107115932303, "test_score": 0.9122978376968222, "coverage": 0.8883495145631068, "width_mean": 0.863409188299737, "width_sd": 0.33593099913914837, "width_min": 0.34922024535858265, "width_q1": 0.6113667045517164, "width_q2": 0.8062577454722226, "width_q3": 1.0941417722853424, "width_max": 2.136374058192323}