{"data_name": "ConcreteSlumpTest", "n_neighbors": 100, "level": 0.95, "random_state": 1824, "test_size": 0.2, "n": 103, "d": 9, "oob_score": 0.7725426354549322, "test_score": 0.7687348688913548, "coverage": 0.9523809523809523, "width_mean": 1.875534154369887, "width_sd": 1.8129866073473578e-16, "width_min": 1.8755341543698867, "width_q1": 1.8755341543698867, "width_q2": 1.8755341543698867, "width_q3": 1.875534154369887, "width_max": 1.8755341543698871}