{"data_name": "ConcreteCompressiveStrength", "n_neighbors": 500, "level": 0.95, "random_state": 9674, "test_size": 0.2, "n": 1030, "d": 8, "oob_score": 0.9110107115932303, "test_score": 0.9122978376968222, "coverage": 0.9223300970873787, "width_mean": 1.1638936005008675, "width_sd": 0.01882817616028071, "width_min": 1.131889029854635, "width_q1": 1.1535504420921154, "width_q2": 1.1597947178613748, "width_q3": 1.1618268456097602, "width_max": 1.2448793193653054}