{"data_name": "ConcreteCompressiveStrength", "n_neighbors": 20, "level": 0.8, "random_state": 8935, "test_size": 0.2, "n": 1030, "d": 8, "oob_score": 0.9077080889321628, "test_score": 0.9090665322934884, "coverage": 0.8106796116504854, "width_mean": 0.644972687128282, "width_sd": 0.17909822198524974, "width_min": 0.28282988237405093, "width_q1": 0.507358205543343, "width_q2": 0.631208835632979, "width_q3": 0.7587074423168407, "width_max": 1.3417291413380763}