{"data_name": "ConcreteSlumpTest", "n_neighbors": "auto", "level": 0.9, "random_state": 409, "test_size": 0.2, "n": 103, "d": 9, "oob_score": 0.7628057233540584, "test_score": 0.8425330395990198, "coverage": 0.9523809523809523, "width_mean": 1.2682146331037805, "width_sd": 0.24939864243126772, "width_min": 0.9542626402270906, "width_q1": 1.0643456149208177, "width_q2": 1.2717669831419969, "width_q3": 1.3669287161424182, "width_max": 1.9774050412075992}