{"data_name": "ConcreteCompressiveStrength", "n_neighbors": 20, "level": 0.99, "random_state": 9674, "test_size": 0.2, "n": 1030, "d": 8, "oob_score": 0.9110107115932303, "test_score": 0.9122978376968222, "coverage": 0.9368932038834952, "width_mean": 1.2982876558544605, "width_sd": 0.5723455041770138, "width_min": 0.38968267952526703, "width_q1": 0.8543312013420821, "width_q2": 1.2240678351331735, "width_q3": 1.5033906142714433, "width_max": 3.5285849263181595}