{"data_name": "ConcreteCompressiveStrength", "n_neighbors": 5, "level": 0.8, "random_state": 4506, "test_size": 0.2, "n": 1030, "d": 8, "oob_score": 0.9094244607737588, "test_score": 0.9105436343987471, "coverage": 0.7233009708737864, "width_mean": 0.5102174677315781, "width_sd": 0.328989896756025, "width_min": 0.005303521526728527, "width_q1": 0.317010020706032, "width_q2": 0.4590331177042459, "width_q3": 0.6287357343979694, "width_max": 2.2115309396771345}