{"data_name": "ConcreteCompressiveStrength", "n_neighbors": 200, "level": 0.9, "random_state": 1679, "test_size": 0.2, "n": 1030, "d": 8, "oob_score": 0.9080721873467664, "test_score": 0.9021898250092618, "coverage": 0.8932038834951457, "width_mean": 1.0176189292380384, "width_sd": 0.041367533452125946, "width_min": 0.9411679804806846, "width_q1": 0.9911150831947888, "width_q2": 1.0033858247134377, "width_q3": 1.028516539748635, "width_max": 1.245771015294429}