{"data_name": "ConcreteSlumpTest", "n_neighbors": "auto", "level": 0.95, "random_state": 1679, "test_size": 0.2, "n": 103, "d": 9, "oob_score": 0.7410592044700035, "test_score": 0.8161237760595266, "coverage": 1.0, "width_mean": 1.5930121773521138, "width_sd": 0.3437828880529914, "width_min": 0.5894993998300092, "width_q1": 1.4024974217449921, "width_q2": 1.6497571774111468, "width_q3": 1.856544396661227, "width_max": 2.1454048993676462}