{"data_name": "ConcreteSlumpTest", "n_neighbors": 5, "level": 0.99, "random_state": 2286, "test_size": 0.2, "n": 103, "d": 9, "oob_score": 0.7597821658397921, "test_score": 0.7755009922532942, "coverage": 0.8571428571428571, "width_mean": 1.1221182123745845, "width_sd": 0.42310113221001494, "width_min": 0.2070699869381445, "width_q1": 0.8401348365262427, "width_q2": 1.2394360597181509, "width_q3": 1.3866869908708592, "width_max": 1.7944190112382112}