{"data_name": "ConcreteCompressiveStrength", "n_neighbors": 500, "level": 0.99, "random_state": 1824, "test_size": 0.2, "n": 1030, "d": 8, "oob_score": 0.9144541933260778, "test_score": 0.8747595859302015, "coverage": 0.970873786407767, "width_mean": 1.9155429766212357, "width_sd": 0.010466991529285475, "width_min": 1.9131446216206542, "width_q1": 1.9131446216206545, "width_q2": 1.9131446216206545, "width_q3": 1.9131446216206545, "width_max": 1.9618694968260473}