{"data_name": "ConcreteSlumpTest", "n_neighbors": 10, "level": 0.95, "random_state": 1424, "test_size": 0.2, "n": 103, "d": 9, "oob_score": 0.6856950326342898, "test_score": 0.7538262917030606, "coverage": 0.9523809523809523, "width_mean": 1.3958934401497631, "width_sd": 0.4661027293522063, "width_min": 0.5668760844972208, "width_q1": 0.9968535071410225, "width_q2": 1.3333239657628169, "width_q3": 1.6527071763335717, "width_max": 2.4599455508796684}