{"data_name": "ConcreteCompressiveStrength", "n_neighbors": 5, "level": 0.99, "random_state": 4506, "test_size": 0.2, "n": 1030, "d": 8, "oob_score": 0.9094244607737588, "test_score": 0.9105436343987471, "coverage": 0.7815533980582524, "width_mean": 0.6665498726745738, "width_sd": 0.43609504027875956, "width_min": 0.005719407561481926, "width_q1": 0.4088488376537274, "width_q2": 0.6029575909610382, "width_q3": 0.8432397696252685, "width_max": 2.932839780814387}