{"data_name": "ConcreteSlumpTest", "n_neighbors": 5, "level": 0.8, "random_state": 8935, "test_size": 0.2, "n": 103, "d": 9, "oob_score": 0.777103847529504, "test_score": 0.7388082036200501, "coverage": 0.5714285714285714, "width_mean": 0.5623397518136928, "width_sd": 0.16045908902623737, "width_min": 0.3214859921459524, "width_q1": 0.4375045268913655, "width_q2": 0.5283328374878501, "width_q3": 0.6109903674867846, "width_max": 0.9913048508527567}