{"data_name": "ConcreteSlumpTest", "n_neighbors": 50, "level": 0.99, "random_state": 8935, "test_size": 0.2, "n": 103, "d": 9, "oob_score": 0.777103847529504, "test_score": 0.7388082036200501, "coverage": 1.0, "width_mean": 2.596470885318075, "width_sd": 0.43259595517158844, "width_min": 1.8933325073830163, "width_q1": 2.00497850821991, "width_q2": 2.912043795476855, "width_q3": 2.921942042666233, "width_max": 2.953873351371744}