{"data_name": "ConcreteCompressiveStrength", "n_neighbors": 20, "level": 0.99, "random_state": 4012, "test_size": 0.2, "n": 1030, "d": 8, "oob_score": 0.9044469166705538, "test_score": 0.9101923596087373, "coverage": 0.9271844660194175, "width_mean": 1.2855239696793566, "width_sd": 0.574484078023519, "width_min": 0.5086028090545276, "width_q1": 0.9189441790051855, "width_q2": 1.1077126711740464, "width_q3": 1.5742555174207744, "width_max": 3.1834014031612683}