{"data_name": "ConcreteCompressiveStrength", "n_neighbors": 1000, "level": 0.99, "random_state": 1679, "test_size": 0.2, "n": 1030, "d": 8, "oob_score": 0.9080721873467664, "test_score": 0.9021898250092618, "coverage": 0.9805825242718447, "width_mean": 1.9366709253233225, "width_sd": 2.3816656240842825e-16, "width_min": 1.9366709253233225, "width_q1": 1.9366709253233227, "width_q2": 1.9366709253233227, "width_q3": 1.9366709253233227, "width_max": 1.936670925323323}