{"data_name": "ConcreteSlumpTest", "n_neighbors": "auto", "level": 0.8, "random_state": 4506, "test_size": 0.2, "n": 103, "d": 9, "oob_score": 0.7902806188084024, "test_score": 0.7999546452313802, "coverage": 0.8571428571428571, "width_mean": 1.0340901704281515, "width_sd": 0.13645496350638953, "width_min": 0.6798525948487447, "width_q1": 0.9470189496427361, "width_q2": 1.0579210921535624, "width_q3": 1.1467505225040904, "width_max": 1.2278995043591538}