{"data_name": "ConcreteCompressiveStrength", "n_neighbors": 100, "level": 0.95, "random_state": 1824, "test_size": 0.2, "n": 1030, "d": 8, "oob_score": 0.9144541933260778, "test_score": 0.8747595859302015, "coverage": 0.9174757281553398, "width_mean": 1.192587507332248, "width_sd": 0.10413657544535423, "width_min": 1.0846392720826625, "width_q1": 1.134002039652188, "width_q2": 1.1704195992151347, "width_q3": 1.2019287277915958, "width_max": 1.6251030057118463}