{"data_name": "ConcreteCompressiveStrength", "n_neighbors": 50, "level": 0.95, "random_state": 1424, "test_size": 0.2, "n": 1030, "d": 8, "oob_score": 0.9053364080099315, "test_score": 0.9255095358779298, "coverage": 0.9660194174757282, "width_mean": 1.2140956758576904, "width_sd": 0.26577820692357995, "width_min": 0.6652764688908556, "width_q1": 1.0703532870538957, "width_q2": 1.1446539880020499, "width_q3": 1.3247445749819018, "width_max": 2.4162402412918604}