{"data_name": "ConcreteCompressiveStrength", "n_neighbors": 200, "level": 0.95, "random_state": 9674, "test_size": 0.2, "n": 1030, "d": 8, "oob_score": 0.9110107115932303, "test_score": 0.9122978376968222, "coverage": 0.8932038834951457, "width_mean": 1.1194816502773792, "width_sd": 0.045870394106859946, "width_min": 1.0864996452312714, "width_q1": 1.0880554464216903, "width_q2": 1.1094102511323245, "width_q3": 1.1280581968495786, "width_max": 1.3315594993868078}