{"data_name": "ConcreteCompressiveStrength", "n_neighbors": 100, "level": 0.8, "random_state": 1424, "test_size": 0.2, "n": 1030, "d": 8, "oob_score": 0.9053364080099315, "test_score": 0.9255095358779298, "coverage": 0.7621359223300971, "width_mean": 0.6043392594175926, "width_sd": 0.05083995345558975, "width_min": 0.5137235182938277, "width_q1": 0.5683959614790886, "width_q2": 0.5994813055638407, "width_q3": 0.6320667482935132, "width_max": 0.8211498242814284}