{"data_name": "ConcreteCompressiveStrength", "n_neighbors": 20, "level": 0.99, "random_state": 409, "test_size": 0.2, "n": 1030, "d": 8, "oob_score": 0.9089371067365589, "test_score": 0.8860846844377614, "coverage": 0.9368932038834952, "width_mean": 1.2307360307417101, "width_sd": 0.49699036865166896, "width_min": 0.47118316056419307, "width_q1": 0.9098421334029598, "width_q2": 1.1332152188901765, "width_q3": 1.3979792976849779, "width_max": 3.216738917729345}