{"data_name": "ConcreteSlumpTest", "n_neighbors": "all", "level": 0.8, "random_state": 1424, "test_size": 0.2, "n": 103, "d": 9, "oob_score": 0.6856950326342898, "test_score": 0.7538262917030606, "coverage": 0.8095238095238095, "width_mean": 1.2274100995986597, "width_sd": 1.9978139383756973e-16, "width_min": 1.2274100995986594, "width_q1": 1.2274100995986594, "width_q2": 1.2274100995986594, "width_q3": 1.2274100995986594, "width_max": 1.2274100995986597}