{"data_name": "ConcreteSlumpTest", "n_neighbors": 20, "level": 0.99, "random_state": 4506, "test_size": 0.2, "n": 103, "d": 9, "oob_score": 0.7902806188084024, "test_score": 0.7999546452313802, "coverage": 0.9523809523809523, "width_mean": 1.6552456544692955, "width_sd": 0.2729902402456217, "width_min": 1.2509235612913816, "width_q1": 1.468192516224549, "width_q2": 1.563919925931117, "width_q3": 1.9143536602834934, "width_max": 2.0755794090415574}