{"data_name": "ConcreteSlumpTest", "n_neighbors": 20, "level": 0.9, "random_state": 8935, "test_size": 0.2, "n": 103, "d": 9, "oob_score": 0.777103847529504, "test_score": 0.7388082036200501, "coverage": 0.9047619047619048, "width_mean": 1.3136916564662808, "width_sd": 0.30487940737281616, "width_min": 0.902554939847545, "width_q1": 1.1193994281377888, "width_q2": 1.1781852012653349, "width_q3": 1.504570697740944, "width_max": 1.9683223348478038}