{"data_name": "ConcreteCompressiveStrength", "n_neighbors": "all", "level": 0.9, "random_state": 1824, "test_size": 0.2, "n": 1030, "d": 8, "oob_score": 0.9144541933260778, "test_score": 0.8747595859302015, "coverage": 0.8980582524271845, "width_mean": 0.9505476182708753, "width_sd": 1.5814838471659956e-16, "width_min": 0.9505476182708752, "width_q1": 0.9505476182708754, "width_q2": 0.9505476182708754, "width_q3": 0.9505476182708754, "width_max": 0.9505476182708756}