{"data_name": "ConcreteSlumpTest", "n_neighbors": 10, "level": 0.95, "random_state": 3657, "test_size": 0.2, "n": 103, "d": 9, "oob_score": 0.7715337577849344, "test_score": 0.7870365167112044, "coverage": 0.8571428571428571, "width_mean": 1.2232364178884731, "width_sd": 0.28783297962373855, "width_min": 0.7057453911237415, "width_q1": 1.0956993446867416, "width_q2": 1.3097117705185513, "width_q3": 1.337635164583729, "width_max": 1.7297758130678091}