{"data_name": "ConcreteCompressiveStrength", "n_neighbors": 500, "level": 0.8, "random_state": 3657, "test_size": 0.2, "n": 1030, "d": 8, "oob_score": 0.9141468476679196, "test_score": 0.902115072383955, "coverage": 0.7427184466019418, "width_mean": 0.6575954659467027, "width_sd": 0.004898616408471832, "width_min": 0.643391394522558, "width_q1": 0.6550697129686487, "width_q2": 0.6575891186144361, "width_q3": 0.6601911776899497, "width_max": 0.6765523474565338}