{"data_name": "ConcreteCompressiveStrength", "n_neighbors": 50, "level": 0.9, "random_state": 3657, "test_size": 0.2, "n": 1030, "d": 8, "oob_score": 0.9141468476679196, "test_score": 0.902115072383955, "coverage": 0.8640776699029126, "width_mean": 0.8161692582037475, "width_sd": 0.15994503575601313, "width_min": 0.5395414545495849, "width_q1": 0.6820656193005182, "width_q2": 0.7904235270929421, "width_q3": 0.9237161261386132, "width_max": 1.3010521080212598}