{"data_name": "ConcreteCompressiveStrength", "n_neighbors": 100, "level": 0.8, "random_state": 409, "test_size": 0.2, "n": 1030, "d": 8, "oob_score": 0.9089371067365589, "test_score": 0.8860846844377614, "coverage": 0.7815533980582524, "width_mean": 0.7042840135444036, "width_sd": 0.0554254426121576, "width_min": 0.5963439418096836, "width_q1": 0.6707861072626251, "width_q2": 0.6932511532924802, "width_q3": 0.7278390966252708, "width_max": 0.8747393628205482}