{"data_name": "ConcreteSlumpTest", "n_neighbors": "auto", "level": 0.9, "random_state": 1679, "test_size": 0.2, "n": 103, "d": 9, "oob_score": 0.7410592044700035, "test_score": 0.8161237760595266, "coverage": 0.9047619047619048, "width_mean": 1.3721699312348068, "width_sd": 0.26968524703648983, "width_min": 0.5530101773421884, "width_q1": 1.1611048354211349, "width_q2": 1.4337281921752911, "width_q3": 1.491833056168465, "width_max": 1.8587561884383064}