{"data_name": "ConcreteCompressiveStrength", "n_neighbors": 20, "level": 0.95, "random_state": 1424, "test_size": 0.2, "n": 1030, "d": 8, "oob_score": 0.9053364080099315, "test_score": 0.9255095358779298, "coverage": 0.9320388349514563, "width_mean": 0.9984027666462145, "width_sd": 0.3967170213743718, "width_min": 0.29859581575862015, "width_q1": 0.7192692052178505, "width_q2": 0.9262018234388396, "width_q3": 1.1493990793492064, "width_max": 2.515233497911596}