{"data_name": "ConcreteSlumpTest", "n_neighbors": 100, "level": 0.8, "random_state": 3657, "test_size": 0.2, "n": 103, "d": 9, "oob_score": 0.7715337577849344, "test_score": 0.7870365167112044, "coverage": 0.9047619047619048, "width_mean": 1.1989585563783294, "width_sd": 4.845410522502477e-17, "width_min": 1.1989585563783294, "width_q1": 1.1989585563783294, "width_q2": 1.1989585563783294, "width_q3": 1.1989585563783294, "width_max": 1.1989585563783296}