{"data_name": "ConcreteCompressiveStrength", "n_neighbors": 20, "level": 0.9, "random_state": 1679, "test_size": 0.2, "n": 1030, "d": 8, "oob_score": 0.9080721873467664, "test_score": 0.9021898250092618, "coverage": 0.8640776699029126, "width_mean": 0.7848258013432684, "width_sd": 0.2873192137899348, "width_min": 0.2837433937221132, "width_q1": 0.5951581454873214, "width_q2": 0.7062507273502359, "width_q3": 0.91787184508453, "width_max": 2.107942313380445}