{"data_name": "ConcreteCompressiveStrength", "n_neighbors": 500, "level": 0.8, "random_state": 1424, "test_size": 0.2, "n": 1030, "d": 8, "oob_score": 0.9053364080099315, "test_score": 0.9255095358779298, "coverage": 0.7864077669902912, "width_mean": 0.6429238511080531, "width_sd": 0.006002526274417011, "width_min": 0.633873703866302, "width_q1": 0.6386399034769061, "width_q2": 0.6411871643925027, "width_q3": 0.6467659103923313, "width_max": 0.6595277530093522}