{"data_name": "ConcreteCompressiveStrength", "n_neighbors": 50, "level": 0.9, "random_state": 2286, "test_size": 0.2, "n": 1030, "d": 8, "oob_score": 0.9123768518521445, "test_score": 0.921144258834218, "coverage": 0.8883495145631068, "width_mean": 0.8200879170197142, "width_sd": 0.17137699289500624, "width_min": 0.39791539970673573, "width_q1": 0.710386188248428, "width_q2": 0.8021862199779439, "width_q3": 0.9130541604126924, "width_max": 1.582395933291855}