{"data_name": "ConcreteCompressiveStrength", "n_neighbors": 10, "level": 0.95, "random_state": 4012, "test_size": 0.2, "n": 1030, "d": 8, "oob_score": 0.9044469166705538, "test_score": 0.9101923596087373, "coverage": 0.8349514563106796, "width_mean": 0.8851805899420391, "width_sd": 0.4749099446412417, "width_min": 0.18830485459396964, "width_q1": 0.5646908776074221, "width_q2": 0.7585687425901378, "width_q3": 1.0622125140656469, "width_max": 2.9495196647261577}