{"data_name": "ConcreteCompressiveStrength", "n_neighbors": 500, "level": 0.99, "random_state": 1679, "test_size": 0.2, "n": 1030, "d": 8, "oob_score": 0.9080721873467664, "test_score": 0.9021898250092618, "coverage": 0.9902912621359223, "width_mean": 2.062386669159255, "width_sd": 0.06102822128804395, "width_min": 1.9726673766988967, "width_q1": 1.972667376698897, "width_q2": 2.1056398638459575, "width_q3": 2.1056398638459575, "width_max": 2.1473963151062745}