{"data_name": "ConcreteCompressiveStrength", "n_neighbors": 500, "level": 0.9, "random_state": 1679, "test_size": 0.2, "n": 1030, "d": 8, "oob_score": 0.9080721873467664, "test_score": 0.9021898250092618, "coverage": 0.8689320388349514, "width_mean": 0.9701294706426137, "width_sd": 0.019745017558794018, "width_min": 0.9341155476567345, "width_q1": 0.940198594655662, "width_q2": 0.9768245590198582, "width_q3": 0.9831688276268647, "width_max": 1.0129275673798708}