{"data_name": "ConcreteCompressiveStrength", "n_neighbors": 5, "level": 0.9, "random_state": 3657, "test_size": 0.2, "n": 1030, "d": 8, "oob_score": 0.9141468476679196, "test_score": 0.902115072383955, "coverage": 0.7087378640776699, "width_mean": 0.5386989277406716, "width_sd": 0.28686913224840754, "width_min": 0.05130333169659407, "width_q1": 0.3152098662616842, "width_q2": 0.5013006806460026, "width_q3": 0.719969970653881, "width_max": 1.5812406789135933}