{"data_name": "ConcreteSlumpTest", "n_neighbors": 20, "level": 0.95, "random_state": 1424, "test_size": 0.2, "n": 103, "d": 9, "oob_score": 0.6856950326342898, "test_score": 0.7538262917030606, "coverage": 0.9523809523809523, "width_mean": 1.5736544431894486, "width_sd": 0.32998197329285445, "width_min": 1.0334129430373356, "width_q1": 1.3277364089243648, "width_q2": 1.4129367867266671, "width_q3": 1.7328382812706744, "width_max": 2.311575606417268}