{"data_name": "ConcreteSlumpTest", "n_neighbors": 20, "level": 0.8, "random_state": 1824, "test_size": 0.2, "n": 103, "d": 9, "oob_score": 0.7725426354549322, "test_score": 0.7687348688913548, "coverage": 0.5714285714285714, "width_mean": 0.8491095998275, "width_sd": 0.23092127930658882, "width_min": 0.5207482216958226, "width_q1": 0.6682774069766263, "width_q2": 0.7728558350111203, "width_q3": 1.03724720592586, "width_max": 1.427962829541216}