{"data_name": "ConcreteSlumpTest", "n_neighbors": 5, "level": 0.99, "random_state": 1424, "test_size": 0.2, "n": 103, "d": 9, "oob_score": 0.6856950326342898, "test_score": 0.7538262917030606, "coverage": 0.9523809523809523, "width_mean": 1.160280079693735, "width_sd": 0.5797310931076043, "width_min": 0.45827270638163375, "width_q1": 0.6968524689665234, "width_q2": 0.9980246730850877, "width_q3": 1.4410885497978447, "width_max": 2.5905539914984232}