{"data_name": "ConcreteCompressiveStrength", "n_neighbors": 1000, "level": 0.99, "random_state": 1424, "test_size": 0.2, "n": 1030, "d": 8, "oob_score": 0.9053364080099315, "test_score": 0.9255095358779298, "coverage": 1.0, "width_mean": 2.054787989962827, "width_sd": 5.482787765319624e-16, "width_min": 2.0547879899628274, "width_q1": 2.0547879899628274, "width_q2": 2.0547879899628274, "width_q3": 2.0547879899628274, "width_max": 2.054787989962828}