{"data_name": "ConcreteSlumpTest", "n_neighbors": "auto", "level": 0.9, "random_state": 4012, "test_size": 0.2, "n": 103, "d": 9, "oob_score": 0.8052529263425103, "test_score": 0.7111764740899398, "coverage": 0.8095238095238095, "width_mean": 1.1611990661136962, "width_sd": 0.2738329833336331, "width_min": 0.5034871183615809, "width_q1": 1.0679887963303853, "width_q2": 1.1789704430316088, "width_q3": 1.3565169877694971, "width_max": 1.6783865003446627}