{"data_name": "ConcreteCompressiveStrength", "n_neighbors": 5, "level": 0.8, "random_state": 1424, "test_size": 0.2, "n": 1030, "d": 8, "oob_score": 0.9053364080099315, "test_score": 0.9255095358779298, "coverage": 0.6844660194174758, "width_mean": 0.48887801140497206, "width_sd": 0.3322007725117474, "width_min": 0.019018400204084296, "width_q1": 0.25839418059820435, "width_q2": 0.40897964791029506, "width_q3": 0.6091431707116542, "width_max": 2.149722778134702}