{"data_name": "ConcreteSlumpTest", "n_neighbors": 20, "level": 0.99, "random_state": 409, "test_size": 0.2, "n": 103, "d": 9, "oob_score": 0.7628057233540584, "test_score": 0.8425330395990198, "coverage": 0.9523809523809523, "width_mean": 1.6711564780143293, "width_sd": 0.45209342414565323, "width_min": 0.9515754799529192, "width_q1": 1.2918750538817114, "width_q2": 1.656340025111756, "width_q3": 1.9817928883452647, "width_max": 2.922458946095568}