{"data_name": "ConcreteCompressiveStrength", "n_neighbors": 10, "level": 0.9, "random_state": 2286, "test_size": 0.2, "n": 1030, "d": 8, "oob_score": 0.9123768518521445, "test_score": 0.921144258834218, "coverage": 0.8495145631067961, "width_mean": 0.7047532922996896, "width_sd": 0.3317351899187045, "width_min": 0.09832639588721737, "width_q1": 0.47034234226453364, "width_q2": 0.6335023740334902, "width_q3": 0.8771098437114, "width_max": 2.404320943622393}