{"data_name": "ConcreteCompressiveStrength", "n_neighbors": 10, "level": 0.9, "random_state": 9674, "test_size": 0.2, "n": 1030, "d": 8, "oob_score": 0.9110107115932303, "test_score": 0.9122978376968222, "coverage": 0.8543689320388349, "width_mean": 0.7328850527843885, "width_sd": 0.4151823580191301, "width_min": 0.13418966270948718, "width_q1": 0.44862639812189076, "width_q2": 0.6407288365696631, "width_q3": 0.9189039173576454, "width_max": 2.483335098810392}