{"data_name": "ConcreteSlumpTest", "n_neighbors": "all", "level": 0.9, "random_state": 8935, "test_size": 0.2, "n": 103, "d": 9, "oob_score": 0.777103847529504, "test_score": 0.7388082036200501, "coverage": 1.0, "width_mean": 1.6949030143982498, "width_sd": 2.6539406435475e-16, "width_min": 1.6949030143982498, "width_q1": 1.6949030143982498, "width_q2": 1.69490301439825, "width_q3": 1.69490301439825, "width_max": 1.6949030143982502}