{"data_name": "ConcreteCompressiveStrength", "n_neighbors": 20, "level": 0.8, "random_state": 9674, "test_size": 0.2, "n": 1030, "d": 8, "oob_score": 0.9110107115932303, "test_score": 0.9122978376968222, "coverage": 0.8349514563106796, "width_mean": 0.6303480915316134, "width_sd": 0.24721457189834614, "width_min": 0.25571728164226415, "width_q1": 0.44557081271892074, "width_q2": 0.5961028597375293, "width_q3": 0.7813730011949264, "width_max": 1.7548433155167342}