{"data_name": "ConcreteCompressiveStrength", "n_neighbors": 20, "level": 0.8, "random_state": 4506, "test_size": 0.2, "n": 1030, "d": 8, "oob_score": 0.9094244607737588, "test_score": 0.9105436343987471, "coverage": 0.8446601941747572, "width_mean": 0.6421524861194567, "width_sd": 0.251596380322648, "width_min": 0.1603026291846168, "width_q1": 0.47490700022024945, "width_q2": 0.594372803433764, "width_q3": 0.7699196842905837, "width_max": 1.656448389955258}