{"data_name": "ConcreteCompressiveStrength", "n_neighbors": 100, "level": 0.9, "random_state": 2286, "test_size": 0.2, "n": 1030, "d": 8, "oob_score": 0.9123768518521445, "test_score": 0.921144258834218, "coverage": 0.8737864077669902, "width_mean": 0.8064600512516434, "width_sd": 0.10448524508080506, "width_min": 0.5967928965097387, "width_q1": 0.7443542026602192, "width_q2": 0.786015831339319, "width_q3": 0.8591487515440186, "width_max": 1.4344958284994416}