{"data_name": "ConcreteSlumpTest", "n_neighbors": "auto", "level": 0.8, "random_state": 1824, "test_size": 0.2, "n": 103, "d": 9, "oob_score": 0.7725426354549322, "test_score": 0.7687348688913548, "coverage": 0.5714285714285714, "width_mean": 0.8418088818370373, "width_sd": 0.2654591491468679, "width_min": 0.5207482216958226, "width_q1": 0.6191285677448171, "width_q2": 0.7521044599019933, "width_q3": 0.983004396305744, "width_max": 1.3898299683558295}