{"data_name": "ConcreteCompressiveStrength", "n_neighbors": 10, "level": 0.9, "random_state": 1679, "test_size": 0.2, "n": 1030, "d": 8, "oob_score": 0.9080721873467664, "test_score": 0.9021898250092618, "coverage": 0.8058252427184466, "width_mean": 0.7043375123209081, "width_sd": 0.3342245219332377, "width_min": 0.0832862732495423, "width_q1": 0.4703209712739381, "width_q2": 0.6317092999536982, "width_q3": 0.8652952149423059, "width_max": 2.1303527564478686}