{"data_name": "ConcreteCompressiveStrength", "n_neighbors": 10, "level": 0.99, "random_state": 4506, "test_size": 0.2, "n": 1030, "d": 8, "oob_score": 0.9094244607737588, "test_score": 0.9105436343987471, "coverage": 0.8932038834951457, "width_mean": 0.9389775400122732, "width_sd": 0.44499398174846916, "width_min": 0.11210909048844409, "width_q1": 0.6605891671752551, "width_q2": 0.8574545708699406, "width_q3": 1.0912045677597841, "width_max": 2.894776746779347}