{"data_name": "ConcreteCompressiveStrength", "n_neighbors": 5, "level": 0.99, "random_state": 409, "test_size": 0.2, "n": 1030, "d": 8, "oob_score": 0.9089371067365589, "test_score": 0.8860846844377614, "coverage": 0.7669902912621359, "width_mean": 0.6866706393037054, "width_sd": 0.5058399970347475, "width_min": 0.07502111260531752, "width_q1": 0.3156738859034256, "width_q2": 0.5543655293047555, "width_q3": 0.9393666459979129, "width_max": 3.3267506794757513}