{"data_name": "ConcreteCompressiveStrength", "n_neighbors": "auto", "level": 0.99, "random_state": 3657, "test_size": 0.2, "n": 1030, "d": 8, "oob_score": 0.9141468476679196, "test_score": 0.902115072383955, "coverage": 0.9368932038834952, "width_mean": 1.086737976435115, "width_sd": 0.4263238975885744, "width_min": 0.26927507898195224, "width_q1": 0.8414941936145527, "width_q2": 1.0080321099839566, "width_q3": 1.3106574248207823, "width_max": 2.688595956576245}