{"data_name": "ConcreteSlumpTest", "n_neighbors": 20, "level": 0.95, "random_state": 4506, "test_size": 0.2, "n": 103, "d": 9, "oob_score": 0.7902806188084024, "test_score": 0.7999546452313802, "coverage": 0.9523809523809523, "width_mean": 1.474251671423273, "width_sd": 0.16650607812627305, "width_min": 1.2171656300556337, "width_q1": 1.3521710039083823, "width_q2": 1.418470014537832, "width_q3": 1.6407845918264676, "width_max": 1.820102210234007}