{"data_name": "ConcreteCompressiveStrength", "n_neighbors": 10, "level": 0.9, "random_state": 3657, "test_size": 0.2, "n": 1030, "d": 8, "oob_score": 0.9141468476679196, "test_score": 0.902115072383955, "coverage": 0.8155339805825242, "width_mean": 0.7110551133414488, "width_sd": 0.3018728245683758, "width_min": 0.1065763483507125, "width_q1": 0.5112711081372712, "width_q2": 0.6831595127376957, "width_q3": 0.8663888689153221, "width_max": 2.136682476671909}