{"data_name": "ConcreteSlumpTest", "n_neighbors": 10, "level": 0.8, "random_state": 1424, "test_size": 0.2, "n": 103, "d": 9, "oob_score": 0.6856950326342898, "test_score": 0.7538262917030606, "coverage": 0.9523809523809523, "width_mean": 0.9574463989551282, "width_sd": 0.3159689049076085, "width_min": 0.44802814551067605, "width_q1": 0.8184078255167115, "width_q2": 0.9311222273956563, "width_q3": 1.065310495612677, "width_max": 2.059346700831188}