{"data_name": "ConcreteSlumpTest", "n_neighbors": 10, "level": 0.9, "random_state": 2286, "test_size": 0.2, "n": 103, "d": 9, "oob_score": 0.7597821658397921, "test_score": 0.7755009922532942, "coverage": 1.0, "width_mean": 1.1499070414032975, "width_sd": 0.33024492027539665, "width_min": 0.5945930132748498, "width_q1": 0.9753843719526465, "width_q2": 1.147877449937024, "width_q3": 1.3503456116148658, "width_max": 1.9236585746014565}