{"data_name": "ConcreteCompressiveStrength", "n_neighbors": "all", "level": 0.95, "random_state": 8935, "test_size": 0.2, "n": 1030, "d": 8, "oob_score": 0.9077080889321628, "test_score": 0.9090665322934884, "coverage": 0.9514563106796117, "width_mean": 1.1988206744124474, "width_sd": 2.2789588436815093e-16, "width_min": 1.1988206744124474, "width_q1": 1.1988206744124477, "width_q2": 1.1988206744124477, "width_q3": 1.1988206744124477, "width_max": 1.1988206744124479}