{"data_name": "ConcreteSlumpTest", "n_neighbors": 20, "level": 0.8, "random_state": 1679, "test_size": 0.2, "n": 103, "d": 9, "oob_score": 0.7410592044700035, "test_score": 0.8161237760595266, "coverage": 0.7619047619047619, "width_mean": 1.0642841714893243, "width_sd": 0.2570802503451214, "width_min": 0.6759119970366076, "width_q1": 0.9253486162191484, "width_q2": 1.029861859887344, "width_q3": 1.1840961342373877, "width_max": 1.6435452081123776}