{"data_name": "ConcreteCompressiveStrength", "n_neighbors": 20, "level": 0.8, "random_state": 1824, "test_size": 0.2, "n": 1030, "d": 8, "oob_score": 0.9144541933260778, "test_score": 0.8747595859302015, "coverage": 0.8009708737864077, "width_mean": 0.6294663450473125, "width_sd": 0.21463349208363647, "width_min": 0.22885108155288647, "width_q1": 0.47217870694102554, "width_q2": 0.5956946107217538, "width_q3": 0.7355401574769109, "width_max": 1.5937804899290708}