{"data_name": "ConcreteSlumpTest", "n_neighbors": 100, "level": 0.9, "random_state": 2286, "test_size": 0.2, "n": 103, "d": 9, "oob_score": 0.7597821658397921, "test_score": 0.7755009922532942, "coverage": 1.0, "width_mean": 1.5654416903820743, "width_sd": 2.220446049250313e-16, "width_min": 1.5654416903820745, "width_q1": 1.5654416903820745, "width_q2": 1.5654416903820745, "width_q3": 1.5654416903820745, "width_max": 1.5654416903820745}