{"data_name": "ConcreteCompressiveStrength", "n_neighbors": "auto", "level": 0.8, "random_state": 8935, "test_size": 0.2, "n": 1030, "d": 8, "oob_score": 0.9077080889321628, "test_score": 0.9090665322934884, "coverage": 0.7766990291262136, "width_mean": 0.5992629032176966, "width_sd": 0.2143827911639643, "width_min": 0.08516171115886473, "width_q1": 0.46233840060882286, "width_q2": 0.5901760738696133, "width_q3": 0.7388188719397363, "width_max": 1.2697848001488303}