{"data_name": "ConcreteCompressiveStrength", "n_neighbors": 20, "level": 0.8, "random_state": 1679, "test_size": 0.2, "n": 1030, "d": 8, "oob_score": 0.9080721873467664, "test_score": 0.9021898250092618, "coverage": 0.7669902912621359, "width_mean": 0.6045074789588536, "width_sd": 0.20162034257292072, "width_min": 0.22200882510718012, "width_q1": 0.4660320899482646, "width_q2": 0.5717158237450488, "width_q3": 0.7113821010031797, "width_max": 1.3651595765805495}