{"data_name": "ConcreteSlumpTest", "n_neighbors": 100, "level": 0.9, "random_state": 4506, "test_size": 0.2, "n": 103, "d": 9, "oob_score": 0.7902806188084024, "test_score": 0.7999546452313802, "coverage": 0.9047619047619048, "width_mean": 1.3600594483243518, "width_sd": 1.6784994417006302e-16, "width_min": 1.3600594483243515, "width_q1": 1.3600594483243515, "width_q2": 1.3600594483243515, "width_q3": 1.3600594483243518, "width_max": 1.3600594483243518}