{"data_name": "ConcreteSlumpTest", "n_neighbors": 20, "level": 0.99, "random_state": 9674, "test_size": 0.2, "n": 103, "d": 9, "oob_score": 0.78994557425148, "test_score": 0.8420143456423, "coverage": 0.9523809523809523, "width_mean": 1.753783363829129, "width_sd": 0.48587367390954395, "width_min": 1.0038929668878425, "width_q1": 1.389756278352463, "width_q2": 1.636826052036769, "width_q3": 2.2027880553365993, "width_max": 2.537002993483619}