{"data_name": "ConcreteCompressiveStrength", "n_neighbors": 10, "level": 0.95, "random_state": 1679, "test_size": 0.2, "n": 1030, "d": 8, "oob_score": 0.9080721873467664, "test_score": 0.9021898250092618, "coverage": 0.8689320388349514, "width_mean": 0.7892120965356738, "width_sd": 0.383057996805742, "width_min": 0.08798328254055843, "width_q1": 0.5266448788878237, "width_q2": 0.7102624657289971, "width_q3": 0.954524636942149, "width_max": 2.4809102420239606}