{"data_name": "ConcreteCompressiveStrength", "n_neighbors": 10, "level": 0.8, "random_state": 4506, "test_size": 0.2, "n": 1030, "d": 8, "oob_score": 0.9094244607737588, "test_score": 0.9105436343987471, "coverage": 0.8203883495145631, "width_mean": 0.6055868930474201, "width_sd": 0.3005111137666242, "width_min": 0.04175498021998636, "width_q1": 0.42615094523831587, "width_q2": 0.5668207333046823, "width_q3": 0.7375643179860971, "width_max": 1.7705999399322314}