{"data_name": "ConcreteSlumpTest", "n_neighbors": 10, "level": 0.95, "random_state": 2286, "test_size": 0.2, "n": 103, "d": 9, "oob_score": 0.7597821658397921, "test_score": 0.7755009922532942, "coverage": 1.0, "width_mean": 1.2391950632350646, "width_sd": 0.3479309105851199, "width_min": 0.6061632316027479, "width_q1": 1.095998829388356, "width_q2": 1.2503005230451114, "width_q3": 1.4232963176819475, "width_max": 2.0713602141387586}