{"data_name": "ConcreteSlumpTest", "n_neighbors": 10, "level": 0.95, "random_state": 8935, "test_size": 0.2, "n": 103, "d": 9, "oob_score": 0.777103847529504, "test_score": 0.7388082036200501, "coverage": 0.9047619047619048, "width_mean": 1.177427934881495, "width_sd": 0.3771614720030154, "width_min": 0.46097743701948135, "width_q1": 0.8952071477760553, "width_q2": 1.1056394673134045, "width_q3": 1.5863367778772184, "width_max": 1.8410544135823728}