{"data_name": "ConcreteCompressiveStrength", "n_neighbors": 10, "level": 0.95, "random_state": 1824, "test_size": 0.2, "n": 1030, "d": 8, "oob_score": 0.9144541933260778, "test_score": 0.8747595859302015, "coverage": 0.8300970873786407, "width_mean": 0.8008957582384129, "width_sd": 0.315742002702695, "width_min": 0.23715090729550314, "width_q1": 0.5632308848914209, "width_q2": 0.7532386517777468, "width_q3": 0.957647764265324, "width_max": 1.7516362184803915}