{"data_name": "ConcreteCompressiveStrength", "n_neighbors": 50, "level": 0.8, "random_state": 1424, "test_size": 0.2, "n": 1030, "d": 8, "oob_score": 0.9053364080099315, "test_score": 0.9255095358779298, "coverage": 0.8155339805825242, "width_mean": 0.6686760444442588, "width_sd": 0.11426127573079015, "width_min": 0.41578437452355144, "width_q1": 0.597361955105124, "width_q2": 0.6603669406964219, "width_q3": 0.7298840965180028, "width_max": 1.0912110409792986}