{"data_name": "ConcreteCompressiveStrength", "n_neighbors": 500, "level": 0.99, "random_state": 8935, "test_size": 0.2, "n": 1030, "d": 8, "oob_score": 0.9077080889321628, "test_score": 0.9090665322934884, "coverage": 0.9951456310679612, "width_mean": 1.991489434228135, "width_sd": 0.06906112875604654, "width_min": 1.9237872905260032, "width_q1": 1.9237872905260034, "width_q2": 1.9506449169403206, "width_q3": 2.053038300487741, "width_max": 2.2200124577333}