{"data_name": "ConcreteSlumpTest", "n_neighbors": 5, "level": 0.95, "random_state": 3657, "test_size": 0.2, "n": 103, "d": 9, "oob_score": 0.7715337577849344, "test_score": 0.7870365167112044, "coverage": 0.7619047619047619, "width_mean": 0.9129374362579407, "width_sd": 0.27346112006515594, "width_min": 0.5483303480207793, "width_q1": 0.7258379879126987, "width_q2": 0.8576226796010646, "width_q3": 1.0209437122203386, "width_max": 1.4377565685737088}