{"data_name": "ConcreteSlumpTest", "n_neighbors": 5, "level": 0.95, "random_state": 1679, "test_size": 0.2, "n": 103, "d": 9, "oob_score": 0.7410592044700035, "test_score": 0.8161237760595266, "coverage": 0.6666666666666666, "width_mean": 0.9435858061021489, "width_sd": 0.4297150278572079, "width_min": 0.4298510221671916, "width_q1": 0.6449928351653101, "width_q2": 0.827726264194057, "width_q3": 1.1456604785074247, "width_max": 1.973840057161611}