{"data_name": "ConcreteCompressiveStrength", "n_neighbors": 5, "level": 0.99, "random_state": 2286, "test_size": 0.2, "n": 1030, "d": 8, "oob_score": 0.9123768518521445, "test_score": 0.921144258834218, "coverage": 0.7621359223300971, "width_mean": 0.5997917724158133, "width_sd": 0.38905846716008496, "width_min": 0.0023385919959479917, "width_q1": 0.3374649934587981, "width_q2": 0.5095698563961695, "width_q3": 0.7603382589942362, "width_max": 2.778783361646396}