{"data_name": "ConcreteCompressiveStrength", "n_neighbors": 10, "level": 0.8, "random_state": 8935, "test_size": 0.2, "n": 1030, "d": 8, "oob_score": 0.9077080889321628, "test_score": 0.9090665322934884, "coverage": 0.7572815533980582, "width_mean": 0.5641877953556595, "width_sd": 0.27421698187128435, "width_min": 0.0990834038912698, "width_q1": 0.3825153735599016, "width_q2": 0.5188209664578846, "width_q3": 0.6622665407415476, "width_max": 1.6195482178516736}