{"data_name": "ConcreteCompressiveStrength", "n_neighbors": 50, "level": 0.95, "random_state": 1824, "test_size": 0.2, "n": 1030, "d": 8, "oob_score": 0.9144541933260778, "test_score": 0.8747595859302015, "coverage": 0.9320388349514563, "width_mean": 1.1636413967986277, "width_sd": 0.15449517771719015, "width_min": 0.7523692859440136, "width_q1": 1.0856336718836146, "width_q2": 1.120821143621551, "width_q3": 1.206500542472718, "width_max": 1.809076806161828}