{"data_name": "ConcreteCompressiveStrength", "n_neighbors": 200, "level": 0.8, "random_state": 2286, "test_size": 0.2, "n": 1030, "d": 8, "oob_score": 0.9123768518521445, "test_score": 0.921144258834218, "coverage": 0.8009708737864077, "width_mean": 0.6178574330802814, "width_sd": 0.020455301891844264, "width_min": 0.5706838019752671, "width_q1": 0.6073461737142343, "width_q2": 0.6189145386797814, "width_q3": 0.626941992877675, "width_max": 0.6923706148119764}