{"data_name": "ConcreteSlumpTest", "n_neighbors": 50, "level": 0.95, "random_state": 1679, "test_size": 0.2, "n": 103, "d": 9, "oob_score": 0.7410592044700035, "test_score": 0.8161237760595266, "coverage": 0.9523809523809523, "width_mean": 1.8488336703593722, "width_sd": 0.13262011237800947, "width_min": 1.6493351718676168, "width_q1": 1.769266708963639, "width_q2": 1.8049079184684573, "width_q3": 1.8239191303216438, "width_max": 2.1283166353380993}