{"data_name": "ConcreteCompressiveStrength", "n_neighbors": 1000, "level": 0.9, "random_state": 4012, "test_size": 0.2, "n": 1030, "d": 8, "oob_score": 0.9044469166705538, "test_score": 0.9101923596087373, "coverage": 0.8543689320388349, "width_mean": 0.9007813707365369, "width_sd": 7.888479282319237e-17, "width_min": 0.9007813707365366, "width_q1": 0.9007813707365369, "width_q2": 0.9007813707365369, "width_q3": 0.9007813707365369, "width_max": 0.9007813707365373}