{"data_name": "ConcreteSlumpTest", "n_neighbors": 100, "level": 0.9, "random_state": 3657, "test_size": 0.2, "n": 103, "d": 9, "oob_score": 0.7715337577849344, "test_score": 0.7870365167112044, "coverage": 0.9523809523809523, "width_mean": 1.7158863484953177, "width_sd": 0.0, "width_min": 1.7158863484953177, "width_q1": 1.7158863484953177, "width_q2": 1.7158863484953177, "width_q3": 1.7158863484953177, "width_max": 1.7158863484953177}