{"data_name": "ConcreteCompressiveStrength", "n_neighbors": 100, "level": 0.9, "random_state": 8935, "test_size": 0.2, "n": 1030, "d": 8, "oob_score": 0.9077080889321628, "test_score": 0.9090665322934884, "coverage": 0.9223300970873787, "width_mean": 0.945762392619539, "width_sd": 0.04562351913213537, "width_min": 0.8855316002315266, "width_q1": 0.9145148809339712, "width_q2": 0.9281234569880727, "width_q3": 0.9682366168723933, "width_max": 1.1191812156580259}