{"data_name": "ConcreteSlumpTest", "n_neighbors": 5, "level": 0.99, "random_state": 4012, "test_size": 0.2, "n": 103, "d": 9, "oob_score": 0.8052529263425103, "test_score": 0.7111764740899398, "coverage": 0.7619047619047619, "width_mean": 0.9638068909875182, "width_sd": 0.41095832075512817, "width_min": 0.32047039340278305, "width_q1": 0.7257228456529488, "width_q2": 0.8643032147017222, "width_q3": 1.2045804048523467, "width_max": 2.05483561871455}