{"data_name": "ConcreteSlumpTest", "n_neighbors": 50, "level": 0.8, "random_state": 2286, "test_size": 0.2, "n": 103, "d": 9, "oob_score": 0.7597821658397921, "test_score": 0.7755009922532942, "coverage": 1.0, "width_mean": 1.1711287098161212, "width_sd": 0.16066201816139586, "width_min": 0.8773425707771167, "width_q1": 1.0494902460367048, "width_q2": 1.1124405601401175, "width_q3": 1.3562512822379915, "width_max": 1.4017498851131647}