{"data_name": "ConcreteCompressiveStrength", "n_neighbors": 1000, "level": 0.95, "random_state": 2286, "test_size": 0.2, "n": 1030, "d": 8, "oob_score": 0.9123768518521445, "test_score": 0.921144258834218, "coverage": 0.9466019417475728, "width_mean": 1.1955882049985644, "width_sd": 2.220446049250313e-16, "width_min": 1.1955882049985642, "width_q1": 1.1955882049985642, "width_q2": 1.1955882049985642, "width_q3": 1.1955882049985642, "width_max": 1.1955882049985642}