{"data_name": "ConcreteCompressiveStrength", "n_neighbors": 500, "level": 0.8, "random_state": 1679, "test_size": 0.2, "n": 1030, "d": 8, "oob_score": 0.9080721873467664, "test_score": 0.9021898250092618, "coverage": 0.7815533980582524, "width_mean": 0.6856837244483358, "width_sd": 0.0071118327555493195, "width_min": 0.6651641531848203, "width_q1": 0.6819621777864401, "width_q2": 0.6837115714075986, "width_q3": 0.6914754127994673, "width_max": 0.7012909379568946}