{"data_name": "ConcreteCompressiveStrength", "n_neighbors": 5, "level": 0.95, "random_state": 409, "test_size": 0.2, "n": 1030, "d": 8, "oob_score": 0.9089371067365589, "test_score": 0.8860846844377614, "coverage": 0.7524271844660194, "width_mean": 0.652896357097978, "width_sd": 0.47753381853989874, "width_min": 0.06928699357766499, "width_q1": 0.29757038123454327, "width_q2": 0.5288214025966298, "width_q3": 0.8961026323342972, "width_max": 3.1388391296052722}