{"data_name": "ConcreteSlumpTest", "n_neighbors": "auto", "level": 0.99, "random_state": 3657, "test_size": 0.2, "n": 103, "d": 9, "oob_score": 0.7715337577849344, "test_score": 0.7870365167112044, "coverage": 0.9523809523809523, "width_mean": 1.8453694390680913, "width_sd": 0.4571056110070888, "width_min": 1.290543563944894, "width_q1": 1.3622480963645502, "width_q2": 1.7417603039702163, "width_q3": 2.1775462817369444, "width_max": 2.6955325179770595}