{"data_name": "ConcreteSlumpTest", "n_neighbors": 10, "level": 0.9, "random_state": 3657, "test_size": 0.2, "n": 103, "d": 9, "oob_score": 0.7715337577849344, "test_score": 0.7870365167112044, "coverage": 0.8571428571428571, "width_mean": 1.11664548115905, "width_sd": 0.2508794261596528, "width_min": 0.6136789587891895, "width_q1": 1.0889027711027266, "width_q2": 1.1771963525694946, "width_q3": 1.2675534807948967, "width_max": 1.5446267627639574}