{"data_name": "ConcreteCompressiveStrength", "n_neighbors": 200, "level": 0.99, "random_state": 3657, "test_size": 0.2, "n": 1030, "d": 8, "oob_score": 0.9141468476679196, "test_score": 0.902115072383955, "coverage": 0.9660194174757282, "width_mean": 1.5864412848967615, "width_sd": 0.05257361972574704, "width_min": 1.513839371292336, "width_q1": 1.5556777537194004, "width_q2": 1.5985202649428922, "width_q3": 1.5985202649428922, "width_max": 1.7629614343452853}