{"data_name": "ConcreteCompressiveStrength", "n_neighbors": 500, "level": 0.99, "random_state": 2286, "test_size": 0.2, "n": 1030, "d": 8, "oob_score": 0.9123768518521445, "test_score": 0.921144258834218, "coverage": 0.9805825242718447, "width_mean": 1.8556055809016219, "width_sd": 0.01900048913864051, "width_min": 1.8032197998903308, "width_q1": 1.848944738268388, "width_q2": 1.8489447382683881, "width_q3": 1.8489447382683881, "width_max": 1.9472590591979444}