{"data_name": "ConcreteCompressiveStrength", "n_neighbors": 100, "level": 0.99, "random_state": 409, "test_size": 0.2, "n": 1030, "d": 8, "oob_score": 0.9089371067365589, "test_score": 0.8860846844377614, "coverage": 0.970873786407767, "width_mean": 1.5964127156427694, "width_sd": 0.30599704157305274, "width_min": 1.3519834677924485, "width_q1": 1.4113137507166402, "width_q2": 1.5040482254613865, "width_q3": 1.6040536983893703, "width_max": 2.603680409001754}