{"data_name": "ConcreteSlumpTest", "n_neighbors": 10, "level": 0.9, "random_state": 4012, "test_size": 0.2, "n": 103, "d": 9, "oob_score": 0.8052529263425103, "test_score": 0.7111764740899398, "coverage": 0.7142857142857143, "width_mean": 1.049154151262897, "width_sd": 0.26647153438313453, "width_min": 0.3771329306203235, "width_q1": 0.9059159626694454, "width_q2": 1.033823991444414, "width_q3": 1.1168800247767274, "width_max": 1.699941050145811}