{"data_name": "ConcreteCompressiveStrength", "n_neighbors": "auto", "level": 0.99, "random_state": 9674, "test_size": 0.2, "n": 1030, "d": 8, "oob_score": 0.9110107115932303, "test_score": 0.9122978376968222, "coverage": 0.9368932038834952, "width_mean": 1.2006491555614591, "width_sd": 0.6344678783143255, "width_min": 0.18458540754610597, "width_q1": 0.7605048490298872, "width_q2": 1.0712225417851395, "width_q3": 1.4674885843065715, "width_max": 2.9583912056918784}