{"data_name": "ConcreteSlumpTest", "n_neighbors": 5, "level": 0.9, "random_state": 4506, "test_size": 0.2, "n": 103, "d": 9, "oob_score": 0.7902806188084024, "test_score": 0.7999546452313802, "coverage": 0.7619047619047619, "width_mean": 0.8910778117806469, "width_sd": 0.2640271008156875, "width_min": 0.5061844033262977, "width_q1": 0.673282160884463, "width_q2": 0.918837644418923, "width_q3": 1.0334545703359193, "width_max": 1.3924027242237018}