{"data_name": "ConcreteSlumpTest", "n_neighbors": 100, "level": 0.99, "random_state": 409, "test_size": 0.2, "n": 103, "d": 9, "oob_score": 0.7628057233540584, "test_score": 0.8425330395990198, "coverage": 1.0, "width_mean": 2.614751589047723, "width_sd": 4.440892098500626e-16, "width_min": 2.6147515890477235, "width_q1": 2.6147515890477235, "width_q2": 2.6147515890477235, "width_q3": 2.6147515890477235, "width_max": 2.6147515890477235}