{"data_name": "ConcreteCompressiveStrength", "n_neighbors": 500, "level": 0.95, "random_state": 1679, "test_size": 0.2, "n": 1030, "d": 8, "oob_score": 0.9080721873467664, "test_score": 0.9021898250092618, "coverage": 0.9514563106796117, "width_mean": 1.287533575711088, "width_sd": 0.0069569910375890665, "width_min": 1.2793969622353099, "width_q1": 1.2865529002851992, "width_q2": 1.2865529002851992, "width_q3": 1.2865529002851992, "width_max": 1.3049015679200369}