{"data_name": "ConcreteCompressiveStrength", "n_neighbors": 20, "level": 0.95, "random_state": 4506, "test_size": 0.2, "n": 1030, "d": 8, "oob_score": 0.9094244607737588, "test_score": 0.9105436343987471, "coverage": 0.9368932038834952, "width_mean": 1.05172953490034, "width_sd": 0.3741089492377009, "width_min": 0.3503793755011001, "width_q1": 0.8030389437802412, "width_q2": 0.9743832570338092, "width_q3": 1.199946043761515, "width_max": 2.5268711360773435}