{"data_name": "ConcreteCompressiveStrength", "n_neighbors": 50, "level": 0.99, "random_state": 2286, "test_size": 0.2, "n": 1030, "d": 8, "oob_score": 0.9123768518521445, "test_score": 0.921144258834218, "coverage": 0.9611650485436893, "width_mean": 1.2754993024747936, "width_sd": 0.36273573167129347, "width_min": 0.7154186020438928, "width_q1": 1.0499200513118905, "width_q2": 1.1284367178047088, "width_q3": 1.3703150022249582, "width_max": 2.7137520463649647}