{"data_name": "ConcreteSlumpTest", "n_neighbors": 5, "level": 0.9, "random_state": 2286, "test_size": 0.2, "n": 103, "d": 9, "oob_score": 0.7597821658397921, "test_score": 0.7755009922532942, "coverage": 0.8571428571428571, "width_mean": 1.0148378216167044, "width_sd": 0.3881680323994216, "width_min": 0.19835783032829724, "width_q1": 0.7423860668395865, "width_q2": 1.1397407383340101, "width_q3": 1.2400970304107317, "width_max": 1.6352980406470103}