{"data_name": "ConcreteCompressiveStrength", "n_neighbors": 20, "level": 0.9, "random_state": 8935, "test_size": 0.2, "n": 1030, "d": 8, "oob_score": 0.9077080889321628, "test_score": 0.9090665322934884, "coverage": 0.8737864077669902, "width_mean": 0.8657886710919983, "width_sd": 0.2697798451569678, "width_min": 0.41755350278386577, "width_q1": 0.6878253348808563, "width_q2": 0.8320827637115682, "width_q3": 0.9680342354382941, "width_max": 2.183186053052597}