{"data_name": "ConcreteCompressiveStrength", "n_neighbors": 20, "level": 0.8, "random_state": 4012, "test_size": 0.2, "n": 1030, "d": 8, "oob_score": 0.9044469166705538, "test_score": 0.9101923596087373, "coverage": 0.7718446601941747, "width_mean": 0.6221455323261627, "width_sd": 0.23237662279987098, "width_min": 0.21367552044359783, "width_q1": 0.45384755459693127, "width_q2": 0.5781268119978904, "width_q3": 0.7474267242830535, "width_max": 1.5130834738157284}