{"data_name": "ConcreteSlumpTest", "n_neighbors": "auto", "level": 0.99, "random_state": 4012, "test_size": 0.2, "n": 103, "d": 9, "oob_score": 0.8052529263425103, "test_score": 0.7111764740899398, "coverage": 0.8571428571428571, "width_mean": 1.6158528442320899, "width_sd": 0.43799925736983003, "width_min": 0.6233576309937707, "width_q1": 1.3831415453486913, "width_q2": 1.6618895199513481, "width_q3": 1.7979864909637757, "width_max": 2.8541868399742265}