{"data_name": "ConcreteSlumpTest", "n_neighbors": 5, "level": 0.9, "random_state": 1679, "test_size": 0.2, "n": 103, "d": 9, "oob_score": 0.7410592044700035, "test_score": 0.8161237760595266, "coverage": 0.6190476190476191, "width_mean": 0.8935316652010189, "width_sd": 0.41440321838036076, "width_min": 0.40112761323371987, "width_q1": 0.608080867104775, "width_q2": 0.7847417663135905, "width_q3": 1.0523248016194873, "width_max": 1.9132139712658942}