{"data_name": "ConcreteCompressiveStrength", "n_neighbors": "all", "level": 0.9, "random_state": 1679, "test_size": 0.2, "n": 1030, "d": 8, "oob_score": 0.9080721873467664, "test_score": 0.9021898250092618, "coverage": 0.8300970873786407, "width_mean": 0.8700491382517568, "width_sd": 2.6048525631818306e-16, "width_min": 0.870049138251757, "width_q1": 0.870049138251757, "width_q2": 0.870049138251757, "width_q3": 0.870049138251757, "width_max": 0.8700491382517572}