{"data_name": "ConcreteCompressiveStrength", "n_neighbors": "auto", "level": 0.9, "random_state": 1424, "test_size": 0.2, "n": 1030, "d": 8, "oob_score": 0.9053364080099315, "test_score": 0.9255095358779298, "coverage": 0.8786407766990292, "width_mean": 0.8035322351505976, "width_sd": 0.33767358857276886, "width_min": 0.03500035862160633, "width_q1": 0.557567083121117, "width_q2": 0.7953161989581176, "width_q3": 0.966096963030938, "width_max": 1.8824851692012747}