{"data_name": "ConcreteCompressiveStrength", "n_neighbors": "auto", "level": 0.99, "random_state": 2286, "test_size": 0.2, "n": 1030, "d": 8, "oob_score": 0.9123768518521445, "test_score": 0.921144258834218, "coverage": 0.941747572815534, "width_mean": 1.1358363851673314, "width_sd": 0.5106654316805102, "width_min": 0.20726014682057037, "width_q1": 0.7938180638683545, "width_q2": 1.0257821725034488, "width_q3": 1.3760088863315798, "width_max": 2.8497300075151206}