{"data_name": "ConcreteSlumpTest", "n_neighbors": 20, "level": 0.8, "random_state": 8935, "test_size": 0.2, "n": 103, "d": 9, "oob_score": 0.777103847529504, "test_score": 0.7388082036200501, "coverage": 0.8571428571428571, "width_mean": 1.0199384977332482, "width_sd": 0.18064577571828005, "width_min": 0.7814539727512885, "width_q1": 0.8850518372730005, "width_q2": 0.955937218658274, "width_q3": 1.2090641952195704, "width_max": 1.3839073297312128}