{"data_name": "ConcreteSlumpTest", "n_neighbors": 5, "level": 0.8, "random_state": 4012, "test_size": 0.2, "n": 103, "d": 9, "oob_score": 0.8052529263425103, "test_score": 0.7111764740899398, "coverage": 0.5238095238095238, "width_mean": 0.7112650822934756, "width_sd": 0.2797134901668212, "width_min": 0.2678066481022656, "width_q1": 0.5952191825624307, "width_q2": 0.6899411949631904, "width_q3": 0.8242070284009169, "width_max": 1.3639175654298232}