{"data_name": "ConcreteCompressiveStrength", "n_neighbors": 5, "level": 0.99, "random_state": 1679, "test_size": 0.2, "n": 1030, "d": 8, "oob_score": 0.9080721873467664, "test_score": 0.9021898250092618, "coverage": 0.7621359223300971, "width_mean": 0.6065037732799139, "width_sd": 0.3857629409495984, "width_min": 0.03394854240320022, "width_q1": 0.3072726632796857, "width_q2": 0.5297805577360792, "width_q3": 0.7981775671952238, "width_max": 2.46180592292421}