{"data_name": "ConcreteCompressiveStrength", "n_neighbors": 500, "level": 0.8, "random_state": 4506, "test_size": 0.2, "n": 1030, "d": 8, "oob_score": 0.9094244607737588, "test_score": 0.9105436343987471, "coverage": 0.8543689320388349, "width_mean": 0.6480736626564259, "width_sd": 0.008327973403888507, "width_min": 0.6383281568265702, "width_q1": 0.6419551881364155, "width_q2": 0.6445279040896836, "width_q3": 0.6501865869719468, "width_max": 0.6791335906415796}