{"data_name": "ConcreteCompressiveStrength", "n_neighbors": "auto", "level": 0.99, "random_state": 1679, "test_size": 0.2, "n": 1030, "d": 8, "oob_score": 0.9080721873467664, "test_score": 0.9021898250092618, "coverage": 0.9320388349514563, "width_mean": 1.1178719730518905, "width_sd": 0.5598871972090337, "width_min": 0.03394854240320022, "width_q1": 0.7373612589789763, "width_q2": 0.9981550203183486, "width_q3": 1.3452159631826304, "width_max": 2.7959477049028183}