{"data_name": "ConcreteSlumpTest", "n_neighbors": "auto", "level": 0.99, "random_state": 2286, "test_size": 0.2, "n": 103, "d": 9, "oob_score": 0.7597821658397921, "test_score": 0.7755009922532942, "coverage": 1.0, "width_mean": 1.776132544057873, "width_sd": 0.3414175269773446, "width_min": 1.130899818618036, "width_q1": 1.502443233552471, "width_q2": 1.7435791705125325, "width_q3": 1.9912518040777063, "width_max": 2.294458822905111}