{"data_name": "ConcreteSlumpTest", "n_neighbors": 10, "level": 0.9, "random_state": 1824, "test_size": 0.2, "n": 103, "d": 9, "oob_score": 0.7725426354549322, "test_score": 0.7687348688913548, "coverage": 0.6666666666666666, "width_mean": 1.041683448940473, "width_sd": 0.4322497671561109, "width_min": 0.42472442117413556, "width_q1": 0.7421837731300367, "width_q2": 0.9414444380241376, "width_q3": 1.2789500960686486, "width_max": 2.1370866789922522}