{"data_name": "ConcreteCompressiveStrength", "n_neighbors": 10, "level": 0.8, "random_state": 9674, "test_size": 0.2, "n": 1030, "d": 8, "oob_score": 0.9110107115932303, "test_score": 0.9122978376968222, "coverage": 0.7815533980582524, "width_mean": 0.5399434584387087, "width_sd": 0.29544651544238376, "width_min": 0.05269009431187066, "width_q1": 0.3312187032045335, "width_q2": 0.4854180307342779, "width_q3": 0.6775772094188598, "width_max": 2.0554906974995637}