{"data_name": "ConcreteCompressiveStrength", "n_neighbors": 1000, "level": 0.8, "random_state": 9674, "test_size": 0.2, "n": 1030, "d": 8, "oob_score": 0.9110107115932303, "test_score": 0.9122978376968222, "coverage": 0.7572815533980582, "width_mean": 0.6113458454436166, "width_sd": 1.1102230246251565e-16, "width_min": 0.6113458454436165, "width_q1": 0.6113458454436165, "width_q2": 0.6113458454436165, "width_q3": 0.6113458454436165, "width_max": 0.6113458454436167}