{"data_name": "ConcreteSlumpTest", "n_neighbors": 50, "level": 0.95, "random_state": 1824, "test_size": 0.2, "n": 103, "d": 9, "oob_score": 0.7725426354549322, "test_score": 0.7687348688913548, "coverage": 0.9523809523809523, "width_mean": 1.6344609537662595, "width_sd": 0.16307953445031742, "width_min": 1.3212697041060284, "width_q1": 1.5258732298710216, "width_q2": 1.6671349392365151, "width_q3": 1.6687683276037442, "width_max": 1.9682686330956543}