{"data_name": "ConcreteSlumpTest", "n_neighbors": 20, "level": 0.9, "random_state": 4012, "test_size": 0.2, "n": 103, "d": 9, "oob_score": 0.8052529263425103, "test_score": 0.7111764740899398, "coverage": 0.7619047619047619, "width_mean": 1.1522580861986493, "width_sd": 0.2429116999291656, "width_min": 0.7364455074768552, "width_q1": 0.9768317224593193, "width_q2": 1.1694249708462001, "width_q3": 1.3521403390947588, "width_max": 1.6902934855685348}