{"data_name": "ConcreteCompressiveStrength", "n_neighbors": 500, "level": 0.9, "random_state": 2286, "test_size": 0.2, "n": 1030, "d": 8, "oob_score": 0.9123768518521445, "test_score": 0.921144258834218, "coverage": 0.8980582524271845, "width_mean": 0.8986984269755244, "width_sd": 0.014755071362263564, "width_min": 0.850000405945311, "width_q1": 0.8912884249542125, "width_q2": 0.8965794348694432, "width_q3": 0.905949623666289, "width_max": 0.9445027495806027}