{"data_name": "ConcreteSlumpTest", "n_neighbors": "auto", "level": 0.95, "random_state": 9674, "test_size": 0.2, "n": 103, "d": 9, "oob_score": 0.78994557425148, "test_score": 0.8420143456423, "coverage": 0.9523809523809523, "width_mean": 1.5310611398725125, "width_sd": 0.3486472169921691, "width_min": 0.8005104865720486, "width_q1": 1.268825779707223, "width_q2": 1.5619766652952844, "width_q3": 1.8520082785287781, "width_max": 2.118250349848012}