{"data_name": "ConcreteCompressiveStrength", "n_neighbors": 5, "level": 0.9, "random_state": 4506, "test_size": 0.2, "n": 1030, "d": 8, "oob_score": 0.9094244607737588, "test_score": 0.9105436343987471, "coverage": 0.7524271844660194, "width_mean": 0.5924976808594703, "width_sd": 0.3834131466308404, "width_min": 0.005522408913440469, "width_q1": 0.3747969699368645, "width_q2": 0.5279735559120715, "width_q3": 0.7309081461952399, "width_max": 2.5911671718546354}