{"data_name": "ConcreteCompressiveStrength", "n_neighbors": 50, "level": 0.8, "random_state": 9674, "test_size": 0.2, "n": 1030, "d": 8, "oob_score": 0.9110107115932303, "test_score": 0.9122978376968222, "coverage": 0.8058252427184466, "width_mean": 0.6150410525539927, "width_sd": 0.109966718677466, "width_min": 0.37775418459629406, "width_q1": 0.5368939225622784, "width_q2": 0.5951901247673994, "width_q3": 0.676805699907761, "width_max": 1.0049063629336925}