{"data_name": "ConcreteSlumpTest", "n_neighbors": 5, "level": 0.8, "random_state": 2286, "test_size": 0.2, "n": 103, "d": 9, "oob_score": 0.7597821658397921, "test_score": 0.7755009922532942, "coverage": 0.8571428571428571, "width_mean": 0.8956373874412824, "width_sd": 0.3590867360825112, "width_min": 0.18867765631735578, "width_q1": 0.6337763227433026, "width_q2": 0.9399238685686884, "width_q3": 1.1786975914718711, "width_max": 1.4914086682218552}