{"data_name": "ConcreteCompressiveStrength", "n_neighbors": 10, "level": 0.99, "random_state": 2286, "test_size": 0.2, "n": 1030, "d": 8, "oob_score": 0.9123768518521445, "test_score": 0.921144258834218, "coverage": 0.8932038834951457, "width_mean": 0.860327788849345, "width_sd": 0.4277256439547419, "width_min": 0.11936273036704415, "width_q1": 0.567469457362391, "width_q2": 0.7706246044389526, "width_q3": 1.0742448117700434, "width_max": 2.9984209406550177}