{"data_name": "ConcreteCompressiveStrength", "n_neighbors": 5, "level": 0.95, "random_state": 1824, "test_size": 0.2, "n": 1030, "d": 8, "oob_score": 0.9144541933260778, "test_score": 0.8747595859302015, "coverage": 0.7233009708737864, "width_mean": 0.612114653067157, "width_sd": 0.3279691644266301, "width_min": 0.02148482397356566, "width_q1": 0.36218751427310125, "width_q2": 0.5651035507282633, "width_q3": 0.8408006837217504, "width_max": 1.7816803491914899}