{"data_name": "ConcreteCompressiveStrength", "n_neighbors": "auto", "level": 0.9, "random_state": 1679, "test_size": 0.2, "n": 1030, "d": 8, "oob_score": 0.9080721873467664, "test_score": 0.9021898250092618, "coverage": 0.8640776699029126, "width_mean": 0.7703386130277209, "width_sd": 0.30641481303751195, "width_min": 0.032993914771258126, "width_q1": 0.5599874224757213, "width_q2": 0.7358213104987341, "width_q3": 0.9273807309744925, "width_max": 1.8156029144636605}