{"data_name": "ConcreteSlumpTest", "n_neighbors": 5, "level": 0.99, "random_state": 8935, "test_size": 0.2, "n": 103, "d": 9, "oob_score": 0.777103847529504, "test_score": 0.7388082036200501, "coverage": 0.6666666666666666, "width_mean": 0.7080318019434279, "width_sd": 0.22225727293167583, "width_min": 0.46175429082884756, "width_q1": 0.5541553009212146, "width_q2": 0.6305537629135991, "width_q3": 0.8154151214225049, "width_max": 1.3175126794790009}