{"data_name": "ConcreteSlumpTest", "n_neighbors": 10, "level": 0.95, "random_state": 1824, "test_size": 0.2, "n": 103, "d": 9, "oob_score": 0.7725426354549322, "test_score": 0.7687348688913548, "coverage": 0.6666666666666666, "width_mean": 1.1502383690830742, "width_sd": 0.49786109486702873, "width_min": 0.4480904143137128, "width_q1": 0.8082091619480147, "width_q2": 1.0958466401072275, "width_q3": 1.3394280668395129, "width_max": 2.499883975865772}