{"data_name": "ConcreteSlumpTest", "n_neighbors": 50, "level": 0.99, "random_state": 4012, "test_size": 0.2, "n": 103, "d": 9, "oob_score": 0.8052529263425103, "test_score": 0.7111764740899398, "coverage": 0.9523809523809523, "width_mean": 2.580181317607194, "width_sd": 0.16757388507951912, "width_min": 2.239632057114232, "width_q1": 2.4058655258419557, "width_q2": 2.7023374811126533, "width_q3": 2.7071290447227367, "width_max": 2.723519899269738}