{"data_name": "ConcreteCompressiveStrength", "n_neighbors": 200, "level": 0.8, "random_state": 8935, "test_size": 0.2, "n": 1030, "d": 8, "oob_score": 0.9077080889321628, "test_score": 0.9090665322934884, "coverage": 0.8737864077669902, "width_mean": 0.7621283377835874, "width_sd": 0.019035072651944155, "width_min": 0.7106711661885996, "width_q1": 0.7452199839031575, "width_q2": 0.7629963568361122, "width_q3": 0.7730583466258352, "width_max": 0.815701298969977}