{"data_name": "ConcreteSlumpTest", "n_neighbors": 50, "level": 0.95, "random_state": 409, "test_size": 0.2, "n": 103, "d": 9, "oob_score": 0.7628057233540584, "test_score": 0.8425330395990198, "coverage": 0.9523809523809523, "width_mean": 1.7307900361608295, "width_sd": 0.09166443862963183, "width_min": 1.6156921579630619, "width_q1": 1.657880934326828, "width_q2": 1.7320664205933107, "width_q3": 1.790208887922684, "width_max": 1.9584276692064324}