{"data_name": "ConcreteCompressiveStrength", "n_neighbors": "all", "level": 0.99, "random_state": 409, "test_size": 0.2, "n": 1030, "d": 8, "oob_score": 0.9089371067365589, "test_score": 0.8860846844377614, "coverage": 0.9757281553398058, "width_mean": 1.8805711333932427, "width_sd": 3.14399351175383e-16, "width_min": 1.8805711333932429, "width_q1": 1.8805711333932429, "width_q2": 1.8805711333932429, "width_q3": 1.880571133393243, "width_max": 1.8805711333932433}