{"data_name": "ConcreteCompressiveStrength", "n_neighbors": 10, "level": 0.8, "random_state": 2286, "test_size": 0.2, "n": 1030, "d": 8, "oob_score": 0.9123768518521445, "test_score": 0.921144258834218, "coverage": 0.7524271844660194, "width_mean": 0.5318927405778506, "width_sd": 0.2537283635889923, "width_min": 0.07495269090963252, "width_q1": 0.3530918054239142, "width_q2": 0.49915639721782323, "width_q3": 0.6540427335505479, "width_max": 1.744209835808367}