{"data_name": "ConcreteCompressiveStrength", "n_neighbors": 1000, "level": 0.95, "random_state": 4012, "test_size": 0.2, "n": 1030, "d": 8, "oob_score": 0.9044469166705538, "test_score": 0.9101923596087373, "coverage": 0.9320388349514563, "width_mean": 1.2575697258476066, "width_sd": 4.440892098500626e-16, "width_min": 1.2575697258476062, "width_q1": 1.2575697258476062, "width_q2": 1.2575697258476062, "width_q3": 1.2575697258476062, "width_max": 1.2575697258476062}