{"data_name": "ConcreteSlumpTest", "n_neighbors": 20, "level": 0.9, "random_state": 409, "test_size": 0.2, "n": 103, "d": 9, "oob_score": 0.7628057233540584, "test_score": 0.8425330395990198, "coverage": 0.9523809523809523, "width_mean": 1.2761769419335647, "width_sd": 0.2863881702214594, "width_min": 0.8580777481017947, "width_q1": 1.0600282232469946, "width_q2": 1.1876254490923364, "width_q3": 1.4788927126014606, "width_max": 2.073782203270063}