{"data_name": "ConcreteSlumpTest", "n_neighbors": 50, "level": 0.99, "random_state": 3657, "test_size": 0.2, "n": 103, "d": 9, "oob_score": 0.7715337577849344, "test_score": 0.7870365167112044, "coverage": 1.0, "width_mean": 2.5150884585458693, "width_sd": 0.2656534176380385, "width_min": 1.84166595107635, "width_q1": 2.6232145962598756, "width_q2": 2.6232145962598756, "width_q3": 2.6232145962598756, "width_max": 2.6281399495136295}