{"data_name": "ConcreteCompressiveStrength", "n_neighbors": 200, "level": 0.9, "random_state": 8935, "test_size": 0.2, "n": 1030, "d": 8, "oob_score": 0.9077080889321628, "test_score": 0.9090665322934884, "coverage": 0.9223300970873787, "width_mean": 0.9751368073104834, "width_sd": 0.023950002419847485, "width_min": 0.9384381851805127, "width_q1": 0.9634223374665366, "width_q2": 0.9680779049236443, "width_q3": 0.9802121710750844, "width_max": 1.0979256082476985}