{"data_name": "ConcreteCompressiveStrength", "n_neighbors": "auto", "level": 0.9, "random_state": 4506, "test_size": 0.2, "n": 1030, "d": 8, "oob_score": 0.9094244607737588, "test_score": 0.9105436343987471, "coverage": 0.9029126213592233, "width_mean": 0.8424967571263796, "width_sd": 0.3464595177374978, "width_min": 0.02807332503026294, "width_q1": 0.6301001235293919, "width_q2": 0.7850098151712845, "width_q3": 1.0159725215863382, "width_max": 2.499221998905983}