{"data_name": "ConcreteCompressiveStrength", "n_neighbors": 50, "level": 0.8, "random_state": 1824, "test_size": 0.2, "n": 1030, "d": 8, "oob_score": 0.9144541933260778, "test_score": 0.8747595859302015, "coverage": 0.8398058252427184, "width_mean": 0.7270234745360786, "width_sd": 0.13967016663258924, "width_min": 0.4618075924486388, "width_q1": 0.6167496400734771, "width_q2": 0.6842060522213571, "width_q3": 0.814506942606014, "width_max": 1.2517968577579794}