{"data_name": "ConcreteSlumpTest", "n_neighbors": "auto", "level": 0.95, "random_state": 409, "test_size": 0.2, "n": 103, "d": 9, "oob_score": 0.7628057233540584, "test_score": 0.8425330395990198, "coverage": 0.9523809523809523, "width_mean": 1.49423464716729, "width_sd": 0.32267966770727846, "width_min": 1.0462558864887535, "width_q1": 1.1822968437813397, "width_q2": 1.5325499130813327, "width_q3": 1.6217045935130439, "width_max": 2.4708239542995383}