{"data_name": "ConcreteCompressiveStrength", "n_neighbors": 10, "level": 0.8, "random_state": 409, "test_size": 0.2, "n": 1030, "d": 8, "oob_score": 0.9089371067365589, "test_score": 0.8860846844377614, "coverage": 0.6844660194174758, "width_mean": 0.5863260885010508, "width_sd": 0.30827573531904257, "width_min": 0.11150565285352299, "width_q1": 0.34797763273553156, "width_q2": 0.5273058558870645, "width_q3": 0.8033434567779284, "width_max": 2.206442849960623}