{"data_name": "ConcreteCompressiveStrength", "n_neighbors": "auto", "level": 0.95, "random_state": 2286, "test_size": 0.2, "n": 1030, "d": 8, "oob_score": 0.9123768518521445, "test_score": 0.921144258834218, "coverage": 0.9271844660194175, "width_mean": 0.956871638069012, "width_sd": 0.38511019100837807, "width_min": 0.19250778416337777, "width_q1": 0.6804277953333274, "width_q2": 0.9075912356319971, "width_q3": 1.1650433975474819, "width_max": 2.552214125908635}