{"data_name": "ConcreteCompressiveStrength", "n_neighbors": "auto", "level": 0.99, "random_state": 4012, "test_size": 0.2, "n": 1030, "d": 8, "oob_score": 0.9044469166705538, "test_score": 0.9101923596087373, "coverage": 0.9320388349514563, "width_mean": 1.2825712921386876, "width_sd": 0.6393997669759998, "width_min": 0.19670130036026107, "width_q1": 0.8315432583389798, "width_q2": 1.1271607775979724, "width_q3": 1.675237570631447, "width_max": 3.244775197956036}