{"data_name": "ConcreteCompressiveStrength", "n_neighbors": 100, "level": 0.99, "random_state": 1824, "test_size": 0.2, "n": 1030, "d": 8, "oob_score": 0.9144541933260778, "test_score": 0.8747595859302015, "coverage": 0.9854368932038835, "width_mean": 2.341526489385572, "width_sd": 0.19147128135187338, "width_min": 1.7728796681164511, "width_q1": 2.144992105414697, "width_q2": 2.3822477655729415, "width_q3": 2.492133226905843, "width_max": 2.89474944326588}