{"data_name": "ConcreteSlumpTest", "n_neighbors": "auto", "level": 0.8, "random_state": 8935, "test_size": 0.2, "n": 103, "d": 9, "oob_score": 0.777103847529504, "test_score": 0.7388082036200501, "coverage": 0.8571428571428571, "width_mean": 1.0165927147893492, "width_sd": 0.25719882607166394, "width_min": 0.7288486030742836, "width_q1": 0.8467585114139475, "width_q2": 0.9407581997392978, "width_q3": 1.1357585569955155, "width_max": 1.6815418031275198}