{"data_name": "ConcreteSlumpTest", "n_neighbors": 50, "level": 0.8, "random_state": 4012, "test_size": 0.2, "n": 103, "d": 9, "oob_score": 0.8052529263425103, "test_score": 0.7111764740899398, "coverage": 0.7142857142857143, "width_mean": 1.0258809782767675, "width_sd": 0.0947185062523499, "width_min": 0.874215521759597, "width_q1": 0.9578891371760444, "width_q2": 1.008848941434315, "width_q3": 1.1028910029626724, "width_max": 1.242673341440931}