{"data_name": "ConcreteSlumpTest", "n_neighbors": 50, "level": 0.95, "random_state": 9674, "test_size": 0.2, "n": 103, "d": 9, "oob_score": 0.78994557425148, "test_score": 0.8420143456423, "coverage": 0.9523809523809523, "width_mean": 1.8547172705879114, "width_sd": 0.2768820451875543, "width_min": 1.301869176127406, "width_q1": 1.7282610799865783, "width_q2": 1.8183834685164668, "width_q3": 2.1452369165691483, "width_max": 2.2353593050990375}