{"data_name": "ConcreteCompressiveStrength", "n_neighbors": 10, "level": 0.99, "random_state": 1424, "test_size": 0.2, "n": 1030, "d": 8, "oob_score": 0.9053364080099315, "test_score": 0.9255095358779298, "coverage": 0.883495145631068, "width_mean": 0.9113597845103698, "width_sd": 0.47297354966613425, "width_min": 0.19245112161644817, "width_q1": 0.57536252523835, "width_q2": 0.8380515075060772, "width_q3": 1.141228279178153, "width_max": 2.8645881317115354}