{"data_name": "ConcreteCompressiveStrength", "n_neighbors": 5, "level": 0.8, "random_state": 9674, "test_size": 0.2, "n": 1030, "d": 8, "oob_score": 0.9110107115932303, "test_score": 0.9122978376968222, "coverage": 0.6844660194174758, "width_mean": 0.4817709349694247, "width_sd": 0.3649616734738873, "width_min": 0.028305726947306153, "width_q1": 0.24536805105813306, "width_q2": 0.4139003398756441, "width_q3": 0.5836664572929067, "width_max": 2.080572819421381}