{"data_name": "ConcreteCompressiveStrength", "n_neighbors": 200, "level": 0.99, "random_state": 1424, "test_size": 0.2, "n": 1030, "d": 8, "oob_score": 0.9053364080099315, "test_score": 0.9255095358779298, "coverage": 1.0, "width_mean": 1.6014997134212516, "width_sd": 0.2040957960475908, "width_min": 1.4174063200151412, "width_q1": 1.5389932994203133, "width_q2": 1.5389932994203135, "width_q3": 1.618203269386925, "width_max": 2.6130167878705324}