{"data_name": "ConcreteCompressiveStrength", "n_neighbors": 10, "level": 0.8, "random_state": 1824, "test_size": 0.2, "n": 1030, "d": 8, "oob_score": 0.9144541933260778, "test_score": 0.8747595859302015, "coverage": 0.7038834951456311, "width_mean": 0.556572552044208, "width_sd": 0.24524331166327046, "width_min": 0.11624842234981492, "width_q1": 0.3739611711933799, "width_q2": 0.5088101011036168, "width_q3": 0.7021775230440493, "width_max": 1.5965369796709925}