{"data_name": "ConcreteCompressiveStrength", "n_neighbors": "all", "level": 0.95, "random_state": 1824, "test_size": 0.2, "n": 1030, "d": 8, "oob_score": 0.9144541933260778, "test_score": 0.8747595859302015, "coverage": 0.912621359223301, "width_mean": 1.1546263541613744, "width_sd": 4.093130914260071e-16, "width_min": 1.154626354161374, "width_q1": 1.154626354161374, "width_q2": 1.154626354161374, "width_q3": 1.154626354161374, "width_max": 1.1546263541613744}