{"data_name": "ConcreteCompressiveStrength", "n_neighbors": "auto", "level": 0.95, "random_state": 1679, "test_size": 0.2, "n": 1030, "d": 8, "oob_score": 0.9080721873467664, "test_score": 0.9021898250092618, "coverage": 0.9223300970873787, "width_mean": 0.9429117849629586, "width_sd": 0.4198287986762814, "width_min": 0.033524263455670056, "width_q1": 0.6720952619928864, "width_q2": 0.8899815224600941, "width_q3": 1.1223623222241554, "width_max": 2.2078263928331285}