{"data_name": "ConcreteCompressiveStrength", "n_neighbors": 100, "level": 0.95, "random_state": 3657, "test_size": 0.2, "n": 1030, "d": 8, "oob_score": 0.9141468476679196, "test_score": 0.902115072383955, "coverage": 0.9466019417475728, "width_mean": 1.0843660527169752, "width_sd": 0.09722092958227295, "width_min": 0.8479737908085808, "width_q1": 1.0175129533225766, "width_q2": 1.0769664872699989, "width_q3": 1.1384136776720057, "width_max": 1.3904362789751419}