{"data_name": "ConcreteCompressiveStrength", "n_neighbors": 10, "level": 0.99, "random_state": 8935, "test_size": 0.2, "n": 1030, "d": 8, "oob_score": 0.9077080889321628, "test_score": 0.9090665322934884, "coverage": 0.8883495145631068, "width_mean": 0.9348543867109447, "width_sd": 0.45372607383140484, "width_min": 0.12165068735302292, "width_q1": 0.6418319991754575, "width_q2": 0.8454471796530089, "width_q3": 1.0971677327248173, "width_max": 2.4156961641899404}