{"data_name": "ConcreteSlumpTest", "n_neighbors": 20, "level": 0.9, "random_state": 1679, "test_size": 0.2, "n": 103, "d": 9, "oob_score": 0.7410592044700035, "test_score": 0.8161237760595266, "coverage": 0.8571428571428571, "width_mean": 1.3449303785187092, "width_sd": 0.24476186331373945, "width_min": 0.9095853548747921, "width_q1": 1.176679539842537, "width_q2": 1.3728166331243665, "width_q3": 1.4916157747085768, "width_max": 1.8561905409003474}