{"data_name": "ConcreteCompressiveStrength", "n_neighbors": 5, "level": 0.9, "random_state": 1679, "test_size": 0.2, "n": 1030, "d": 8, "oob_score": 0.9080721873467664, "test_score": 0.9021898250092618, "coverage": 0.7233009708737864, "width_mean": 0.536735281294043, "width_sd": 0.33733198567598843, "width_min": 0.032993914771258126, "width_q1": 0.27362215936991696, "width_q2": 0.46796043253599034, "width_q3": 0.7059778588200583, "width_max": 2.248389930570561}