{"data_name": "ConcreteSlumpTest", "n_neighbors": 20, "level": 0.95, "random_state": 1679, "test_size": 0.2, "n": 103, "d": 9, "oob_score": 0.7410592044700035, "test_score": 0.8161237760595266, "coverage": 1.0, "width_mean": 1.6664954276168946, "width_sd": 0.31406353008446536, "width_min": 1.1405416634544, "width_q1": 1.4784041280479052, "width_q2": 1.6235730643547737, "width_q3": 1.8295871903003418, "width_max": 2.532526411564798}