{"data_name": "ConcreteCompressiveStrength", "n_neighbors": 50, "level": 0.8, "random_state": 2286, "test_size": 0.2, "n": 1030, "d": 8, "oob_score": 0.9123768518521445, "test_score": 0.921144258834218, "coverage": 0.7718446601941747, "width_mean": 0.5876668547371018, "width_sd": 0.13388129773495341, "width_min": 0.29750737276257144, "width_q1": 0.4941895584877599, "width_q2": 0.562627487136682, "width_q3": 0.6559337445236377, "width_max": 1.3474650036987252}