{"data_name": "ConcreteCompressiveStrength", "n_neighbors": 500, "level": 0.95, "random_state": 1824, "test_size": 0.2, "n": 1030, "d": 8, "oob_score": 0.9144541933260778, "test_score": 0.8747595859302015, "coverage": 0.912621359223301, "width_mean": 1.1160599693721884, "width_sd": 0.011419218637088354, "width_min": 1.0871420931232492, "width_q1": 1.1126385363056728, "width_q2": 1.1126385363056728, "width_q3": 1.11793648231028, "width_max": 1.1788403643534964}