{"data_name": "ConcreteCompressiveStrength", "n_neighbors": 5, "level": 0.95, "random_state": 9674, "test_size": 0.2, "n": 1030, "d": 8, "oob_score": 0.9110107115932303, "test_score": 0.9122978376968222, "coverage": 0.7766990291262136, "width_mean": 0.6080408003440052, "width_sd": 0.47707198724603284, "width_min": 0.03301074107112645, "width_q1": 0.31032472342929185, "width_q2": 0.5131434074218404, "width_q3": 0.7386192750779015, "width_max": 2.632619789389178}