{"data_name": "ConcreteSlumpTest", "n_neighbors": 50, "level": 0.95, "random_state": 8935, "test_size": 0.2, "n": 103, "d": 9, "oob_score": 0.777103847529504, "test_score": 0.7388082036200501, "coverage": 1.0, "width_mean": 1.7814882617912093, "width_sd": 0.1805653903004652, "width_min": 1.3755063102090694, "width_q1": 1.7809817714781473, "width_q2": 1.7809817714781477, "width_q3": 1.909452622134061, "width_max": 2.01045982314129}