{"data_name": "ConcreteSlumpTest", "n_neighbors": "auto", "level": 0.8, "random_state": 1424, "test_size": 0.2, "n": 103, "d": 9, "oob_score": 0.6856950326342898, "test_score": 0.7538262917030606, "coverage": 0.8571428571428571, "width_mean": 1.0378177252172904, "width_sd": 0.13173657126997715, "width_min": 0.662111551407401, "width_q1": 0.9865581895127542, "width_q2": 1.0255596596225316, "width_q3": 1.146711281203976, "width_max": 1.2906451323903894}