{"data_name": "ConcreteSlumpTest", "n_neighbors": 10, "level": 0.95, "random_state": 409, "test_size": 0.2, "n": 103, "d": 9, "oob_score": 0.7628057233540584, "test_score": 0.8425330395990198, "coverage": 0.9523809523809523, "width_mean": 1.2487766641961109, "width_sd": 0.4560484019177235, "width_min": 0.7000373671908542, "width_q1": 0.9100559379257779, "width_q2": 1.0860554960428, "width_q3": 1.4710534035442782, "width_max": 2.5544281068086128}