{"data_name": "ConcreteCompressiveStrength", "n_neighbors": 20, "level": 0.95, "random_state": 1679, "test_size": 0.2, "n": 1030, "d": 8, "oob_score": 0.9080721873467664, "test_score": 0.9021898250092618, "coverage": 0.9077669902912622, "width_mean": 0.9570180884986724, "width_sd": 0.38154351428280614, "width_min": 0.36422031262818655, "width_q1": 0.6889438093887602, "width_q2": 0.8487381871560438, "width_q3": 1.1113489817004012, "width_max": 2.3451670020805686}