{"data_name": "ConcreteSlumpTest", "n_neighbors": 100, "level": 0.9, "random_state": 409, "test_size": 0.2, "n": 103, "d": 9, "oob_score": 0.7628057233540584, "test_score": 0.8425330395990198, "coverage": 0.9523809523809523, "width_mean": 1.557998708159528, "width_sd": 0.0, "width_min": 1.557998708159528, "width_q1": 1.557998708159528, "width_q2": 1.557998708159528, "width_q3": 1.557998708159528, "width_max": 1.557998708159528}