{"data_name": "ConcreteSlumpTest", "n_neighbors": 50, "level": 0.99, "random_state": 1824, "test_size": 0.2, "n": 103, "d": 9, "oob_score": 0.7725426354549322, "test_score": 0.7687348688913548, "coverage": 1.0, "width_mean": 2.096538656584814, "width_sd": 0.3255611301330741, "width_min": 1.5233875759944024, "width_q1": 1.9156249633525109, "width_q2": 1.9433096421933036, "width_q3": 2.382552846908804, "width_max": 2.6730283086921958}