{"data_name": "ConcreteSlumpTest", "n_neighbors": 10, "level": 0.99, "random_state": 4012, "test_size": 0.2, "n": 103, "d": 9, "oob_score": 0.8052529263425103, "test_score": 0.7111764740899398, "coverage": 0.8095238095238095, "width_mean": 1.2682502949058214, "width_sd": 0.3361546554834582, "width_min": 0.42630603893935315, "width_q1": 1.1728940656933748, "width_q2": 1.2930730353168287, "width_q3": 1.3448275920328068, "width_max": 2.052073859118532}