{"data_name": "ConcreteSlumpTest", "n_neighbors": 50, "level": 0.8, "random_state": 409, "test_size": 0.2, "n": 103, "d": 9, "oob_score": 0.7628057233540584, "test_score": 0.8425330395990198, "coverage": 0.8571428571428571, "width_mean": 1.1400897600445208, "width_sd": 0.09021735230894987, "width_min": 0.9774622723771502, "width_q1": 1.10798137034307, "width_q2": 1.1222030053523302, "width_q3": 1.1851860041791074, "width_max": 1.3279201071994}