{"data_name": "ConcreteCompressiveStrength", "n_neighbors": 10, "level": 0.99, "random_state": 4012, "test_size": 0.2, "n": 1030, "d": 8, "oob_score": 0.9044469166705538, "test_score": 0.9101923596087373, "coverage": 0.8495145631067961, "width_mean": 0.9671589151754919, "width_sd": 0.5408587520740075, "width_min": 0.19701100829695117, "width_q1": 0.5979018082316739, "width_q2": 0.827199653292193, "width_q3": 1.1550978061403248, "width_max": 3.2716166100678437}