{"data_name": "ConcreteSlumpTest", "n_neighbors": 50, "level": 0.95, "random_state": 4012, "test_size": 0.2, "n": 103, "d": 9, "oob_score": 0.8052529263425103, "test_score": 0.7111764740899398, "coverage": 0.9523809523809523, "width_mean": 1.6977831490981163, "width_sd": 0.1440416371520566, "width_min": 1.3981506653494722, "width_q1": 1.5649063053446608, "width_q2": 1.7679936091331432, "width_q3": 1.800828015934556, "width_max": 1.841439173941942}