{"data_name": "ConcreteCompressiveStrength", "n_neighbors": 50, "level": 0.99, "random_state": 8935, "test_size": 0.2, "n": 1030, "d": 8, "oob_score": 0.9077080889321628, "test_score": 0.9090665322934884, "coverage": 0.9854368932038835, "width_mean": 1.7827979491753003, "width_sd": 0.34850451581464975, "width_min": 0.9244096837944732, "width_q1": 1.6937880443934863, "width_q2": 1.7055793801338943, "width_q3": 1.8707778602601326, "width_max": 3.2961829286501922}