{"data_name": "ConcreteCompressiveStrength", "n_neighbors": 100, "level": 0.95, "random_state": 1424, "test_size": 0.2, "n": 1030, "d": 8, "oob_score": 0.9053364080099315, "test_score": 0.9255095358779298, "coverage": 0.941747572815534, "width_mean": 1.057269102522017, "width_sd": 0.1634015283796901, "width_min": 0.7619440952415866, "width_q1": 0.9546714405519591, "width_q2": 1.0148594189095421, "width_q3": 1.1269814207322246, "width_max": 1.7333609794501552}