{"data_name": "ConcreteCompressiveStrength", "n_neighbors": 200, "level": 0.99, "random_state": 1824, "test_size": 0.2, "n": 1030, "d": 8, "oob_score": 0.9144541933260778, "test_score": 0.8747595859302015, "coverage": 0.9951456310679612, "width_mean": 2.750144840549358, "width_sd": 4.6514764930640845e-16, "width_min": 2.750144840549358, "width_q1": 2.7501448405493583, "width_q2": 2.7501448405493583, "width_q3": 2.7501448405493583, "width_max": 2.7501448405493587}