{"data_name": "ConcreteSlumpTest", "n_neighbors": "all", "level": 0.9, "random_state": 1679, "test_size": 0.2, "n": 103, "d": 9, "oob_score": 0.7410592044700035, "test_score": 0.8161237760595266, "coverage": 0.8571428571428571, "width_mean": 1.4609137661519653, "width_sd": 2.5177491625509456e-16, "width_min": 1.4609137661519656, "width_q1": 1.4609137661519656, "width_q2": 1.4609137661519656, "width_q3": 1.4609137661519656, "width_max": 1.4609137661519658}