{"data_name": "ConcreteCompressiveStrength", "n_neighbors": 5, "level": 0.95, "random_state": 3657, "test_size": 0.2, "n": 1030, "d": 8, "oob_score": 0.9141468476679196, "test_score": 0.902115072383955, "coverage": 0.7281553398058253, "width_mean": 0.573931651245254, "width_sd": 0.30474699831729146, "width_min": 0.05568787870678038, "width_q1": 0.330382574843783, "width_q2": 0.5438731741400782, "width_q3": 0.7632807069274924, "width_max": 1.6579365722373813}