{"data_name": "ConcreteCompressiveStrength", "n_neighbors": 5, "level": 0.9, "random_state": 1424, "test_size": 0.2, "n": 1030, "d": 8, "oob_score": 0.9053364080099315, "test_score": 0.9255095358779298, "coverage": 0.7233009708737864, "width_mean": 0.5726505156848842, "width_sd": 0.3912968062065055, "width_min": 0.023832870890457714, "width_q1": 0.29880905953534653, "width_q2": 0.4771953919395836, "width_q3": 0.7278270528691483, "width_max": 2.537997112872377}