{"data_name": "ConcreteSlumpTest", "n_neighbors": 10, "level": 0.8, "random_state": 4506, "test_size": 0.2, "n": 103, "d": 9, "oob_score": 0.7902806188084024, "test_score": 0.7999546452313802, "coverage": 0.7619047619047619, "width_mean": 0.9066722661140106, "width_sd": 0.1886143267756058, "width_min": 0.5378239632631705, "width_q1": 0.7726473983406624, "width_q2": 0.9435309460176983, "width_q3": 1.0350072264965644, "width_max": 1.1870572076890644}