{"data_name": "ConcreteCompressiveStrength", "n_neighbors": 200, "level": 0.8, "random_state": 4506, "test_size": 0.2, "n": 1030, "d": 8, "oob_score": 0.9094244607737588, "test_score": 0.9105436343987471, "coverage": 0.883495145631068, "width_mean": 0.6911414697104533, "width_sd": 0.030161959201112965, "width_min": 0.592912981012341, "width_q1": 0.6730983097677106, "width_q2": 0.6942406434114277, "width_q3": 0.7089899076780913, "width_max": 0.785790509753608}