{"data_name": "ConcreteSlumpTest", "n_neighbors": "auto", "level": 0.99, "random_state": 1824, "test_size": 0.2, "n": 103, "d": 9, "oob_score": 0.7725426354549322, "test_score": 0.7687348688913548, "coverage": 0.9523809523809523, "width_mean": 1.6115163627049303, "width_sd": 0.5418756904119364, "width_min": 0.8111043460856031, "width_q1": 1.205983936059904, "width_q2": 1.6106480022785723, "width_q3": 2.1129624497321484, "width_max": 2.7499297827264586}