{"data_name": "ConcreteCompressiveStrength", "n_neighbors": 50, "level": 0.9, "random_state": 1679, "test_size": 0.2, "n": 1030, "d": 8, "oob_score": 0.9080721873467664, "test_score": 0.9021898250092618, "coverage": 0.8737864077669902, "width_mean": 0.9609510512579755, "width_sd": 0.19080648485491136, "width_min": 0.6054029309274086, "width_q1": 0.8458466542768427, "width_q2": 0.9211040313333758, "width_q3": 1.0434686124249992, "width_max": 1.6644732830745395}