{"data_name": "ConcreteSlumpTest", "n_neighbors": "all", "level": 0.9, "random_state": 9674, "test_size": 0.2, "n": 103, "d": 9, "oob_score": 0.78994557425148, "test_score": 0.8420143456423, "coverage": 0.9047619047619048, "width_mean": 1.5265881013807394, "width_sd": 2.220446049250313e-16, "width_min": 1.5265881013807396, "width_q1": 1.5265881013807396, "width_q2": 1.5265881013807396, "width_q3": 1.5265881013807396, "width_max": 1.5265881013807396}