{"data_name": "ConcreteCompressiveStrength", "n_neighbors": 200, "level": 0.9, "random_state": 409, "test_size": 0.2, "n": 1030, "d": 8, "oob_score": 0.9089371067365589, "test_score": 0.8860846844377614, "coverage": 0.8883495145631068, "width_mean": 0.9064998541016955, "width_sd": 0.04967380327423682, "width_min": 0.8029717754341019, "width_q1": 0.8830449750301139, "width_q2": 0.8850373735657665, "width_q3": 0.9333267471805029, "width_max": 1.034617088006164}