{"data_name": "ConcreteSlumpTest", "n_neighbors": "all", "level": 0.95, "random_state": 8935, "test_size": 0.2, "n": 103, "d": 9, "oob_score": 0.777103847529504, "test_score": 0.7388082036200501, "coverage": 1.0, "width_mean": 1.836375307384746, "width_sd": 3.8459253727671276e-16, "width_min": 1.8363753073847455, "width_q1": 1.8363753073847455, "width_q2": 1.8363753073847455, "width_q3": 1.8363753073847457, "width_max": 1.8363753073847457}