{"data_name": "ConcreteCompressiveStrength", "n_neighbors": "auto", "level": 0.99, "random_state": 1824, "test_size": 0.2, "n": 1030, "d": 8, "oob_score": 0.9144541933260778, "test_score": 0.8747595859302015, "coverage": 0.9029126213592233, "width_mean": 1.090803712686269, "width_sd": 0.4085194153412999, "width_min": 0.13735844620571658, "width_q1": 0.819111271488091, "width_q2": 1.0381718693599988, "width_q3": 1.2778259537875214, "width_max": 2.7766145329169136}