{"data_name": "ConcreteSlumpTest", "n_neighbors": 5, "level": 0.9, "random_state": 1424, "test_size": 0.2, "n": 103, "d": 9, "oob_score": 0.6856950326342898, "test_score": 0.7538262917030606, "coverage": 0.8571428571428571, "width_mean": 1.0297062747136723, "width_sd": 0.5048777795304936, "width_min": 0.4030369836155244, "width_q1": 0.658129475076119, "width_q2": 0.950639943040221, "width_q3": 1.2989614943442729, "width_max": 2.3564077348494474}