{"data_name": "ConcreteCompressiveStrength", "n_neighbors": 500, "level": 0.95, "random_state": 409, "test_size": 0.2, "n": 1030, "d": 8, "oob_score": 0.9089371067365589, "test_score": 0.8860846844377614, "coverage": 0.9271844660194175, "width_mean": 1.2105290473333283, "width_sd": 0.0261069253946439, "width_min": 1.1897199201046509, "width_q1": 1.189719920104651, "width_q2": 1.1897199201046513, "width_q3": 1.2244367142249475, "width_max": 1.3016211837873648}