{"data_name": "ConcreteCompressiveStrength", "n_neighbors": 5, "level": 0.95, "random_state": 8935, "test_size": 0.2, "n": 1030, "d": 8, "oob_score": 0.9077080889321628, "test_score": 0.9090665322934884, "coverage": 0.8106796116504854, "width_mean": 0.6315347474449301, "width_sd": 0.3689766908119308, "width_min": 0.023775113896764122, "width_q1": 0.3758034808396046, "width_q2": 0.5878634085648946, "width_q3": 0.7996637678112617, "width_max": 2.2299405912125283}