{"data_name": "ConcreteCompressiveStrength", "n_neighbors": 100, "level": 0.9, "random_state": 1424, "test_size": 0.2, "n": 1030, "d": 8, "oob_score": 0.9053364080099315, "test_score": 0.9255095358779298, "coverage": 0.8737864077669902, "width_mean": 0.7994612671432223, "width_sd": 0.09447543858154692, "width_min": 0.6361226257329115, "width_q1": 0.7396569992055837, "width_q2": 0.7631542288811621, "width_q3": 0.8587473840236645, "width_max": 1.2458159935027444}