{"data_name": "ConcreteCompressiveStrength", "n_neighbors": 50, "level": 0.8, "random_state": 4012, "test_size": 0.2, "n": 1030, "d": 8, "oob_score": 0.9044469166705538, "test_score": 0.9101923596087373, "coverage": 0.7766990291262136, "width_mean": 0.6358769888869036, "width_sd": 0.1048790212369284, "width_min": 0.39841369774213076, "width_q1": 0.571999488142353, "width_q2": 0.6315741336955194, "width_q3": 0.6808774900830772, "width_max": 1.2585221924596954}