{"data_name": "ConcreteCompressiveStrength", "n_neighbors": 1000, "level": 0.95, "random_state": 1424, "test_size": 0.2, "n": 1030, "d": 8, "oob_score": 0.9053364080099315, "test_score": 0.9255095358779298, "coverage": 0.9660194174757282, "width_mean": 1.2312875393762277, "width_sd": 2.4849432117018126e-16, "width_min": 1.2312875393762273, "width_q1": 1.2312875393762275, "width_q2": 1.2312875393762275, "width_q3": 1.2312875393762275, "width_max": 1.2312875393762277}