{"data_name": "ConcreteSlumpTest", "n_neighbors": 10, "level": 0.8, "random_state": 1679, "test_size": 0.2, "n": 103, "d": 9, "oob_score": 0.7410592044700035, "test_score": 0.8161237760595266, "coverage": 0.7142857142857143, "width_mean": 0.9665195285492787, "width_sd": 0.367111672636028, "width_min": 0.5211019641319541, "width_q1": 0.7160952337147438, "width_q2": 0.8633161398243512, "width_q3": 1.0901092788315982, "width_max": 1.7870940107059718}