{"data_name": "ConcreteCompressiveStrength", "n_neighbors": 200, "level": 0.99, "random_state": 9674, "test_size": 0.2, "n": 1030, "d": 8, "oob_score": 0.9110107115932303, "test_score": 0.9122978376968222, "coverage": 0.970873786407767, "width_mean": 1.5593474849200295, "width_sd": 0.27419587453139793, "width_min": 1.4181918581886412, "width_q1": 1.4181918581886412, "width_q2": 1.4181918581886415, "width_q3": 1.6771703182409465, "width_max": 2.828057235945758}