{"data_name": "ConcreteCompressiveStrength", "n_neighbors": 50, "level": 0.99, "random_state": 1424, "test_size": 0.2, "n": 1030, "d": 8, "oob_score": 0.9053364080099315, "test_score": 0.9255095358779298, "coverage": 0.9902912621359223, "width_mean": 1.818872089420059, "width_sd": 0.3383998957625267, "width_min": 0.911797354215639, "width_q1": 1.7619791124256499, "width_q2": 1.8207049027347197, "width_q3": 1.9080851440349331, "width_max": 3.025650021881586}