{"data_name": "ConcreteCompressiveStrength", "n_neighbors": 1000, "level": 0.9, "random_state": 2286, "test_size": 0.2, "n": 1030, "d": 8, "oob_score": 0.9123768518521445, "test_score": 0.921144258834218, "coverage": 0.8980582524271845, "width_mean": 0.897145133659439, "width_sd": 1.2352268116949543e-16, "width_min": 0.8971451336594387, "width_q1": 0.8971451336594389, "width_q2": 0.8971451336594389, "width_q3": 0.897145133659439, "width_max": 0.8971451336594392}