{"data_name": "ConcreteCompressiveStrength", "n_neighbors": 50, "level": 0.9, "random_state": 4012, "test_size": 0.2, "n": 1030, "d": 8, "oob_score": 0.9044469166705538, "test_score": 0.9101923596087373, "coverage": 0.8300970873786407, "width_mean": 0.8848707007620304, "width_sd": 0.19947641946489725, "width_min": 0.6228094483182828, "width_q1": 0.7307288564860943, "width_q2": 0.8366430969440755, "width_q3": 0.984162093911889, "width_max": 1.6690132335354801}