{"data_name": "ConcreteCompressiveStrength", "n_neighbors": 50, "level": 0.95, "random_state": 4506, "test_size": 0.2, "n": 1030, "d": 8, "oob_score": 0.9094244607737588, "test_score": 0.9105436343987471, "coverage": 0.9611650485436893, "width_mean": 1.3741009782067615, "width_sd": 0.2276373417821843, "width_min": 0.8065370137652575, "width_q1": 1.2341779607817909, "width_q2": 1.3689837830952052, "width_q3": 1.4308339867564819, "width_max": 2.126165104224962}