{"data_name": "ConcreteCompressiveStrength", "n_neighbors": 10, "level": 0.8, "random_state": 1424, "test_size": 0.2, "n": 1030, "d": 8, "oob_score": 0.9053364080099315, "test_score": 0.9255095358779298, "coverage": 0.7087378640776699, "width_mean": 0.5540598161171136, "width_sd": 0.27332487405866873, "width_min": 0.08764729297494345, "width_q1": 0.35500252761922024, "width_q2": 0.5203452201358117, "width_q3": 0.6748670479594958, "width_max": 1.6926051296397153}