{"data_name": "ConcreteSlumpTest", "n_neighbors": 20, "level": 0.8, "random_state": 3657, "test_size": 0.2, "n": 103, "d": 9, "oob_score": 0.7715337577849344, "test_score": 0.7870365167112044, "coverage": 0.8571428571428571, "width_mean": 0.9658453665363111, "width_sd": 0.1911470223825567, "width_min": 0.5491337259205937, "width_q1": 0.8568050356431263, "width_q2": 0.9725078733297803, "width_q3": 1.1497417196630193, "width_max": 1.194790194942534}