{"data_name": "ConcreteSlumpTest", "n_neighbors": 50, "level": 0.8, "random_state": 1424, "test_size": 0.2, "n": 103, "d": 9, "oob_score": 0.6856950326342898, "test_score": 0.7538262917030606, "coverage": 0.8095238095238095, "width_mean": 1.1698699865456121, "width_sd": 0.09452088842095845, "width_min": 0.993114743558648, "width_q1": 1.1172430050339412, "width_q2": 1.1539727015734897, "width_q3": 1.2481988478847925, "width_max": 1.3714634307271254}