{"data_name": "ConcreteSlumpTest", "n_neighbors": 20, "level": 0.9, "random_state": 9674, "test_size": 0.2, "n": 103, "d": 9, "oob_score": 0.78994557425148, "test_score": 0.8420143456423, "coverage": 0.9047619047619048, "width_mean": 1.2784588899455105, "width_sd": 0.2646330252107045, "width_min": 0.7473735389428371, "width_q1": 1.1176626564006742, "width_q2": 1.317182177942148, "width_q3": 1.4248135323112026, "width_max": 1.788978972621151}