{"data_name": "ConcreteCompressiveStrength", "n_neighbors": 200, "level": 0.95, "random_state": 8935, "test_size": 0.2, "n": 1030, "d": 8, "oob_score": 0.9077080889321628, "test_score": 0.9090665322934884, "coverage": 0.9563106796116505, "width_mean": 1.2121144430089141, "width_sd": 0.04408560196762921, "width_min": 1.1514798673510698, "width_q1": 1.1815537176506528, "width_q2": 1.1880998565984133, "width_q3": 1.2398277585262902, "width_max": 1.4010854099694106}