{"data_name": "ConcreteCompressiveStrength", "n_neighbors": 20, "level": 0.95, "random_state": 1824, "test_size": 0.2, "n": 1030, "d": 8, "oob_score": 0.9144541933260778, "test_score": 0.8747595859302015, "coverage": 0.9077669902912622, "width_mean": 0.9645136398688937, "width_sd": 0.28542159755381113, "width_min": 0.3610355371667682, "width_q1": 0.7990238325791406, "width_q2": 0.9266219881838276, "width_q3": 1.081012668116713, "width_max": 2.0835084193602174}