{"data_name": "ConcreteCompressiveStrength", "n_neighbors": 500, "level": 0.9, "random_state": 9674, "test_size": 0.2, "n": 1030, "d": 8, "oob_score": 0.9110107115932303, "test_score": 0.9122978376968222, "coverage": 0.8737864077669902, "width_mean": 0.9241079309972668, "width_sd": 0.014328754679946753, "width_min": 0.8850425772888109, "width_q1": 0.9102208541998744, "width_q2": 0.9290290259651335, "width_q3": 0.931419535522139, "width_max": 0.9652608716408995}