{"data_name": "ConcreteSlumpTest", "n_neighbors": "auto", "level": 0.8, "random_state": 4012, "test_size": 0.2, "n": 103, "d": 9, "oob_score": 0.8052529263425103, "test_score": 0.7111764740899398, "coverage": 0.6666666666666666, "width_mean": 0.8863377256856153, "width_sd": 0.17675285541114183, "width_min": 0.395345192960705, "width_q1": 0.7588850507483691, "width_q2": 0.9786719110328255, "width_q3": 1.010785335822603, "width_max": 1.0997213002512785}