{"data_name": "ConcreteSlumpTest", "n_neighbors": 50, "level": 0.99, "random_state": 1679, "test_size": 0.2, "n": 103, "d": 9, "oob_score": 0.7410592044700035, "test_score": 0.8161237760595266, "coverage": 1.0, "width_mean": 2.6612055399665406, "width_sd": 0.2393559744752203, "width_min": 2.3459923612565077, "width_q1": 2.3636525942211697, "width_q2": 2.5879828219526444, "width_q3": 2.882939448530005, "width_max": 2.9537428815266527}