{"data_name": "ConcreteCompressiveStrength", "n_neighbors": 200, "level": 0.95, "random_state": 1824, "test_size": 0.2, "n": 1030, "d": 8, "oob_score": 0.9144541933260778, "test_score": 0.8747595859302015, "coverage": 0.9174757281553398, "width_mean": 1.1548068328109125, "width_sd": 0.08847328941887565, "width_min": 1.1079732052928501, "width_q1": 1.1079732052928501, "width_q2": 1.1319869781065022, "width_q3": 1.1388555234056015, "width_max": 1.6094100274832632}