{"data_name": "ConcreteSlumpTest", "n_neighbors": 10, "level": 0.8, "random_state": 409, "test_size": 0.2, "n": 103, "d": 9, "oob_score": 0.7628057233540584, "test_score": 0.8425330395990198, "coverage": 0.8571428571428571, "width_mean": 0.9334795667507289, "width_sd": 0.23702493085869306, "width_min": 0.5745292464639555, "width_q1": 0.7543314012273123, "width_q2": 0.8961586653160512, "width_q3": 1.163108378569203, "width_max": 1.383635417887861}