{"data_name": "ConcreteCompressiveStrength", "n_neighbors": 200, "level": 0.99, "random_state": 4012, "test_size": 0.2, "n": 1030, "d": 8, "oob_score": 0.9044469166705538, "test_score": 0.9101923596087373, "coverage": 0.9951456310679612, "width_mean": 2.0553471648885444, "width_sd": 0.10632505406610243, "width_min": 1.8608473251738993, "width_q1": 2.0036822189624, "width_q2": 2.0036822189624, "width_q3": 2.0036822189624006, "width_max": 2.5169982458816746}