{"data_name": "ConcreteCompressiveStrength", "n_neighbors": 5, "level": 0.9, "random_state": 1824, "test_size": 0.2, "n": 1030, "d": 8, "oob_score": 0.9144541933260778, "test_score": 0.8747595859302015, "coverage": 0.6941747572815534, "width_mean": 0.5716788086913386, "width_sd": 0.3051034800820984, "width_min": 0.0196492923342243, "width_q1": 0.3405102632797754, "width_q2": 0.5376953823673873, "width_q3": 0.7775235254270394, "width_max": 1.6634758229402498}