{"data_name": "ConcreteCompressiveStrength", "n_neighbors": 200, "level": 0.8, "random_state": 4012, "test_size": 0.2, "n": 1030, "d": 8, "oob_score": 0.9044469166705538, "test_score": 0.9101923596087373, "coverage": 0.7815533980582524, "width_mean": 0.6461663639991808, "width_sd": 0.01849616912470523, "width_min": 0.6082608800448581, "width_q1": 0.6315991515702204, "width_q2": 0.6464980829240784, "width_q3": 0.6574235322591477, "width_max": 0.7138434292516087}