{"data_name": "ConcreteSlumpTest", "n_neighbors": 20, "level": 0.9, "random_state": 2286, "test_size": 0.2, "n": 103, "d": 9, "oob_score": 0.7597821658397921, "test_score": 0.7755009922532942, "coverage": 1.0, "width_mean": 1.3752366126731144, "width_sd": 0.2689208856566167, "width_min": 0.7548140200796407, "width_q1": 1.1373866852105157, "width_q2": 1.3764329171503862, "width_q3": 1.5954327089630091, "width_max": 1.8368920865707756}