{"data_name": "ConcreteCompressiveStrength", "n_neighbors": 500, "level": 0.8, "random_state": 4012, "test_size": 0.2, "n": 1030, "d": 8, "oob_score": 0.9044469166705538, "test_score": 0.9101923596087373, "coverage": 0.7621359223300971, "width_mean": 0.6320243828383517, "width_sd": 0.01046347731136763, "width_min": 0.6133999112142856, "width_q1": 0.6244253111936533, "width_q2": 0.6310784543626351, "width_q3": 0.6413076744681598, "width_max": 0.6635492668000573}