{"data_name": "ConcreteCompressiveStrength", "n_neighbors": "auto", "level": 0.99, "random_state": 8935, "test_size": 0.2, "n": 1030, "d": 8, "oob_score": 0.9077080889321628, "test_score": 0.9090665322934884, "coverage": 0.9320388349514563, "width_mean": 1.1498319387664726, "width_sd": 0.5215905641536956, "width_min": 0.14397351714011414, "width_q1": 0.8465124455218921, "width_q2": 1.0278170589612596, "width_q3": 1.3646636141008337, "width_max": 3.319912922782967}