{"data_name": "ConcreteSlumpTest", "n_neighbors": 10, "level": 0.99, "random_state": 2286, "test_size": 0.2, "n": 103, "d": 9, "oob_score": 0.7597821658397921, "test_score": 0.7755009922532942, "coverage": 1.0, "width_mean": 1.310625480700479, "width_sd": 0.3661784529885078, "width_min": 0.6154194062650664, "width_q1": 1.1924903953369232, "width_q2": 1.3377597108617458, "width_q3": 1.5024520146468436, "width_max": 2.1895215257686}