{"data_name": "ConcreteCompressiveStrength", "n_neighbors": 10, "level": 0.95, "random_state": 9674, "test_size": 0.2, "n": 1030, "d": 8, "oob_score": 0.9110107115932303, "test_score": 0.9122978376968222, "coverage": 0.8883495145631068, "width_mean": 0.829355849957229, "width_sd": 0.4893349483169376, "width_min": 0.17329589707896842, "width_q1": 0.49722860298541327, "width_q2": 0.7156560333284618, "width_q3": 1.0476186539361452, "width_max": 2.6972572994658064}