{"data_name": "ConcreteSlumpTest", "n_neighbors": 50, "level": 0.99, "random_state": 9674, "test_size": 0.2, "n": 103, "d": 9, "oob_score": 0.78994557425148, "test_score": 0.8420143456423, "coverage": 1.0, "width_mean": 2.3585285520902737, "width_sd": 0.22679634293840092, "width_min": 1.7450794852710354, "width_q1": 2.362681389824089, "width_q2": 2.440654955000561, "width_q3": 2.531962363944007, "width_max": 2.5582041764349457}