{"data_name": "ConcreteSlumpTest", "n_neighbors": 5, "level": 0.95, "random_state": 4012, "test_size": 0.2, "n": 103, "d": 9, "oob_score": 0.8052529263425103, "test_score": 0.7111764740899398, "coverage": 0.7142857142857143, "width_mean": 0.910640194420351, "width_sd": 0.3818748731164154, "width_min": 0.3093832891289898, "width_q1": 0.7056760978037571, "width_q2": 0.8078173951382972, "width_q3": 1.122708286248677, "width_max": 1.9093791864440814}