{"data_name": "ConcreteCompressiveStrength", "n_neighbors": 100, "level": 0.95, "random_state": 4506, "test_size": 0.2, "n": 1030, "d": 8, "oob_score": 0.9094244607737588, "test_score": 0.9105436343987471, "coverage": 0.970873786407767, "width_mean": 1.3582222604262582, "width_sd": 0.14243879534253062, "width_min": 1.0568735865663519, "width_q1": 1.239237011986849, "width_q2": 1.3691960969569341, "width_q3": 1.4106046443500708, "width_max": 1.80414866206451}