{"data_name": "ConcreteSlumpTest", "n_neighbors": 50, "level": 0.99, "random_state": 1424, "test_size": 0.2, "n": 103, "d": 9, "oob_score": 0.6856950326342898, "test_score": 0.7538262917030606, "coverage": 1.0, "width_mean": 2.4901684068160344, "width_sd": 0.5197866056515787, "width_min": 1.5320280067200147, "width_q1": 1.9492580430982347, "width_q2": 2.3869869392804444, "width_q3": 2.8401480965610366, "width_max": 3.3892711431695917}