{"data_name": "ConcreteSlumpTest", "n_neighbors": 5, "level": 0.95, "random_state": 8935, "test_size": 0.2, "n": 103, "d": 9, "oob_score": 0.777103847529504, "test_score": 0.7388082036200501, "coverage": 0.6666666666666666, "width_mean": 0.6773597913897993, "width_sd": 0.2073675460465253, "width_min": 0.4322241226850798, "width_q1": 0.5195743398677632, "width_q2": 0.6090335680871256, "width_q3": 0.7666634671750413, "width_max": 1.2488373471366336}