{"data_name": "ConcreteCompressiveStrength", "n_neighbors": 200, "level": 0.95, "random_state": 1424, "test_size": 0.2, "n": 1030, "d": 8, "oob_score": 0.9053364080099315, "test_score": 0.9255095358779298, "coverage": 0.9271844660194175, "width_mean": 1.0574612306935236, "width_sd": 0.0787195255138698, "width_min": 0.9436498516996394, "width_q1": 0.9977311176209973, "width_q2": 1.0441973221713643, "width_q3": 1.0801268762894647, "width_max": 1.4174792378142036}