{"data_name": "ConcreteSlumpTest", "n_neighbors": 20, "level": 0.99, "random_state": 8935, "test_size": 0.2, "n": 103, "d": 9, "oob_score": 0.777103847529504, "test_score": 0.7388082036200501, "coverage": 1.0, "width_mean": 1.9417532040726457, "width_sd": 0.49227907272880495, "width_min": 1.1088512260846421, "width_q1": 1.7052267325951926, "width_q2": 1.7851962024672634, "width_q3": 2.038878039669518, "width_max": 3.1128355956106954}