{"data_name": "ConcreteCompressiveStrength", "n_neighbors": 10, "level": 0.99, "random_state": 1679, "test_size": 0.2, "n": 1030, "d": 8, "oob_score": 0.9080721873467664, "test_score": 0.9021898250092618, "coverage": 0.8980582524271845, "width_mean": 0.8571117639074863, "width_sd": 0.42475088529117627, "width_min": 0.09174088997337129, "width_q1": 0.5741089230706016, "width_q2": 0.7621424974707403, "width_q3": 1.0415757483942745, "width_max": 2.761356230484833}