{"data_name": "ConcreteSlumpTest", "n_neighbors": "auto", "level": 0.9, "random_state": 8935, "test_size": 0.2, "n": 103, "d": 9, "oob_score": 0.777103847529504, "test_score": 0.7388082036200501, "coverage": 0.9047619047619048, "width_mean": 1.340824322750398, "width_sd": 0.34180257026427585, "width_min": 0.858409980048129, "width_q1": 1.0468670614883198, "width_q2": 1.3175378762426715, "width_q3": 1.613498739101194, "width_max": 2.0401969647374436}