{"data_name": "ConcreteCompressiveStrength", "n_neighbors": 50, "level": 0.9, "random_state": 8935, "test_size": 0.2, "n": 1030, "d": 8, "oob_score": 0.9077080889321628, "test_score": 0.9090665322934884, "coverage": 0.8932038834951457, "width_mean": 0.8933904802280882, "width_sd": 0.1452775586268434, "width_min": 0.5758392991597228, "width_q1": 0.7896271292269397, "width_q2": 0.8794362008711524, "width_q3": 0.9636727410068335, "width_max": 1.395253428620033}