{"data_name": "ConcreteSlumpTest", "n_neighbors": "all", "level": 0.9, "random_state": 4012, "test_size": 0.2, "n": 103, "d": 9, "oob_score": 0.8052529263425103, "test_score": 0.7111764740899398, "coverage": 0.8095238095238095, "width_mean": 1.4506846289865263, "width_sd": 1.3704890552376617e-16, "width_min": 1.4506846289865258, "width_q1": 1.4506846289865263, "width_q2": 1.4506846289865263, "width_q3": 1.4506846289865263, "width_max": 1.4506846289865263}