{"data_name": "ConcreteCompressiveStrength", "n_neighbors": 10, "level": 0.95, "random_state": 8935, "test_size": 0.2, "n": 1030, "d": 8, "oob_score": 0.9077080889321628, "test_score": 0.9090665322934884, "coverage": 0.8786407766990292, "width_mean": 0.8568193148466743, "width_sd": 0.40602416586911505, "width_min": 0.12027908023571321, "width_q1": 0.6025638152222224, "width_q2": 0.7754948757356392, "width_q3": 1.0011196494893873, "width_max": 2.1295126206888955}