{"data_name": "ConcreteSlumpTest", "n_neighbors": 50, "level": 0.8, "random_state": 3657, "test_size": 0.2, "n": 103, "d": 9, "oob_score": 0.7715337577849344, "test_score": 0.7870365167112044, "coverage": 0.9047619047619048, "width_mean": 1.249441861399566, "width_sd": 0.09743027036764987, "width_min": 0.9197698047348178, "width_q1": 1.2524306341749543, "width_q2": 1.279872998213078, "width_q3": 1.30792105215978, "width_max": 1.3162568820922291}