{"data_name": "ConcreteCompressiveStrength", "n_neighbors": "auto", "level": 0.95, "random_state": 1424, "test_size": 0.2, "n": 1030, "d": 8, "oob_score": 0.9053364080099315, "test_score": 0.9255095358779298, "coverage": 0.9320388349514563, "width_mean": 0.9844559467955277, "width_sd": 0.4279814379302005, "width_min": 0.03674078365878097, "width_q1": 0.7003539955011209, "width_q2": 0.9334735662946384, "width_q3": 1.1863778371916034, "width_max": 2.244188282245612}