{"data_name": "ConcreteCompressiveStrength", "n_neighbors": 50, "level": 0.9, "random_state": 4506, "test_size": 0.2, "n": 1030, "d": 8, "oob_score": 0.9094244607737588, "test_score": 0.9105436343987471, "coverage": 0.941747572815534, "width_mean": 1.021217362869498, "width_sd": 0.20817967347587896, "width_min": 0.6473009328733947, "width_q1": 0.8835364059515378, "width_q2": 1.0026982585856057, "width_q3": 1.0949749324656481, "width_max": 1.7775947345959224}