{"data_name": "ConcreteCompressiveStrength", "n_neighbors": 100, "level": 0.8, "random_state": 2286, "test_size": 0.2, "n": 1030, "d": 8, "oob_score": 0.9123768518521445, "test_score": 0.921144258834218, "coverage": 0.7524271844660194, "width_mean": 0.5250940318989085, "width_sd": 0.07030431284748986, "width_min": 0.4385152707443102, "width_q1": 0.46573253119495306, "width_q2": 0.505449853619226, "width_q3": 0.576743570346616, "width_max": 0.8442378728149278}