{"data_name": "ConcreteCompressiveStrength", "n_neighbors": 1000, "level": 0.99, "random_state": 9674, "test_size": 0.2, "n": 1030, "d": 8, "oob_score": 0.9110107115932303, "test_score": 0.9122978376968222, "coverage": 1.0, "width_mean": 2.1630366112623816, "width_sd": 3.901531998237298e-16, "width_min": 2.163036611262381, "width_q1": 2.163036611262381, "width_q2": 2.163036611262381, "width_q3": 2.163036611262381, "width_max": 2.1630366112623816}