{"data_name": "ConcreteCompressiveStrength", "n_neighbors": 20, "level": 0.99, "random_state": 8935, "test_size": 0.2, "n": 1030, "d": 8, "oob_score": 0.9077080889321628, "test_score": 0.9090665322934884, "coverage": 0.9466019417475728, "width_mean": 1.2296274714407205, "width_sd": 0.4062549117570949, "width_min": 0.52895284319604, "width_q1": 0.962731277268708, "width_q2": 1.1492947111445408, "width_q3": 1.357743362590806, "width_max": 3.017903500353445}