{"data_name": "ConcreteSlumpTest", "n_neighbors": 50, "level": 0.8, "random_state": 1679, "test_size": 0.2, "n": 103, "d": 9, "oob_score": 0.7410592044700035, "test_score": 0.8161237760595266, "coverage": 0.7142857142857143, "width_mean": 1.1092952985424689, "width_sd": 0.05599703683739652, "width_min": 1.0181494965073523, "width_q1": 1.056383720211319, "width_q2": 1.103781826366319, "width_q3": 1.1656847803085184, "width_max": 1.1904522410679534}