{"data_name": "ConcreteSlumpTest", "n_neighbors": "auto", "level": 0.95, "random_state": 8935, "test_size": 0.2, "n": 103, "d": 9, "oob_score": 0.777103847529504, "test_score": 0.7388082036200501, "coverage": 0.9523809523809523, "width_mean": 1.6643123658185401, "width_sd": 0.4175819759128026, "width_min": 0.9319622484060842, "width_q1": 1.399857582400696, "width_q2": 1.5620436687022803, "width_q3": 1.7863455916416688, "width_max": 2.5976702198667065}