{"data_name": "ConcreteSlumpTest", "n_neighbors": "all", "level": 0.99, "random_state": 1424, "test_size": 0.2, "n": 103, "d": 9, "oob_score": 0.6856950326342898, "test_score": 0.7538262917030606, "coverage": 1.0, "width_mean": 3.269779069450009, "width_sd": 0.0, "width_min": 3.269779069450009, "width_q1": 3.269779069450009, "width_q2": 3.269779069450009, "width_q3": 3.269779069450009, "width_max": 3.269779069450009}