{"data_name": "ConcreteSlumpTest", "n_neighbors": 10, "level": 0.9, "random_state": 409, "test_size": 0.2, "n": 103, "d": 9, "oob_score": 0.7628057233540584, "test_score": 0.8425330395990198, "coverage": 0.9523809523809523, "width_mean": 1.1436776317143167, "width_sd": 0.36781430713152774, "width_min": 0.6769053016555662, "width_q1": 0.8581477590262894, "width_q2": 1.049622649152874, "width_q3": 1.3478551577638267, "width_max": 2.092099851652157}