{"data_name": "ConcreteSlumpTest", "n_neighbors": "all", "level": 0.99, "random_state": 4012, "test_size": 0.2, "n": 103, "d": 9, "oob_score": 0.8052529263425103, "test_score": 0.7111764740899398, "coverage": 1.0, "width_mean": 2.5492973116637505, "width_sd": 1.9381642090009908e-16, "width_min": 2.54929731166375, "width_q1": 2.5492973116637505, "width_q2": 2.5492973116637505, "width_q3": 2.5492973116637505, "width_max": 2.549297311663751}