{"data_name": "ConcreteSlumpTest", "n_neighbors": 50, "level": 0.8, "random_state": 8935, "test_size": 0.2, "n": 103, "d": 9, "oob_score": 0.777103847529504, "test_score": 0.7388082036200501, "coverage": 0.7619047619047619, "width_mean": 1.0095177643455635, "width_sd": 0.059343767529880846, "width_min": 0.8716570220829591, "width_q1": 0.9746271717123158, "width_q2": 1.0109178266685914, "width_q3": 1.041010283194006, "width_max": 1.1214880587906517}