{"data_name": "CyclePowerPlant", "n_neighbors": 5000, "level": 0.95, "random_state": 4012, "test_size": 0.2, "n": 9568, "d": 4, "oob_score": 0.96084921199621, "test_score": 0.9632027323075808, "coverage": 0.9545454545454546, "width_mean": 0.750391899420348, "width_sd": 0.0007229467267662523, "width_min": 0.7494262308291535, "width_q1": 0.7499271977539101, "width_q2": 0.7503581172781603, "width_q3": 0.7508590842029168, "width_max": 0.756340153528476}