{"data_name": "CyclePowerPlant", "n_neighbors": 200, "level": 0.9, "random_state": 4012, "test_size": 0.2, "n": 9568, "d": 4, "oob_score": 0.96084921199621, "test_score": 0.9632027323075808, "coverage": 0.8782654127481714, "width_mean": 0.5468379269258349, "width_sd": 0.032977684349670605, "width_min": 0.4544360733701578, "width_q1": 0.5249784208290287, "width_q2": 0.5489133005349498, "width_q3": 0.565107035940497, "width_max": 0.6860399840498239}