{"data_name": "CyclePowerPlant", "n_neighbors": 5, "level": 0.99, "random_state": 1824, "test_size": 0.2, "n": 9568, "d": 4, "oob_score": 0.9612399292599465, "test_score": 0.9631065801178612, "coverage": 0.7016718913270638, "width_mean": 0.42522145354881535, "width_sd": 0.28686454362612457, "width_min": 0.008619961397162479, "width_q1": 0.2477200919717447, "width_q2": 0.3683822984773212, "width_q3": 0.5361000734756521, "width_max": 3.2788773075153665}