{"data_name": "CyclePowerPlant", "n_neighbors": "all", "level": 0.99, "random_state": 9674, "test_size": 0.2, "n": 9568, "d": 4, "oob_score": 0.9619498457753226, "test_score": 0.9588837564322032, "coverage": 0.9832810867293625, "width_mean": 1.1222803829514896, "width_sd": 2.729879489737363e-16, "width_min": 1.1222803829514896, "width_q1": 1.1222803829514896, "width_q2": 1.1222803829514898, "width_q3": 1.12228038295149, "width_max": 1.12228038295149}