{"data_name": "CyclePowerPlant", "n_neighbors": 500, "level": 0.8, "random_state": 8935, "test_size": 0.2, "n": 9568, "d": 4, "oob_score": 0.9608533194480321, "test_score": 0.9639449866308117, "coverage": 0.829153605015674, "width_mean": 0.43841850630958545, "width_sd": 0.005974099254230302, "width_min": 0.423391188149735, "width_q1": 0.4339893479206255, "width_q2": 0.4395439912533303, "width_q3": 0.44215027432836806, "width_max": 0.4578712928507358}