{"data_name": "CyclePowerPlant", "n_neighbors": 10, "level": 0.8, "random_state": 8935, "test_size": 0.2, "n": 9568, "d": 4, "oob_score": 0.9608533194480321, "test_score": 0.9639449866308117, "coverage": 0.7178683385579937, "width_mean": 0.38891564815952506, "width_sd": 0.16275481098800926, "width_min": 0.0716769701267268, "width_q1": 0.2700049367576255, "width_q2": 0.3643064817498429, "width_q3": 0.4800111171751207, "width_max": 2.008663273093312}