{"data_name": "CyclePowerPlant", "n_neighbors": 200, "level": 0.95, "random_state": 3657, "test_size": 0.2, "n": 9568, "d": 4, "oob_score": 0.9618320509256445, "test_score": 0.9592863167668704, "coverage": 0.9639498432601881, "width_mean": 0.8489630770909629, "width_sd": 0.065217606867467, "width_min": 0.7599326089730458, "width_q1": 0.7901840104795572, "width_q2": 0.8471444878115593, "width_q3": 0.8735329916393846, "width_max": 1.1017099713010485}