{"data_name": "CyclePowerPlant", "n_neighbors": 5, "level": 0.95, "random_state": 409, "test_size": 0.2, "n": 9568, "d": 4, "oob_score": 0.9613407527354361, "test_score": 0.9637261810964686, "coverage": 0.7121212121212122, "width_mean": 0.4126023398817964, "width_sd": 0.2687991042454979, "width_min": 0.04937544843548425, "width_q1": 0.24249031821355066, "width_q2": 0.35942918966663107, "width_q3": 0.5145446442341353, "width_max": 2.8673788121568906}