{"data_name": "CyclePowerPlant", "n_neighbors": 500, "level": 0.95, "random_state": 2286, "test_size": 0.2, "n": 9568, "d": 4, "oob_score": 0.9598363182291095, "test_score": 0.9678298381021497, "coverage": 0.9623824451410659, "width_mean": 0.7809762008970805, "width_sd": 0.020332100069087863, "width_min": 0.7395890268312333, "width_q1": 0.775183476236831, "width_q2": 0.7802044537143379, "width_q3": 0.7971582633833598, "width_max": 0.8782802072251941}