{"data_name": "CyclePowerPlant", "n_neighbors": 1000, "level": 0.9, "random_state": 1679, "test_size": 0.2, "n": 9568, "d": 4, "oob_score": 0.9606653298231603, "test_score": 0.9641549626856099, "coverage": 0.8944618599791013, "width_mean": 0.5923382022390553, "width_sd": 0.004959569721065117, "width_min": 0.5830100930396087, "width_q1": 0.5881553407445989, "width_q2": 0.5910502138453144, "width_q3": 0.5953903821209698, "width_max": 0.6154112902812957}