{"data_name": "CyclePowerPlant", "n_neighbors": 100, "level": 0.8, "random_state": 2286, "test_size": 0.2, "n": 9568, "d": 4, "oob_score": 0.9598363182291095, "test_score": 0.9678298381021497, "coverage": 0.8160919540229885, "width_mean": 0.43750342367990225, "width_sd": 0.03804228984740398, "width_min": 0.32723246066431844, "width_q1": 0.4128524424819138, "width_q2": 0.43587366056410914, "width_q3": 0.45671784852982034, "width_max": 0.61105461305644}