{"data_name": "CyclePowerPlant", "n_neighbors": "all", "level": 0.95, "random_state": 8935, "test_size": 0.2, "n": 9568, "d": 4, "oob_score": 0.9608533194480321, "test_score": 0.9639449866308117, "coverage": 0.9582027168234065, "width_mean": 0.7546920705723802, "width_sd": 1.0090326007661876e-16, "width_min": 0.7546920705723801, "width_q1": 0.7546920705723802, "width_q2": 0.7546920705723803, "width_q3": 0.7546920705723803, "width_max": 0.7546920705723803}