{"data_name": "CyclePowerPlant", "n_neighbors": 5, "level": 0.99, "random_state": 3657, "test_size": 0.2, "n": 9568, "d": 4, "oob_score": 0.9618320509256445, "test_score": 0.9592863167668704, "coverage": 0.7016718913270638, "width_mean": 0.422136633534739, "width_sd": 0.25668163857522236, "width_min": 0.021983481194104315, "width_q1": 0.25221115280735495, "width_q2": 0.36376305663645647, "width_q3": 0.5317694052540707, "width_max": 3.171112073545697}