{"data_name": "CyclePowerPlant", "n_neighbors": "auto", "level": 0.95, "random_state": 3657, "test_size": 0.2, "n": 9568, "d": 4, "oob_score": 0.9618320509256445, "test_score": 0.9592863167668704, "coverage": 0.9216300940438872, "width_mean": 0.6779581048603022, "width_sd": 0.21696076174425466, "width_min": 0.12074732527515186, "width_q1": 0.5406062365598647, "width_q2": 0.6505992649820914, "width_q3": 0.7779939574873949, "width_max": 2.77648045634947}