{"data_name": "CyclePowerPlant", "n_neighbors": 2000, "level": 0.9, "random_state": 1424, "test_size": 0.2, "n": 9568, "d": 4, "oob_score": 0.962581109657008, "test_score": 0.9553038834743127, "coverage": 0.9049111807732497, "width_mean": 0.6088798939285683, "width_sd": 0.0028472226148401523, "width_min": 0.6017954064711926, "width_q1": 0.6075957298780228, "width_q2": 0.6083498734583599, "width_q3": 0.6097962577864161, "width_max": 0.6177885197055049}