{"data_name": "CyclePowerPlant", "n_neighbors": 5, "level": 0.9, "random_state": 1824, "test_size": 0.2, "n": 9568, "d": 4, "oob_score": 0.9612399292599465, "test_score": 0.9631065801178612, "coverage": 0.6609195402298851, "width_mean": 0.3774066707872038, "width_sd": 0.24583277381296678, "width_min": 0.007767688194236788, "width_q1": 0.22238734161642487, "width_q2": 0.3305658067035352, "width_q3": 0.4774869834848191, "width_max": 2.76975252173396}