{"data_name": "CyclePowerPlant", "n_neighbors": 2000, "level": 0.99, "random_state": 409, "test_size": 0.2, "n": 9568, "d": 4, "oob_score": 0.9613407527354361, "test_score": 0.9637261810964686, "coverage": 0.9916405433646813, "width_mean": 1.1180220311146394, "width_sd": 0.018030096575543938, "width_min": 1.0906152709190355, "width_q1": 1.1125350798649616, "width_q2": 1.1125350798649616, "width_q3": 1.1199182527826466, "width_max": 1.2790216011018036}