{"data_name": "CyclePowerPlant", "n_neighbors": 10, "level": 0.95, "random_state": 8935, "test_size": 0.2, "n": 9568, "d": 4, "oob_score": 0.9608533194480321, "test_score": 0.9639449866308117, "coverage": 0.841692789968652, "width_mean": 0.5586858664236843, "width_sd": 0.2632149238171329, "width_min": 0.1164923152133216, "width_q1": 0.3911962636122337, "width_q2": 0.5145473156727267, "width_q3": 0.6673571295950785, "width_max": 2.8525728299186204}