{"data_name": "CyclePowerPlant", "n_neighbors": 5, "level": 0.99, "random_state": 1424, "test_size": 0.2, "n": 9568, "d": 4, "oob_score": 0.962581109657008, "test_score": 0.9553038834743127, "coverage": 0.7016718913270638, "width_mean": 0.42661182043807105, "width_sd": 0.251426278275988, "width_min": 0.02886270153615511, "width_q1": 0.2514309965926174, "width_q2": 0.3823737037143491, "width_q3": 0.5450811300478681, "width_max": 3.2740486928024817}