{"data_name": "CyclePowerPlant", "n_neighbors": "auto", "level": 0.95, "random_state": 1824, "test_size": 0.2, "n": 9568, "d": 4, "oob_score": 0.9612399292599465, "test_score": 0.9631065801178612, "coverage": 0.9148380355276907, "width_mean": 0.68679883577708, "width_sd": 0.24046492031119981, "width_min": 0.1371660503714538, "width_q1": 0.5493154878145061, "width_q2": 0.6551687069135668, "width_q3": 0.7804740415238058, "width_max": 2.8702815722928543}