{"data_name": "CyclePowerPlant", "n_neighbors": 5, "level": 0.9, "random_state": 8935, "test_size": 0.2, "n": 9568, "d": 4, "oob_score": 0.9608533194480321, "test_score": 0.9639449866308117, "coverage": 0.658307210031348, "width_mean": 0.38517498570073166, "width_sd": 0.24449318459273361, "width_min": 0.0344682231204706, "width_q1": 0.22621159869610225, "width_q2": 0.33742186232446875, "width_q3": 0.48607841755253933, "width_max": 2.7741944400209766}