{"data_name": "CyclePowerPlant", "n_neighbors": 1000, "level": 0.95, "random_state": 9674, "test_size": 0.2, "n": 9568, "d": 4, "oob_score": 0.9619498457753226, "test_score": 0.9588837564322032, "coverage": 0.9482758620689655, "width_mean": 0.7722985901990889, "width_sd": 0.008123992707959202, "width_min": 0.758893146907019, "width_q1": 0.7675280891859251, "width_q2": 0.7709695809846855, "width_q3": 0.775449092227166, "width_max": 0.8176076087747752}