{"data_name": "CyclePowerPlant", "n_neighbors": 1000, "level": 0.95, "random_state": 2286, "test_size": 0.2, "n": 9568, "d": 4, "oob_score": 0.9598363182291095, "test_score": 0.9678298381021497, "coverage": 0.9649947753396029, "width_mean": 0.8060431045518514, "width_sd": 0.0035711116968840956, "width_min": 0.7884091742505648, "width_q1": 0.8041881686118586, "width_q2": 0.8065916679786385, "width_q3": 0.8077733255844872, "width_max": 0.8512673922089788}