{"data_name": "CyclePowerPlant", "n_neighbors": 200, "level": 0.8, "random_state": 1424, "test_size": 0.2, "n": 9568, "d": 4, "oob_score": 0.962581109657008, "test_score": 0.9553038834743127, "coverage": 0.8202716823406478, "width_mean": 0.48385997578127926, "width_sd": 0.024795424386794388, "width_min": 0.4258655050012059, "width_q1": 0.4674058504882873, "width_q2": 0.4849133430711092, "width_q3": 0.5003576557676512, "width_max": 0.5668815189449892}