{"data_name": "CyclePowerPlant", "n_neighbors": 1000, "level": 0.99, "random_state": 4506, "test_size": 0.2, "n": 9568, "d": 4, "oob_score": 0.9605801413182852, "test_score": 0.9629054587002663, "coverage": 0.9911180773249739, "width_mean": 1.1485355867657716, "width_sd": 0.013320960035742966, "width_min": 1.1270047396460834, "width_q1": 1.142780497690671, "width_q2": 1.1427804976906712, "width_q3": 1.149220625607371, "width_max": 1.2314984241686693}