{"data_name": "CyclePowerPlant", "n_neighbors": "all", "level": 0.99, "random_state": 2286, "test_size": 0.2, "n": 9568, "d": 4, "oob_score": 0.9598363182291095, "test_score": 0.9678298381021497, "coverage": 0.9926854754440961, "width_mean": 1.2336403448398738, "width_sd": 2.485386002726657e-16, "width_min": 1.2336403448398734, "width_q1": 1.2336403448398736, "width_q2": 1.2336403448398736, "width_q3": 1.2336403448398736, "width_max": 1.2336403448398738}