{"data_name": "CyclePowerPlant", "n_neighbors": 20, "level": 0.95, "random_state": 9674, "test_size": 0.2, "n": 9568, "d": 4, "oob_score": 0.9619498457753226, "test_score": 0.9588837564322032, "coverage": 0.8939393939393939, "width_mean": 0.6591439282121518, "width_sd": 0.2492261702177866, "width_min": 0.19172515268563717, "width_q1": 0.5072516343357294, "width_q2": 0.6117352258844002, "width_q3": 0.7517077239249559, "width_max": 2.990361921726066}