{"data_name": "CyclePowerPlant", "n_neighbors": "all", "level": 0.99, "random_state": 4506, "test_size": 0.2, "n": 9568, "d": 4, "oob_score": 0.9605801413182852, "test_score": 0.9629054587002663, "coverage": 0.9916405433646813, "width_mean": 1.1989850828472617, "width_sd": 4.594277658576097e-16, "width_min": 1.198985082847261, "width_q1": 1.1989850828472612, "width_q2": 1.1989850828472612, "width_q3": 1.1989850828472612, "width_max": 1.1989850828472615}