{"data_name": "CyclePowerPlant", "n_neighbors": 200, "level": 0.99, "random_state": 2286, "test_size": 0.2, "n": 9568, "d": 4, "oob_score": 0.9598363182291095, "test_score": 0.9678298381021497, "coverage": 0.9832810867293625, "width_mean": 1.0075594256194924, "width_sd": 0.11542564950690735, "width_min": 0.8700219697356752, "width_q1": 0.955884016895133, "width_q2": 0.9650651919695457, "width_q3": 1.0394020165235238, "width_max": 2.9292800282790026}