{"data_name": "CyclePowerPlant", "n_neighbors": 500, "level": 0.99, "random_state": 9674, "test_size": 0.2, "n": 9568, "d": 4, "oob_score": 0.9619498457753226, "test_score": 0.9588837564322032, "coverage": 0.9843260188087775, "width_mean": 1.085078454754854, "width_sd": 0.021334474275838487, "width_min": 1.0754947199850151, "width_q1": 1.0754947199850153, "width_q2": 1.0754947199850153, "width_q3": 1.088404541792404, "width_max": 1.3553792284816832}