{"data_name": "CyclePowerPlant", "n_neighbors": 20, "level": 0.9, "random_state": 4506, "test_size": 0.2, "n": 9568, "d": 4, "oob_score": 0.9605801413182852, "test_score": 0.9629054587002663, "coverage": 0.8599791013584117, "width_mean": 0.5478688051020651, "width_sd": 0.16605677287719803, "width_min": 0.1829415860071753, "width_q1": 0.4257416254551003, "width_q2": 0.5272234943697467, "width_q3": 0.6465798485975417, "width_max": 1.5079586591843523}