{"data_name": "CyclePowerPlant", "n_neighbors": 500, "level": 0.99, "random_state": 2286, "test_size": 0.2, "n": 9568, "d": 4, "oob_score": 0.9598363182291095, "test_score": 0.9678298381021497, "coverage": 0.9952978056426333, "width_mean": 1.3536712606881725, "width_sd": 0.07691302227547706, "width_min": 1.3296324112835052, "width_q1": 1.3296324112835056, "width_q2": 1.3296324112835056, "width_q3": 1.3296324112835056, "width_max": 2.104531462000434}