{"data_name": "CyclePowerPlant", "n_neighbors": "auto", "level": 0.8, "random_state": 4506, "test_size": 0.2, "n": 9568, "d": 4, "oob_score": 0.9605801413182852, "test_score": 0.9629054587002663, "coverage": 0.7847439916405433, "width_mean": 0.43094732212858755, "width_sd": 0.12328837351188315, "width_min": 0.09583478483650154, "width_q1": 0.3462498390997949, "width_q2": 0.41903367962133553, "width_q3": 0.5058575550565869, "width_max": 1.3113573500419013}