{"data_name": "CyclePowerPlant", "n_neighbors": 100, "level": 0.8, "random_state": 409, "test_size": 0.2, "n": 9568, "d": 4, "oob_score": 0.9613407527354361, "test_score": 0.9637261810964686, "coverage": 0.8427377220480669, "width_mean": 0.49447578839618705, "width_sd": 0.026668942706295815, "width_min": 0.41085842169906583, "width_q1": 0.4806700901254024, "width_q2": 0.4900349382035389, "width_q3": 0.5067818922659588, "width_max": 0.6610027689415063}