{"data_name": "CyclePowerPlant", "n_neighbors": 200, "level": 0.95, "random_state": 9674, "test_size": 0.2, "n": 9568, "d": 4, "oob_score": 0.9619498457753226, "test_score": 0.9588837564322032, "coverage": 0.9211076280041798, "width_mean": 0.6518111870922757, "width_sd": 0.052678784680583554, "width_min": 0.5507491373696225, "width_q1": 0.6142727521778173, "width_q2": 0.6484255922620703, "width_q3": 0.6860773718859159, "width_max": 0.8960875885883052}