{"data_name": "CyclePowerPlant", "n_neighbors": 5000, "level": 0.95, "random_state": 2286, "test_size": 0.2, "n": 9568, "d": 4, "oob_score": 0.9598363182291095, "test_score": 0.9678298381021497, "coverage": 0.957680250783699, "width_mean": 0.7630585249963276, "width_sd": 0.0008620888132168745, "width_min": 0.7624927237628607, "width_q1": 0.7624927237628607, "width_q2": 0.7624927237628608, "width_q3": 0.7641922121306175, "width_max": 0.7677584258829186}