{"data_name": "CyclePowerPlant", "n_neighbors": "all", "level": 0.99, "random_state": 8935, "test_size": 0.2, "n": 9568, "d": 4, "oob_score": 0.9608533194480321, "test_score": 0.9639449866308117, "coverage": 0.9916405433646813, "width_mean": 1.1949194143672262, "width_sd": 1.9379743325166753e-16, "width_min": 1.194919414367226, "width_q1": 1.1949194143672264, "width_q2": 1.1949194143672264, "width_q3": 1.1949194143672264, "width_max": 1.1949194143672264}