{"data_name": "CyclePowerPlant", "n_neighbors": 100, "level": 0.9, "random_state": 1824, "test_size": 0.2, "n": 9568, "d": 4, "oob_score": 0.9612399292599465, "test_score": 0.9631065801178612, "coverage": 0.8814002089864159, "width_mean": 0.5418832918912025, "width_sd": 0.06291048665844988, "width_min": 0.39848984109331687, "width_q1": 0.4966357541184042, "width_q2": 0.5376070828389513, "width_q3": 0.5874433986517217, "width_max": 0.9046284668398669}