{"data_name": "CyclePowerPlant", "n_neighbors": "auto", "level": 0.95, "random_state": 9674, "test_size": 0.2, "n": 9568, "d": 4, "oob_score": 0.9619498457753226, "test_score": 0.9588837564322032, "coverage": 0.912748171368861, "width_mean": 0.6753413271893461, "width_sd": 0.23761014161209962, "width_min": 0.206470547966502, "width_q1": 0.5320944917179202, "width_q2": 0.6403929428305855, "width_q3": 0.7822283515194166, "width_max": 3.050626178882358}