{"data_name": "CyclePowerPlant", "n_neighbors": 500, "level": 0.9, "random_state": 2286, "test_size": 0.2, "n": 9568, "d": 4, "oob_score": 0.9598363182291095, "test_score": 0.9678298381021497, "coverage": 0.9174503657262278, "width_mean": 0.6208189770644428, "width_sd": 0.015041247930347654, "width_min": 0.5725486537779065, "width_q1": 0.6129603563110002, "width_q2": 0.6208950791489398, "width_q3": 0.6259743390055659, "width_max": 0.6771768122350484}