{"data_name": "CyclePowerPlant", "n_neighbors": 20, "level": 0.8, "random_state": 1424, "test_size": 0.2, "n": 9568, "d": 4, "oob_score": 0.962581109657008, "test_score": 0.9553038834743127, "coverage": 0.7586206896551724, "width_mean": 0.4248328240546068, "width_sd": 0.12949012541227103, "width_min": 0.1421389257401363, "width_q1": 0.3281133264223241, "width_q2": 0.4088643547061425, "width_q3": 0.5103099642203757, "width_max": 0.8891620071129394}