{"data_name": "CyclePowerPlant", "n_neighbors": "all", "level": 0.9, "random_state": 409, "test_size": 0.2, "n": 9568, "d": 4, "oob_score": 0.9613407527354361, "test_score": 0.9637261810964686, "coverage": 0.9017763845350052, "width_mean": 0.5929526829804058, "width_sd": 1.2002514937568622e-16, "width_min": 0.5929526829804055, "width_q1": 0.5929526829804057, "width_q2": 0.5929526829804057, "width_q3": 0.5929526829804057, "width_max": 0.5929526829804059}