{"data_name": "CyclePowerPlant", "n_neighbors": 1000, "level": 0.8, "random_state": 4506, "test_size": 0.2, "n": 9568, "d": 4, "oob_score": 0.9605801413182852, "test_score": 0.9629054587002663, "coverage": 0.7753396029258098, "width_mean": 0.41334012997405184, "width_sd": 0.004325315407254074, "width_min": 0.405243231781929, "width_q1": 0.410562993225592, "width_q2": 0.4129461234414258, "width_q3": 0.41572040499162494, "width_max": 0.4324697573617482}