{"data_name": "CyclePowerPlant", "n_neighbors": 10, "level": 0.8, "random_state": 1679, "test_size": 0.2, "n": 9568, "d": 4, "oob_score": 0.9606653298231603, "test_score": 0.9641549626856099, "coverage": 0.7225705329153606, "width_mean": 0.3887457857811575, "width_sd": 0.16553730753319876, "width_min": 0.06645224969056707, "width_q1": 0.26759560778852515, "width_q2": 0.3613108710134586, "width_q3": 0.48015867612071356, "width_max": 1.4186246478636808}