{"data_name": "CyclePowerPlant", "n_neighbors": 20, "level": 0.95, "random_state": 4012, "test_size": 0.2, "n": 9568, "d": 4, "oob_score": 0.96084921199621, "test_score": 0.9632027323075808, "coverage": 0.9137931034482759, "width_mean": 0.672469750463205, "width_sd": 0.2583502948096096, "width_min": 0.20790831964099446, "width_q1": 0.5099857612289841, "width_q2": 0.6305357022245006, "width_q3": 0.7670947709494496, "width_max": 3.1135381084934415}