{"data_name": "CyclePowerPlant", "n_neighbors": "all", "level": 0.9, "random_state": 4506, "test_size": 0.2, "n": 9568, "d": 4, "oob_score": 0.9605801413182852, "test_score": 0.9629054587002663, "coverage": 0.8996865203761756, "width_mean": 0.6014196037327306, "width_sd": 1.1343236971839773e-16, "width_min": 0.6014196037327304, "width_q1": 0.6014196037327306, "width_q2": 0.6014196037327306, "width_q3": 0.6014196037327307, "width_max": 0.6014196037327308}