{"data_name": "CyclePowerPlant", "n_neighbors": 50, "level": 0.99, "random_state": 409, "test_size": 0.2, "n": 9568, "d": 4, "oob_score": 0.9613407527354361, "test_score": 0.9637261810964686, "coverage": 0.9655172413793104, "width_mean": 0.8623777069147722, "width_sd": 0.2890090853953361, "width_min": 0.4626131631065187, "width_q1": 0.6919914652376102, "width_q2": 0.7903235998040755, "width_q3": 0.9315690205582612, "width_max": 2.7326089012358152}