{"data_name": "CyclePowerPlant", "n_neighbors": 2000, "level": 0.95, "random_state": 1424, "test_size": 0.2, "n": 9568, "d": 4, "oob_score": 0.962581109657008, "test_score": 0.9553038834743127, "coverage": 0.9519331243469175, "width_mean": 0.7658024484081005, "width_sd": 0.0021897070926995728, "width_min": 0.764366354756266, "width_q1": 0.7645056361482561, "width_q2": 0.7652181886823308, "width_q3": 0.7657918644413038, "width_max": 0.7787973083069024}