{"data_name": "CyclePowerPlant", "n_neighbors": 100, "level": 0.99, "random_state": 8935, "test_size": 0.2, "n": 9568, "d": 4, "oob_score": 0.9608533194480321, "test_score": 0.9639449866308117, "coverage": 0.9864158829676071, "width_mean": 1.0380171496981867, "width_sd": 0.16193648913083147, "width_min": 0.8218659309915901, "width_q1": 0.9634468534268564, "width_q2": 0.9853341843404826, "width_q3": 1.042677811206643, "width_max": 2.4700647592163913}