{"data_name": "CyclePowerPlant", "n_neighbors": 500, "level": 0.99, "random_state": 4012, "test_size": 0.2, "n": 9568, "d": 4, "oob_score": 0.96084921199621, "test_score": 0.9632027323075808, "coverage": 0.987460815047022, "width_mean": 0.9932175703947037, "width_sd": 0.03963133636465971, "width_min": 0.9616338547807928, "width_q1": 0.9691070235753382, "width_q2": 0.9691070235753383, "width_q3": 1.0092505209457703, "width_max": 1.3531100347227094}