{"data_name": "CyclePowerPlant", "n_neighbors": 20, "level": 0.9, "random_state": 2286, "test_size": 0.2, "n": 9568, "d": 4, "oob_score": 0.9598363182291095, "test_score": 0.9678298381021497, "coverage": 0.8625914315569488, "width_mean": 0.5392355928029301, "width_sd": 0.17612305276881335, "width_min": 0.16553140020281543, "width_q1": 0.4155343992530336, "width_q2": 0.5205861122234359, "width_q3": 0.6317298484959563, "width_max": 2.060577992928705}