{"data_name": "CyclePowerPlant", "n_neighbors": "auto", "level": 0.9, "random_state": 1824, "test_size": 0.2, "n": 9568, "d": 4, "oob_score": 0.9612399292599465, "test_score": 0.9631065801178612, "coverage": 0.8688610240334378, "width_mean": 0.5618404774039438, "width_sd": 0.1658183609057534, "width_min": 0.12013760800022322, "width_q1": 0.45444111777505214, "width_q2": 0.5509518016314168, "width_q3": 0.648326729154824, "width_max": 2.326675354510938}