{"data_name": "CyclePowerPlant", "n_neighbors": 10, "level": 0.8, "random_state": 4012, "test_size": 0.2, "n": 9568, "d": 4, "oob_score": 0.96084921199621, "test_score": 0.9632027323075808, "coverage": 0.7210031347962382, "width_mean": 0.3935545420775084, "width_sd": 0.16237290041164626, "width_min": 0.07974665219631971, "width_q1": 0.2740216672336366, "width_q2": 0.36725227848524566, "width_q3": 0.4878257577005745, "width_max": 1.3951047687997298}