{"data_name": "CyclePowerPlant", "n_neighbors": 20, "level": 0.8, "random_state": 9674, "test_size": 0.2, "n": 9568, "d": 4, "oob_score": 0.9619498457753226, "test_score": 0.9588837564322032, "coverage": 0.7628004179728317, "width_mean": 0.4172890217963319, "width_sd": 0.12993528904432172, "width_min": 0.12078613424507867, "width_q1": 0.32486620279436496, "width_q2": 0.39814827417265175, "width_q3": 0.4907626041325147, "width_max": 1.2033563563156615}