{"data_name": "CyclePowerPlant", "n_neighbors": 100, "level": 0.9, "random_state": 4506, "test_size": 0.2, "n": 9568, "d": 4, "oob_score": 0.9605801413182852, "test_score": 0.9629054587002663, "coverage": 0.9268547544409613, "width_mean": 0.6410921394447826, "width_sd": 0.05388110341706081, "width_min": 0.47154047785525943, "width_q1": 0.6085963225453689, "width_q2": 0.6396802453667756, "width_q3": 0.6679786441476445, "width_max": 0.8737439120715009}