{"data_name": "CyclePowerPlant", "n_neighbors": 10, "level": 0.9, "random_state": 2286, "test_size": 0.2, "n": 9568, "d": 4, "oob_score": 0.9598363182291095, "test_score": 0.9678298381021497, "coverage": 0.8113897596656218, "width_mean": 0.5096981485758267, "width_sd": 0.24179102004268968, "width_min": 0.07918513175399322, "width_q1": 0.35117418033110165, "width_q2": 0.4640372996187555, "width_q3": 0.6124636255882041, "width_max": 2.363141401781789}