{"data_name": "CyclePowerPlant", "n_neighbors": 20, "level": 0.9, "random_state": 3657, "test_size": 0.2, "n": 9568, "d": 4, "oob_score": 0.9618320509256445, "test_score": 0.9592863167668704, "coverage": 0.8510971786833855, "width_mean": 0.538036151111678, "width_sd": 0.16443462465881764, "width_min": 0.15457457117400186, "width_q1": 0.42068919537404215, "width_q2": 0.516724272561722, "width_q3": 0.6350747112219951, "width_max": 1.5931656347876808}