{"data_name": "CyclePowerPlant", "n_neighbors": "all", "level": 0.8, "random_state": 9674, "test_size": 0.2, "n": 9568, "d": 4, "oob_score": 0.9619498457753226, "test_score": 0.9588837564322032, "coverage": 0.8040752351097179, "width_mean": 0.43555614720411057, "width_sd": 9.33271277193661e-17, "width_min": 0.4355561472041103, "width_q1": 0.4355561472041105, "width_q2": 0.4355561472041106, "width_q3": 0.4355561472041106, "width_max": 0.43555614720411073}