{"data_name": "CyclePowerPlant", "n_neighbors": 500, "level": 0.9, "random_state": 4012, "test_size": 0.2, "n": 9568, "d": 4, "oob_score": 0.96084921199621, "test_score": 0.9632027323075808, "coverage": 0.8766980146290491, "width_mean": 0.5575100437303447, "width_sd": 0.010375256806431877, "width_min": 0.5263654453591877, "width_q1": 0.5531204027573059, "width_q2": 0.5568218884894487, "width_q3": 0.5607491027752292, "width_max": 0.629619696750368}