{"data_name": "CyclePowerPlant", "n_neighbors": 500, "level": 0.95, "random_state": 3657, "test_size": 0.2, "n": 9568, "d": 4, "oob_score": 0.9618320509256445, "test_score": 0.9592863167668704, "coverage": 0.9503657262277951, "width_mean": 0.7571322295258266, "width_sd": 0.012550513053356374, "width_min": 0.7295791680687242, "width_q1": 0.7495644599478455, "width_q2": 0.7553366900900063, "width_q3": 0.7606669108526595, "width_max": 0.8847257388388523}