{"data_name": "CyclePowerPlant", "n_neighbors": "all", "level": 0.95, "random_state": 4012, "test_size": 0.2, "n": 9568, "d": 4, "oob_score": 0.96084921199621, "test_score": 0.9632027323075808, "coverage": 0.9561128526645768, "width_mean": 0.7552900201707415, "width_sd": 1.313976717803903e-16, "width_min": 0.7552900201707413, "width_q1": 0.7552900201707414, "width_q2": 0.7552900201707414, "width_q3": 0.7552900201707414, "width_max": 0.7552900201707415}