{"data_name": "CyclePowerPlant", "n_neighbors": 2000, "level": 0.99, "random_state": 4506, "test_size": 0.2, "n": 9568, "d": 4, "oob_score": 0.9605801413182852, "test_score": 0.9629054587002663, "coverage": 0.9916405433646813, "width_mean": 1.1626707592302137, "width_sd": 0.009956274872074365, "width_min": 1.1468591575726408, "width_q1": 1.1553520414485756, "width_q2": 1.1616425374047394, "width_q3": 1.1616425374047397, "width_max": 1.2162495644210811}