{"data_name": "CyclePowerPlant", "n_neighbors": 20, "level": 0.95, "random_state": 4506, "test_size": 0.2, "n": 9568, "d": 4, "oob_score": 0.9605801413182852, "test_score": 0.9629054587002663, "coverage": 0.9122257053291536, "width_mean": 0.6740490195517561, "width_sd": 0.23121726902062092, "width_min": 0.23959924367172425, "width_q1": 0.5203084379653566, "width_q2": 0.6387160075546939, "width_q3": 0.7810753556992143, "width_max": 2.375117077624103}