{"data_name": "CyclePowerPlant", "n_neighbors": "auto", "level": 0.8, "random_state": 9674, "test_size": 0.2, "n": 9568, "d": 4, "oob_score": 0.9619498457753226, "test_score": 0.9588837564322032, "coverage": 0.7722048066875653, "width_mean": 0.42632747915158836, "width_sd": 0.1178318440464225, "width_min": 0.1194467152097648, "width_q1": 0.3476998864497174, "width_q2": 0.4160048216938177, "width_q3": 0.4931948288444581, "width_max": 0.8789062434078935}