{"data_name": "CyclePowerPlant", "n_neighbors": 5000, "level": 0.8, "random_state": 409, "test_size": 0.2, "n": 9568, "d": 4, "oob_score": 0.9613407527354361, "test_score": 0.9637261810964686, "coverage": 0.8019853709508882, "width_mean": 0.4358478935235835, "width_sd": 0.0006398725036272953, "width_min": 0.434849051939052, "width_q1": 0.435186333350308, "width_q2": 0.43586641421431616, "width_q3": 0.43620087234336835, "width_max": 0.4383753317972876}