{"data_name": "CyclePowerPlant", "n_neighbors": 500, "level": 0.8, "random_state": 1424, "test_size": 0.2, "n": 9568, "d": 4, "oob_score": 0.962581109657008, "test_score": 0.9553038834743127, "coverage": 0.8009404388714734, "width_mean": 0.4547295837301387, "width_sd": 0.010542507529145635, "width_min": 0.4233751567985815, "width_q1": 0.44569228775465003, "width_q2": 0.45230509230104643, "width_q3": 0.4630955764314899, "width_max": 0.4872543944046852}