{"data_name": "CyclePowerPlant", "n_neighbors": 1000, "level": 0.99, "random_state": 1679, "test_size": 0.2, "n": 9568, "d": 4, "oob_score": 0.9606653298231603, "test_score": 0.9641549626856099, "coverage": 0.9869383490073145, "width_mean": 1.0625287289515077, "width_sd": 0.023030814470803133, "width_min": 1.0387696470733883, "width_q1": 1.0507552062766337, "width_q2": 1.0507552062766337, "width_q3": 1.0699392158510652, "width_max": 1.219559831048246}