{"data_name": "CyclePowerPlant", "n_neighbors": 5, "level": 0.95, "random_state": 1824, "test_size": 0.2, "n": 9568, "d": 4, "oob_score": 0.9612399292599465, "test_score": 0.9631065801178612, "coverage": 0.6859979101358412, "width_mean": 0.4039704389880991, "width_sd": 0.2684365850167408, "width_min": 0.00824117330697327, "width_q1": 0.23604119179058225, "width_q2": 0.35111027609347045, "width_q3": 0.5107567185926636, "width_max": 3.0525996249458522}