{"data_name": "CyclePowerPlant", "n_neighbors": 50, "level": 0.99, "random_state": 2286, "test_size": 0.2, "n": 9568, "d": 4, "oob_score": 0.9598363182291095, "test_score": 0.9678298381021497, "coverage": 0.9696969696969697, "width_mean": 0.9503638038969611, "width_sd": 0.30487841579229147, "width_min": 0.4235490016750363, "width_q1": 0.771643338477561, "width_q2": 0.8919281858942845, "width_q3": 1.0138463833203684, "width_max": 3.2003225397101422}