{"data_name": "CyclePowerPlant", "n_neighbors": 5000, "level": 0.9, "random_state": 9674, "test_size": 0.2, "n": 9568, "d": 4, "oob_score": 0.9619498457753226, "test_score": 0.9588837564322032, "coverage": 0.8960292580982236, "width_mean": 0.5928371591545146, "width_sd": 0.0007490564036695294, "width_min": 0.5911766716163322, "width_q1": 0.5919998325684421, "width_q2": 0.592783688101088, "width_q3": 0.5934900110049162, "width_max": 0.5953589115280471}