{"data_name": "CyclePowerPlant", "n_neighbors": 10, "level": 0.9, "random_state": 4506, "test_size": 0.2, "n": 9568, "d": 4, "oob_score": 0.9605801413182852, "test_score": 0.9629054587002663, "coverage": 0.8098223615464994, "width_mean": 0.5080034635178678, "width_sd": 0.22224054329506326, "width_min": 0.1178354157798337, "width_q1": 0.35569569278698343, "width_q2": 0.4724186631432493, "width_q3": 0.6113536615380131, "width_max": 2.3001053686384068}