{"data_name": "CyclePowerPlant", "n_neighbors": 500, "level": 0.9, "random_state": 4506, "test_size": 0.2, "n": 9568, "d": 4, "oob_score": 0.9605801413182852, "test_score": 0.9629054587002663, "coverage": 0.9184952978056427, "width_mean": 0.6330868372489452, "width_sd": 0.00894744909701053, "width_min": 0.6051962732451337, "width_q1": 0.6278635061759068, "width_q2": 0.6303665089947563, "width_q3": 0.6367749824790772, "width_max": 0.6911603575084875}