{"data_name": "CyclePowerPlant", "n_neighbors": 100, "level": 0.95, "random_state": 1679, "test_size": 0.2, "n": 9568, "d": 4, "oob_score": 0.9606653298231603, "test_score": 0.9641549626856099, "coverage": 0.955067920585162, "width_mean": 0.7751785361316741, "width_sd": 0.08281844005978338, "width_min": 0.5070504163845115, "width_q1": 0.7145777484311042, "width_q2": 0.7677836605673262, "width_q3": 0.8262183675391807, "width_max": 1.082878101213159}