{"data_name": "CyclePowerPlant", "n_neighbors": 50, "level": 0.95, "random_state": 3657, "test_size": 0.2, "n": 9568, "d": 4, "oob_score": 0.9618320509256445, "test_score": 0.9592863167668704, "coverage": 0.9503657262277951, "width_mean": 0.8241524588301127, "width_sd": 0.12793636436771547, "width_min": 0.40019268478315695, "width_q1": 0.747064756599742, "width_q2": 0.8270392388596061, "width_q3": 0.8890610662535986, "width_max": 1.4570441997384447}