{"data_name": "CyclePowerPlant", "n_neighbors": 50, "level": 0.8, "random_state": 9674, "test_size": 0.2, "n": 9568, "d": 4, "oob_score": 0.9619498457753226, "test_score": 0.9588837564322032, "coverage": 0.7789968652037618, "width_mean": 0.41099603188268485, "width_sd": 0.07858323065032016, "width_min": 0.21223640712846126, "width_q1": 0.3596104579966651, "width_q2": 0.4013397934491484, "width_q3": 0.4473879068014974, "width_max": 0.8282217389305606}