{"data_name": "CyclePowerPlant", "n_neighbors": 10, "level": 0.8, "random_state": 3657, "test_size": 0.2, "n": 9568, "d": 4, "oob_score": 0.9618320509256445, "test_score": 0.9592863167668704, "coverage": 0.6896551724137931, "width_mean": 0.3807296933100152, "width_sd": 0.16000285931271188, "width_min": 0.05655224640745793, "width_q1": 0.2638471402175131, "width_q2": 0.3535744252579765, "width_q3": 0.4655604636643641, "width_max": 1.1891117859577935}