{"data_name": "CyclePowerPlant", "n_neighbors": 50, "level": 0.95, "random_state": 8935, "test_size": 0.2, "n": 9568, "d": 4, "oob_score": 0.9608533194480321, "test_score": 0.9639449866308117, "coverage": 0.945141065830721, "width_mean": 0.708158817108404, "width_sd": 0.13514427338296625, "width_min": 0.38647026626829595, "width_q1": 0.6077740587617151, "width_q2": 0.6981096091354865, "width_q3": 0.791562434485962, "width_max": 1.7922753403309633}