{"data_name": "CyclePowerPlant", "n_neighbors": 10, "level": 0.95, "random_state": 4506, "test_size": 0.2, "n": 9568, "d": 4, "oob_score": 0.9605801413182852, "test_score": 0.9629054587002663, "coverage": 0.8338557993730408, "width_mean": 0.5671572761540681, "width_sd": 0.2672148131598465, "width_min": 0.1263168948771325, "width_q1": 0.3903102361674734, "width_q2": 0.5193550851850209, "width_q3": 0.6738510048056772, "width_max": 2.9143742105757857}