{"data_name": "CyclePowerPlant", "n_neighbors": "auto", "level": 0.99, "random_state": 4506, "test_size": 0.2, "n": 9568, "d": 4, "oob_score": 0.9605801413182852, "test_score": 0.9629054587002663, "coverage": 0.955067920585162, "width_mean": 0.8490613769469986, "width_sd": 0.34965501552891526, "width_min": 0.12808526572521028, "width_q1": 0.6345666253646525, "width_q2": 0.7937286414671718, "width_q3": 0.9649001460135933, "width_max": 3.297937857535353}