{"data_name": "CyclePowerPlant", "n_neighbors": 10, "level": 0.99, "random_state": 4506, "test_size": 0.2, "n": 9568, "d": 4, "oob_score": 0.9605801413182852, "test_score": 0.9629054587002663, "coverage": 0.857889237199582, "width_mean": 0.6144803262630282, "width_sd": 0.30659693967588536, "width_min": 0.13310207815497166, "width_q1": 0.4192720922969496, "width_q2": 0.5533005748796361, "width_q3": 0.7316615020051713, "width_max": 3.405789284125689}