{"data_name": "CyclePowerPlant", "n_neighbors": 100, "level": 0.99, "random_state": 3657, "test_size": 0.2, "n": 9568, "d": 4, "oob_score": 0.9618320509256445, "test_score": 0.9592863167668704, "coverage": 0.9832810867293625, "width_mean": 1.0674396354942088, "width_sd": 0.17317479578468672, "width_min": 0.8346533820972356, "width_q1": 0.9657161583347413, "width_q2": 1.0254080675526225, "width_q3": 1.100227610977456, "width_max": 2.554300050020961}