{"data_name": "CyclePowerPlant", "n_neighbors": 10, "level": 0.8, "random_state": 1424, "test_size": 0.2, "n": 9568, "d": 4, "oob_score": 0.962581109657008, "test_score": 0.9553038834743127, "coverage": 0.6943573667711599, "width_mean": 0.3852066352796879, "width_sd": 0.15928948164873002, "width_min": 0.05338792218839128, "width_q1": 0.26845455308240956, "width_q2": 0.3598055313380606, "width_q3": 0.47939826531989305, "width_max": 1.2306471521353766}