{"data_name": "CyclePowerPlant", "n_neighbors": 10, "level": 0.9, "random_state": 8935, "test_size": 0.2, "n": 9568, "d": 4, "oob_score": 0.9608533194480321, "test_score": 0.9639449866308117, "coverage": 0.8119122257053292, "width_mean": 0.5020957936689645, "width_sd": 0.22098366078223128, "width_min": 0.10735228175065226, "width_q1": 0.35556427699508975, "width_q2": 0.46835402037554485, "width_q3": 0.6036591862729067, "width_max": 2.3943063643529587}