{"data_name": "CyclePowerPlant", "n_neighbors": 200, "level": 0.9, "random_state": 4506, "test_size": 0.2, "n": 9568, "d": 4, "oob_score": 0.9605801413182852, "test_score": 0.9629054587002663, "coverage": 0.9305120167189133, "width_mean": 0.6623386295299823, "width_sd": 0.02558202704240998, "width_min": 0.536560817048298, "width_q1": 0.6461961442641787, "width_q2": 0.6537572398800212, "width_q3": 0.6782078381352746, "width_max": 0.8081539903552102}