{"data_name": "CyclePowerPlant", "n_neighbors": 50, "level": 0.9, "random_state": 1679, "test_size": 0.2, "n": 9568, "d": 4, "oob_score": 0.9606653298231603, "test_score": 0.9641549626856099, "coverage": 0.8975966562173459, "width_mean": 0.5815702383111079, "width_sd": 0.10523078023720614, "width_min": 0.3013091551839683, "width_q1": 0.5061581930316292, "width_q2": 0.5723499466483215, "width_q3": 0.6444239419377538, "width_max": 1.0259579042477103}