{"data_name": "CyclePowerPlant", "n_neighbors": 1000, "level": 0.8, "random_state": 3657, "test_size": 0.2, "n": 9568, "d": 4, "oob_score": 0.9618320509256445, "test_score": 0.9592863167668704, "coverage": 0.796760710553814, "width_mean": 0.4366580354514223, "width_sd": 0.0038940847349050556, "width_min": 0.4284460492412894, "width_q1": 0.4342449888440796, "width_q2": 0.43629192592558674, "width_q3": 0.43894718875246996, "width_max": 0.4537585890949586}