{"data_name": "CyclePowerPlant", "n_neighbors": 20, "level": 0.99, "random_state": 409, "test_size": 0.2, "n": 9568, "d": 4, "oob_score": 0.9613407527354361, "test_score": 0.9637261810964686, "coverage": 0.9331243469174504, "width_mean": 0.7637978748444738, "width_sd": 0.3277217584707693, "width_min": 0.20987162277537463, "width_q1": 0.5728208893522523, "width_q2": 0.7031921657395894, "width_q3": 0.8554351468975038, "width_max": 3.110708213512978}