{"data_name": "CyclePowerPlant", "n_neighbors": 100, "level": 0.9, "random_state": 3657, "test_size": 0.2, "n": 9568, "d": 4, "oob_score": 0.9618320509256445, "test_score": 0.9592863167668704, "coverage": 0.9211076280041798, "width_mean": 0.6684011944501318, "width_sd": 0.0610975155518399, "width_min": 0.512283342819561, "width_q1": 0.6256100488467649, "width_q2": 0.6607201408001924, "width_q3": 0.7040428488671113, "width_max": 0.9031393878760756}