{"data_name": "CyclePowerPlant", "n_neighbors": 10, "level": 0.99, "random_state": 9674, "test_size": 0.2, "n": 9568, "d": 4, "oob_score": 0.9619498457753226, "test_score": 0.9588837564322032, "coverage": 0.8427377220480669, "width_mean": 0.5989314081404142, "width_sd": 0.32864565782962546, "width_min": 0.12394756208491131, "width_q1": 0.4157893822134775, "width_q2": 0.5447754849056043, "width_q3": 0.7012987988800004, "width_max": 3.243551096894551}