{"data_name": "CyclePowerPlant", "n_neighbors": 100, "level": 0.95, "random_state": 1424, "test_size": 0.2, "n": 9568, "d": 4, "oob_score": 0.962581109657008, "test_score": 0.9553038834743127, "coverage": 0.95141065830721, "width_mean": 0.7702051209751323, "width_sd": 0.05472268281714906, "width_min": 0.6314339144222434, "width_q1": 0.7266498984195968, "width_q2": 0.7619742023584696, "width_q3": 0.802325776322132, "width_max": 1.0347613005484846}