{"data_name": "CyclePowerPlant", "n_neighbors": 10, "level": 0.8, "random_state": 1824, "test_size": 0.2, "n": 9568, "d": 4, "oob_score": 0.9612399292599465, "test_score": 0.9631065801178612, "coverage": 0.703239289446186, "width_mean": 0.3779705246572684, "width_sd": 0.1705138487446516, "width_min": 0.04510211167368794, "width_q1": 0.25578177818942627, "width_q2": 0.3483683260807615, "width_q3": 0.4683823251531692, "width_max": 2.391960380363588}