{"data_name": "CyclePowerPlant", "n_neighbors": 20, "level": 0.8, "random_state": 3657, "test_size": 0.2, "n": 9568, "d": 4, "oob_score": 0.9618320509256445, "test_score": 0.9592863167668704, "coverage": 0.7570532915360502, "width_mean": 0.41646441591277983, "width_sd": 0.12832169072573224, "width_min": 0.14486847773998912, "width_q1": 0.33006089904365543, "width_q2": 0.39797029085480295, "width_q3": 0.4845816618970394, "width_max": 1.0380007146965702}