{"data_name": "CyclePowerPlant", "n_neighbors": "auto", "level": 0.9, "random_state": 8935, "test_size": 0.2, "n": 9568, "d": 4, "oob_score": 0.9608533194480321, "test_score": 0.9639449866308117, "coverage": 0.8861024033437827, "width_mean": 0.566871594882968, "width_sd": 0.15663681952444852, "width_min": 0.11298601706803169, "width_q1": 0.46171661888165105, "width_q2": 0.5541538525378559, "width_q3": 0.6602888553829511, "width_max": 1.5108269610891156}