{"data_name": "CyclePowerPlant", "n_neighbors": 20, "level": 0.8, "random_state": 4012, "test_size": 0.2, "n": 9568, "d": 4, "oob_score": 0.96084921199621, "test_score": 0.9632027323075808, "coverage": 0.7784743991640544, "width_mean": 0.4250214728454034, "width_sd": 0.13276563366594762, "width_min": 0.1282084390039666, "width_q1": 0.32532320389464603, "width_q2": 0.40925942505488355, "width_q3": 0.5060280171853075, "width_max": 1.3764964028341604}