{"data_name": "CyclePowerPlant", "n_neighbors": 10, "level": 0.95, "random_state": 9674, "test_size": 0.2, "n": 9568, "d": 4, "oob_score": 0.9619498457753226, "test_score": 0.9588837564322032, "coverage": 0.8281086729362591, "width_mean": 0.553520753211469, "width_sd": 0.28368039804557243, "width_min": 0.11488550992231539, "width_q1": 0.3876267736876867, "width_q2": 0.5078651683815818, "width_q3": 0.6561679906840125, "width_max": 2.979921488742158}