{"data_name": "CyclePowerPlant", "n_neighbors": 2000, "level": 0.95, "random_state": 8935, "test_size": 0.2, "n": 9568, "d": 4, "oob_score": 0.9608533194480321, "test_score": 0.9639449866308117, "coverage": 0.9566353187042842, "width_mean": 0.7477796107377486, "width_sd": 0.0015377069762268136, "width_min": 0.7439397358720203, "width_q1": 0.7465715050015516, "width_q2": 0.7473667975220433, "width_q3": 0.7485974946628313, "width_max": 0.7552194209335364}