{"data_name": "CyclePowerPlant", "n_neighbors": 2000, "level": 0.95, "random_state": 4012, "test_size": 0.2, "n": 9568, "d": 4, "oob_score": 0.96084921199621, "test_score": 0.9632027323075808, "coverage": 0.955067920585162, "width_mean": 0.7544213994393657, "width_sd": 0.00494061274911332, "width_min": 0.7503116402015663, "width_q1": 0.7508560011152068, "width_q2": 0.7515497959127739, "width_q3": 0.7560666418589179, "width_max": 0.781215788382341}