{"data_name": "CyclePowerPlant", "n_neighbors": 200, "level": 0.95, "random_state": 4506, "test_size": 0.2, "n": 9568, "d": 4, "oob_score": 0.9605801413182852, "test_score": 0.9629054587002663, "coverage": 0.9665621734587252, "width_mean": 0.8037612338876349, "width_sd": 0.029905788258885135, "width_min": 0.6834121144633372, "width_q1": 0.7791172336848319, "width_q2": 0.8004878978063473, "width_q3": 0.8228914051298315, "width_max": 0.9320493728085915}