{"data_name": "CyclePowerPlant", "n_neighbors": 50, "level": 0.8, "random_state": 1679, "test_size": 0.2, "n": 9568, "d": 4, "oob_score": 0.9606653298231603, "test_score": 0.9641549626856099, "coverage": 0.7889237199582028, "width_mean": 0.42524220938504415, "width_sd": 0.08775969745928275, "width_min": 0.23486200224071824, "width_q1": 0.361711200246935, "width_q2": 0.416103663578655, "width_q3": 0.47904201415172054, "width_max": 0.7878505971377572}