{"data_name": "CyclePowerPlant", "n_neighbors": 20, "level": 0.99, "random_state": 3657, "test_size": 0.2, "n": 9568, "d": 4, "oob_score": 0.9618320509256445, "test_score": 0.9592863167668704, "coverage": 0.9258098223615465, "width_mean": 0.75492324261132, "width_sd": 0.30853799454532016, "width_min": 0.2073228114258262, "width_q1": 0.5731042237579427, "width_q2": 0.6972144209012248, "width_q3": 0.85818524890736, "width_max": 3.456975111680075}