{"data_name": "CyclePowerPlant", "n_neighbors": 5000, "level": 0.95, "random_state": 1824, "test_size": 0.2, "n": 9568, "d": 4, "oob_score": 0.9612399292599465, "test_score": 0.9631065801178612, "coverage": 0.9477533960292581, "width_mean": 0.741070001761963, "width_sd": 0.0006260688233369905, "width_min": 0.7406577757928665, "width_q1": 0.7406577757928667, "width_q2": 0.7408832411353614, "width_q3": 0.7411656920434085, "width_max": 0.7463132789441309}