{"data_name": "CyclePowerPlant", "n_neighbors": 500, "level": 0.99, "random_state": 1679, "test_size": 0.2, "n": 9568, "d": 4, "oob_score": 0.9606653298231603, "test_score": 0.9641549626856099, "coverage": 0.9890282131661442, "width_mean": 1.0965631276959285, "width_sd": 0.03695243531021384, "width_min": 1.0590026094871745, "width_q1": 1.079427111666943, "width_q2": 1.079427111666943, "width_q3": 1.1048220506809647, "width_max": 1.4843753552740448}