{"data_name": "CyclePowerPlant", "n_neighbors": 50, "level": 0.8, "random_state": 3657, "test_size": 0.2, "n": 9568, "d": 4, "oob_score": 0.9618320509256445, "test_score": 0.9592863167668704, "coverage": 0.8187042842215256, "width_mean": 0.4776058100434401, "width_sd": 0.08059672728162212, "width_min": 0.27343264056385785, "width_q1": 0.42500605487143006, "width_q2": 0.4703727777993554, "width_q3": 0.5274937626831068, "width_max": 0.86550096394213}