{"data_name": "CyclePowerPlant", "n_neighbors": 5000, "level": 0.9, "random_state": 409, "test_size": 0.2, "n": 9568, "d": 4, "oob_score": 0.9613407527354361, "test_score": 0.9637261810964686, "coverage": 0.900208986415883, "width_mean": 0.5891762907816576, "width_sd": 0.0006841503793046983, "width_min": 0.5876996787349167, "width_q1": 0.588765746375215, "width_q2": 0.5892363789635644, "width_q3": 0.5894662683160008, "width_max": 0.5920312112976026}