{"data_name": "CyclePowerPlant", "n_neighbors": 10, "level": 0.95, "random_state": 3657, "test_size": 0.2, "n": 9568, "d": 4, "oob_score": 0.9618320509256445, "test_score": 0.9592863167668704, "coverage": 0.8312434691745036, "width_mean": 0.5472252480433673, "width_sd": 0.25238608410039237, "width_min": 0.11342236904513203, "width_q1": 0.3810897558893464, "width_q2": 0.506361471760074, "width_q3": 0.6530812293566376, "width_max": 3.0609050177619475}