{"data_name": "CyclePowerPlant", "n_neighbors": 2000, "level": 0.99, "random_state": 2286, "test_size": 0.2, "n": 9568, "d": 4, "oob_score": 0.9598363182291095, "test_score": 0.9678298381021497, "coverage": 0.9932079414838035, "width_mean": 1.280153513936679, "width_sd": 0.004226614663242917, "width_min": 1.2785844316949406, "width_q1": 1.278584431694941, "width_q2": 1.278584431694941, "width_q3": 1.278584431694941, "width_max": 1.310394195160135}