{"data_name": "CyclePowerPlant", "n_neighbors": 5, "level": 0.99, "random_state": 9674, "test_size": 0.2, "n": 9568, "d": 4, "oob_score": 0.9619498457753226, "test_score": 0.9588837564322032, "coverage": 0.7074190177638453, "width_mean": 0.4285726209806784, "width_sd": 0.29229753180371676, "width_min": 0.041236185853800844, "width_q1": 0.24822224881559865, "width_q2": 0.37287565875556133, "width_q3": 0.5423688890494444, "width_max": 3.308911911671358}