{"data_name": "CyclePowerPlant", "n_neighbors": 5, "level": 0.9, "random_state": 4012, "test_size": 0.2, "n": 9568, "d": 4, "oob_score": 0.96084921199621, "test_score": 0.9632027323075808, "coverage": 0.6802507836990596, "width_mean": 0.4042710212720392, "width_sd": 0.2668615295962853, "width_min": 0.034871737714404105, "width_q1": 0.23530229873412237, "width_q2": 0.3473709909143233, "width_q3": 0.5036810348051155, "width_max": 2.5160501937149826}