{"data_name": "CyclePowerPlant", "n_neighbors": 100, "level": 0.95, "random_state": 4012, "test_size": 0.2, "n": 9568, "d": 4, "oob_score": 0.96084921199621, "test_score": 0.9632027323075808, "coverage": 0.9362591431556949, "width_mean": 0.6672750716631456, "width_sd": 0.07766378561864913, "width_min": 0.4828475573871679, "width_q1": 0.6145614536031718, "width_q2": 0.647521793620504, "width_q3": 0.7029265228238708, "width_max": 1.1352290225766832}