{"data_name": "CyclePowerPlant", "n_neighbors": 200, "level": 0.9, "random_state": 2286, "test_size": 0.2, "n": 9568, "d": 4, "oob_score": 0.9598363182291095, "test_score": 0.9678298381021497, "coverage": 0.9132706374085684, "width_mean": 0.6018165569728278, "width_sd": 0.03588040088616509, "width_min": 0.4981289313298036, "width_q1": 0.5697655035745471, "width_q2": 0.6055932528764101, "width_q3": 0.6226031955316322, "width_max": 0.7546498675225299}