{"data_name": "CyclePowerPlant", "n_neighbors": 200, "level": 0.9, "random_state": 1824, "test_size": 0.2, "n": 9568, "d": 4, "oob_score": 0.9612399292599465, "test_score": 0.9631065801178612, "coverage": 0.896551724137931, "width_mean": 0.5755128909212386, "width_sd": 0.03250547740553819, "width_min": 0.4879323001183018, "width_q1": 0.5519097640885027, "width_q2": 0.5616560585441751, "width_q3": 0.5984640755182886, "width_max": 0.8100911338083796}