{"data_name": "CyclePowerPlant", "n_neighbors": 500, "level": 0.9, "random_state": 1824, "test_size": 0.2, "n": 9568, "d": 4, "oob_score": 0.9612399292599465, "test_score": 0.9631065801178612, "coverage": 0.9106583072100314, "width_mean": 0.6206670102799764, "width_sd": 0.010009795893018295, "width_min": 0.607458172684179, "width_q1": 0.6133415261270316, "width_q2": 0.617673459293292, "width_q3": 0.6255572349376779, "width_max": 0.6925217460306619}