{"data_name": "CyclePowerPlant", "n_neighbors": "all", "level": 0.95, "random_state": 2286, "test_size": 0.2, "n": 9568, "d": 4, "oob_score": 0.9598363182291095, "test_score": 0.9678298381021497, "coverage": 0.957680250783699, "width_mean": 0.7605382465472058, "width_sd": 1.0122186920572467e-16, "width_min": 0.7605382465472057, "width_q1": 0.7605382465472057, "width_q2": 0.7605382465472057, "width_q3": 0.7605382465472058, "width_max": 0.7605382465472059}