{"data_name": "CyclePowerPlant", "n_neighbors": "auto", "level": 0.9, "random_state": 4012, "test_size": 0.2, "n": 9568, "d": 4, "oob_score": 0.96084921199621, "test_score": 0.9632027323075808, "coverage": 0.8819226750261233, "width_mean": 0.5708414754468165, "width_sd": 0.1665527029220582, "width_min": 0.16396946757636277, "width_q1": 0.46290378093285545, "width_q2": 0.5589228989873181, "width_q3": 0.6556052274027444, "width_max": 2.2918258913252414}