{"data_name": "CyclePowerPlant", "n_neighbors": "all", "level": 0.8, "random_state": 4012, "test_size": 0.2, "n": 9568, "d": 4, "oob_score": 0.96084921199621, "test_score": 0.9632027323075808, "coverage": 0.803030303030303, "width_mean": 0.4412783636503944, "width_sd": 8.652383169703357e-17, "width_min": 0.4412783636503941, "width_q1": 0.4412783636503943, "width_q2": 0.44127836365039436, "width_q3": 0.4412783636503944, "width_max": 0.4412783636503944}