{"data_name": "CyclePowerPlant", "n_neighbors": 1000, "level": 0.8, "random_state": 409, "test_size": 0.2, "n": 9568, "d": 4, "oob_score": 0.9613407527354361, "test_score": 0.9637261810964686, "coverage": 0.8025078369905956, "width_mean": 0.42949447264007085, "width_sd": 0.005630696245832015, "width_min": 0.41701561092918915, "width_q1": 0.42625493011885196, "width_q2": 0.42849112355115293, "width_q3": 0.4333021228206726, "width_max": 0.44765818844406324}