{"data_name": "CyclePowerPlant", "n_neighbors": 5000, "level": 0.9, "random_state": 1824, "test_size": 0.2, "n": 9568, "d": 4, "oob_score": 0.9612399292599465, "test_score": 0.9631065801178612, "coverage": 0.8981191222570533, "width_mean": 0.5904238937410484, "width_sd": 0.000621964092082815, "width_min": 0.5896601419008163, "width_q1": 0.5899413882435414, "width_q2": 0.5903479735381021, "width_q3": 0.5908257085699951, "width_max": 0.5940911889567082}