{"data_name": "CyclePowerPlant", "n_neighbors": 1000, "level": 0.9, "random_state": 8935, "test_size": 0.2, "n": 9568, "d": 4, "oob_score": 0.9608533194480321, "test_score": 0.9639449866308117, "coverage": 0.9106583072100314, "width_mean": 0.5798591112497109, "width_sd": 0.0058829386760158465, "width_min": 0.5652042185283138, "width_q1": 0.5756518180417687, "width_q2": 0.5786466956024263, "width_q3": 0.5833255207470236, "width_max": 0.6074025593190113}