{"data_name": "CyclePowerPlant", "n_neighbors": 5000, "level": 0.8, "random_state": 1679, "test_size": 0.2, "n": 9568, "d": 4, "oob_score": 0.9606653298231603, "test_score": 0.9641549626856099, "coverage": 0.8134796238244514, "width_mean": 0.4356303838399913, "width_sd": 0.0006977004953078044, "width_min": 0.4340982764475212, "width_q1": 0.43526899568315813, "width_q2": 0.43541588860466934, "width_q3": 0.43590794228358787, "width_max": 0.4382950819839737}