{"data_name": "CyclePowerPlant", "n_neighbors": "all", "level": 0.8, "random_state": 4506, "test_size": 0.2, "n": 9568, "d": 4, "oob_score": 0.9605801413182852, "test_score": 0.9629054587002663, "coverage": 0.7920585161964472, "width_mean": 0.43260561850594587, "width_sd": 1.0375879729037534e-16, "width_min": 0.4326056185059457, "width_q1": 0.4326056185059459, "width_q2": 0.4326056185059459, "width_q3": 0.432605618505946, "width_max": 0.43260561850594614}