{"data_name": "CyclePowerPlant", "n_neighbors": 2000, "level": 0.8, "random_state": 1424, "test_size": 0.2, "n": 9568, "d": 4, "oob_score": 0.962581109657008, "test_score": 0.9553038834743127, "coverage": 0.7925809822361547, "width_mean": 0.4403368972730002, "width_sd": 0.0015327674321956885, "width_min": 0.43575901467519895, "width_q1": 0.4394333453196331, "width_q2": 0.4398986396769969, "width_q3": 0.44088742540413906, "width_max": 0.44594246349305044}