{"data_name": "CyclePowerPlant", "n_neighbors": 100, "level": 0.9, "random_state": 9674, "test_size": 0.2, "n": 9568, "d": 4, "oob_score": 0.9619498457753226, "test_score": 0.9588837564322032, "coverage": 0.8610240334378265, "width_mean": 0.5057979732611041, "width_sd": 0.05398419408060345, "width_min": 0.3885026088047707, "width_q1": 0.46987102075867526, "width_q2": 0.492396616164693, "width_q3": 0.5325666307478258, "width_max": 0.8274303326866919}