{"data_name": "CyclePowerPlant", "n_neighbors": "all", "level": 0.9, "random_state": 1679, "test_size": 0.2, "n": 9568, "d": 4, "oob_score": 0.9606653298231603, "test_score": 0.9641549626856099, "coverage": 0.8949843260188087, "width_mean": 0.5944181866018932, "width_sd": 6.747594413390944e-17, "width_min": 0.5944181866018929, "width_q1": 0.5944181866018932, "width_q2": 0.5944181866018932, "width_q3": 0.5944181866018932, "width_max": 0.5944181866018936}