{"data_name": "CyclePowerPlant", "n_neighbors": "all", "level": 0.8, "random_state": 409, "test_size": 0.2, "n": 9568, "d": 4, "oob_score": 0.9613407527354361, "test_score": 0.9637261810964686, "coverage": 0.8035527690700105, "width_mean": 0.43723903047871837, "width_sd": 8.372467681093008e-17, "width_min": 0.43723903047871815, "width_q1": 0.43723903047871837, "width_q2": 0.4372390304787185, "width_q3": 0.4372390304787185, "width_max": 0.4372390304787186}