{"data_name": "CyclePowerPlant", "n_neighbors": 20, "level": 0.99, "random_state": 4012, "test_size": 0.2, "n": 9568, "d": 4, "oob_score": 0.96084921199621, "test_score": 0.9632027323075808, "coverage": 0.93521421107628, "width_mean": 0.7738900360153544, "width_sd": 0.35829794276361604, "width_min": 0.23632705887995398, "width_q1": 0.56302550662743, "width_q2": 0.7050115584045789, "width_q3": 0.8685821460913172, "width_max": 3.4911744961827718}