{"data_name": "CyclePowerPlant", "n_neighbors": "auto", "level": 0.8, "random_state": 3657, "test_size": 0.2, "n": 9568, "d": 4, "oob_score": 0.9618320509256445, "test_score": 0.9592863167668704, "coverage": 0.7763845350052246, "width_mean": 0.42803482569757756, "width_sd": 0.12075891302951633, "width_min": 0.10907681679543524, "width_q1": 0.34572855274197734, "width_q2": 0.4164047798900702, "width_q3": 0.5014678175426981, "width_max": 1.1128844225236385}