{"data_name": "CyclePowerPlant", "n_neighbors": 200, "level": 0.9, "random_state": 3657, "test_size": 0.2, "n": 9568, "d": 4, "oob_score": 0.9618320509256445, "test_score": 0.9592863167668704, "coverage": 0.9221525600835946, "width_mean": 0.6588270017762633, "width_sd": 0.03491964354000866, "width_min": 0.5239729436755391, "width_q1": 0.6392428161778984, "width_q2": 0.6563741301853399, "width_q3": 0.6875739109883884, "width_max": 0.8360807036220265}