{"data_name": "CyclePowerPlant", "n_neighbors": 5000, "level": 0.9, "random_state": 4506, "test_size": 0.2, "n": 9568, "d": 4, "oob_score": 0.9605801413182852, "test_score": 0.9629054587002663, "coverage": 0.8955067920585162, "width_mean": 0.595566589422486, "width_sd": 0.001338353898242947, "width_min": 0.59407379494436, "width_q1": 0.5947534378093371, "width_q2": 0.5950273530038945, "width_q3": 0.5962601464937985, "width_max": 0.6006591168973923}