{"data_name": "CyclePowerPlant", "n_neighbors": "auto", "level": 0.8, "random_state": 1424, "test_size": 0.2, "n": 9568, "d": 4, "oob_score": 0.962581109657008, "test_score": 0.9553038834743127, "coverage": 0.7732497387669801, "width_mean": 0.4308170137318781, "width_sd": 0.11962702532092435, "width_min": 0.0474387485936576, "width_q1": 0.34637141087388795, "width_q2": 0.42280746779523043, "width_q3": 0.5037207304025306, "width_max": 1.0800754808821864}