{"data_name": "CyclePowerPlant", "n_neighbors": 100, "level": 0.8, "random_state": 3657, "test_size": 0.2, "n": 9568, "d": 4, "oob_score": 0.9618320509256445, "test_score": 0.9592863167668704, "coverage": 0.8275862068965517, "width_mean": 0.48222309138427316, "width_sd": 0.04809727537692719, "width_min": 0.3273573322336658, "width_q1": 0.44878676489887426, "width_q2": 0.47924067632688366, "width_q3": 0.5121873908612562, "width_max": 0.6788557806278247}