{"data_name": "CyclePowerPlant", "n_neighbors": 5000, "level": 0.95, "random_state": 1679, "test_size": 0.2, "n": 9568, "d": 4, "oob_score": 0.9606653298231603, "test_score": 0.9641549626856099, "coverage": 0.9482758620689655, "width_mean": 0.7422316487552294, "width_sd": 0.0007613802620815481, "width_min": 0.741676478456472, "width_q1": 0.7416764784564722, "width_q2": 0.7416764784564722, "width_q3": 0.7426533430221862, "width_max": 0.7457509118318626}