{"data_name": "CyclePowerPlant", "n_neighbors": 5000, "level": 0.95, "random_state": 9674, "test_size": 0.2, "n": 9568, "d": 4, "oob_score": 0.9619498457753226, "test_score": 0.9588837564322032, "coverage": 0.9461859979101358, "width_mean": 0.7594202103195203, "width_sd": 0.0010237402650428507, "width_min": 0.7523125549368286, "width_q1": 0.758367441266516, "width_q2": 0.7597914672469777, "width_q3": 0.7597914672469777, "width_max": 0.7642123419122584}