{"data_name": "CyclePowerPlant", "n_neighbors": "auto", "level": 0.8, "random_state": 2286, "test_size": 0.2, "n": 9568, "d": 4, "oob_score": 0.9598363182291095, "test_score": 0.9678298381021497, "coverage": 0.7889237199582028, "width_mean": 0.42907071456007717, "width_sd": 0.1225217276668167, "width_min": 0.10341556247276351, "width_q1": 0.34792729598565575, "width_q2": 0.42130827519681935, "width_q3": 0.49945381935715566, "width_max": 0.9177788799000609}