{"data_name": "CyclePowerPlant", "n_neighbors": 100, "level": 0.8, "random_state": 9674, "test_size": 0.2, "n": 9568, "d": 4, "oob_score": 0.9619498457753226, "test_score": 0.9588837564322032, "coverage": 0.7659352142110762, "width_mean": 0.39333421843027994, "width_sd": 0.037045346561483235, "width_min": 0.2815146046785344, "width_q1": 0.3669983996115862, "width_q2": 0.3875180004888267, "width_q3": 0.41653880546492655, "width_max": 0.5809329480903966}