{"data_name": "CyclePowerPlant", "n_neighbors": 20, "level": 0.9, "random_state": 8935, "test_size": 0.2, "n": 9568, "d": 4, "oob_score": 0.9608533194480321, "test_score": 0.9639449866308117, "coverage": 0.8693834900731452, "width_mean": 0.5455944193658953, "width_sd": 0.16623094833608873, "width_min": 0.16320432379319952, "width_q1": 0.42678263143172734, "width_q2": 0.5249255382523095, "width_q3": 0.6417430306276652, "width_max": 1.9658140407311286}