{"data_name": "CyclePowerPlant", "n_neighbors": 200, "level": 0.9, "random_state": 9674, "test_size": 0.2, "n": 9568, "d": 4, "oob_score": 0.9619498457753226, "test_score": 0.9588837564322032, "coverage": 0.8704284221525601, "width_mean": 0.5293233347794674, "width_sd": 0.026008997784820208, "width_min": 0.46534904956910866, "width_q1": 0.5149219632627269, "width_q2": 0.5252690695901003, "width_q3": 0.5396991015495458, "width_max": 0.6891991536232456}