{"data_name": "CyclePowerPlant", "n_neighbors": 5, "level": 0.95, "random_state": 9674, "test_size": 0.2, "n": 9568, "d": 4, "oob_score": 0.9619498457753226, "test_score": 0.9588837564322032, "coverage": 0.6886102403343782, "width_mean": 0.40727041381085827, "width_sd": 0.27293949729298045, "width_min": 0.0389788902651107, "width_q1": 0.23673368323952115, "width_q2": 0.3558708670226515, "width_q3": 0.5189534443783558, "width_max": 3.049308480677335}