{"data_name": "CyclePowerPlant", "n_neighbors": 10, "level": 0.95, "random_state": 409, "test_size": 0.2, "n": 9568, "d": 4, "oob_score": 0.9613407527354361, "test_score": 0.9637261810964686, "coverage": 0.8463949843260188, "width_mean": 0.5602962326441062, "width_sd": 0.27738724548164595, "width_min": 0.11711752208443671, "width_q1": 0.3891487077610092, "width_q2": 0.5098044095439958, "width_q3": 0.6639613836875942, "width_max": 2.60507605265446}