{"data_name": "CyclePowerPlant", "n_neighbors": 50, "level": 0.8, "random_state": 409, "test_size": 0.2, "n": 9568, "d": 4, "oob_score": 0.9613407527354361, "test_score": 0.9637261810964686, "coverage": 0.8338557993730408, "width_mean": 0.4691187285920943, "width_sd": 0.062078451633242465, "width_min": 0.2572527746233273, "width_q1": 0.4288516090369082, "width_q2": 0.4626645105692117, "width_q3": 0.5033386140986629, "width_max": 0.7850922161269583}