{"data_name": "CyclePowerPlant", "n_neighbors": 20, "level": 0.95, "random_state": 409, "test_size": 0.2, "n": 9568, "d": 4, "oob_score": 0.9613407527354361, "test_score": 0.9637261810964686, "coverage": 0.912748171368861, "width_mean": 0.6661713809598804, "width_sd": 0.23623300124096824, "width_min": 0.20227247581505137, "width_q1": 0.5164988423654336, "width_q2": 0.6251348060266328, "width_q3": 0.7566096461257211, "width_max": 2.2696279120168796}