{"data_name": "CyclePowerPlant", "n_neighbors": 1000, "level": 0.95, "random_state": 4012, "test_size": 0.2, "n": 9568, "d": 4, "oob_score": 0.96084921199621, "test_score": 0.9632027323075808, "coverage": 0.9529780564263323, "width_mean": 0.7393660852157306, "width_sd": 0.00758849108084754, "width_min": 0.7214308521314703, "width_q1": 0.7348321014795385, "width_q2": 0.7425495854576507, "width_q3": 0.7449055396976252, "width_max": 0.7683844831414457}