{"data_name": "CyclePowerPlant", "n_neighbors": 5, "level": 0.9, "random_state": 2286, "test_size": 0.2, "n": 9568, "d": 4, "oob_score": 0.9598363182291095, "test_score": 0.9678298381021497, "coverage": 0.6739811912225705, "width_mean": 0.3958763663672566, "width_sd": 0.2578396708873436, "width_min": 0.032399072746531976, "width_q1": 0.22904347581710693, "width_q2": 0.3445932750986529, "width_q3": 0.4879165068588318, "width_max": 2.9448656939749247}