{"data_name": "CyclePowerPlant", "n_neighbors": 5, "level": 0.9, "random_state": 9674, "test_size": 0.2, "n": 9568, "d": 4, "oob_score": 0.9619498457753226, "test_score": 0.9588837564322032, "coverage": 0.6677115987460815, "width_mean": 0.3806426548485831, "width_sd": 0.24918760474085444, "width_min": 0.03615727077924813, "width_q1": 0.22357564252000778, "width_q2": 0.33192769785778153, "width_q3": 0.48369785542243926, "width_max": 2.7248041919348074}