{"data_name": "CyclePowerPlant", "n_neighbors": 10, "level": 0.9, "random_state": 4012, "test_size": 0.2, "n": 9568, "d": 4, "oob_score": 0.96084921199621, "test_score": 0.9632027323075808, "coverage": 0.8134796238244514, "width_mean": 0.5161002372848268, "width_sd": 0.24455400654709314, "width_min": 0.10952611504910992, "width_q1": 0.35653263191159534, "width_q2": 0.4724830568505259, "width_q3": 0.6153599146827263, "width_max": 2.184700081404971}