{"data_name": "CyclePowerPlant", "n_neighbors": 5000, "level": 0.95, "random_state": 1424, "test_size": 0.2, "n": 9568, "d": 4, "oob_score": 0.962581109657008, "test_score": 0.9553038834743127, "coverage": 0.9487983281086729, "width_mean": 0.7556145675431193, "width_sd": 0.000525272811059508, "width_min": 0.7550975516192229, "width_q1": 0.7550975516192231, "width_q2": 0.7555696913565342, "width_q3": 0.7560267138142167, "width_max": 0.7596906128251946}