{"data_name": "CyclePowerPlant", "n_neighbors": 20, "level": 0.8, "random_state": 1679, "test_size": 0.2, "n": 9568, "d": 4, "oob_score": 0.9606653298231603, "test_score": 0.9641549626856099, "coverage": 0.7753396029258098, "width_mean": 0.4204245561612957, "width_sd": 0.12933380644717843, "width_min": 0.14621586871798625, "width_q1": 0.32425593403089276, "width_q2": 0.40470545050667955, "width_q3": 0.4990881859231248, "width_max": 0.9931141319199706}