{"data_name": "CyclePowerPlant", "n_neighbors": 2000, "level": 0.9, "random_state": 4012, "test_size": 0.2, "n": 9568, "d": 4, "oob_score": 0.96084921199621, "test_score": 0.9632027323075808, "coverage": 0.9017763845350052, "width_mean": 0.6029445205144701, "width_sd": 0.001824141573045847, "width_min": 0.595081961978789, "width_q1": 0.6020535016907154, "width_q2": 0.6026438232252118, "width_q3": 0.6031220547352114, "width_max": 0.6170014617877431}