{"data_name": "CyclePowerPlant", "n_neighbors": 20, "level": 0.95, "random_state": 1424, "test_size": 0.2, "n": 9568, "d": 4, "oob_score": 0.962581109657008, "test_score": 0.9553038834743127, "coverage": 0.9033437826541275, "width_mean": 0.6628640771640036, "width_sd": 0.21925932234650272, "width_min": 0.166908160799905, "width_q1": 0.5212976683393974, "width_q2": 0.6318716377625833, "width_q3": 0.7622823998558702, "width_max": 2.065536707385732}