{"data_name": "CyclePowerPlant", "n_neighbors": 5, "level": 0.8, "random_state": 409, "test_size": 0.2, "n": 9568, "d": 4, "oob_score": 0.9613407527354361, "test_score": 0.9637261810964686, "coverage": 0.632183908045977, "width_mean": 0.33137779821947755, "width_sd": 0.20192816330524907, "width_min": 0.03596443087443568, "width_q1": 0.19661370848708748, "width_q2": 0.2917933710451661, "width_q3": 0.4130556874892473, "width_max": 2.051596104149035}