{"data_name": "CyclePowerPlant", "n_neighbors": 100, "level": 0.99, "random_state": 2286, "test_size": 0.2, "n": 9568, "d": 4, "oob_score": 0.9598363182291095, "test_score": 0.9678298381021497, "coverage": 0.9801462904911181, "width_mean": 0.9942935898744435, "width_sd": 0.20251065279236347, "width_min": 0.7680063400990205, "width_q1": 0.8885910452449418, "width_q2": 0.941207649754261, "width_q3": 1.0194572203063177, "width_max": 3.088036448679442}