{"data_name": "CyclePowerPlant", "n_neighbors": 200, "level": 0.99, "random_state": 3657, "test_size": 0.2, "n": 9568, "d": 4, "oob_score": 0.9618320509256445, "test_score": 0.9592863167668704, "coverage": 0.9905956112852664, "width_mean": 1.2015217302669516, "width_sd": 0.08212062183244542, "width_min": 1.0706792647629422, "width_q1": 1.1706870716592244, "width_q2": 1.1706870716592244, "width_q3": 1.214041112503821, "width_max": 1.9627235127114127}