{"data_name": "CyclePowerPlant", "n_neighbors": 5, "level": 0.9, "random_state": 4506, "test_size": 0.2, "n": 9568, "d": 4, "oob_score": 0.9605801413182852, "test_score": 0.9629054587002663, "coverage": 0.6661442006269592, "width_mean": 0.39073302189964165, "width_sd": 0.2357324347360076, "width_min": 0.03407221722214615, "width_q1": 0.23462217713644973, "width_q2": 0.3442985611381113, "width_q3": 0.48409282370449586, "width_max": 2.1734909591622893}