{"data_name": "CyclePowerPlant", "n_neighbors": 20, "level": 0.8, "random_state": 8935, "test_size": 0.2, "n": 9568, "d": 4, "oob_score": 0.9608533194480321, "test_score": 0.9639449866308117, "coverage": 0.7810867293625914, "width_mean": 0.4229016648620545, "width_sd": 0.13255286883575243, "width_min": 0.1431421145614719, "width_q1": 0.3263121476223888, "width_q2": 0.4072103470507925, "width_q3": 0.5024092108589316, "width_max": 1.2950282486603668}