{"data_name": "CyclePowerPlant", "n_neighbors": 50, "level": 0.95, "random_state": 4506, "test_size": 0.2, "n": 9568, "d": 4, "oob_score": 0.9605801413182852, "test_score": 0.9629054587002663, "coverage": 0.9644723092998955, "width_mean": 0.7957389225354838, "width_sd": 0.12300103050545348, "width_min": 0.43332889847969136, "width_q1": 0.7144218353736936, "width_q2": 0.774705015280241, "width_q3": 0.8418133857795917, "width_max": 1.4238585895081166}