{"data_name": "CyclePowerPlant", "n_neighbors": 10, "level": 0.99, "random_state": 8935, "test_size": 0.2, "n": 9568, "d": 4, "oob_score": 0.9608533194480321, "test_score": 0.9639449866308117, "coverage": 0.8599791013584117, "width_mean": 0.6039579246274601, "width_sd": 0.30015533799675165, "width_min": 0.12380434198345702, "width_q1": 0.4191184313743085, "width_q2": 0.55099890846503, "width_q3": 0.7186472783243727, "width_max": 3.3196283444579953}