{"data_name": "CyclePowerPlant", "n_neighbors": 200, "level": 0.99, "random_state": 1679, "test_size": 0.2, "n": 9568, "d": 4, "oob_score": 0.9606653298231603, "test_score": 0.9641549626856099, "coverage": 0.9905956112852664, "width_mean": 1.1837723653749674, "width_sd": 0.2408128178867951, "width_min": 0.9430813444170547, "width_q1": 1.0991178693431642, "width_q2": 1.101181220043086, "width_q3": 1.1365507519250286, "width_max": 3.096688373519043}