{"data_name": "CyclePowerPlant", "n_neighbors": "all", "level": 0.95, "random_state": 3657, "test_size": 0.2, "n": 9568, "d": 4, "oob_score": 0.9618320509256445, "test_score": 0.9592863167668704, "coverage": 0.9425287356321839, "width_mean": 0.7477533527014427, "width_sd": 1.521135394039483e-16, "width_min": 0.7477533527014426, "width_q1": 0.7477533527014428, "width_q2": 0.7477533527014428, "width_q3": 0.7477533527014428, "width_max": 0.747753352701443}