{"data_name": "CyclePowerPlant", "n_neighbors": 5000, "level": 0.8, "random_state": 4012, "test_size": 0.2, "n": 9568, "d": 4, "oob_score": 0.96084921199621, "test_score": 0.9632027323075808, "coverage": 0.7983281086729362, "width_mean": 0.4360667554370014, "width_sd": 0.00031403247031394215, "width_min": 0.43550564660937635, "width_q1": 0.4358787448080341, "width_q2": 0.43598673453110337, "width_q3": 0.43627245578464224, "width_max": 0.43783850130940816}