{"data_name": "CyclePowerPlant", "n_neighbors": 2000, "level": 0.95, "random_state": 409, "test_size": 0.2, "n": 9568, "d": 4, "oob_score": 0.9613407527354361, "test_score": 0.9637261810964686, "coverage": 0.9566353187042842, "width_mean": 0.7525077936702171, "width_sd": 0.004106705227632543, "width_min": 0.7446473519105317, "width_q1": 0.7489217397561436, "width_q2": 0.7511941867353855, "width_q3": 0.7556913574320159, "width_max": 0.777241430921326}