{"data_name": "CyclePowerPlant", "n_neighbors": 500, "level": 0.99, "random_state": 8935, "test_size": 0.2, "n": 9568, "d": 4, "oob_score": 0.9608533194480321, "test_score": 0.9639449866308117, "coverage": 0.9911180773249739, "width_mean": 1.1872444784931717, "width_sd": 0.08976521962112943, "width_min": 1.0186129929342038, "width_q1": 1.144199270229505, "width_q2": 1.1906697020046173, "width_q3": 1.1906697020046173, "width_max": 1.9058964668539244}