{"data_name": "CyclePowerPlant", "n_neighbors": 5000, "level": 0.9, "random_state": 3657, "test_size": 0.2, "n": 9568, "d": 4, "oob_score": 0.9618320509256445, "test_score": 0.9592863167668704, "coverage": 0.8897596656217346, "width_mean": 0.5927574827580543, "width_sd": 0.0005419584134458926, "width_min": 0.592252225362609, "width_q1": 0.5923752484079516, "width_q2": 0.5925537432729081, "width_q3": 0.5927322305654126, "width_max": 0.5966100462437611}