{"data_name": "CyclePowerPlant", "n_neighbors": 100, "level": 0.95, "random_state": 4506, "test_size": 0.2, "n": 9568, "d": 4, "oob_score": 0.9605801413182852, "test_score": 0.9629054587002663, "coverage": 0.9655172413793104, "width_mean": 0.7771358039720506, "width_sd": 0.060395955454468776, "width_min": 0.6148305187445785, "width_q1": 0.7311159405919199, "width_q2": 0.7708654395811587, "width_q3": 0.8089095871244788, "width_max": 1.128690028005034}