{"data_name": "CyclePowerPlant", "n_neighbors": "all", "level": 0.8, "random_state": 3657, "test_size": 0.2, "n": 9568, "d": 4, "oob_score": 0.9618320509256445, "test_score": 0.9592863167668704, "coverage": 0.7951933124346917, "width_mean": 0.43656439844896827, "width_sd": 7.365872851456528e-17, "width_min": 0.436564398448968, "width_q1": 0.4365643984489682, "width_q2": 0.4365643984489682, "width_q3": 0.4365643984489682, "width_max": 0.43656439844896827}