{"data_name": "CyclePowerPlant", "n_neighbors": 20, "level": 0.99, "random_state": 1824, "test_size": 0.2, "n": 9568, "d": 4, "oob_score": 0.9612399292599465, "test_score": 0.9631065801178612, "coverage": 0.9221525600835946, "width_mean": 0.7593876900869748, "width_sd": 0.3404070040813822, "width_min": 0.2275209260739045, "width_q1": 0.5704271343091829, "width_q2": 0.7033028315070109, "width_q3": 0.8547714058121978, "width_max": 3.235856502557251}