{"data_name": "CyclePowerPlant", "n_neighbors": 1000, "level": 0.95, "random_state": 4506, "test_size": 0.2, "n": 9568, "d": 4, "oob_score": 0.9605801413182852, "test_score": 0.9629054587002663, "coverage": 0.9524555903866249, "width_mean": 0.7465001450053057, "width_sd": 0.008577420285722202, "width_min": 0.7326212249228241, "width_q1": 0.7406771087893826, "width_q2": 0.7447762961865527, "width_q3": 0.7489560000647746, "width_max": 0.8084097673922275}