{"data_name": "CyclePowerPlant", "n_neighbors": 10, "level": 0.8, "random_state": 9674, "test_size": 0.2, "n": 9568, "d": 4, "oob_score": 0.9619498457753226, "test_score": 0.9588837564322032, "coverage": 0.7063740856844305, "width_mean": 0.3832307972279239, "width_sd": 0.1605985628998365, "width_min": 0.07909984585365049, "width_q1": 0.27045509204732265, "width_q2": 0.35498918298122656, "width_q3": 0.47011479721199556, "width_max": 2.1767975762915404}