{"data_name": "CyclePowerPlant", "n_neighbors": 500, "level": 0.8, "random_state": 1679, "test_size": 0.2, "n": 9568, "d": 4, "oob_score": 0.9606653298231603, "test_score": 0.9641549626856099, "coverage": 0.8286311389759665, "width_mean": 0.46271029396948504, "width_sd": 0.008049110383446061, "width_min": 0.44323414872314243, "width_q1": 0.4579552625127393, "width_q2": 0.4614725288310012, "width_q3": 0.46844892224003015, "width_max": 0.4951880712762784}