{"data_name": "CyclePowerPlant", "n_neighbors": 10, "level": 0.9, "random_state": 3657, "test_size": 0.2, "n": 9568, "d": 4, "oob_score": 0.9618320509256445, "test_score": 0.9592863167668704, "coverage": 0.7951933124346917, "width_mean": 0.49172672979891646, "width_sd": 0.2137038647508114, "width_min": 0.10800634353178218, "width_q1": 0.3486038877072254, "width_q2": 0.4608578879277528, "width_q3": 0.5883763864178332, "width_max": 2.4209497545838747}