{"data_name": "CyclePowerPlant", "n_neighbors": 10, "level": 0.95, "random_state": 1824, "test_size": 0.2, "n": 9568, "d": 4, "oob_score": 0.9612399292599465, "test_score": 0.9631065801178612, "coverage": 0.8275862068965517, "width_mean": 0.5521851620217558, "width_sd": 0.2964939656076448, "width_min": 0.12971112240705784, "width_q1": 0.37706612417356744, "width_q2": 0.49986344462269117, "width_q3": 0.6602868083228903, "width_max": 3.099575141209206}