{"data_name": "CyclePowerPlant", "n_neighbors": 50, "level": 0.8, "random_state": 1824, "test_size": 0.2, "n": 9568, "d": 4, "oob_score": 0.9612399292599465, "test_score": 0.9631065801178612, "coverage": 0.7758620689655172, "width_mean": 0.39769291360913916, "width_sd": 0.08113657858702125, "width_min": 0.20910298882136424, "width_q1": 0.33984315974176305, "width_q2": 0.38293238274788777, "width_q3": 0.4395381163999055, "width_max": 0.8576521032483997}