{"data_name": "CyclePowerPlant", "n_neighbors": 100, "level": 0.99, "random_state": 9674, "test_size": 0.2, "n": 9568, "d": 4, "oob_score": 0.9619498457753226, "test_score": 0.9588837564322032, "coverage": 0.9665621734587252, "width_mean": 0.9279582418292617, "width_sd": 0.22440470344290056, "width_min": 0.7038843806969248, "width_q1": 0.7906827010242908, "width_q2": 0.8842198965564352, "width_q3": 0.9918657377090273, "width_max": 3.234402830798622}