{"data_name": "CyclePowerPlant", "n_neighbors": 200, "level": 0.9, "random_state": 1424, "test_size": 0.2, "n": 9568, "d": 4, "oob_score": 0.962581109657008, "test_score": 0.9553038834743127, "coverage": 0.8960292580982236, "width_mean": 0.6292244875617856, "width_sd": 0.03345654182318494, "width_min": 0.5779930631169061, "width_q1": 0.6040658908192864, "width_q2": 0.6239044265502205, "width_q3": 0.6459170677214028, "width_max": 0.782123244440388}