{"data_name": "CyclePowerPlant", "n_neighbors": 10, "level": 0.9, "random_state": 409, "test_size": 0.2, "n": 9568, "d": 4, "oob_score": 0.9613407527354361, "test_score": 0.9637261810964686, "coverage": 0.8124346917450366, "width_mean": 0.5014248988685998, "width_sd": 0.22582575914935996, "width_min": 0.11172882628140957, "width_q1": 0.35266131274669826, "width_q2": 0.46511393644000343, "width_q3": 0.5991275005541703, "width_max": 2.0708457238160767}