{"data_name": "CyclePowerPlant", "n_neighbors": 500, "level": 0.99, "random_state": 1424, "test_size": 0.2, "n": 9568, "d": 4, "oob_score": 0.962581109657008, "test_score": 0.9553038834743127, "coverage": 0.9822361546499477, "width_mean": 1.0217422175864956, "width_sd": 0.0456691603543782, "width_min": 0.9825292917923671, "width_q1": 0.9955590460052535, "width_q2": 0.9955590460052537, "width_q3": 1.0290630911680125, "width_max": 1.2936465314088221}