{"data_name": "CyclePowerPlant", "n_neighbors": 5000, "level": 0.9, "random_state": 8935, "test_size": 0.2, "n": 9568, "d": 4, "oob_score": 0.9608533194480321, "test_score": 0.9639449866308117, "coverage": 0.91901776384535, "width_mean": 0.6064629346231404, "width_sd": 0.00047514093919109727, "width_min": 0.6040788268275319, "width_q1": 0.6062486850708542, "width_q2": 0.6063271792501905, "width_q3": 0.6069295471697738, "width_max": 0.6080750506463399}