{"data_name": "CyclePowerPlant", "n_neighbors": 50, "level": 0.8, "random_state": 2286, "test_size": 0.2, "n": 9568, "d": 4, "oob_score": 0.9598363182291095, "test_score": 0.9678298381021497, "coverage": 0.7978056426332288, "width_mean": 0.4157866552384959, "width_sd": 0.08387291855224441, "width_min": 0.20749173466913395, "width_q1": 0.35497505434053206, "width_q2": 0.4023429996834805, "width_q3": 0.4639992107209655, "width_max": 0.7842925180418479}