{"data_name": "CyclePowerPlant", "n_neighbors": 20, "level": 0.95, "random_state": 8935, "test_size": 0.2, "n": 9568, "d": 4, "oob_score": 0.9608533194480321, "test_score": 0.9639449866308117, "coverage": 0.9158829676071055, "width_mean": 0.6673125786754165, "width_sd": 0.22752127878910694, "width_min": 0.24565024811030567, "width_q1": 0.5183776584204103, "width_q2": 0.6302192160010093, "width_q3": 0.7738604382982323, "width_max": 2.3728817481718667}