{"data_name": "CyclePowerPlant", "n_neighbors": 200, "level": 0.95, "random_state": 1424, "test_size": 0.2, "n": 9568, "d": 4, "oob_score": 0.962581109657008, "test_score": 0.9553038834743127, "coverage": 0.9535005224660397, "width_mean": 0.7807417679021383, "width_sd": 0.03016880202609879, "width_min": 0.6756340148382274, "width_q1": 0.7728529785186149, "width_q2": 0.7904329503113104, "width_q3": 0.7943313215700558, "width_max": 0.9047554290114966}