{"data_name": "CyclePowerPlant", "n_neighbors": 200, "level": 0.8, "random_state": 409, "test_size": 0.2, "n": 9568, "d": 4, "oob_score": 0.9613407527354361, "test_score": 0.9637261810964686, "coverage": 0.8223615464994776, "width_mean": 0.4604325374482982, "width_sd": 0.01800401378621884, "width_min": 0.41778395783919586, "width_q1": 0.447595012396947, "width_q2": 0.4549759380738314, "width_q3": 0.46937605664355253, "width_max": 0.5440719447260711}