{"data_name": "CyclePowerPlant", "n_neighbors": 2000, "level": 0.8, "random_state": 409, "test_size": 0.2, "n": 9568, "d": 4, "oob_score": 0.9613407527354361, "test_score": 0.9637261810964686, "coverage": 0.8087774294670846, "width_mean": 0.44232784452255214, "width_sd": 0.0015556274990381458, "width_min": 0.4376537436598624, "width_q1": 0.44137029592910104, "width_q2": 0.44226604844641093, "width_q3": 0.44318947644604567, "width_max": 0.44905423088362295}