{"data_name": "CyclePowerPlant", "n_neighbors": 20, "level": 0.95, "random_state": 3657, "test_size": 0.2, "n": 9568, "d": 4, "oob_score": 0.9618320509256445, "test_score": 0.9592863167668704, "coverage": 0.9033437826541275, "width_mean": 0.6585289797225898, "width_sd": 0.22910226771621078, "width_min": 0.20104419454752975, "width_q1": 0.5124906016278832, "width_q2": 0.618888475425977, "width_q3": 0.7536938683901795, "width_max": 2.481434434640291}