{"data_name": "CyclePowerPlant", "n_neighbors": 200, "level": 0.95, "random_state": 409, "test_size": 0.2, "n": 9568, "d": 4, "oob_score": 0.9613407527354361, "test_score": 0.9637261810964686, "coverage": 0.9414838035527691, "width_mean": 0.6879075483525243, "width_sd": 0.03712977354139256, "width_min": 0.6166363505797894, "width_q1": 0.661965060224107, "width_q2": 0.682637084650606, "width_q3": 0.7045697863689468, "width_max": 0.8751146560692544}