{"data_name": "CyclePowerPlant", "n_neighbors": "all", "level": 0.95, "random_state": 9674, "test_size": 0.2, "n": 9568, "d": 4, "oob_score": 0.9619498457753226, "test_score": 0.9588837564322032, "coverage": 0.9446185997910136, "width_mean": 0.7474165175947262, "width_sd": 1.209604591285703e-16, "width_min": 0.747416517594726, "width_q1": 0.7474165175947263, "width_q2": 0.7474165175947263, "width_q3": 0.7474165175947263, "width_max": 0.7474165175947265}