{"data_name": "CyclePowerPlant", "n_neighbors": 1000, "level": 0.95, "random_state": 1679, "test_size": 0.2, "n": 9568, "d": 4, "oob_score": 0.9606653298231603, "test_score": 0.9641549626856099, "coverage": 0.955067920585162, "width_mean": 0.772774526072654, "width_sd": 0.005921723823552963, "width_min": 0.7595653913917573, "width_q1": 0.7682389772259811, "width_q2": 0.7739078918416225, "width_q3": 0.7753267863844672, "width_max": 0.7884001555538116}