{"data_name": "CyclePowerPlant", "n_neighbors": 500, "level": 0.9, "random_state": 409, "test_size": 0.2, "n": 9568, "d": 4, "oob_score": 0.9613407527354361, "test_score": 0.9637261810964686, "coverage": 0.8944618599791013, "width_mean": 0.5811932960671029, "width_sd": 0.009136639934064408, "width_min": 0.5623605220935297, "width_q1": 0.5760578587992264, "width_q2": 0.5809639047533237, "width_q3": 0.5849174241493026, "width_max": 0.6318336701146777}