{"data_name": "CyclePowerPlant", "n_neighbors": 10, "level": 0.95, "random_state": 4012, "test_size": 0.2, "n": 9568, "d": 4, "oob_score": 0.96084921199621, "test_score": 0.9632027323075808, "coverage": 0.8385579937304075, "width_mean": 0.5773730848884864, "width_sd": 0.30142418675701693, "width_min": 0.11177272343205114, "width_q1": 0.39379826999340856, "width_q2": 0.5202640257280422, "width_q3": 0.6754790959011313, "width_max": 2.885141837255037}