{"data_name": "CyclePowerPlant", "n_neighbors": 20, "level": 0.9, "random_state": 1424, "test_size": 0.2, "n": 9568, "d": 4, "oob_score": 0.962581109657008, "test_score": 0.9553038834743127, "coverage": 0.8469174503657262, "width_mean": 0.5465996290445745, "width_sd": 0.1624437494209451, "width_min": 0.16473393238308742, "width_q1": 0.42930693972338285, "width_q2": 0.5361264463442267, "width_q3": 0.6453366518274364, "width_max": 1.3781608812536694}