{"data_name": "CyclePowerPlant", "n_neighbors": 50, "level": 0.9, "random_state": 2286, "test_size": 0.2, "n": 9568, "d": 4, "oob_score": 0.9598363182291095, "test_score": 0.9678298381021497, "coverage": 0.8949843260188087, "width_mean": 0.5644423371731507, "width_sd": 0.10474576885802236, "width_min": 0.3182116920016915, "width_q1": 0.4886312744777788, "width_q2": 0.5581478392099455, "width_q3": 0.6253188694040952, "width_max": 1.0111906237365977}