{"data_name": "CyclePowerPlant", "n_neighbors": 500, "level": 0.95, "random_state": 4012, "test_size": 0.2, "n": 9568, "d": 4, "oob_score": 0.96084921199621, "test_score": 0.9632027323075808, "coverage": 0.95141065830721, "width_mean": 0.7309309268269705, "width_sd": 0.010003525939418117, "width_min": 0.6854666936170855, "width_q1": 0.7216078282617342, "width_q2": 0.7289230380365154, "width_q3": 0.736582445426881, "width_max": 0.7852247358765274}