{"data_name": "CyclePowerPlant", "n_neighbors": "auto", "level": 0.99, "random_state": 1424, "test_size": 0.2, "n": 9568, "d": 4, "oob_score": 0.962581109657008, "test_score": 0.9553038834743127, "coverage": 0.9493207941483803, "width_mean": 0.8194471544413553, "width_sd": 0.3080391607870452, "width_min": 0.11706497271163152, "width_q1": 0.6412560146346009, "width_q2": 0.7733975686617907, "width_q3": 0.9251792203409053, "width_max": 2.9810327945860706}