{"data_name": "CyclePowerPlant", "n_neighbors": 200, "level": 0.8, "random_state": 4506, "test_size": 0.2, "n": 9568, "d": 4, "oob_score": 0.9605801413182852, "test_score": 0.9629054587002663, "coverage": 0.8134796238244514, "width_mean": 0.4643834885520551, "width_sd": 0.031704598891186174, "width_min": 0.3978312301952426, "width_q1": 0.4408875112605422, "width_q2": 0.45921519547327105, "width_q3": 0.4829798501714873, "width_max": 0.584368830178527}