{"data_name": "CyclePowerPlant", "n_neighbors": "all", "level": 0.9, "random_state": 9674, "test_size": 0.2, "n": 9568, "d": 4, "oob_score": 0.9619498457753226, "test_score": 0.9588837564322032, "coverage": 0.896551724137931, "width_mean": 0.5924501028755048, "width_sd": 7.173195258561061e-17, "width_min": 0.5924501028755047, "width_q1": 0.5924501028755048, "width_q2": 0.5924501028755048, "width_q3": 0.5924501028755048, "width_max": 0.5924501028755049}