{"data_name": "CyclePowerPlant", "n_neighbors": 5, "level": 0.8, "random_state": 4506, "test_size": 0.2, "n": 9568, "d": 4, "oob_score": 0.9605801413182852, "test_score": 0.9629054587002663, "coverage": 0.6018808777429467, "width_mean": 0.33628129367388004, "width_sd": 0.19799170936089844, "width_min": 0.032705819764700106, "width_q1": 0.20251601225455615, "width_q2": 0.2939459540914715, "width_q3": 0.41813556023406134, "width_max": 1.788321707423711}