{"data_name": "CyclePowerPlant", "n_neighbors": 5, "level": 0.8, "random_state": 4012, "test_size": 0.2, "n": 9568, "d": 4, "oob_score": 0.96084921199621, "test_score": 0.9632027323075808, "coverage": 0.6295715778474399, "width_mean": 0.34747532036966944, "width_sd": 0.22059633309866736, "width_min": 0.030343217487799556, "width_q1": 0.20263737898323705, "width_q2": 0.30124156345670133, "width_q3": 0.43763410805382363, "width_max": 2.1633172778872707}