{"data_name": "CyclePowerPlant", "n_neighbors": 50, "level": 0.9, "random_state": 8935, "test_size": 0.2, "n": 9568, "d": 4, "oob_score": 0.9608533194480321, "test_score": 0.9639449866308117, "coverage": 0.9043887147335423, "width_mean": 0.5795272682667796, "width_sd": 0.10465984885360687, "width_min": 0.3077610468097649, "width_q1": 0.5105748044634852, "width_q2": 0.5646819298750281, "width_q3": 0.6404725522137056, "width_max": 1.029204265677595}