{"data_name": "CyclePowerPlant", "n_neighbors": 100, "level": 0.95, "random_state": 409, "test_size": 0.2, "n": 9568, "d": 4, "oob_score": 0.9613407527354361, "test_score": 0.9637261810964686, "coverage": 0.9498432601880877, "width_mean": 0.7041458699181161, "width_sd": 0.05767588910011017, "width_min": 0.5555936411561306, "width_q1": 0.6680320915182671, "width_q2": 0.7035841453708482, "width_q3": 0.7356124295371156, "width_max": 0.9842909129659082}