{"data_name": "CyclePowerPlant", "n_neighbors": 500, "level": 0.9, "random_state": 1424, "test_size": 0.2, "n": 9568, "d": 4, "oob_score": 0.962581109657008, "test_score": 0.9553038834743127, "coverage": 0.900208986415883, "width_mean": 0.6047225619383972, "width_sd": 0.009178073064255074, "width_min": 0.5841114317909948, "width_q1": 0.5977112058602041, "width_q2": 0.6041393874671939, "width_q3": 0.6090410498581901, "width_max": 0.647454373525146}