{"data_name": "CyclePowerPlant", "n_neighbors": 500, "level": 0.99, "random_state": 409, "test_size": 0.2, "n": 9568, "d": 4, "oob_score": 0.9613407527354361, "test_score": 0.9637261810964686, "coverage": 0.9885057471264368, "width_mean": 1.0506405852307532, "width_sd": 0.05881658082114444, "width_min": 0.970806531271531, "width_q1": 1.0099757004121956, "width_q2": 1.0130983942432183, "width_q3": 1.079669537880136, "width_max": 1.3791613160949203}