{"data_name": "CyclePowerPlant", "n_neighbors": 5, "level": 0.99, "random_state": 4012, "test_size": 0.2, "n": 9568, "d": 4, "oob_score": 0.96084921199621, "test_score": 0.9632027323075808, "coverage": 0.7126436781609196, "width_mean": 0.455387152084172, "width_sd": 0.31085483577585565, "width_min": 0.03894740591834811, "width_q1": 0.26417840429200873, "width_q2": 0.3910089284516271, "width_q3": 0.561930222458924, "width_max": 3.045455611784415}