{"data_name": "CyclePowerPlant", "n_neighbors": 10, "level": 0.99, "random_state": 4012, "test_size": 0.2, "n": 9568, "d": 4, "oob_score": 0.96084921199621, "test_score": 0.9632027323075808, "coverage": 0.8521421107628004, "width_mean": 0.6263913629714137, "width_sd": 0.35010623489889137, "width_min": 0.11357001013840429, "width_q1": 0.42037621710637985, "width_q2": 0.5553389466298793, "width_q3": 0.7230179411510096, "width_max": 3.4454952419350904}