{"data_name": "CyclePowerPlant", "n_neighbors": 500, "level": 0.8, "random_state": 4506, "test_size": 0.2, "n": 9568, "d": 4, "oob_score": 0.9605801413182852, "test_score": 0.9629054587002663, "coverage": 0.803030303030303, "width_mean": 0.4407546656300387, "width_sd": 0.010991545808703203, "width_min": 0.41176504314994533, "width_q1": 0.4331206359997208, "width_q2": 0.44008156375524166, "width_q3": 0.44728004642160923, "width_max": 0.4971928052542198}