{"data_name": "CyclePowerPlant", "n_neighbors": 5000, "level": 0.9, "random_state": 2286, "test_size": 0.2, "n": 9568, "d": 4, "oob_score": 0.9598363182291095, "test_score": 0.9678298381021497, "coverage": 0.9075235109717869, "width_mean": 0.60538083911955, "width_sd": 0.001071556988828327, "width_min": 0.6029884447917939, "width_q1": 0.6048833786518889, "width_q2": 0.605124653000821, "width_q3": 0.6060852930019152, "width_max": 0.6095276443560695}