{"data_name": "CyclePowerPlant", "n_neighbors": 100, "level": 0.8, "random_state": 1424, "test_size": 0.2, "n": 9568, "d": 4, "oob_score": 0.962581109657008, "test_score": 0.9553038834743127, "coverage": 0.8181818181818182, "width_mean": 0.49296770766848325, "width_sd": 0.04330872483397788, "width_min": 0.39715789781029165, "width_q1": 0.45897661195356, "width_q2": 0.48634877424947476, "width_q3": 0.5190680290253348, "width_max": 0.6821321912356944}