{"data_name": "CyclePowerPlant", "n_neighbors": 10, "level": 0.9, "random_state": 1679, "test_size": 0.2, "n": 9568, "d": 4, "oob_score": 0.9606653298231603, "test_score": 0.9641549626856099, "coverage": 0.8087774294670846, "width_mean": 0.506387000495557, "width_sd": 0.24317604600424278, "width_min": 0.09235881624403386, "width_q1": 0.3489790883936195, "width_q2": 0.4661178216190959, "width_q3": 0.6009479552217449, "width_max": 2.158196588905766}