{"data_name": "CyclePowerPlant", "n_neighbors": 50, "level": 0.9, "random_state": 4012, "test_size": 0.2, "n": 9568, "d": 4, "oob_score": 0.96084921199621, "test_score": 0.9632027323075808, "coverage": 0.8484848484848485, "width_mean": 0.5009158345211101, "width_sd": 0.12439104673029405, "width_min": 0.25943526421575025, "width_q1": 0.402747344253392, "width_q2": 0.4814581435676041, "width_q3": 0.5801733044287867, "width_max": 1.1408202459664492}