{"data_name": "CyclePowerPlant", "n_neighbors": "auto", "level": 0.99, "random_state": 9674, "test_size": 0.2, "n": 9568, "d": 4, "oob_score": 0.9619498457753226, "test_score": 0.9588837564322032, "coverage": 0.9409613375130617, "width_mean": 0.8184403108115997, "width_sd": 0.35990863941774337, "width_min": 0.21613985738325264, "width_q1": 0.611206244888312, "width_q2": 0.7544775757707062, "width_q3": 0.9368309511749774, "width_max": 3.483041830450043}