{"data_name": "CyclePowerPlant", "n_neighbors": 200, "level": 0.8, "random_state": 8935, "test_size": 0.2, "n": 9568, "d": 4, "oob_score": 0.9608533194480321, "test_score": 0.9639449866308117, "coverage": 0.8369905956112853, "width_mean": 0.4521655285872929, "width_sd": 0.0194706892528835, "width_min": 0.4001553339069537, "width_q1": 0.43833798810794544, "width_q2": 0.45129495310094336, "width_q3": 0.4662328577049139, "width_max": 0.5205608510945692}