{"data_name": "CyclePowerPlant", "n_neighbors": 1000, "level": 0.95, "random_state": 1824, "test_size": 0.2, "n": 9568, "d": 4, "oob_score": 0.9612399292599465, "test_score": 0.9631065801178612, "coverage": 0.9477533960292581, "width_mean": 0.7434249778063824, "width_sd": 0.00730361834504842, "width_min": 0.7319142624381002, "width_q1": 0.7362502208450388, "width_q2": 0.741318370419709, "width_q3": 0.7462978359982626, "width_max": 0.780109191612854}