{"data_name": "CyclePowerPlant", "n_neighbors": 20, "level": 0.99, "random_state": 1424, "test_size": 0.2, "n": 9568, "d": 4, "oob_score": 0.962581109657008, "test_score": 0.9553038834743127, "coverage": 0.9237199582027168, "width_mean": 0.7558756356595474, "width_sd": 0.2945656381800083, "width_min": 0.16864754353335876, "width_q1": 0.5874334627977595, "width_q2": 0.7069058219357975, "width_q3": 0.8626001477673442, "width_max": 3.079134834985469}