{"data_name": "CyclePowerPlant", "n_neighbors": "all", "level": 0.9, "random_state": 1424, "test_size": 0.2, "n": 9568, "d": 4, "oob_score": 0.962581109657008, "test_score": 0.9553038834743127, "coverage": 0.9012539184952978, "width_mean": 0.599513841821379, "width_sd": 1.1492700609695674e-16, "width_min": 0.5995138418213788, "width_q1": 0.5995138418213789, "width_q2": 0.599513841821379, "width_q3": 0.599513841821379, "width_max": 0.5995138418213792}