{"data_name": "CyclePowerPlant", "n_neighbors": 1000, "level": 0.9, "random_state": 4012, "test_size": 0.2, "n": 9568, "d": 4, "oob_score": 0.96084921199621, "test_score": 0.9632027323075808, "coverage": 0.896551724137931, "width_mean": 0.5887880483402065, "width_sd": 0.009864828325788359, "width_min": 0.5717470346875912, "width_q1": 0.58105572691143, "width_q2": 0.5894134401779678, "width_q3": 0.5958010484335337, "width_max": 0.6305090613428996}