{"data_name": "CyclePowerPlant", "n_neighbors": 5, "level": 0.8, "random_state": 8935, "test_size": 0.2, "n": 9568, "d": 4, "oob_score": 0.9608533194480321, "test_score": 0.9639449866308117, "coverage": 0.6107628004179728, "width_mean": 0.3322178714797022, "width_sd": 0.20273780169743316, "width_min": 0.02694478636902664, "width_q1": 0.1968852287513581, "width_q2": 0.2918290022846339, "width_q3": 0.42033690688207465, "width_max": 2.2076328379078056}