{"data_name": "CyclePowerPlant", "n_neighbors": 20, "level": 0.8, "random_state": 4506, "test_size": 0.2, "n": 9568, "d": 4, "oob_score": 0.9605801413182852, "test_score": 0.9629054587002663, "coverage": 0.7596656217345873, "width_mean": 0.42387910960500114, "width_sd": 0.13270133918213917, "width_min": 0.15174673519156917, "width_q1": 0.3285576967686343, "width_q2": 0.4032646745563997, "width_q3": 0.5011464848211041, "width_max": 1.2114097307462348}