{"data_name": "CyclePowerPlant", "n_neighbors": "auto", "level": 0.99, "random_state": 4012, "test_size": 0.2, "n": 9568, "d": 4, "oob_score": 0.96084921199621, "test_score": 0.9632027323075808, "coverage": 0.9571577847439916, "width_mean": 0.8499778431096852, "width_sd": 0.3690363505178491, "width_min": 0.18241661785874907, "width_q1": 0.638117867723588, "width_q2": 0.7746278119654474, "width_q3": 0.9689516018125478, "width_max": 3.4637302600753044}