{"data_name": "CyclePowerPlant", "n_neighbors": 1000, "level": 0.99, "random_state": 2286, "test_size": 0.2, "n": 9568, "d": 4, "oob_score": 0.9598363182291095, "test_score": 0.9678298381021497, "coverage": 0.9952978056426333, "width_mean": 1.2787513317812467, "width_sd": 0.018750923166812785, "width_min": 1.264439471295026, "width_q1": 1.2644394712950262, "width_q2": 1.2644394712950262, "width_q3": 1.3019489617309037, "width_max": 1.377807028448013}