{"data_name": "CyclePowerPlant", "n_neighbors": 1000, "level": 0.9, "random_state": 2286, "test_size": 0.2, "n": 9568, "d": 4, "oob_score": 0.9598363182291095, "test_score": 0.9678298381021497, "coverage": 0.9205851619644723, "width_mean": 0.6278429303765006, "width_sd": 0.005247223367428594, "width_min": 0.6112133350537189, "width_q1": 0.6237655079416238, "width_q2": 0.629104453203166, "width_q3": 0.6319119130732549, "width_max": 0.6485403809919605}