{"data_name": "CyclePowerPlant", "n_neighbors": 500, "level": 0.8, "random_state": 3657, "test_size": 0.2, "n": 9568, "d": 4, "oob_score": 0.9618320509256445, "test_score": 0.9592863167668704, "coverage": 0.8066875653082549, "width_mean": 0.4508340705047202, "width_sd": 0.0053585076900289534, "width_min": 0.4372397500284574, "width_q1": 0.4470940099071351, "width_q2": 0.4504272384461347, "width_q3": 0.4548699296289783, "width_max": 0.4815258021803165}