{"data_name": "EnergyEfficiency", "n_neighbors": 500, "level": 0.9, "random_state": 4012, "test_size": 0.2, "n": 768, "d": 8, "oob_score": 0.9712988916851, "test_score": 0.9705012919730978, "coverage": 0.8701298701298701, "width_mean": 0.5967295706541109, "width_sd": 0.002568544201355563, "width_min": 0.5931261080476703, "width_q1": 0.5962481878028836, "width_q2": 0.5962481878028836, "width_q3": 0.5962481878028837, "width_max": 0.6114387314749381}