{"data_name": "EnergyEfficiency", "n_neighbors": 200, "level": 0.99, "random_state": 1424, "test_size": 0.2, "n": 768, "d": 8, "oob_score": 0.966689359788422, "test_score": 0.9708140740342867, "coverage": 1.0, "width_mean": 1.25924304530478, "width_sd": 0.04687474943472118, "width_min": 1.2380644444071736, "width_q1": 1.2380644444071738, "width_q2": 1.2380644444071738, "width_q3": 1.2380644444071738, "width_max": 1.430513589039753}