{"data_name": "EnergyEfficiency", "n_neighbors": 5, "level": 0.95, "random_state": 3657, "test_size": 0.2, "n": 768, "d": 8, "oob_score": 0.9701173246688269, "test_score": 0.9751140605767747, "coverage": 0.7337662337662337, "width_mean": 0.27940922112322564, "width_sd": 0.2690251585166488, "width_min": 0.011847603081912461, "width_q1": 0.06961544685935667, "width_q2": 0.14276428229416133, "width_q3": 0.5034949178592956, "width_max": 0.9537629241349106}