{"data_name": "EnergyEfficiency", "n_neighbors": "all", "level": 0.9, "random_state": 2286, "test_size": 0.2, "n": 768, "d": 8, "oob_score": 0.9689219697337306, "test_score": 0.9621770419690786, "coverage": 0.8441558441558441, "width_mean": 0.6130947001063657, "width_sd": 8.765677450025796e-17, "width_min": 0.6130947001063656, "width_q1": 0.6130947001063657, "width_q2": 0.6130947001063657, "width_q3": 0.6130947001063658, "width_max": 0.613094700106366}