{"data_name": "EnergyEfficiency", "n_neighbors": 20, "level": 0.99, "random_state": 1679, "test_size": 0.2, "n": 768, "d": 8, "oob_score": 0.9665608451471258, "test_score": 0.9577425667604013, "coverage": 0.948051948051948, "width_mean": 0.6068325261857834, "width_sd": 0.3142468624524785, "width_min": 0.1811403790468299, "width_q1": 0.3357638326252844, "width_q2": 0.5130112010360236, "width_q3": 0.8304827783722079, "width_max": 1.5303647801368547}