{"data_name": "EnergyEfficiency", "n_neighbors": 50, "level": 0.8, "random_state": 1679, "test_size": 0.2, "n": 768, "d": 8, "oob_score": 0.9665608451471258, "test_score": 0.9577425667604013, "coverage": 0.7467532467532467, "width_mean": 0.3213638662198952, "width_sd": 0.10333739940361694, "width_min": 0.16419981463366917, "width_q1": 0.2485821677489053, "width_q2": 0.2611794162495038, "width_q3": 0.41536447356394746, "width_max": 0.6710116133019566}