{"data_name": "EnergyEfficiency", "n_neighbors": "auto", "level": 0.95, "random_state": 3657, "test_size": 0.2, "n": 768, "d": 8, "oob_score": 0.9701173246688269, "test_score": 0.9751140605767747, "coverage": 0.8116883116883117, "width_mean": 0.3382698159745629, "width_sd": 0.3021417063208087, "width_min": 0.01604599257492323, "width_q1": 0.08606342165489625, "width_q2": 0.16593211785618223, "width_q3": 0.6318824503769699, "width_max": 1.1203929682207563}