{"data_name": "EnergyEfficiency", "n_neighbors": 20, "level": 0.8, "random_state": 8935, "test_size": 0.2, "n": 768, "d": 8, "oob_score": 0.9681723843099057, "test_score": 0.9639039815003119, "coverage": 0.8506493506493507, "width_mean": 0.3171343059585695, "width_sd": 0.2507648442360997, "width_min": 0.07069465531149366, "width_q1": 0.12580661481475652, "width_q2": 0.17551195561809313, "width_q3": 0.500072739494309, "width_max": 1.1262549510633826}