{"data_name": "EnergyEfficiency", "n_neighbors": 5, "level": 0.8, "random_state": 3657, "test_size": 0.2, "n": 768, "d": 8, "oob_score": 0.9701173246688269, "test_score": 0.9751140605767747, "coverage": 0.6753246753246753, "width_mean": 0.23676566176886885, "width_sd": 0.2378313141464777, "width_min": 0.010410796273903511, "width_q1": 0.05533774988401799, "width_q2": 0.1119442131865413, "width_q3": 0.3985039769636975, "width_max": 0.8073384188480817}