{"data_name": "EnergyEfficiency", "n_neighbors": 500, "level": 0.8, "random_state": 1679, "test_size": 0.2, "n": 768, "d": 8, "oob_score": 0.9665608451471258, "test_score": 0.9577425667604013, "coverage": 0.7662337662337663, "width_mean": 0.4257961328959507, "width_sd": 0.006422393336012999, "width_min": 0.41544623141791415, "width_q1": 0.41863652363565695, "width_q2": 0.4291897499291257, "width_q3": 0.42918974992912573, "width_max": 0.4421738423506515}