{"data_name": "EnergyEfficiency", "n_neighbors": "auto", "level": 0.9, "random_state": 2286, "test_size": 0.2, "n": 768, "d": 8, "oob_score": 0.9689219697337306, "test_score": 0.9621770419690786, "coverage": 0.8181818181818182, "width_mean": 0.38077270399971824, "width_sd": 0.37515255958535193, "width_min": 0.019516154035298383, "width_q1": 0.08218149970620518, "width_q2": 0.15477975229857144, "width_q3": 0.6601971206682355, "width_max": 1.3539677956156604}