{"data_name": "EnergyEfficiency", "n_neighbors": 5, "level": 0.95, "random_state": 1824, "test_size": 0.2, "n": 768, "d": 8, "oob_score": 0.9674500557948055, "test_score": 0.9744183582650073, "coverage": 0.7662337662337663, "width_mean": 0.3215726496637344, "width_sd": 0.32533915264229135, "width_min": 0.011753904745557708, "width_q1": 0.06531981136007534, "width_q2": 0.12918376274003274, "width_q3": 0.5314514427636539, "width_max": 1.2340738448759003}