{"data_name": "EnergyEfficiency", "n_neighbors": 50, "level": 0.95, "random_state": 3657, "test_size": 0.2, "n": 768, "d": 8, "oob_score": 0.9701173246688269, "test_score": 0.9751140605767747, "coverage": 0.9675324675324676, "width_mean": 0.7812074007914692, "width_sd": 0.049119237480765104, "width_min": 0.7062830299262406, "width_q1": 0.7430747869031675, "width_q2": 0.7745888582200874, "width_q3": 0.7842643650172296, "width_max": 1.0973904165212827}