{"data_name": "EnergyEfficiency", "n_neighbors": "all", "level": 0.95, "random_state": 1824, "test_size": 0.2, "n": 768, "d": 8, "oob_score": 0.9674500557948055, "test_score": 0.9744183582650073, "coverage": 0.961038961038961, "width_mean": 0.8088067040127517, "width_sd": 1.0161193565763606e-16, "width_min": 0.8088067040127516, "width_q1": 0.8088067040127516, "width_q2": 0.8088067040127516, "width_q3": 0.8088067040127516, "width_max": 0.8088067040127518}