{"data_name": "EnergyEfficiency", "n_neighbors": 500, "level": 0.8, "random_state": 1424, "test_size": 0.2, "n": 768, "d": 8, "oob_score": 0.966689359788422, "test_score": 0.9708140740342867, "coverage": 0.7467532467532467, "width_mean": 0.37806959892563496, "width_sd": 0.005090404706261231, "width_min": 0.3650698425179639, "width_q1": 0.3772896024544119, "width_q2": 0.37728960245441207, "width_q3": 0.37946836320302824, "width_max": 0.39699890959718176}