{"data_name": "EnergyEfficiency", "n_neighbors": 500, "level": 0.9, "random_state": 8935, "test_size": 0.2, "n": 768, "d": 8, "oob_score": 0.9681723843099057, "test_score": 0.9639039815003119, "coverage": 0.8896103896103896, "width_mean": 0.6554507541762873, "width_sd": 0.0022273416662075937, "width_min": 0.6498659975778319, "width_q1": 0.6549678640911469, "width_q2": 0.6549678640911469, "width_q3": 0.6549678640911469, "width_max": 0.672054009656508}