{"data_name": "EnergyEfficiency", "n_neighbors": 100, "level": 0.99, "random_state": 1424, "test_size": 0.2, "n": 768, "d": 8, "oob_score": 0.966689359788422, "test_score": 0.9708140740342867, "coverage": 1.0, "width_mean": 1.2247039418493846, "width_sd": 0.05428908553275449, "width_min": 1.1421150494552057, "width_q1": 1.205265936418161, "width_q2": 1.205265936418161, "width_q3": 1.205265936418161, "width_max": 1.4713594955302554}