{"data_name": "EnergyEfficiency", "n_neighbors": 50, "level": 0.9, "random_state": 4506, "test_size": 0.2, "n": 768, "d": 8, "oob_score": 0.9653925243193637, "test_score": 0.9721031950241292, "coverage": 0.9285714285714286, "width_mean": 0.5563715120928837, "width_sd": 0.09591516090249722, "width_min": 0.40744013932129164, "width_q1": 0.5074131960521178, "width_q2": 0.5383049340257493, "width_q3": 0.5579971756181861, "width_max": 1.1915049630521666}