{"data_name": "EnergyEfficiency", "n_neighbors": 100, "level": 0.95, "random_state": 8935, "test_size": 0.2, "n": 768, "d": 8, "oob_score": 0.9681723843099057, "test_score": 0.9639039815003119, "coverage": 0.961038961038961, "width_mean": 0.7088579644196659, "width_sd": 0.06318218697082063, "width_min": 0.642448669051311, "width_q1": 0.6912357338885181, "width_q2": 0.6912357338885183, "width_q3": 0.7122278319449085, "width_max": 1.0026983492016805}