{"data_name": "EnergyEfficiency", "n_neighbors": 5, "level": 0.95, "random_state": 2286, "test_size": 0.2, "n": 768, "d": 8, "oob_score": 0.9689219697337306, "test_score": 0.9621770419690786, "coverage": 0.7987012987012987, "width_mean": 0.338345451629075, "width_sd": 0.3587953831873562, "width_min": 0.014781025321662034, "width_q1": 0.06676062745913414, "width_q2": 0.13985407815248185, "width_q3": 0.5706571986980657, "width_max": 1.3345559229358988}