{"data_name": "EnergyEfficiency", "n_neighbors": 5, "level": 0.95, "random_state": 4012, "test_size": 0.2, "n": 768, "d": 8, "oob_score": 0.9712988916851, "test_score": 0.9705012919730978, "coverage": 0.7792207792207793, "width_mean": 0.2967492499432772, "width_sd": 0.3093258438309651, "width_min": 0.008267368212312443, "width_q1": 0.07748975380729825, "width_q2": 0.13952843885359378, "width_q3": 0.5187947264022933, "width_max": 1.3870328916699397}