{"data_name": "EnergyEfficiency", "n_neighbors": 10, "level": 0.95, "random_state": 409, "test_size": 0.2, "n": 768, "d": 8, "oob_score": 0.9685277507730099, "test_score": 0.9694886410332326, "coverage": 0.922077922077922, "width_mean": 0.4441802405391213, "width_sd": 0.33632403191273336, "width_min": 0.026740591287004012, "width_q1": 0.1649123521281451, "width_q2": 0.40908454840054215, "width_q3": 0.6440149719520482, "width_max": 1.4158316695228517}