{"data_name": "EnergyEfficiency", "n_neighbors": 5, "level": 0.9, "random_state": 9674, "test_size": 0.2, "n": 768, "d": 8, "oob_score": 0.9701897293358293, "test_score": 0.9604250087461025, "coverage": 0.6948051948051948, "width_mean": 0.2997255170293399, "width_sd": 0.30478384590904467, "width_min": 0.013835318572823607, "width_q1": 0.06588208208340905, "width_q2": 0.14866059877164128, "width_q3": 0.5043537804315845, "width_max": 1.2286332855481106}