{"data_name": "EnergyEfficiency", "n_neighbors": 200, "level": 0.8, "random_state": 4506, "test_size": 0.2, "n": 768, "d": 8, "oob_score": 0.9653925243193637, "test_score": 0.9721031950241292, "coverage": 0.8051948051948052, "width_mean": 0.39184499056356603, "width_sd": 0.023020783429402364, "width_min": 0.3551201940440132, "width_q1": 0.37489920064872506, "width_q2": 0.38694030537833135, "width_q3": 0.4003919113983382, "width_max": 0.4744903268504601}