{"data_name": "EnergyEfficiency", "n_neighbors": 500, "level": 0.99, "random_state": 8935, "test_size": 0.2, "n": 768, "d": 8, "oob_score": 0.9681723843099057, "test_score": 0.9639039815003119, "coverage": 0.987012987012987, "width_mean": 1.2040461344573095, "width_sd": 0.00801312342156046, "width_min": 1.2029170445275943, "width_q1": 1.2029170445275943, "width_q2": 1.2029170445275945, "width_q3": 1.2029170445275947, "width_max": 1.2619274944067351}