{"data_name": "EnergyEfficiency", "n_neighbors": 100, "level": 0.95, "random_state": 9674, "test_size": 0.2, "n": 768, "d": 8, "oob_score": 0.9701897293358293, "test_score": 0.9604250087461025, "coverage": 0.9415584415584416, "width_mean": 0.807616194494326, "width_sd": 0.041220805932003834, "width_min": 0.7671852091894567, "width_q1": 0.7845478007876545, "width_q2": 0.7845478007876545, "width_q3": 0.8139486358680097, "width_max": 1.038207031242104}