{"data_name": "EnergyEfficiency", "n_neighbors": "all", "level": 0.8, "random_state": 9674, "test_size": 0.2, "n": 768, "d": 8, "oob_score": 0.9701897293358293, "test_score": 0.9604250087461025, "coverage": 0.7532467532467533, "width_mean": 0.37378943800859166, "width_sd": 1.0481080243069984e-16, "width_min": 0.37378943800859155, "width_q1": 0.37378943800859155, "width_q2": 0.3737894380085917, "width_q3": 0.37378943800859177, "width_max": 0.373789438008592}