{"data_name": "EnergyEfficiency", "n_neighbors": 100, "level": 0.8, "random_state": 3657, "test_size": 0.2, "n": 768, "d": 8, "oob_score": 0.9701173246688269, "test_score": 0.9751140605767747, "coverage": 0.8896103896103896, "width_mean": 0.473427240062431, "width_sd": 0.058157802317598595, "width_min": 0.34242704961600345, "width_q1": 0.4160719159266837, "width_q2": 0.47983259231790654, "width_q3": 0.5039548432063519, "width_max": 0.6457086261146248}