{"data_name": "EnergyEfficiency", "n_neighbors": 200, "level": 0.95, "random_state": 9674, "test_size": 0.2, "n": 768, "d": 8, "oob_score": 0.9701897293358293, "test_score": 0.9604250087461025, "coverage": 0.9285714285714286, "width_mean": 0.8369807033993836, "width_sd": 0.006368903384028168, "width_min": 0.8343110682385673, "width_q1": 0.8343110682385674, "width_q2": 0.8343110682385674, "width_q3": 0.8343110682385675, "width_max": 0.865694104527283}