{"data_name": "EnergyEfficiency", "n_neighbors": 500, "level": 0.9, "random_state": 9674, "test_size": 0.2, "n": 768, "d": 8, "oob_score": 0.9701897293358293, "test_score": 0.9604250087461025, "coverage": 0.8701298701298701, "width_mean": 0.6230461540808178, "width_sd": 0.0031451934115191652, "width_min": 0.610031161756949, "width_q1": 0.6222257596063409, "width_q2": 0.622225759606341, "width_q3": 0.622225759606341, "width_max": 0.6364683369625458}