{"data_name": "EnergyEfficiency", "n_neighbors": 10, "level": 0.99, "random_state": 8935, "test_size": 0.2, "n": 768, "d": 8, "oob_score": 0.9681723843099057, "test_score": 0.9639039815003119, "coverage": 0.8896103896103896, "width_mean": 0.46176905081826947, "width_sd": 0.3808831168997086, "width_min": 0.057131855402555276, "width_q1": 0.12814781760302055, "width_q2": 0.3198080063553031, "width_q3": 0.7306196796297613, "width_max": 1.6050059067532345}