{"data_name": "EnergyEfficiency", "n_neighbors": 10, "level": 0.99, "random_state": 1824, "test_size": 0.2, "n": 768, "d": 8, "oob_score": 0.9674500557948055, "test_score": 0.9744183582650073, "coverage": 0.8896103896103896, "width_mean": 0.47871393585159916, "width_sd": 0.35529151756259386, "width_min": 0.035622909890566046, "width_q1": 0.1327716248966938, "width_q2": 0.39554838079524696, "width_q3": 0.7504241011969384, "width_max": 1.437904477908862}