{"data_name": "EnergyEfficiency", "n_neighbors": 10, "level": 0.9, "random_state": 4506, "test_size": 0.2, "n": 768, "d": 8, "oob_score": 0.9653925243193637, "test_score": 0.9721031950241292, "coverage": 0.8571428571428571, "width_mean": 0.37779790132141705, "width_sd": 0.36271389601453746, "width_min": 0.024221330965456422, "width_q1": 0.10976530421605388, "width_q2": 0.1925198606194997, "width_q3": 0.5534511216410286, "width_max": 1.5219358518173542}