{"data_name": "EnergyEfficiency", "n_neighbors": "all", "level": 0.9, "random_state": 1679, "test_size": 0.2, "n": 768, "d": 8, "oob_score": 0.9665608451471258, "test_score": 0.9577425667604013, "coverage": 0.8506493506493507, "width_mean": 0.6523891253448367, "width_sd": 9.254261306675558e-17, "width_min": 0.6523891253448366, "width_q1": 0.6523891253448366, "width_q2": 0.6523891253448367, "width_q3": 0.6523891253448368, "width_max": 0.6523891253448371}