{"data_name": "EnergyEfficiency", "n_neighbors": 100, "level": 0.9, "random_state": 2286, "test_size": 0.2, "n": 768, "d": 8, "oob_score": 0.9689219697337306, "test_score": 0.9621770419690786, "coverage": 0.8636363636363636, "width_mean": 0.577810418220726, "width_sd": 0.06631799726154637, "width_min": 0.5258264042564992, "width_q1": 0.5362972199275519, "width_q2": 0.536297219927552, "width_q3": 0.622909819810842, "width_max": 0.8510726038619922}