{"data_name": "EnergyEfficiency", "n_neighbors": "all", "level": 0.95, "random_state": 3657, "test_size": 0.2, "n": 768, "d": 8, "oob_score": 0.9701173246688269, "test_score": 0.9751140605767747, "coverage": 0.9675324675324676, "width_mean": 0.7807116270186121, "width_sd": 1.1174090091885446e-16, "width_min": 0.7807116270186119, "width_q1": 0.780711627018612, "width_q2": 0.780711627018612, "width_q3": 0.7807116270186121, "width_max": 0.7807116270186121}