{"data_name": "EnergyEfficiency", "n_neighbors": 200, "level": 0.9, "random_state": 4506, "test_size": 0.2, "n": 768, "d": 8, "oob_score": 0.9653925243193637, "test_score": 0.9721031950241292, "coverage": 0.922077922077922, "width_mean": 0.5906433026030514, "width_sd": 0.013651437229565654, "width_min": 0.5573954463779809, "width_q1": 0.5857177295755474, "width_q2": 0.5863239738699475, "width_q3": 0.6019113674133771, "width_max": 0.635684214860675}