{"data_name": "EnergyEfficiency", "n_neighbors": 50, "level": 0.99, "random_state": 4506, "test_size": 0.2, "n": 768, "d": 8, "oob_score": 0.9653925243193637, "test_score": 0.9721031950241292, "coverage": 0.9805194805194806, "width_mean": 0.9672279319310717, "width_sd": 0.15257814791179955, "width_min": 0.589204795849314, "width_q1": 0.9077979258886983, "width_q2": 0.9077979258886983, "width_q3": 0.9692349675300556, "width_max": 1.525280414020977}