{"data_name": "EnergyEfficiency", "n_neighbors": 500, "level": 0.95, "random_state": 9674, "test_size": 0.2, "n": 768, "d": 8, "oob_score": 0.9701897293358293, "test_score": 0.9604250087461025, "coverage": 0.9155844155844156, "width_mean": 0.7877588059877647, "width_sd": 0.004660541523374616, "width_min": 0.7765530979186777, "width_q1": 0.7878935683422885, "width_q2": 0.7878935683422885, "width_q3": 0.7878935683422887, "width_max": 0.8131279909417075}