{"data_name": "EnergyEfficiency", "n_neighbors": "auto", "level": 0.99, "random_state": 9674, "test_size": 0.2, "n": 768, "d": 8, "oob_score": 0.9701897293358293, "test_score": 0.9604250087461025, "coverage": 0.8506493506493507, "width_mean": 0.4096374280280628, "width_sd": 0.38412415275710454, "width_min": 0.02422965366936114, "width_q1": 0.09049575352866779, "width_q2": 0.21142246020172356, "width_q3": 0.7173424837293803, "width_max": 1.3941892081383815}