{"data_name": "EnergyEfficiency", "n_neighbors": 5, "level": 0.8, "random_state": 409, "test_size": 0.2, "n": 768, "d": 8, "oob_score": 0.9685277507730099, "test_score": 0.9694886410332326, "coverage": 0.6883116883116883, "width_mean": 0.261833646140458, "width_sd": 0.27230697277536514, "width_min": 0.009107908894407046, "width_q1": 0.059428068622705776, "width_q2": 0.11867072428219905, "width_q3": 0.4534764677583335, "width_max": 1.0579076522522544}