{"data_name": "EnergyEfficiency", "n_neighbors": 100, "level": 0.95, "random_state": 1424, "test_size": 0.2, "n": 768, "d": 8, "oob_score": 0.966689359788422, "test_score": 0.9708140740342867, "coverage": 0.9675324675324676, "width_mean": 0.8626090269177026, "width_sd": 0.06532427906099207, "width_min": 0.8072503501247743, "width_q1": 0.8300005041326264, "width_q2": 0.8300005041326266, "width_q3": 0.8535079308486275, "width_max": 1.2290712853706027}