{"data_name": "EnergyEfficiency", "n_neighbors": 5, "level": 0.99, "random_state": 9674, "test_size": 0.2, "n": 768, "d": 8, "oob_score": 0.9701897293358293, "test_score": 0.9604250087461025, "coverage": 0.7727272727272727, "width_mean": 0.3302994479492052, "width_sd": 0.3347307225010205, "width_min": 0.016053290315320545, "width_q1": 0.07307602992113107, "width_q2": 0.16480619048289125, "width_q3": 0.5630176493410297, "width_max": 1.3918956568657663}