{"data_name": "EnergyEfficiency", "n_neighbors": 100, "level": 0.99, "random_state": 2286, "test_size": 0.2, "n": 768, "d": 8, "oob_score": 0.9689219697337306, "test_score": 0.9621770419690786, "coverage": 0.9935064935064936, "width_mean": 1.1245892276170513, "width_sd": 0.06808988023135014, "width_min": 1.0587333368096306, "width_q1": 1.1121181532755071, "width_q2": 1.1121181532755071, "width_q3": 1.1121181532755071, "width_max": 1.3782275019235946}