{"data_name": "EnergyEfficiency", "n_neighbors": 20, "level": 0.99, "random_state": 8935, "test_size": 0.2, "n": 768, "d": 8, "oob_score": 0.9681723843099057, "test_score": 0.9639039815003119, "coverage": 0.961038961038961, "width_mean": 0.7027086483528633, "width_sd": 0.23644629010699364, "width_min": 0.15002205060837803, "width_q1": 0.5818933664539361, "width_q2": 0.58677889564742, "width_q3": 0.7791784715518169, "width_max": 1.5855656403133271}