{"data_name": "EnergyEfficiency", "n_neighbors": 200, "level": 0.95, "random_state": 1424, "test_size": 0.2, "n": 768, "d": 8, "oob_score": 0.966689359788422, "test_score": 0.9708140740342867, "coverage": 0.9545454545454546, "width_mean": 0.8433751996786154, "width_sd": 0.012990702989567999, "width_min": 0.8360282713512226, "width_q1": 0.8360282713512226, "width_q2": 0.8360282713512226, "width_q3": 0.8423478296767746, "width_max": 0.8850620040017669}