{"data_name": "EnergyEfficiency", "n_neighbors": 5, "level": 0.99, "random_state": 3657, "test_size": 0.2, "n": 768, "d": 8, "oob_score": 0.9701173246688269, "test_score": 0.9751140605767747, "coverage": 0.7597402597402597, "width_mean": 0.2907808369510541, "width_sd": 0.2780414499293597, "width_min": 0.012230751564048181, "width_q1": 0.07204692663805909, "width_q2": 0.15071983354691165, "width_q3": 0.5353231355992095, "width_max": 0.9928094588780654}