{"data_name": "EnergyEfficiency", "n_neighbors": 5, "level": 0.8, "random_state": 1824, "test_size": 0.2, "n": 768, "d": 8, "oob_score": 0.9674500557948055, "test_score": 0.9744183582650073, "coverage": 0.6493506493506493, "width_mean": 0.26987519028898144, "width_sd": 0.28101941252067997, "width_min": 0.00933023163781499, "width_q1": 0.055187694744079474, "width_q2": 0.10773225536114905, "width_q3": 0.4562495946099614, "width_max": 1.099050379129257}