{"data_name": "EnergyEfficiency", "n_neighbors": "auto", "level": 0.9, "random_state": 409, "test_size": 0.2, "n": 768, "d": 8, "oob_score": 0.9685277507730099, "test_score": 0.9694886410332326, "coverage": 0.8766233766233766, "width_mean": 0.36013553343647325, "width_sd": 0.35445175479975677, "width_min": 0.021462333998404803, "width_q1": 0.09177350466175768, "width_q2": 0.15945089568743684, "width_q3": 0.6267765491321238, "width_max": 1.3696462538177228}