{"data_name": "EnergyEfficiency", "n_neighbors": 100, "level": 0.99, "random_state": 3657, "test_size": 0.2, "n": 768, "d": 8, "oob_score": 0.9701173246688269, "test_score": 0.9751140605767747, "coverage": 0.987012987012987, "width_mean": 1.0914613702354758, "width_sd": 0.012550269274916918, "width_min": 1.0883703921572503, "width_q1": 1.0883703921572503, "width_q2": 1.0883703921572505, "width_q3": 1.0883703921572505, "width_max": 1.2026987451212499}