{"data_name": "EnergyEfficiency", "n_neighbors": 200, "level": 0.99, "random_state": 9674, "test_size": 0.2, "n": 768, "d": 8, "oob_score": 0.9701897293358293, "test_score": 0.9604250087461025, "coverage": 0.974025974025974, "width_mean": 1.1599358552483872, "width_sd": 0.01640822989112457, "width_min": 1.155671625446508, "width_q1": 1.155671625446508, "width_q2": 1.1556716254465083, "width_q3": 1.1556716254465083, "width_max": 1.2378081804018684}