{"data_name": "EnergyEfficiency", "n_neighbors": 200, "level": 0.99, "random_state": 4012, "test_size": 0.2, "n": 768, "d": 8, "oob_score": 0.9712988916851, "test_score": 0.9705012919730978, "coverage": 0.987012987012987, "width_mean": 1.0072696994289905, "width_sd": 0.05189796792581381, "width_min": 0.9942236880778181, "width_q1": 0.9942236880778184, "width_q2": 0.9942236880778184, "width_q3": 0.9942236880778185, "width_max": 1.312052771781299}