{"data_name": "EnergyEfficiency", "n_neighbors": 50, "level": 0.99, "random_state": 4012, "test_size": 0.2, "n": 768, "d": 8, "oob_score": 0.9712988916851, "test_score": 0.9705012919730978, "coverage": 0.987012987012987, "width_mean": 0.9188384934546537, "width_sd": 0.08682340497554011, "width_min": 0.8579859035577571, "width_q1": 0.8579859035577573, "width_q2": 0.9200580196141279, "width_q3": 0.9200580196141279, "width_max": 1.3512397774457852}