{"data_name": "EnergyEfficiency", "n_neighbors": 5, "level": 0.9, "random_state": 1679, "test_size": 0.2, "n": 768, "d": 8, "oob_score": 0.9665608451471258, "test_score": 0.9577425667604013, "coverage": 0.7532467532467533, "width_mean": 0.34427218337312193, "width_sd": 0.34187410061653434, "width_min": 0.012546580247787653, "width_q1": 0.06611408652728701, "width_q2": 0.13406152146468253, "width_q3": 0.6397863507015917, "width_max": 1.4019293652431428}