{"data_name": "EnergyEfficiency", "n_neighbors": 50, "level": 0.95, "random_state": 1424, "test_size": 0.2, "n": 768, "d": 8, "oob_score": 0.966689359788422, "test_score": 0.9708140740342867, "coverage": 0.961038961038961, "width_mean": 0.7201307665314614, "width_sd": 0.15951974556253357, "width_min": 0.506628259181882, "width_q1": 0.6401296222995618, "width_q2": 0.6748788447812455, "width_q3": 0.7663322905165733, "width_max": 1.302685429015572}