{"data_name": "EnergyEfficiency", "n_neighbors": 50, "level": 0.9, "random_state": 409, "test_size": 0.2, "n": 768, "d": 8, "oob_score": 0.9685277507730099, "test_score": 0.9694886410332326, "coverage": 0.8961038961038961, "width_mean": 0.5645621485729269, "width_sd": 0.10084975533063119, "width_min": 0.39970353137370873, "width_q1": 0.5136243662655753, "width_q2": 0.5381123719693435, "width_q3": 0.5926514338406501, "width_max": 0.9087647052054445}