{"data_name": "EnergyEfficiency", "n_neighbors": "all", "level": 0.9, "random_state": 1424, "test_size": 0.2, "n": 768, "d": 8, "oob_score": 0.966689359788422, "test_score": 0.9708140740342867, "coverage": 0.9025974025974026, "width_mean": 0.6677951141211137, "width_sd": 9.80032532354735e-17, "width_min": 0.6677951141211136, "width_q1": 0.6677951141211137, "width_q2": 0.6677951141211138, "width_q3": 0.6677951141211138, "width_max": 0.6677951141211138}