{"data_name": "EnergyEfficiency", "n_neighbors": "auto", "level": 0.95, "random_state": 9674, "test_size": 0.2, "n": 768, "d": 8, "oob_score": 0.9701897293358293, "test_score": 0.9604250087461025, "coverage": 0.8376623376623377, "width_mean": 0.3875101606973414, "width_sd": 0.36548470529427063, "width_min": 0.02260245996168564, "width_q1": 0.08832258852849872, "width_q2": 0.19946729974327287, "width_q3": 0.6698440659850738, "width_max": 1.3308023593098848}