{"data_name": "EnergyEfficiency", "n_neighbors": 20, "level": 0.95, "random_state": 8935, "test_size": 0.2, "n": 768, "d": 8, "oob_score": 0.9681723843099057, "test_score": 0.9639039815003119, "coverage": 0.9545454545454546, "width_mean": 0.6077026654772583, "width_sd": 0.2317270222754928, "width_min": 0.1351586798064226, "width_q1": 0.46711403148701724, "width_q2": 0.49154167745443783, "width_q3": 0.7159591079773473, "width_max": 1.4378196153700293}