{"data_name": "EnergyEfficiency", "n_neighbors": 100, "level": 0.99, "random_state": 8935, "test_size": 0.2, "n": 768, "d": 8, "oob_score": 0.9681723843099057, "test_score": 0.9639039815003119, "coverage": 0.9805194805194806, "width_mean": 0.86725721914244, "width_sd": 0.11040908024714692, "width_min": 0.810367142680591, "width_q1": 0.810367142680591, "width_q2": 0.8103671426805911, "width_q3": 0.8539406755106054, "width_max": 1.4300435087940655}