{"data_name": "EnergyEfficiency", "n_neighbors": "auto", "level": 0.99, "random_state": 2286, "test_size": 0.2, "n": 768, "d": 8, "oob_score": 0.9689219697337306, "test_score": 0.9621770419690786, "coverage": 0.8701298701298701, "width_mean": 0.43226502441435904, "width_sd": 0.4187585299650377, "width_min": 0.023215574520078386, "width_q1": 0.09662022392175194, "width_q2": 0.17397388317816015, "width_q3": 0.7392526839077821, "width_max": 1.4451121331884238}