{"data_name": "EnergyEfficiency", "n_neighbors": 20, "level": 0.9, "random_state": 4012, "test_size": 0.2, "n": 768, "d": 8, "oob_score": 0.9712988916851, "test_score": 0.9705012919730978, "coverage": 0.9545454545454546, "width_mean": 0.6138598375295073, "width_sd": 0.15928471616046735, "width_min": 0.1603739751699511, "width_q1": 0.527104846863504, "width_q2": 0.620608139803864, "width_q3": 0.6940533899212367, "width_max": 1.1050101826109469}