{"data_name": "EnergyEfficiency", "n_neighbors": 500, "level": 0.95, "random_state": 3657, "test_size": 0.2, "n": 768, "d": 8, "oob_score": 0.9701173246688269, "test_score": 0.9751140605767747, "coverage": 0.961038961038961, "width_mean": 0.7729553110704628, "width_sd": 0.0012365299726648411, "width_min": 0.7724765600568613, "width_q1": 0.7724765600568615, "width_q2": 0.7724765600568615, "width_q3": 0.7724765600568615, "width_max": 0.7807817429535402}