{"data_name": "EnergyEfficiency", "n_neighbors": 5, "level": 0.8, "random_state": 4012, "test_size": 0.2, "n": 768, "d": 8, "oob_score": 0.9712988916851, "test_score": 0.9705012919730978, "coverage": 0.7272727272727273, "width_mean": 0.2515486139201371, "width_sd": 0.26997877151988375, "width_min": 0.007421184943284143, "width_q1": 0.06788176179155204, "width_q2": 0.11632258671983364, "width_q3": 0.43196965328328346, "width_max": 1.2653795752380514}