{"data_name": "EnergyEfficiency", "n_neighbors": 10, "level": 0.95, "random_state": 3657, "test_size": 0.2, "n": 768, "d": 8, "oob_score": 0.9701173246688269, "test_score": 0.9751140605767747, "coverage": 0.8311688311688312, "width_mean": 0.3953648662200717, "width_sd": 0.27877364808398236, "width_min": 0.04935006192013858, "width_q1": 0.12143616705995533, "width_q2": 0.3140484279225363, "width_q3": 0.6590141157289771, "width_max": 0.971909536975716}