{"data_name": "EnergyEfficiency", "n_neighbors": 20, "level": 0.95, "random_state": 4012, "test_size": 0.2, "n": 768, "d": 8, "oob_score": 0.9712988916851, "test_score": 0.9705012919730978, "coverage": 0.974025974025974, "width_mean": 0.762318228183044, "width_sd": 0.1377758568478292, "width_min": 0.3622979399479367, "width_q1": 0.7168022650894935, "width_q2": 0.7757961950194411, "width_q3": 0.80354243433482, "width_max": 1.266297089879091}