{"data_name": "EnergyEfficiency", "n_neighbors": "all", "level": 0.8, "random_state": 409, "test_size": 0.2, "n": 768, "d": 8, "oob_score": 0.9685277507730099, "test_score": 0.9694886410332326, "coverage": 0.7662337662337663, "width_mean": 0.3970413799314968, "width_sd": 1.1138218121009204e-16, "width_min": 0.3970413799314967, "width_q1": 0.3970413799314969, "width_q2": 0.3970413799314969, "width_q3": 0.3970413799314969, "width_max": 0.397041379931497}