{"data_name": "EnergyEfficiency", "n_neighbors": 10, "level": 0.9, "random_state": 4012, "test_size": 0.2, "n": 768, "d": 8, "oob_score": 0.9712988916851, "test_score": 0.9705012919730978, "coverage": 0.8831168831168831, "width_mean": 0.4041929148721128, "width_sd": 0.29826302176909314, "width_min": 0.03072183953453067, "width_q1": 0.1383830833777862, "width_q2": 0.31903166655083603, "width_q3": 0.6276596517626353, "width_max": 1.2747858744721514}