{"data_name": "EnergyEfficiency", "n_neighbors": 20, "level": 0.8, "random_state": 2286, "test_size": 0.2, "n": 768, "d": 8, "oob_score": 0.9689219697337306, "test_score": 0.9621770419690786, "coverage": 0.7792207792207793, "width_mean": 0.3258368555311363, "width_sd": 0.2666790357413503, "width_min": 0.040036218218686526, "width_q1": 0.13074894206232227, "width_q2": 0.1821939003757391, "width_q3": 0.4784722974020965, "width_max": 1.0879248494274112}