{"data_name": "EnergyEfficiency", "n_neighbors": 5, "level": 0.9, "random_state": 8935, "test_size": 0.2, "n": 768, "d": 8, "oob_score": 0.9681723843099057, "test_score": 0.9639039815003119, "coverage": 0.7272727272727273, "width_mean": 0.3034612545065858, "width_sd": 0.331207122107368, "width_min": 0.01969509382810508, "width_q1": 0.06229801923599289, "width_q2": 0.13074196095211027, "width_q3": 0.5228313413755072, "width_max": 1.349984093926703}