{"data_name": "EnergyEfficiency", "n_neighbors": "all", "level": 0.9, "random_state": 409, "test_size": 0.2, "n": 768, "d": 8, "oob_score": 0.9685277507730099, "test_score": 0.9694886410332326, "coverage": 0.8831168831168831, "width_mean": 0.6596559094179519, "width_sd": 7.951762770680533e-17, "width_min": 0.6596559094179519, "width_q1": 0.6596559094179519, "width_q2": 0.6596559094179519, "width_q3": 0.6596559094179519, "width_max": 0.6596559094179522}