{"data_name": "EnergyEfficiency", "n_neighbors": "auto", "level": 0.95, "random_state": 4012, "test_size": 0.2, "n": 768, "d": 8, "oob_score": 0.9712988916851, "test_score": 0.9705012919730978, "coverage": 0.8701298701298701, "width_mean": 0.3626690449346455, "width_sd": 0.346105694393289, "width_min": 0.025621736518361526, "width_q1": 0.10212659468468063, "width_q2": 0.16795011392039755, "width_q3": 0.659049191890786, "width_max": 1.3511849358096941}