{"data_name": "EnergyEfficiency", "n_neighbors": 200, "level": 0.99, "random_state": 409, "test_size": 0.2, "n": 768, "d": 8, "oob_score": 0.9685277507730099, "test_score": 0.9694886410332326, "coverage": 0.9935064935064936, "width_mean": 1.174314722329552, "width_sd": 0.03827782756206859, "width_min": 1.164166632214728, "width_q1": 1.164166632214728, "width_q2": 1.164166632214728, "width_q3": 1.164166632214728, "width_max": 1.409572108553918}