{"data_name": "EnergyEfficiency", "n_neighbors": "all", "level": 0.8, "random_state": 4012, "test_size": 0.2, "n": 768, "d": 8, "oob_score": 0.9712988916851, "test_score": 0.9705012919730978, "coverage": 0.7857142857142857, "width_mean": 0.3940189561572496, "width_sd": 4.961036581666868e-17, "width_min": 0.39401895615724936, "width_q1": 0.3940189561572496, "width_q2": 0.3940189561572496, "width_q3": 0.3940189561572496, "width_max": 0.3940189561572496}