{"data_name": "EnergyEfficiency", "n_neighbors": "all", "level": 0.99, "random_state": 8935, "test_size": 0.2, "n": 768, "d": 8, "oob_score": 0.9681723843099057, "test_score": 0.9639039815003119, "coverage": 0.987012987012987, "width_mean": 1.2731306811419785, "width_sd": 1.1733135680963023e-16, "width_min": 1.2731306811419785, "width_q1": 1.2731306811419785, "width_q2": 1.2731306811419785, "width_q3": 1.2731306811419785, "width_max": 1.273130681141979}