{"data_name": "EnergyEfficiency", "n_neighbors": 500, "level": 0.9, "random_state": 2286, "test_size": 0.2, "n": 768, "d": 8, "oob_score": 0.9689219697337306, "test_score": 0.9621770419690786, "coverage": 0.8376623376623377, "width_mean": 0.6185604479044937, "width_sd": 0.0034203127086981796, "width_min": 0.6155450161393243, "width_q1": 0.6155450161393246, "width_q2": 0.6185802022435833, "width_q3": 0.6185802022435835, "width_max": 0.6374655701250783}