{"data_name": "EnergyEfficiency", "n_neighbors": 50, "level": 0.99, "random_state": 1679, "test_size": 0.2, "n": 768, "d": 8, "oob_score": 0.9665608451471258, "test_score": 0.9577425667604013, "coverage": 0.961038961038961, "width_mean": 0.7583409888557501, "width_sd": 0.19418747672645623, "width_min": 0.5766474428546102, "width_q1": 0.5831129036981928, "width_q2": 0.6906477623608713, "width_q3": 0.8256210323102116, "width_max": 1.4388895886524113}