{"data_name": "EnergyEfficiency", "n_neighbors": 5, "level": 0.9, "random_state": 3657, "test_size": 0.2, "n": 768, "d": 8, "oob_score": 0.9701173246688269, "test_score": 0.9751140605767747, "coverage": 0.7142857142857143, "width_mean": 0.26519470133844003, "width_sd": 0.2581337247339614, "width_min": 0.011368667479242811, "width_q1": 0.06462595843252414, "width_q2": 0.13116236107342608, "width_q3": 0.47330216976308115, "width_max": 0.9049547557059676}