{"data_name": "EnergyEfficiency", "n_neighbors": 20, "level": 0.9, "random_state": 409, "test_size": 0.2, "n": 768, "d": 8, "oob_score": 0.9685277507730099, "test_score": 0.9694886410332326, "coverage": 0.8636363636363636, "width_mean": 0.4437199471414867, "width_sd": 0.27071136050564837, "width_min": 0.07493220341158358, "width_q1": 0.2759490039840101, "width_q2": 0.3283038292850313, "width_q3": 0.6002587854974224, "width_max": 1.2940701190275115}