{"data_name": "EnergyEfficiency", "n_neighbors": "auto", "level": 0.8, "random_state": 1824, "test_size": 0.2, "n": 768, "d": 8, "oob_score": 0.9674500557948055, "test_score": 0.9744183582650073, "coverage": 0.7272727272727273, "width_mean": 0.3083671228689657, "width_sd": 0.3050272615374298, "width_min": 0.015079142338901175, "width_q1": 0.06415251058102872, "width_q2": 0.12451127808058769, "width_q3": 0.5529610416598572, "width_max": 1.0789745271209608}