{"data_name": "EnergyEfficiency", "n_neighbors": "all", "level": 0.9, "random_state": 4012, "test_size": 0.2, "n": 768, "d": 8, "oob_score": 0.9712988916851, "test_score": 0.9705012919730978, "coverage": 0.8701298701298701, "width_mean": 0.6020957655975588, "width_sd": 1.9722774262558043e-16, "width_min": 0.6020957655975585, "width_q1": 0.6020957655975586, "width_q2": 0.6020957655975587, "width_q3": 0.6020957655975587, "width_max": 0.602095765597559}