{"data_name": "EnergyEfficiency", "n_neighbors": 50, "level": 0.99, "random_state": 8935, "test_size": 0.2, "n": 768, "d": 8, "oob_score": 0.9681723843099057, "test_score": 0.9639039815003119, "coverage": 0.974025974025974, "width_mean": 0.818875141535663, "width_sd": 0.14989436052087682, "width_min": 0.6563488942883493, "width_q1": 0.7469315168893604, "width_q2": 0.759253521572346, "width_q3": 0.7939537614817453, "width_max": 1.527244840993605}