{"data_name": "EnergyEfficiency", "n_neighbors": 100, "level": 0.9, "random_state": 3657, "test_size": 0.2, "n": 768, "d": 8, "oob_score": 0.9701173246688269, "test_score": 0.9751140605767747, "coverage": 0.935064935064935, "width_mean": 0.6903084564512669, "width_sd": 0.016902275000944118, "width_min": 0.6720869111750887, "width_q1": 0.6783471819556885, "width_q2": 0.6844459505043985, "width_q3": 0.7006281146253632, "width_max": 0.7546116811582839}