{"data_name": "EnergyEfficiency", "n_neighbors": 100, "level": 0.8, "random_state": 8935, "test_size": 0.2, "n": 768, "d": 8, "oob_score": 0.9681723843099057, "test_score": 0.9639039815003119, "coverage": 0.7792207792207793, "width_mean": 0.35345253227320295, "width_sd": 0.0476311398001419, "width_min": 0.17649523706097048, "width_q1": 0.32961392800455447, "width_q2": 0.3345534107653794, "width_q3": 0.3818713054853964, "width_max": 0.5049223482376803}