{"data_name": "EnergyEfficiency", "n_neighbors": 20, "level": 0.9, "random_state": 2286, "test_size": 0.2, "n": 768, "d": 8, "oob_score": 0.9689219697337306, "test_score": 0.9621770419690786, "coverage": 0.8766233766233766, "width_mean": 0.44835088050600314, "width_sd": 0.2936428550489923, "width_min": 0.0840233230506301, "width_q1": 0.20869612713653243, "width_q2": 0.3925164571615097, "width_q3": 0.6773354144984343, "width_max": 1.2414439220690392}