{"data_name": "EnergyEfficiency", "n_neighbors": 100, "level": 0.8, "random_state": 4506, "test_size": 0.2, "n": 768, "d": 8, "oob_score": 0.9653925243193637, "test_score": 0.9721031950241292, "coverage": 0.8246753246753247, "width_mean": 0.35760212799117713, "width_sd": 0.058973886870259874, "width_min": 0.2330992971650736, "width_q1": 0.3217597781701679, "width_q2": 0.33800327630727434, "width_q3": 0.4012322208928473, "width_max": 0.5311173425746394}