{"data_name": "EnergyEfficiency", "n_neighbors": 500, "level": 0.95, "random_state": 4506, "test_size": 0.2, "n": 768, "d": 8, "oob_score": 0.9653925243193637, "test_score": 0.9721031950241292, "coverage": 0.9675324675324676, "width_mean": 0.8667399809762931, "width_sd": 0.00215684616654542, "width_min": 0.8663253813215108, "width_q1": 0.8663253813215109, "width_q2": 0.866325381321511, "width_q3": 0.866325381321511, "width_max": 0.8816470081042902}