{"data_name": "EnergyEfficiency", "n_neighbors": 200, "level": 0.9, "random_state": 3657, "test_size": 0.2, "n": 768, "d": 8, "oob_score": 0.9701173246688269, "test_score": 0.9751140605767747, "coverage": 0.9285714285714286, "width_mean": 0.6674688758041305, "width_sd": 0.005339815337898565, "width_min": 0.6603593084304074, "width_q1": 0.6644466586786304, "width_q2": 0.6644466586786305, "width_q3": 0.6679231939449166, "width_max": 0.70461210634226}