{"data_name": "EnergyEfficiency", "n_neighbors": 5, "level": 0.95, "random_state": 1679, "test_size": 0.2, "n": 768, "d": 8, "oob_score": 0.9665608451471258, "test_score": 0.9577425667604013, "coverage": 0.7792207792207793, "width_mean": 0.3626197167898554, "width_sd": 0.35793298906860893, "width_min": 0.01295717704093613, "width_q1": 0.070632029181942, "width_q2": 0.14090093007532772, "width_q3": 0.6702062595527767, "width_max": 1.4951142166600726}