{"data_name": "EnergyEfficiency", "n_neighbors": 20, "level": 0.8, "random_state": 3657, "test_size": 0.2, "n": 768, "d": 8, "oob_score": 0.9701173246688269, "test_score": 0.9751140605767747, "coverage": 0.7922077922077922, "width_mean": 0.31017851613960645, "width_sd": 0.2214257866112633, "width_min": 0.07190536000433889, "width_q1": 0.12422928975073982, "width_q2": 0.20639863961974636, "width_q3": 0.506606609507975, "width_max": 0.8021822321531862}