{"data_name": "EnergyEfficiency", "n_neighbors": 50, "level": 0.95, "random_state": 4012, "test_size": 0.2, "n": 768, "d": 8, "oob_score": 0.9712988916851, "test_score": 0.9705012919730978, "coverage": 0.9545454545454546, "width_mean": 0.7168473506260373, "width_sd": 0.09534428068003724, "width_min": 0.6184863347189047, "width_q1": 0.6205624345511866, "width_q2": 0.7178964982525011, "width_q3": 0.7291386871156955, "width_max": 1.0948469883187264}