{"data_name": "EnergyEfficiency", "n_neighbors": 100, "level": 0.99, "random_state": 1824, "test_size": 0.2, "n": 768, "d": 8, "oob_score": 0.9674500557948055, "test_score": 0.9744183582650073, "coverage": 0.987012987012987, "width_mean": 0.9213837328407667, "width_sd": 0.06990377296018563, "width_min": 0.8870748594972477, "width_q1": 0.8873264446668532, "width_q2": 0.8873264446668532, "width_q3": 0.913575225511227, "width_max": 1.268155482187713}