{"data_name": "EnergyEfficiency", "n_neighbors": 100, "level": 0.99, "random_state": 9674, "test_size": 0.2, "n": 768, "d": 8, "oob_score": 0.9701897293358293, "test_score": 0.9604250087461025, "coverage": 0.9805194805194806, "width_mean": 1.0703468899941715, "width_sd": 0.04826763184950802, "width_min": 0.9878241046991069, "width_q1": 1.0574824444935191, "width_q2": 1.0574824444935191, "width_q3": 1.0574824444935191, "width_max": 1.2839234376417674}