{"data_name": "EnergyEfficiency", "n_neighbors": 5, "level": 0.95, "random_state": 1424, "test_size": 0.2, "n": 768, "d": 8, "oob_score": 0.966689359788422, "test_score": 0.9708140740342867, "coverage": 0.8246753246753247, "width_mean": 0.3433347134124399, "width_sd": 0.3590298349668441, "width_min": 0.019847987211964346, "width_q1": 0.0715981190891912, "width_q2": 0.1442774065150717, "width_q3": 0.5850826195554798, "width_max": 1.350944895520529}