{"data_name": "EnergyEfficiency", "n_neighbors": "all", "level": 0.8, "random_state": 4506, "test_size": 0.2, "n": 768, "d": 8, "oob_score": 0.9653925243193637, "test_score": 0.9721031950241292, "coverage": 0.8246753246753247, "width_mean": 0.4450076675434544, "width_sd": 1.2832751703501031e-16, "width_min": 0.4450076675434542, "width_q1": 0.4450076675434542, "width_q2": 0.4450076675434543, "width_q3": 0.44500766754345433, "width_max": 0.44500766754345444}