{"data_name": "EnergyEfficiency", "n_neighbors": 200, "level": 0.99, "random_state": 1824, "test_size": 0.2, "n": 768, "d": 8, "oob_score": 0.9674500557948055, "test_score": 0.9744183582650073, "coverage": 0.9805194805194806, "width_mean": 0.9640054146998166, "width_sd": 0.035535045837723454, "width_min": 0.9230192796011465, "width_q1": 0.9537965814307712, "width_q2": 0.9537965814307712, "width_q3": 0.9537965814307714, "width_max": 1.1195331394411345}