{"data_name": "EnergyEfficiency", "n_neighbors": 100, "level": 0.99, "random_state": 409, "test_size": 0.2, "n": 768, "d": 8, "oob_score": 0.9685277507730099, "test_score": 0.9694886410332326, "coverage": 0.974025974025974, "width_mean": 1.0586974046166853, "width_sd": 0.10842222948991917, "width_min": 0.9528217592228607, "width_q1": 0.9528217592228608, "width_q2": 1.0775453627624092, "width_q3": 1.1536000425938537, "width_max": 1.3704859886487244}