{"data_name": "EnergyEfficiency", "n_neighbors": 10, "level": 0.9, "random_state": 1824, "test_size": 0.2, "n": 768, "d": 8, "oob_score": 0.9674500557948055, "test_score": 0.9744183582650073, "coverage": 0.8766233766233766, "width_mean": 0.4026777256925119, "width_sd": 0.3216893107038491, "width_min": 0.030818835097162434, "width_q1": 0.1071034309550162, "width_q2": 0.28752993115775294, "width_q3": 0.648462773964436, "width_max": 1.2851303817598283}