{"data_name": "EnergyEfficiency", "n_neighbors": 10, "level": 0.8, "random_state": 4012, "test_size": 0.2, "n": 768, "d": 8, "oob_score": 0.9712988916851, "test_score": 0.9705012919730978, "coverage": 0.8116883116883117, "width_mean": 0.3143032419914291, "width_sd": 0.2763744519713453, "width_min": 0.0268150812305753, "width_q1": 0.0930894257150582, "width_q2": 0.17690567071692848, "width_q3": 0.538754030150265, "width_max": 1.1219877517970671}