{"data_name": "EnergyEfficiency", "n_neighbors": 20, "level": 0.95, "random_state": 1679, "test_size": 0.2, "n": 768, "d": 8, "oob_score": 0.9665608451471258, "test_score": 0.9577425667604013, "coverage": 0.922077922077922, "width_mean": 0.5259677795721401, "width_sd": 0.29455012935783975, "width_min": 0.16715835827599512, "width_q1": 0.2815923633755619, "width_q2": 0.39264979085618823, "width_q3": 0.7229917520186946, "width_max": 1.321616390459022}