{"data_name": "EnergyEfficiency", "n_neighbors": "auto", "level": 0.95, "random_state": 1424, "test_size": 0.2, "n": 768, "d": 8, "oob_score": 0.966689359788422, "test_score": 0.9708140740342867, "coverage": 0.8961038961038961, "width_mean": 0.4202323918741474, "width_sd": 0.4089993428853544, "width_min": 0.03824479297187944, "width_q1": 0.09695552563079263, "width_q2": 0.16484399050295145, "width_q3": 0.7024065483086432, "width_max": 1.4934827436399067}