{"data_name": "EnergyEfficiency", "n_neighbors": 50, "level": 0.9, "random_state": 2286, "test_size": 0.2, "n": 768, "d": 8, "oob_score": 0.9689219697337306, "test_score": 0.9621770419690786, "coverage": 0.8961038961038961, "width_mean": 0.641756104979709, "width_sd": 0.09572582822033364, "width_min": 0.5345742422400929, "width_q1": 0.5917610856623696, "width_q2": 0.5917610856623697, "width_q3": 0.6646042206839357, "width_max": 1.0559587370679004}