{"data_name": "EnergyEfficiency", "n_neighbors": 100, "level": 0.9, "random_state": 4506, "test_size": 0.2, "n": 768, "d": 8, "oob_score": 0.9653925243193637, "test_score": 0.9721031950241292, "coverage": 0.922077922077922, "width_mean": 0.5558742367968852, "width_sd": 0.0329387825726951, "width_min": 0.4933211872751916, "width_q1": 0.5412045407583446, "width_q2": 0.5455714490326948, "width_q3": 0.5615338159840627, "width_max": 0.7652756100530336}