{"data_name": "EnergyEfficiency", "n_neighbors": 10, "level": 0.99, "random_state": 4012, "test_size": 0.2, "n": 768, "d": 8, "oob_score": 0.9712988916851, "test_score": 0.9705012919730978, "coverage": 0.9090909090909091, "width_mean": 0.4850936204647281, "width_sd": 0.3340208530769363, "width_min": 0.034237922008090504, "width_q1": 0.15603203326253806, "width_q2": 0.46654232226801884, "width_q3": 0.7698528676923178, "width_max": 1.412304184879728}