{"data_name": "EnergyEfficiency", "n_neighbors": 10, "level": 0.9, "random_state": 8935, "test_size": 0.2, "n": 768, "d": 8, "oob_score": 0.9681723843099057, "test_score": 0.9639039815003119, "coverage": 0.8636363636363636, "width_mean": 0.3904108116842214, "width_sd": 0.3436496843446226, "width_min": 0.04849629844089287, "width_q1": 0.1107094431843712, "width_q2": 0.23595950981770403, "width_q3": 0.6243406192874907, "width_max": 1.447539748589983}