{"data_name": "EnergyEfficiency", "n_neighbors": 100, "level": 0.95, "random_state": 4012, "test_size": 0.2, "n": 768, "d": 8, "oob_score": 0.9712988916851, "test_score": 0.9705012919730978, "coverage": 0.935064935064935, "width_mean": 0.7023607282703715, "width_sd": 0.07335166245263118, "width_min": 0.6559890968084889, "width_q1": 0.6659177374820986, "width_q2": 0.6659177374820986, "width_q3": 0.7178870497014285, "width_max": 1.049506165915979}