{"data_name": "EnergyEfficiency", "n_neighbors": "all", "level": 0.99, "random_state": 4506, "test_size": 0.2, "n": 768, "d": 8, "oob_score": 0.9653925243193637, "test_score": 0.9721031950241292, "coverage": 0.9935064935064936, "width_mean": 1.3762768438039232, "width_sd": 2.312267636377019e-16, "width_min": 1.3762768438039232, "width_q1": 1.3762768438039235, "width_q2": 1.3762768438039235, "width_q3": 1.3762768438039235, "width_max": 1.3762768438039237}