{"data_name": "EnergyEfficiency", "n_neighbors": 500, "level": 0.99, "random_state": 4012, "test_size": 0.2, "n": 768, "d": 8, "oob_score": 0.9712988916851, "test_score": 0.9705012919730978, "coverage": 0.987012987012987, "width_mean": 1.0335588397993627, "width_sd": 0.008293262411132022, "width_min": 1.0314448141304853, "width_q1": 1.0314448141304853, "width_q2": 1.0314448141304855, "width_q3": 1.0314448141304855, "width_max": 1.0767070307051803}