{"data_name": "EnergyEfficiency", "n_neighbors": 5, "level": 0.99, "random_state": 8935, "test_size": 0.2, "n": 768, "d": 8, "oob_score": 0.9681723843099057, "test_score": 0.9639039815003119, "coverage": 0.7792207792207793, "width_mean": 0.3322379655457836, "width_sd": 0.35931513969662643, "width_min": 0.02028393942916018, "width_q1": 0.07013245258471383, "width_q2": 0.14555702457909786, "width_q3": 0.5887024571714635, "width_max": 1.4457379195926092}