{"data_name": "EnergyEfficiency", "n_neighbors": "all", "level": 0.99, "random_state": 9674, "test_size": 0.2, "n": 768, "d": 8, "oob_score": 0.9701897293358293, "test_score": 0.9604250087461025, "coverage": 0.974025974025974, "width_mean": 1.1658950642378176, "width_sd": 4.480367471257125e-16, "width_min": 1.1658950642378179, "width_q1": 1.165895064237818, "width_q2": 1.165895064237818, "width_q3": 1.165895064237818, "width_max": 1.1658950642378183}