{"data_name": "EnergyEfficiency", "n_neighbors": 5, "level": 0.99, "random_state": 1824, "test_size": 0.2, "n": 768, "d": 8, "oob_score": 0.9674500557948055, "test_score": 0.9744183582650073, "coverage": 0.7792207792207793, "width_mean": 0.3353586388303352, "width_sd": 0.33779267169142774, "width_min": 0.012400217574288996, "width_q1": 0.06755583942111076, "width_q2": 0.13322159092866753, "width_q3": 0.5505086935928092, "width_max": 1.2910200803737326}