{"data_name": "EnergyEfficiency", "n_neighbors": "all", "level": 0.99, "random_state": 4012, "test_size": 0.2, "n": 768, "d": 8, "oob_score": 0.9712988916851, "test_score": 0.9705012919730978, "coverage": 0.9805194805194806, "width_mean": 1.0538513219379633, "width_sd": 8.392497208503151e-17, "width_min": 1.053851321937963, "width_q1": 1.0538513219379633, "width_q2": 1.0538513219379633, "width_q3": 1.0538513219379633, "width_max": 1.0538513219379633}