{"data_name": "EnergyEfficiency", "n_neighbors": "all", "level": 0.95, "random_state": 4506, "test_size": 0.2, "n": 768, "d": 8, "oob_score": 0.9653925243193637, "test_score": 0.9721031950241292, "coverage": 0.9675324675324676, "width_mean": 0.8390156869495834, "width_sd": 1.0735718501191997e-16, "width_min": 0.8390156869495833, "width_q1": 0.8390156869495835, "width_q2": 0.8390156869495835, "width_q3": 0.8390156869495835, "width_max": 0.8390156869495837}