{"data_name": "EnergyEfficiency", "n_neighbors": 20, "level": 0.95, "random_state": 1424, "test_size": 0.2, "n": 768, "d": 8, "oob_score": 0.966689359788422, "test_score": 0.9708140740342867, "coverage": 0.9545454545454546, "width_mean": 0.6405050686031603, "width_sd": 0.30807563485973916, "width_min": 0.0800120377115805, "width_q1": 0.47619404176562874, "width_q2": 0.6146535960296317, "width_q3": 0.8038087929768977, "width_max": 1.4480766882017728}