{"data_name": "EnergyEfficiency", "n_neighbors": "auto", "level": 0.95, "random_state": 409, "test_size": 0.2, "n": 768, "d": 8, "oob_score": 0.9685277507730099, "test_score": 0.9694886410332326, "coverage": 0.9025974025974026, "width_mean": 0.3874814586477214, "width_sd": 0.37467590674073925, "width_min": 0.025532299096262867, "width_q1": 0.10110318573893481, "width_q2": 0.17041780823223723, "width_q3": 0.6609082679230014, "width_max": 1.41163299536784}