{"data_name": "EnergyEfficiency", "n_neighbors": "all", "level": 0.8, "random_state": 1679, "test_size": 0.2, "n": 768, "d": 8, "oob_score": 0.9665608451471258, "test_score": 0.9577425667604013, "coverage": 0.7597402597402597, "width_mean": 0.4063915723670943, "width_sd": 9.901885811467944e-17, "width_min": 0.4063915723670942, "width_q1": 0.40639157236709433, "width_q2": 0.40639157236709433, "width_q3": 0.40639157236709444, "width_max": 0.40639157236709444}