{"data_name": "EnergyEfficiency", "n_neighbors": 20, "level": 0.99, "random_state": 4506, "test_size": 0.2, "n": 768, "d": 8, "oob_score": 0.9653925243193637, "test_score": 0.9721031950241292, "coverage": 0.974025974025974, "width_mean": 0.6161896571145251, "width_sd": 0.30695347676397616, "width_min": 0.17912051373587778, "width_q1": 0.39756991039375783, "width_q2": 0.5521720780389676, "width_q3": 0.7742041475237231, "width_max": 1.5277276546577743}