{"data_name": "EnergyEfficiency", "n_neighbors": "auto", "level": 0.95, "random_state": 2286, "test_size": 0.2, "n": 768, "d": 8, "oob_score": 0.9689219697337306, "test_score": 0.9621770419690786, "coverage": 0.8506493506493507, "width_mean": 0.40937954867451876, "width_sd": 0.3987430164361486, "width_min": 0.021571387637953965, "width_q1": 0.08845538420851781, "width_q2": 0.16577666240600275, "width_q3": 0.7156566457999469, "width_max": 1.40460353871164}