{"data_name": "EnergyEfficiency", "n_neighbors": 10, "level": 0.95, "random_state": 1679, "test_size": 0.2, "n": 768, "d": 8, "oob_score": 0.9665608451471258, "test_score": 0.9577425667604013, "coverage": 0.8766233766233766, "width_mean": 0.4581425149399358, "width_sd": 0.3674395584973425, "width_min": 0.04251896779313302, "width_q1": 0.1617107042529029, "width_q2": 0.27909284329509304, "width_q3": 0.7726239114053068, "width_max": 1.4510862808503369}