{"data_name": "EnergyEfficiency", "n_neighbors": 5, "level": 0.8, "random_state": 2286, "test_size": 0.2, "n": 768, "d": 8, "oob_score": 0.9689219697337306, "test_score": 0.9621770419690786, "coverage": 0.6948051948051948, "width_mean": 0.28548164250714336, "width_sd": 0.3093802119516515, "width_min": 0.014628474625928423, "width_q1": 0.05679837422459194, "width_q2": 0.11460197083749304, "width_q3": 0.45590945307185526, "width_max": 1.2757939840106323}