{"data_name": "EnergyEfficiency", "n_neighbors": 10, "level": 0.8, "random_state": 1679, "test_size": 0.2, "n": 768, "d": 8, "oob_score": 0.9665608451471258, "test_score": 0.9577425667604013, "coverage": 0.7662337662337663, "width_mean": 0.34137844788755656, "width_sd": 0.3066257583428093, "width_min": 0.03287732794820708, "width_q1": 0.09093164665198289, "width_q2": 0.18446228970916684, "width_q3": 0.5886397147038978, "width_max": 1.224961255779825}