{"data_name": "EnergyEfficiency", "n_neighbors": 10, "level": 0.9, "random_state": 409, "test_size": 0.2, "n": 768, "d": 8, "oob_score": 0.9685277507730099, "test_score": 0.9694886410332326, "coverage": 0.8766233766233766, "width_mean": 0.4029255452264623, "width_sd": 0.32083046976659346, "width_min": 0.022679987364087162, "width_q1": 0.15093707713010773, "width_q2": 0.33161631313193063, "width_q3": 0.6087997015218426, "width_max": 1.3780436021277458}