{"data_name": "EnergyEfficiency", "n_neighbors": 50, "level": 0.8, "random_state": 3657, "test_size": 0.2, "n": 768, "d": 8, "oob_score": 0.9701173246688269, "test_score": 0.9751140605767747, "coverage": 0.9155844155844156, "width_mean": 0.4609444333878037, "width_sd": 0.09321894294227659, "width_min": 0.17893280992605276, "width_q1": 0.38732476860515197, "width_q2": 0.4375045351595518, "width_q3": 0.5224679258222171, "width_max": 0.704769875651603}