{"data_name": "EnergyEfficiency", "n_neighbors": 10, "level": 0.8, "random_state": 4506, "test_size": 0.2, "n": 768, "d": 8, "oob_score": 0.9653925243193637, "test_score": 0.9721031950241292, "coverage": 0.7987012987012987, "width_mean": 0.3127324516890097, "width_sd": 0.3326275236658857, "width_min": 0.016829185297448923, "width_q1": 0.07490517910332423, "width_q2": 0.13195304848875733, "width_q3": 0.4817060436682974, "width_max": 1.5145941299069625}