{"data_name": "EnergyEfficiency", "n_neighbors": 500, "level": 0.95, "random_state": 1424, "test_size": 0.2, "n": 768, "d": 8, "oob_score": 0.966689359788422, "test_score": 0.9708140740342867, "coverage": 0.948051948051948, "width_mean": 0.8235023011974454, "width_sd": 0.0030457218463550467, "width_min": 0.8225431027823719, "width_q1": 0.822543102782372, "width_q2": 0.822543102782372, "width_q3": 0.8225431027823721, "width_max": 0.8376837536594767}