{"data_name": "EnergyEfficiency", "n_neighbors": 5, "level": 0.95, "random_state": 8935, "test_size": 0.2, "n": 768, "d": 8, "oob_score": 0.9681723843099057, "test_score": 0.9639039815003119, "coverage": 0.7727272727272727, "width_mean": 0.319448316195029, "width_sd": 0.34667664726264347, "width_min": 0.020022230273135655, "width_q1": 0.06608265928775342, "width_q2": 0.1380027501849379, "width_q3": 0.5631366197651076, "width_max": 1.403180663741095}