{"data_name": "EnergyEfficiency", "n_neighbors": 10, "level": 0.9, "random_state": 2286, "test_size": 0.2, "n": 768, "d": 8, "oob_score": 0.9689219697337306, "test_score": 0.9621770419690786, "coverage": 0.8311688311688312, "width_mean": 0.3959366341759688, "width_sd": 0.3546138744485954, "width_min": 0.019927200755829544, "width_q1": 0.10174064405976968, "width_q2": 0.2652472958360137, "width_q3": 0.6628549359608474, "width_max": 1.3539677956156604}