{"data_name": "EnergyEfficiency", "n_neighbors": 20, "level": 0.8, "random_state": 1824, "test_size": 0.2, "n": 768, "d": 8, "oob_score": 0.9674500557948055, "test_score": 0.9744183582650073, "coverage": 0.9025974025974026, "width_mean": 0.38011196693992894, "width_sd": 0.24357202215803817, "width_min": 0.08317847466233452, "width_q1": 0.16649653537958153, "width_q2": 0.26625149671236387, "width_q3": 0.5556691823327469, "width_max": 0.9963445389215242}