{"data_name": "EnergyEfficiency", "n_neighbors": 10, "level": 0.9, "random_state": 9674, "test_size": 0.2, "n": 768, "d": 8, "oob_score": 0.9701897293358293, "test_score": 0.9604250087461025, "coverage": 0.8181818181818182, "width_mean": 0.3775286529972106, "width_sd": 0.31980956714231074, "width_min": 0.04750309504647443, "width_q1": 0.10662330934797826, "width_q2": 0.26541463531230725, "width_q3": 0.6101206730424998, "width_max": 1.2515687982742638}