{"data_name": "EnergyEfficiency", "n_neighbors": 10, "level": 0.95, "random_state": 1424, "test_size": 0.2, "n": 768, "d": 8, "oob_score": 0.966689359788422, "test_score": 0.9708140740342867, "coverage": 0.922077922077922, "width_mean": 0.5020913436602831, "width_sd": 0.37160126414692224, "width_min": 0.04189589807806671, "width_q1": 0.1432848344972917, "width_q2": 0.5197161369789689, "width_q3": 0.7230774907592108, "width_max": 1.5180806470985702}