{"data_name": "EnergyEfficiency", "n_neighbors": 100, "level": 0.95, "random_state": 2286, "test_size": 0.2, "n": 768, "d": 8, "oob_score": 0.9689219697337306, "test_score": 0.9621770419690786, "coverage": 0.9285714285714286, "width_mean": 0.7406549254529178, "width_sd": 0.10684930041617986, "width_min": 0.6833550733171443, "width_q1": 0.6937947859722158, "width_q2": 0.6937947859722158, "width_q3": 0.7307237936467794, "width_max": 1.1499095512627378}