{"data_name": "EnergyEfficiency", "n_neighbors": 500, "level": 0.8, "random_state": 4012, "test_size": 0.2, "n": 768, "d": 8, "oob_score": 0.9712988916851, "test_score": 0.9705012919730978, "coverage": 0.7922077922077922, "width_mean": 0.4012067606594921, "width_sd": 0.006358113346105918, "width_min": 0.3915556787632475, "width_q1": 0.3977505443961804, "width_q2": 0.3977505443961805, "width_q3": 0.4077961238260208, "width_max": 0.4185301035291431}