{"data_name": "EnergyEfficiency", "n_neighbors": 10, "level": 0.95, "random_state": 2286, "test_size": 0.2, "n": 768, "d": 8, "oob_score": 0.9689219697337306, "test_score": 0.9621770419690786, "coverage": 0.8636363636363636, "width_mean": 0.43254787774343995, "width_sd": 0.37554187761310975, "width_min": 0.021776910998219545, "width_q1": 0.11292792542937044, "width_q2": 0.3283506884653864, "width_q3": 0.7094716079991978, "width_max": 1.40460353871164}