{"data_name": "EnergyEfficiency", "n_neighbors": 5, "level": 0.9, "random_state": 1424, "test_size": 0.2, "n": 768, "d": 8, "oob_score": 0.966689359788422, "test_score": 0.9708140740342867, "coverage": 0.8051948051948052, "width_mean": 0.3245810610681165, "width_sd": 0.3404291072938193, "width_min": 0.019015874344919026, "width_q1": 0.06827842978423904, "width_q2": 0.132615917025463, "width_q3": 0.5586847656756317, "width_max": 1.302850614564445}