{"data_name": "EnergyEfficiency", "n_neighbors": 500, "level": 0.9, "random_state": 409, "test_size": 0.2, "n": 768, "d": 8, "oob_score": 0.9685277507730099, "test_score": 0.9694886410332326, "coverage": 0.8701298701298701, "width_mean": 0.646688425688026, "width_sd": 0.010529656813287472, "width_min": 0.6265629241533085, "width_q1": 0.638049931358954, "width_q2": 0.6449050215922971, "width_q3": 0.6563920287979427, "width_max": 0.6630424324083406}