{"data_name": "EnergyEfficiency", "n_neighbors": 5, "level": 0.9, "random_state": 1824, "test_size": 0.2, "n": 768, "d": 8, "oob_score": 0.9674500557948055, "test_score": 0.9744183582650073, "coverage": 0.7402597402597403, "width_mean": 0.30434016320548346, "width_sd": 0.3101116690579392, "width_min": 0.010946013709643543, "width_q1": 0.062524776283781, "width_q2": 0.12413550471805923, "width_q3": 0.5153959611923172, "width_max": 1.1628910505036105}