{"data_name": "EnergyEfficiency", "n_neighbors": 10, "level": 0.99, "random_state": 3657, "test_size": 0.2, "n": 768, "d": 8, "oob_score": 0.9701173246688269, "test_score": 0.9751140605767747, "coverage": 0.8441558441558441, "width_mean": 0.42681800188870067, "width_sd": 0.29311708086548915, "width_min": 0.05241966835123102, "width_q1": 0.13253726590715414, "width_q2": 0.36423745572344096, "width_q3": 0.7049900180059979, "width_max": 0.9964387814462261}