{"data_name": "EnergyEfficiency", "n_neighbors": 5, "level": 0.95, "random_state": 4506, "test_size": 0.2, "n": 768, "d": 8, "oob_score": 0.9653925243193637, "test_score": 0.9721031950241292, "coverage": 0.7792207792207793, "width_mean": 0.3168695470028927, "width_sd": 0.3433209191179127, "width_min": 0.011388786304103338, "width_q1": 0.06731222166271017, "width_q2": 0.13673636002675665, "width_q3": 0.5015356053907545, "width_max": 1.5053696181010452}