{"data_name": "EnergyEfficiency", "n_neighbors": 10, "level": 0.95, "random_state": 1824, "test_size": 0.2, "n": 768, "d": 8, "oob_score": 0.9674500557948055, "test_score": 0.9744183582650073, "coverage": 0.8896103896103896, "width_mean": 0.4449200646697826, "width_sd": 0.339031746991949, "width_min": 0.03348776553794208, "width_q1": 0.12111957945892673, "width_q2": 0.3407169027961864, "width_q3": 0.7091930091056691, "width_max": 1.370004879620403}