{"data_name": "EnergyEfficiency", "n_neighbors": 500, "level": 0.9, "random_state": 1424, "test_size": 0.2, "n": 768, "d": 8, "oob_score": 0.966689359788422, "test_score": 0.9708140740342867, "coverage": 0.9090909090909091, "width_mean": 0.6739132224032687, "width_sd": 0.0036349463960626185, "width_min": 0.6673213718547399, "width_q1": 0.6711462915877681, "width_q2": 0.6717627612306609, "width_q3": 0.6774521495291556, "width_max": 0.6805400564981703}