{"data_name": "EnergyEfficiency", "n_neighbors": 100, "level": 0.9, "random_state": 4012, "test_size": 0.2, "n": 768, "d": 8, "oob_score": 0.9712988916851, "test_score": 0.9705012919730978, "coverage": 0.8831168831168831, "width_mean": 0.569695385151183, "width_sd": 0.04451511378289042, "width_min": 0.49372201667975557, "width_q1": 0.5492174190967278, "width_q2": 0.549217419096728, "width_q3": 0.5935623278040976, "width_max": 0.8353656618015004}