{"data_name": "EnergyEfficiency", "n_neighbors": "auto", "level": 0.95, "random_state": 1679, "test_size": 0.2, "n": 768, "d": 8, "oob_score": 0.9665608451471258, "test_score": 0.9577425667604013, "coverage": 0.8636363636363636, "width_mean": 0.44003091572994807, "width_sd": 0.3996672161393784, "width_min": 0.027602121141497404, "width_q1": 0.0886343436251274, "width_q2": 0.20101410431020933, "width_q3": 0.7922858819434384, "width_max": 1.4358404156029292}