{"data_name": "EnergyEfficiency", "n_neighbors": "auto", "level": 0.95, "random_state": 1824, "test_size": 0.2, "n": 768, "d": 8, "oob_score": 0.9674500557948055, "test_score": 0.9744183582650073, "coverage": 0.8506493506493507, "width_mean": 0.3985870273415099, "width_sd": 0.3645010374369044, "width_min": 0.01814593538736986, "width_q1": 0.08099570896822833, "width_q2": 0.16559194802198662, "width_q3": 0.713626875183935, "width_max": 1.3605743798581171}