{"data_name": "EnergyEfficiency", "n_neighbors": 200, "level": 0.9, "random_state": 1824, "test_size": 0.2, "n": 768, "d": 8, "oob_score": 0.9674500557948055, "test_score": 0.9744183582650073, "coverage": 0.922077922077922, "width_mean": 0.6368469553388274, "width_sd": 0.02869320595300409, "width_min": 0.6086625518575828, "width_q1": 0.6098662474574261, "width_q2": 0.6205683496078999, "width_q3": 0.6577754495102794, "width_max": 0.6985550151805475}