{"data_name": "EnergyEfficiency", "n_neighbors": 500, "level": 0.99, "random_state": 1679, "test_size": 0.2, "n": 768, "d": 8, "oob_score": 0.9665608451471258, "test_score": 0.9577425667604013, "coverage": 0.9805194805194806, "width_mean": 1.2575666556525211, "width_sd": 1.9436625582294275e-16, "width_min": 1.257566655652521, "width_q1": 1.257566655652521, "width_q2": 1.257566655652521, "width_q3": 1.2575666556525211, "width_max": 1.2575666556525213}