{"data_name": "EnergyEfficiency", "n_neighbors": 10, "level": 0.99, "random_state": 9674, "test_size": 0.2, "n": 768, "d": 8, "oob_score": 0.9701897293358293, "test_score": 0.9604250087461025, "coverage": 0.8766233766233766, "width_mean": 0.4410962067011468, "width_sd": 0.3549503412567485, "width_min": 0.056625022953810555, "width_q1": 0.13274175149510406, "width_q2": 0.3605571259610588, "width_q3": 0.7201528071074549, "width_max": 1.3941892081383815}