{"data_name": "EnergyEfficiency", "n_neighbors": 500, "level": 0.8, "random_state": 1824, "test_size": 0.2, "n": 768, "d": 8, "oob_score": 0.9674500557948055, "test_score": 0.9744183582650073, "coverage": 0.8441558441558441, "width_mean": 0.4579422068112463, "width_sd": 0.0033327310525379673, "width_min": 0.4521928781504405, "width_q1": 0.4573822044824283, "width_q2": 0.4573822044824285, "width_q3": 0.45936656541274, "width_max": 0.46912732671309865}