{"data_name": "EnergyEfficiency", "n_neighbors": "auto", "level": 0.9, "random_state": 9674, "test_size": 0.2, "n": 768, "d": 8, "oob_score": 0.9701897293358293, "test_score": 0.9604250087461025, "coverage": 0.8116883116883117, "width_mean": 0.3598510765339396, "width_sd": 0.34345576877452816, "width_min": 0.020263775573686083, "width_q1": 0.08083903692192781, "width_q2": 0.1753866872027215, "width_q3": 0.6234390735284434, "width_max": 1.2515687982742638}