{"data_name": "EnergyEfficiency", "n_neighbors": 20, "level": 0.9, "random_state": 8935, "test_size": 0.2, "n": 768, "d": 8, "oob_score": 0.9681723843099057, "test_score": 0.9639039815003119, "coverage": 0.935064935064935, "width_mean": 0.4889451868827531, "width_sd": 0.23567972843628857, "width_min": 0.11477402868651732, "width_q1": 0.32363986277836976, "width_q2": 0.3697739659707306, "width_q3": 0.6233874635002494, "width_max": 1.2531370841909086}