{"data_name": "EnergyEfficiency", "n_neighbors": "all", "level": 0.95, "random_state": 1679, "test_size": 0.2, "n": 768, "d": 8, "oob_score": 0.9665608451471258, "test_score": 0.9577425667604013, "coverage": 0.922077922077922, "width_mean": 0.8317919764089827, "width_sd": 1.5953773772544012e-16, "width_min": 0.8317919764089825, "width_q1": 0.8317919764089825, "width_q2": 0.8317919764089826, "width_q3": 0.8317919764089826, "width_max": 0.8317919764089827}