{"data_name": "EnergyEfficiency", "n_neighbors": 50, "level": 0.8, "random_state": 1424, "test_size": 0.2, "n": 768, "d": 8, "oob_score": 0.966689359788422, "test_score": 0.9708140740342867, "coverage": 0.7597402597402597, "width_mean": 0.344484367281045, "width_sd": 0.15116378361076385, "width_min": 0.1031411878799906, "width_q1": 0.21771225905872926, "width_q2": 0.3014296491502293, "width_q3": 0.470793275934466, "width_max": 0.6849856597462733}