{"data_name": "EnergyEfficiency", "n_neighbors": 5, "level": 0.99, "random_state": 1424, "test_size": 0.2, "n": 768, "d": 8, "oob_score": 0.966689359788422, "test_score": 0.9708140740342867, "coverage": 0.8441558441558441, "width_mean": 0.35833763528789864, "width_sd": 0.37422934653536644, "width_min": 0.020513677505600736, "width_q1": 0.07600960730706768, "width_q2": 0.15360659810675864, "width_q3": 0.5991788154036352, "width_max": 1.4141112685764674}