{"data_name": "EnergyEfficiency", "n_neighbors": "all", "level": 0.9, "random_state": 9674, "test_size": 0.2, "n": 768, "d": 8, "oob_score": 0.9701897293358293, "test_score": 0.9604250087461025, "coverage": 0.8636363636363636, "width_mean": 0.621913674004023, "width_sd": 1.36267993722506e-16, "width_min": 0.621913674004023, "width_q1": 0.6219136740040231, "width_q2": 0.6219136740040231, "width_q3": 0.6219136740040231, "width_max": 0.6219136740040232}