{"data_name": "EnergyEfficiency", "n_neighbors": 50, "level": 0.9, "random_state": 1679, "test_size": 0.2, "n": 768, "d": 8, "oob_score": 0.9665608451471258, "test_score": 0.9577425667604013, "coverage": 0.8571428571428571, "width_mean": 0.48332061007212285, "width_sd": 0.12830319249566657, "width_min": 0.3684168928034579, "width_q1": 0.3862716619346893, "width_q2": 0.4263950024922256, "width_q3": 0.5249108547450185, "width_max": 0.9129414614671689}