{"data_name": "EnergyEfficiency", "n_neighbors": 50, "level": 0.8, "random_state": 1824, "test_size": 0.2, "n": 768, "d": 8, "oob_score": 0.9674500557948055, "test_score": 0.9744183582650073, "coverage": 0.8571428571428571, "width_mean": 0.38360994239876406, "width_sd": 0.13751658185448115, "width_min": 0.17688625824914062, "width_q1": 0.2749907628538795, "width_q2": 0.327719790720793, "width_q3": 0.49501411395805117, "width_max": 0.7295860985706084}