{"data_name": "EnergyEfficiency", "n_neighbors": "auto", "level": 0.8, "random_state": 8935, "test_size": 0.2, "n": 768, "d": 8, "oob_score": 0.9681723843099057, "test_score": 0.9639039815003119, "coverage": 0.7142857142857143, "width_mean": 0.3046056548699394, "width_sd": 0.3236803701725275, "width_min": 0.028163804244559554, "width_q1": 0.06693695083110238, "width_q2": 0.12383487265443699, "width_q3": 0.505649993494989, "width_max": 1.2217588325634874}