{"data_name": "EnergyEfficiency", "n_neighbors": 50, "level": 0.9, "random_state": 4012, "test_size": 0.2, "n": 768, "d": 8, "oob_score": 0.9712988916851, "test_score": 0.9705012919730978, "coverage": 0.9025974025974026, "width_mean": 0.5867266596581612, "width_sd": 0.0854951522565861, "width_min": 0.5164017818979596, "width_q1": 0.5376275280590355, "width_q2": 0.5492334030872356, "width_q3": 0.6102738029448123, "width_max": 0.9853124292996792}