{"data_name": "EnergyEfficiency", "n_neighbors": 500, "level": 0.99, "random_state": 1824, "test_size": 0.2, "n": 768, "d": 8, "oob_score": 0.9674500557948055, "test_score": 0.9744183582650073, "coverage": 0.9805194805194806, "width_mean": 1.071215869315926, "width_sd": 0.0066267525101853615, "width_min": 1.0698079820353588, "width_q1": 1.0698079820353588, "width_q2": 1.0698079820353588, "width_q3": 1.069807982035359, "width_max": 1.1070331719483686}