{"data_name": "EnergyEfficiency", "n_neighbors": 50, "level": 0.8, "random_state": 2286, "test_size": 0.2, "n": 768, "d": 8, "oob_score": 0.9689219697337306, "test_score": 0.9621770419690786, "coverage": 0.8311688311688312, "width_mean": 0.4526274152469893, "width_sd": 0.08776141926444399, "width_min": 0.2959267206332177, "width_q1": 0.3902887933941198, "width_q2": 0.41541348346684337, "width_q3": 0.4992417927904177, "width_max": 0.71467008694636}