{"data_name": "EnergyEfficiency", "n_neighbors": 50, "level": 0.99, "random_state": 409, "test_size": 0.2, "n": 768, "d": 8, "oob_score": 0.9685277507730099, "test_score": 0.9694886410332326, "coverage": 0.974025974025974, "width_mean": 0.8690392622853723, "width_sd": 0.13769324707080935, "width_min": 0.6851088619772897, "width_q1": 0.8100493907813454, "width_q2": 0.8408155916719318, "width_q3": 0.8535344021042479, "width_max": 1.4124727301988425}