{"data_name": "EnergyEfficiency", "n_neighbors": "auto", "level": 0.8, "random_state": 4012, "test_size": 0.2, "n": 768, "d": 8, "oob_score": 0.9712988916851, "test_score": 0.9705012919730978, "coverage": 0.7857142857142857, "width_mean": 0.28580858046284735, "width_sd": 0.2871728982648687, "width_min": 0.024646207917690566, "width_q1": 0.07672992698576056, "width_q2": 0.12739475238943948, "width_q3": 0.5401722443602018, "width_max": 1.1219877517970671}