{"data_name": "EnergyEfficiency", "n_neighbors": 200, "level": 0.8, "random_state": 1424, "test_size": 0.2, "n": 768, "d": 8, "oob_score": 0.966689359788422, "test_score": 0.9708140740342867, "coverage": 0.7597402597402597, "width_mean": 0.41932440644706176, "width_sd": 0.028614713733625848, "width_min": 0.38394262874863827, "width_q1": 0.39772124645858997, "width_q2": 0.4084273867572962, "width_q3": 0.4373530346928913, "width_max": 0.5016368907614002}