{"data_name": "EnergyEfficiency", "n_neighbors": "all", "level": 0.99, "random_state": 1824, "test_size": 0.2, "n": 768, "d": 8, "oob_score": 0.9674500557948055, "test_score": 0.9744183582650073, "coverage": 0.9805194805194806, "width_mean": 1.0857614157752273, "width_sd": 2.9671958436108745e-16, "width_min": 1.085761415775227, "width_q1": 1.085761415775227, "width_q2": 1.0857614157752271, "width_q3": 1.0857614157752273, "width_max": 1.0857614157752273}