{"data_name": "EnergyEfficiency", "n_neighbors": 500, "level": 0.8, "random_state": 9674, "test_size": 0.2, "n": 768, "d": 8, "oob_score": 0.9701897293358293, "test_score": 0.9604250087461025, "coverage": 0.7727272727272727, "width_mean": 0.3775686161718541, "width_sd": 0.0032426530327757863, "width_min": 0.3654471972507153, "width_q1": 0.37694284533916655, "width_q2": 0.37694284533916655, "width_q3": 0.3770037424471804, "width_max": 0.3886069975508619}