{"data_name": "EnergyEfficiency", "n_neighbors": 100, "level": 0.8, "random_state": 409, "test_size": 0.2, "n": 768, "d": 8, "oob_score": 0.9685277507730099, "test_score": 0.9694886410332326, "coverage": 0.7792207792207793, "width_mean": 0.3992675243756811, "width_sd": 0.04584596463315431, "width_min": 0.329169274496551, "width_q1": 0.36735185043690244, "width_q2": 0.37792366045247994, "width_q3": 0.4150370685840037, "width_max": 0.5522075730259417}