{"data_name": "EnergyEfficiency", "n_neighbors": 10, "level": 0.95, "random_state": 8935, "test_size": 0.2, "n": 768, "d": 8, "oob_score": 0.9681723843099057, "test_score": 0.9639039815003119, "coverage": 0.8896103896103896, "width_mean": 0.43005427786980366, "width_sd": 0.36355728321270675, "width_min": 0.053293830086260874, "width_q1": 0.1212419490525265, "width_q2": 0.2751417963693232, "width_q3": 0.6769514190749903, "width_max": 1.5350209475695673}