{"data_name": "EnergyEfficiency", "n_neighbors": 500, "level": 0.99, "random_state": 9674, "test_size": 0.2, "n": 768, "d": 8, "oob_score": 0.9701897293358293, "test_score": 0.9604250087461025, "coverage": 0.974025974025974, "width_mean": 1.1551506820726918, "width_sd": 0.011839201364140215, "width_min": 1.1294737941400377, "width_q1": 1.1606095480111298, "width_q2": 1.1606095480111298, "width_q3": 1.16060954801113, "width_max": 1.1606095480111303}