{"data_name": "EnergyEfficiency", "n_neighbors": "auto", "level": 0.99, "random_state": 1424, "test_size": 0.2, "n": 768, "d": 8, "oob_score": 0.966689359788422, "test_score": 0.9708140740342867, "coverage": 0.9090909090909091, "width_mean": 0.44433317854210536, "width_sd": 0.42973908793483656, "width_min": 0.04175773155045326, "width_q1": 0.10695721491952986, "width_q2": 0.1732228371159098, "width_q3": 0.7495828512347397, "width_max": 1.57219603470763}