{"data_name": "EnergyEfficiency", "n_neighbors": 20, "level": 0.9, "random_state": 1679, "test_size": 0.2, "n": 768, "d": 8, "oob_score": 0.9665608451471258, "test_score": 0.9577425667604013, "coverage": 0.8766233766233766, "width_mean": 0.4248868463050867, "width_sd": 0.28049285754152997, "width_min": 0.149680832312452, "width_q1": 0.21111118867594036, "width_q2": 0.24670059640582198, "width_q3": 0.6044551104690778, "width_max": 1.2191137175940792}