{"data_name": "EnergyEfficiency", "n_neighbors": 500, "level": 0.95, "random_state": 8935, "test_size": 0.2, "n": 768, "d": 8, "oob_score": 0.9681723843099057, "test_score": 0.9639039815003119, "coverage": 0.961038961038961, "width_mean": 0.8264718223517482, "width_sd": 0.003938624760661289, "width_min": 0.8254063200164221, "width_q1": 0.8254063200164223, "width_q2": 0.8254063200164223, "width_q3": 0.8254063200164223, "width_max": 0.8490066591272485}