{"data_name": "EnergyEfficiency", "n_neighbors": 5, "level": 0.8, "random_state": 4506, "test_size": 0.2, "n": 768, "d": 8, "oob_score": 0.9653925243193637, "test_score": 0.9721031950241292, "coverage": 0.6948051948051948, "width_mean": 0.26672192005591605, "width_sd": 0.29608285500345644, "width_min": 0.00831065858694835, "width_q1": 0.05557733959409271, "width_q2": 0.10875142058014547, "width_q3": 0.4174523393526813, "width_max": 1.4667753938807337}