{"data_name": "EnergyEfficiency", "n_neighbors": 10, "level": 0.8, "random_state": 1424, "test_size": 0.2, "n": 768, "d": 8, "oob_score": 0.966689359788422, "test_score": 0.9708140740342867, "coverage": 0.8246753246753247, "width_mean": 0.35058877521759624, "width_sd": 0.32242903211430024, "width_min": 0.02620050753473091, "width_q1": 0.09648259862469427, "width_q2": 0.18912168461249723, "width_q3": 0.577681923430325, "width_max": 1.2966995159705983}