{"data_name": "EnergyEfficiency", "n_neighbors": "auto", "level": 0.9, "random_state": 8935, "test_size": 0.2, "n": 768, "d": 8, "oob_score": 0.9681723843099057, "test_score": 0.9639039815003119, "coverage": 0.8181818181818182, "width_mean": 0.3605753203739501, "width_sd": 0.3657679239457267, "width_min": 0.03181113339368691, "width_q1": 0.08081466987104385, "width_q2": 0.15058305590958232, "width_q3": 0.6228810557821782, "width_max": 1.408659215710168}