{"data_name": "EnergyEfficiency", "n_neighbors": 200, "level": 0.95, "random_state": 1824, "test_size": 0.2, "n": 768, "d": 8, "oob_score": 0.9674500557948055, "test_score": 0.9744183582650073, "coverage": 0.9545454545454546, "width_mean": 0.7637233226381612, "width_sd": 0.02842764170133759, "width_min": 0.7009032874191348, "width_q1": 0.7494905144010879, "width_q2": 0.7545628206053637, "width_q3": 0.7886665211570576, "width_max": 0.8992997274389207}