{"data_name": "EnergyEfficiency", "n_neighbors": 10, "level": 0.8, "random_state": 2286, "test_size": 0.2, "n": 768, "d": 8, "oob_score": 0.9689219697337306, "test_score": 0.9621770419690786, "coverage": 0.7467532467532467, "width_mean": 0.3227141470410266, "width_sd": 0.3223590568803136, "width_min": 0.01622778027104954, "width_q1": 0.07820127435391874, "width_q2": 0.14004245069703025, "width_q3": 0.5065502722359965, "width_max": 1.2526963094237016}