{"data_name": "EnergyEfficiency", "n_neighbors": "auto", "level": 0.99, "random_state": 4012, "test_size": 0.2, "n": 768, "d": 8, "oob_score": 0.9712988916851, "test_score": 0.9705012919730978, "coverage": 0.8896103896103896, "width_mean": 0.38362231398989927, "width_sd": 0.3640351284687783, "width_min": 0.025881877478540427, "width_q1": 0.10780556457463739, "width_q2": 0.17777746995142263, "width_q3": 0.6852433009756096, "width_max": 1.412304184879728}