{"data_name": "EnergyEfficiency", "n_neighbors": 200, "level": 0.99, "random_state": 4506, "test_size": 0.2, "n": 768, "d": 8, "oob_score": 0.9653925243193637, "test_score": 0.9721031950241292, "coverage": 0.9805194805194806, "width_mean": 1.130266582112826, "width_sd": 0.08904530971975977, "width_min": 1.0895341231731277, "width_q1": 1.089534123173128, "width_q2": 1.0895341231731281, "width_q3": 1.1414444278477451, "width_max": 1.5242576929698233}