{"data_name": "EnergyEfficiency", "n_neighbors": 5, "level": 0.9, "random_state": 4012, "test_size": 0.2, "n": 768, "d": 8, "oob_score": 0.9712988916851, "test_score": 0.9705012919730978, "coverage": 0.7662337662337663, "width_mean": 0.28168237126889717, "width_sd": 0.29587772985001576, "width_min": 0.007985307122636343, "width_q1": 0.07411537167103102, "width_q2": 0.12930444987669365, "width_q3": 0.4883717830331078, "width_max": 1.3464817861926437}