{"data_name": "EnergyEfficiency", "n_neighbors": 5, "level": 0.9, "random_state": 4506, "test_size": 0.2, "n": 768, "d": 8, "oob_score": 0.9653925243193637, "test_score": 0.9721031950241292, "coverage": 0.7662337662337663, "width_mean": 0.3001536713539005, "width_sd": 0.32696143570423003, "width_min": 0.010362743731718194, "width_q1": 0.06328782763879726, "width_q2": 0.1264426041197213, "width_q3": 0.4790647800671696, "width_max": 1.4925048766942746}