{"data_name": "EnergyEfficiency", "n_neighbors": 10, "level": 0.9, "random_state": 3657, "test_size": 0.2, "n": 768, "d": 8, "oob_score": 0.9701173246688269, "test_score": 0.9751140605767747, "coverage": 0.8181818181818182, "width_mean": 0.35604844663428553, "width_sd": 0.26487752254052516, "width_min": 0.045513053881273136, "width_q1": 0.11143659152880056, "width_q2": 0.244726739534452, "width_q3": 0.5611423543111429, "width_max": 0.9412479813875776}