{"data_name": "EnergyEfficiency", "n_neighbors": 500, "level": 0.8, "random_state": 409, "test_size": 0.2, "n": 768, "d": 8, "oob_score": 0.9685277507730099, "test_score": 0.9694886410332326, "coverage": 0.7662337662337663, "width_mean": 0.3810865940849704, "width_sd": 0.005700246151728832, "width_min": 0.3616843352758724, "width_q1": 0.3792307037352868, "width_q2": 0.3837870704944447, "width_q3": 0.3850928369224009, "width_max": 0.39240296931412494}