{"data_name": "EnergyEfficiency", "n_neighbors": "all", "level": 0.9, "random_state": 3657, "test_size": 0.2, "n": 768, "d": 8, "oob_score": 0.9701173246688269, "test_score": 0.9751140605767747, "coverage": 0.9285714285714286, "width_mean": 0.6582696973117734, "width_sd": 1.2902727844998384e-16, "width_min": 0.6582696973117732, "width_q1": 0.6582696973117733, "width_q2": 0.6582696973117733, "width_q3": 0.6582696973117733, "width_max": 0.6582696973117734}