{"data_name": "EnergyEfficiency", "n_neighbors": "all", "level": 0.9, "random_state": 4506, "test_size": 0.2, "n": 768, "d": 8, "oob_score": 0.9653925243193637, "test_score": 0.9721031950241292, "coverage": 0.935064935064935, "width_mean": 0.6351587015409655, "width_sd": 7.157145667461331e-17, "width_min": 0.6351587015409654, "width_q1": 0.6351587015409655, "width_q2": 0.6351587015409655, "width_q3": 0.6351587015409655, "width_max": 0.6351587015409657}