{"data_name": "FacebookMetrics", "n_neighbors": 20, "level": 0.99, "random_state": 1424, "test_size": 0.2, "n": 495, "d": 17, "oob_score": 0.9789969472097875, "test_score": 0.5638032366152724, "coverage": 0.9494949494949495, "width_mean": 0.17596231085936065, "width_sd": 0.3304837927095229, "width_min": 0.012385954124294107, "width_q1": 0.04890120116023493, "width_q2": 0.07462175350080918, "width_q3": 0.1308831318226733, "width_max": 1.7835143952692083}