{"data_name": "FacebookMetrics", "n_neighbors": 200, "level": 0.8, "random_state": 2286, "test_size": 0.2, "n": 495, "d": 17, "oob_score": 0.6229482590879536, "test_score": 0.9565600842308545, "coverage": 0.8181818181818182, "width_mean": 0.06045142597472905, "width_sd": 0.0031768692637873025, "width_min": 0.055584261422462033, "width_q1": 0.05777701808787619, "width_q2": 0.05990607792330821, "width_q3": 0.061936173275338124, "width_max": 0.076491674151002}