{"data_name": "FacebookMetrics", "n_neighbors": 5, "level": 0.95, "random_state": 2286, "test_size": 0.2, "n": 495, "d": 17, "oob_score": 0.6229482590879536, "test_score": 0.9565600842308545, "coverage": 0.7373737373737373, "width_mean": 0.27376616740011406, "width_sd": 1.3546583939666073, "width_min": 0.004524123594297769, "width_q1": 0.014590918506940581, "width_q2": 0.03149646036928865, "width_q3": 0.08793046504242714, "width_max": 13.113479648122523}