{"data_name": "FacebookMetrics", "n_neighbors": "all", "level": 0.9, "random_state": 4506, "test_size": 0.2, "n": 495, "d": 17, "oob_score": 0.6859798311283403, "test_score": 0.950425017669435, "coverage": 0.8888888888888888, "width_mean": 0.1256260697286926, "width_sd": 3.855221406881747e-17, "width_min": 0.1256260697286926, "width_q1": 0.1256260697286926, "width_q2": 0.12562606972869264, "width_q3": 0.12562606972869264, "width_max": 0.12562606972869284}