{"data_name": "FacebookMetrics", "n_neighbors": "auto", "level": 0.8, "random_state": 1679, "test_size": 0.2, "n": 495, "d": 17, "oob_score": 0.6879521041613689, "test_score": 0.9937800262683925, "coverage": 0.797979797979798, "width_mean": 0.07649743800191165, "width_sd": 0.12424421218012324, "width_min": 0.005649055901010502, "width_q1": 0.02274655232763853, "width_q2": 0.03236177423775155, "width_q3": 0.06182699663985564, "width_max": 0.7254725227185044}