{"data_name": "FacebookMetrics", "n_neighbors": "auto", "level": 0.8, "random_state": 3657, "test_size": 0.2, "n": 495, "d": 17, "oob_score": 0.6668613772153095, "test_score": 0.9912493879211532, "coverage": 0.7575757575757576, "width_mean": 0.07981045349087865, "width_sd": 0.1408523947436652, "width_min": 0.004754366460099968, "width_q1": 0.023113297133991406, "width_q2": 0.03896697022746763, "width_q3": 0.0765898877569692, "width_max": 0.9630178910374583}