{"data_name": "FacebookMetrics", "n_neighbors": 50, "level": 0.8, "random_state": 1824, "test_size": 0.2, "n": 495, "d": 17, "oob_score": 0.7048208852642912, "test_score": 0.9715463466076958, "coverage": 0.9090909090909091, "width_mean": 0.07084476010272076, "width_sd": 0.052534787476260045, "width_min": 0.026538133024968713, "width_q1": 0.0413207159065358, "width_q2": 0.05326043792913393, "width_q3": 0.07587692506838792, "width_max": 0.2831606797056643}