{"data_name": "FacebookMetrics", "n_neighbors": 200, "level": 0.99, "random_state": 4012, "test_size": 0.2, "n": 495, "d": 17, "oob_score": 0.7170011574396575, "test_score": 0.9600668573433292, "coverage": 1.0, "width_mean": 1.4723090741060445, "width_sd": 0.05060521744166839, "width_min": 1.462259605602943, "width_q1": 1.462259605602943, "width_q2": 1.4622596056029433, "width_q3": 1.4622596056029433, "width_max": 1.8207709209790393}