{"data_name": "FacebookMetrics", "n_neighbors": 50, "level": 0.95, "random_state": 9674, "test_size": 0.2, "n": 495, "d": 17, "oob_score": 0.7060667290041917, "test_score": 0.9864728814374251, "coverage": 0.9393939393939394, "width_mean": 0.17954114259687204, "width_sd": 0.12756330777691174, "width_min": 0.07022019568568738, "width_q1": 0.10506937235243816, "width_q2": 0.14795916543162474, "width_q3": 0.17420653842943856, "width_max": 0.8590889010242613}