{"data_name": "FacebookMetrics", "n_neighbors": "auto", "level": 0.9, "random_state": 3657, "test_size": 0.2, "n": 495, "d": 17, "oob_score": 0.6668613772153095, "test_score": 0.9912493879211532, "coverage": 0.8888888888888888, "width_mean": 0.21762641941866243, "width_sd": 0.9320517430733822, "width_min": 0.007189324551528764, "width_q1": 0.030991594957087643, "width_q2": 0.05220678301618026, "width_q3": 0.10577684109049237, "width_max": 6.692586440039969}