{"data_name": "FacebookMetrics", "n_neighbors": 10, "level": 0.9, "random_state": 1824, "test_size": 0.2, "n": 495, "d": 17, "oob_score": 0.7048208852642912, "test_score": 0.9715463466076958, "coverage": 0.8282828282828283, "width_mean": 0.1486975119190544, "width_sd": 0.727649470996207, "width_min": 0.0052848408010002235, "width_q1": 0.023591482996440316, "width_q2": 0.03500213031952629, "width_q3": 0.063566016283199, "width_max": 7.245743525299107}