{"data_name": "FacebookMetrics", "n_neighbors": 5, "level": 0.8, "random_state": 1424, "test_size": 0.2, "n": 495, "d": 17, "oob_score": 0.9789969472097875, "test_score": 0.5638032366152724, "coverage": 0.6060606060606061, "width_mean": 0.0712283427779855, "width_sd": 0.16473738436840268, "width_min": 0.002017023061721024, "width_q1": 0.013018280746864508, "width_q2": 0.022631933876122473, "width_q3": 0.050370314681510174, "width_max": 1.0301748603078842}