{"data_name": "FacebookMetrics", "n_neighbors": 50, "level": 0.9, "random_state": 3657, "test_size": 0.2, "n": 495, "d": 17, "oob_score": 0.6668613772153095, "test_score": 0.9912493879211532, "coverage": 0.8585858585858586, "width_mean": 0.10118687223936833, "width_sd": 0.07932906904085549, "width_min": 0.03726404786553611, "width_q1": 0.058503305041779224, "width_q2": 0.07849118489126464, "width_q3": 0.10473500781204537, "width_max": 0.537801360672681}