{"data_name": "FacebookMetrics", "n_neighbors": 5, "level": 0.95, "random_state": 1679, "test_size": 0.2, "n": 495, "d": 17, "oob_score": 0.6879521041613689, "test_score": 0.9937800262683925, "coverage": 0.7373737373737373, "width_mean": 0.09878053392207137, "width_sd": 0.2676939508538212, "width_min": 0.0007922942257595489, "width_q1": 0.017566767500201058, "width_q2": 0.040601639757132296, "width_q3": 0.0702837232002403, "width_max": 2.517654587835388}