{"data_name": "FacebookMetrics", "n_neighbors": 5, "level": 0.95, "random_state": 1424, "test_size": 0.2, "n": 495, "d": 17, "oob_score": 0.9789969472097875, "test_score": 0.5638032366152724, "coverage": 0.7373737373737373, "width_mean": 0.08992886930182387, "width_sd": 0.20874599743142433, "width_min": 0.002244693184633384, "width_q1": 0.0165975289748041, "width_q2": 0.03074075935958015, "width_q3": 0.05947387735785475, "width_max": 1.3003943114045349}