{"data_name": "FacebookMetrics", "n_neighbors": "auto", "level": 0.95, "random_state": 4506, "test_size": 0.2, "n": 495, "d": 17, "oob_score": 0.6859798311283403, "test_score": 0.950425017669435, "coverage": 0.898989898989899, "width_mean": 0.34228113320013553, "width_sd": 1.2170763210190656, "width_min": 0.008641330973123251, "width_q1": 0.03899008118323338, "width_q2": 0.06527458076473563, "width_q3": 0.18759654823315003, "width_max": 10.049276759331867}