{"data_name": "FacebookMetrics", "n_neighbors": 20, "level": 0.8, "random_state": 3657, "test_size": 0.2, "n": 495, "d": 17, "oob_score": 0.6668613772153095, "test_score": 0.9912493879211532, "coverage": 0.7474747474747475, "width_mean": 0.06743462219124687, "width_sd": 0.0837887205736849, "width_min": 0.007227205971354067, "width_q1": 0.024214019470014475, "width_q2": 0.04127079455724099, "width_q3": 0.07552184813897483, "width_max": 0.5533163266913386}