{"data_name": "FacebookMetrics", "n_neighbors": 100, "level": 0.8, "random_state": 1424, "test_size": 0.2, "n": 495, "d": 17, "oob_score": 0.9789969472097875, "test_score": 0.5638032366152724, "coverage": 0.8080808080808081, "width_mean": 0.065007209479506, "width_sd": 0.01705878572774937, "width_min": 0.04218766286061848, "width_q1": 0.05635948836160372, "width_q2": 0.06027153547283655, "width_q3": 0.06771443160921913, "width_max": 0.1422327717059444}