{"data_name": "FacebookMetrics", "n_neighbors": 200, "level": 0.95, "random_state": 1679, "test_size": 0.2, "n": 495, "d": 17, "oob_score": 0.6879521041613689, "test_score": 0.9937800262683925, "coverage": 0.9696969696969697, "width_mean": 0.1893994258023546, "width_sd": 0.028517530590101058, "width_min": 0.16397592520802268, "width_q1": 0.1718874102189139, "width_q2": 0.18129877385246473, "width_q3": 0.2111283384563436, "width_max": 0.33498679343174986}