{"data_name": "FacebookMetrics", "n_neighbors": 50, "level": 0.99, "random_state": 1824, "test_size": 0.2, "n": 495, "d": 17, "oob_score": 0.7048208852642912, "test_score": 0.9715463466076958, "coverage": 1.0, "width_mean": 1.098455484371638, "width_sd": 1.213612573152956, "width_min": 0.4884731478784574, "width_q1": 0.9079895461939524, "width_q2": 0.9560846544380657, "width_q3": 0.9560846544380657, "width_max": 9.568648893660464}