{"data_name": "FacebookMetrics", "n_neighbors": 100, "level": 0.9, "random_state": 1424, "test_size": 0.2, "n": 495, "d": 17, "oob_score": 0.9789969472097875, "test_score": 0.5638032366152724, "coverage": 0.9191919191919192, "width_mean": 0.1288651168543068, "width_sd": 0.0318289626962653, "width_min": 0.07713403728372625, "width_q1": 0.10961271791848043, "width_q2": 0.11800761888398764, "width_q3": 0.12959895975748378, "width_max": 0.29049364595989147}