{"data_name": "FacebookMetrics", "n_neighbors": 200, "level": 0.9, "random_state": 4506, "test_size": 0.2, "n": 495, "d": 17, "oob_score": 0.6859798311283403, "test_score": 0.950425017669435, "coverage": 0.8888888888888888, "width_mean": 0.11463634430888907, "width_sd": 0.012146705290808356, "width_min": 0.09303695687079491, "width_q1": 0.11202771202131495, "width_q2": 0.112027712021315, "width_q3": 0.11502306333986685, "width_max": 0.18547305841629314}