{"data_name": "FacebookMetrics", "n_neighbors": 100, "level": 0.99, "random_state": 4506, "test_size": 0.2, "n": 495, "d": 17, "oob_score": 0.6859798311283403, "test_score": 0.950425017669435, "coverage": 0.98989898989899, "width_mean": 1.222319049228071, "width_sd": 1.0502524903316925, "width_min": 0.733423183594853, "width_q1": 1.0209835723206517, "width_q2": 1.0209835723206517, "width_q3": 1.020983572320652, "width_max": 7.89882069599737}