{"data_name": "FacebookMetrics", "n_neighbors": 10, "level": 0.95, "random_state": 409, "test_size": 0.2, "n": 495, "d": 17, "oob_score": 0.6864105528245059, "test_score": 0.9890762227153072, "coverage": 0.8181818181818182, "width_mean": 0.2223909972709374, "width_sd": 1.1309146787196265, "width_min": 0.007537229411848534, "width_q1": 0.02610323691552153, "width_q2": 0.041578246592368, "width_q3": 0.07402562124397152, "width_max": 11.082492925186315}