{"data_name": "FacebookMetrics", "n_neighbors": 5, "level": 0.8, "random_state": 1679, "test_size": 0.2, "n": 495, "d": 17, "oob_score": 0.6879521041613689, "test_score": 0.9937800262683925, "coverage": 0.6868686868686869, "width_mean": 0.07630298409859904, "width_sd": 0.19727994094254522, "width_min": 0.0007806996445790526, "width_q1": 0.014464687172417529, "width_q2": 0.030310402207772424, "width_q3": 0.057176807106523564, "width_max": 1.8426536661073185}