{"data_name": "FacebookMetrics", "n_neighbors": 10, "level": 0.8, "random_state": 409, "test_size": 0.2, "n": 495, "d": 17, "oob_score": 0.6864105528245059, "test_score": 0.9890762227153072, "coverage": 0.7373737373737373, "width_mean": 0.0946974221299774, "width_sd": 0.3031110022581976, "width_min": 0.0047781270170428325, "width_q1": 0.019689048072965717, "width_q2": 0.028413154596590107, "width_q3": 0.04894066340865035, "width_max": 2.6827793927673635}