{"data_name": "FacebookMetrics", "n_neighbors": 100, "level": 0.99, "random_state": 4012, "test_size": 0.2, "n": 495, "d": 17, "oob_score": 0.7170011574396575, "test_score": 0.9600668573433292, "coverage": 1.0, "width_mean": 0.7457349032520986, "width_sd": 0.6748720035887835, "width_min": 0.27929224434313776, "width_q1": 0.6529479364614728, "width_q2": 0.6583354324210442, "width_q3": 0.6767735128481415, "width_max": 7.342197089352425}