{"data_name": "FacebookMetrics", "n_neighbors": "all", "level": 0.95, "random_state": 3657, "test_size": 0.2, "n": 495, "d": 17, "oob_score": 0.6668613772153095, "test_score": 0.9912493879211532, "coverage": 0.9595959595959596, "width_mean": 0.2611316537721809, "width_sd": 1.1060096393129791e-16, "width_min": 0.2611316537721802, "width_q1": 0.2611316537721808, "width_q2": 0.26113165377218084, "width_q3": 0.26113165377218084, "width_max": 0.26113165377218106}