{"data_name": "FacebookMetrics", "n_neighbors": 50, "level": 0.95, "random_state": 409, "test_size": 0.2, "n": 495, "d": 17, "oob_score": 0.6864105528245059, "test_score": 0.9890762227153072, "coverage": 0.9191919191919192, "width_mean": 0.151757633338988, "width_sd": 0.19471174141322456, "width_min": 0.03452039244974858, "width_q1": 0.06093215075533326, "width_q2": 0.09688287168715201, "width_q3": 0.14909810015660324, "width_max": 1.3557346864344413}