{"data_name": "FacebookMetrics", "n_neighbors": 100, "level": 0.99, "random_state": 1679, "test_size": 0.2, "n": 495, "d": 17, "oob_score": 0.6879521041613689, "test_score": 0.9937800262683925, "coverage": 0.98989898989899, "width_mean": 0.5314014598936253, "width_sd": 0.6122310571289967, "width_min": 0.3419948109117742, "width_q1": 0.42226524122626885, "width_q2": 0.4222652412262689, "width_q3": 0.44786023226888205, "width_max": 6.229866376917348}