{"data_name": "FacebookMetrics", "n_neighbors": 100, "level": 0.99, "random_state": 1824, "test_size": 0.2, "n": 495, "d": 17, "oob_score": 0.7048208852642912, "test_score": 0.9715463466076958, "coverage": 0.98989898989899, "width_mean": 1.0247863123568353, "width_sd": 0.8115159976970063, "width_min": 0.8499866070983847, "width_q1": 0.9123282582596088, "width_q2": 0.9123282582596088, "width_q3": 0.9123282582596088, "width_max": 6.735837468829512}