{"data_name": "FacebookMetrics", "n_neighbors": 10, "level": 0.99, "random_state": 3657, "test_size": 0.2, "n": 495, "d": 17, "oob_score": 0.6668613772153095, "test_score": 0.9912493879211532, "coverage": 0.898989898989899, "width_mean": 0.3767193320933962, "width_sd": 1.6812034001086822, "width_min": 0.008785710817324044, "width_q1": 0.02948441370799304, "width_q2": 0.05281492984548718, "width_q3": 0.11124024850335179, "width_max": 11.906493819632257}