{"data_name": "FacebookMetrics", "n_neighbors": 50, "level": 0.99, "random_state": 4012, "test_size": 0.2, "n": 495, "d": 17, "oob_score": 0.7170011574396575, "test_score": 0.9600668573433292, "coverage": 0.9797979797979798, "width_mean": 0.3282672905291164, "width_sd": 1.0172669328586952, "width_min": 0.0951724567113087, "width_q1": 0.12891233484880682, "width_q2": 0.142328922231783, "width_q3": 0.15999936663209624, "width_max": 10.10291017353919}