{"data_name": "FacebookMetrics", "n_neighbors": 100, "level": 0.8, "random_state": 4012, "test_size": 0.2, "n": 495, "d": 17, "oob_score": 0.7170011574396575, "test_score": 0.9600668573433292, "coverage": 0.8181818181818182, "width_mean": 0.05764525749451595, "width_sd": 0.019941532714784636, "width_min": 0.04068431196869454, "width_q1": 0.04386607444144802, "width_q2": 0.05113246667848753, "width_q3": 0.06314629836380488, "width_max": 0.15062565599523392}