{"data_name": "FacebookMetrics", "n_neighbors": "all", "level": 0.9, "random_state": 1679, "test_size": 0.2, "n": 495, "d": 17, "oob_score": 0.6879521041613689, "test_score": 0.9937800262683925, "coverage": 0.8888888888888888, "width_mean": 0.11697862991775622, "width_sd": 4.1656720150903884e-17, "width_min": 0.1169786299177562, "width_q1": 0.1169786299177562, "width_q2": 0.1169786299177562, "width_q3": 0.11697862991775623, "width_max": 0.11697862991775643}