{"data_name": "FacebookMetrics", "n_neighbors": "auto", "level": 0.8, "random_state": 409, "test_size": 0.2, "n": 495, "d": 17, "oob_score": 0.6864105528245059, "test_score": 0.9890762227153072, "coverage": 0.7676767676767676, "width_mean": 0.08508816431107956, "width_sd": 0.19681849687235098, "width_min": 0.006527299185348112, "width_q1": 0.022166082574083007, "width_q2": 0.02876039527004451, "width_q3": 0.05875065844829913, "width_max": 1.3649172088266774}