{"data_name": "FacebookMetrics", "n_neighbors": 10, "level": 0.99, "random_state": 9674, "test_size": 0.2, "n": 495, "d": 17, "oob_score": 0.7060667290041917, "test_score": 0.9864728814374251, "coverage": 0.9292929292929293, "width_mean": 0.14099324126570126, "width_sd": 0.19685515435581086, "width_min": 0.009251467193791107, "width_q1": 0.03029910427730209, "width_q2": 0.06170322130660472, "width_q3": 0.11826178543905455, "width_max": 0.9020898911722908}