{"data_name": "FacebookMetrics", "n_neighbors": 200, "level": 0.99, "random_state": 1679, "test_size": 0.2, "n": 495, "d": 17, "oob_score": 0.6879521041613689, "test_score": 0.9937800262683925, "coverage": 0.98989898989899, "width_mean": 0.48096082281028324, "width_sd": 0.10339581915338009, "width_min": 0.4253668886596849, "width_q1": 0.43708038401780824, "width_q2": 0.43708038401780824, "width_q3": 0.4424057676217219, "width_max": 0.9736967716887563}