{"data_name": "FacebookMetrics", "n_neighbors": "auto", "level": 0.9, "random_state": 409, "test_size": 0.2, "n": 495, "d": 17, "oob_score": 0.6864105528245059, "test_score": 0.9890762227153072, "coverage": 0.8585858585858586, "width_mean": 0.16289297641696596, "width_sd": 0.6712709712639483, "width_min": 0.0074697018086120615, "width_q1": 0.027335252425922302, "width_q2": 0.04172479113610644, "width_q3": 0.08037901529317831, "width_max": 6.415985407175772}