{"data_name": "FacebookMetrics", "n_neighbors": "all", "level": 0.9, "random_state": 3657, "test_size": 0.2, "n": 495, "d": 17, "oob_score": 0.6668613772153095, "test_score": 0.9912493879211532, "coverage": 0.8787878787878788, "width_mean": 0.13144286561358148, "width_sd": 3.26507321916479e-17, "width_min": 0.13144286561358143, "width_q1": 0.13144286561358148, "width_q2": 0.13144286561358148, "width_q3": 0.1314428656135815, "width_max": 0.13144286561358154}