{"data_name": "FacebookMetrics", "n_neighbors": 20, "level": 0.95, "random_state": 4506, "test_size": 0.2, "n": 495, "d": 17, "oob_score": 0.6859798311283403, "test_score": 0.950425017669435, "coverage": 0.9090909090909091, "width_mean": 0.36269244753111785, "width_sd": 1.20134188399752, "width_min": 0.016318680180677947, "width_q1": 0.038094789951128846, "width_q2": 0.06851528892621186, "width_q3": 0.25236858350120805, "width_max": 8.119380292236835}