{"data_name": "FacebookMetrics", "n_neighbors": "all", "level": 0.95, "random_state": 4012, "test_size": 0.2, "n": 495, "d": 17, "oob_score": 0.7170011574396575, "test_score": 0.9600668573433292, "coverage": 0.9393939393939394, "width_mean": 0.26259584337627856, "width_sd": 6.060432806995894e-17, "width_min": 0.2625958433762783, "width_q1": 0.2625958433762785, "width_q2": 0.26259584337627856, "width_q3": 0.2625958433762786, "width_max": 0.2625958433762786}