{"data_name": "FacebookMetrics", "n_neighbors": 200, "level": 0.99, "random_state": 9674, "test_size": 0.2, "n": 495, "d": 17, "oob_score": 0.7060667290041917, "test_score": 0.9864728814374251, "coverage": 1.0, "width_mean": 0.94273858684301, "width_sd": 0.18568580138365917, "width_min": 0.6137486084656132, "width_q1": 0.965870938278245, "width_q2": 1.0353783860638095, "width_q3": 1.0353783860638095, "width_max": 1.556155008738469}