{"data_name": "FacebookMetrics", "n_neighbors": "auto", "level": 0.8, "random_state": 2286, "test_size": 0.2, "n": 495, "d": 17, "oob_score": 0.6229482590879536, "test_score": 0.9565600842308545, "coverage": 0.8686868686868687, "width_mean": 0.18209250007745767, "width_sd": 0.5758554519743606, "width_min": 0.007163333704556574, "width_q1": 0.02262370297424038, "width_q2": 0.03200145452317488, "width_q3": 0.08438173968150321, "width_max": 4.220401011797687}