{"data_name": "FacebookMetrics", "n_neighbors": "auto", "level": 0.9, "random_state": 2286, "test_size": 0.2, "n": 495, "d": 17, "oob_score": 0.6229482590879536, "test_score": 0.9565600842308545, "coverage": 0.9696969696969697, "width_mean": 0.4577785821534832, "width_sd": 1.3386990956462654, "width_min": 0.008890059869152256, "width_q1": 0.029053389406645813, "width_q2": 0.04219750295247611, "width_q3": 0.22057913327577194, "width_max": 9.222757744730396}