{"data_name": "FacebookMetrics", "n_neighbors": 10, "level": 0.95, "random_state": 4506, "test_size": 0.2, "n": 495, "d": 17, "oob_score": 0.6859798311283403, "test_score": 0.950425017669435, "coverage": 0.8888888888888888, "width_mean": 0.2457995857913565, "width_sd": 0.9635973331349733, "width_min": 0.007082327404343558, "width_q1": 0.0260874268226029, "width_q2": 0.04717128004022763, "width_q3": 0.0941668048557554, "width_max": 9.111109385519942}