{"data_name": "FacebookMetrics", "n_neighbors": 100, "level": 0.95, "random_state": 409, "test_size": 0.2, "n": 495, "d": 17, "oob_score": 0.6864105528245059, "test_score": 0.9890762227153072, "coverage": 0.9696969696969697, "width_mean": 0.2602424825851515, "width_sd": 0.10840463885957798, "width_min": 0.18593833289157352, "width_q1": 0.1901521785423235, "width_q2": 0.25620346078201356, "width_q3": 0.2724235962166452, "width_max": 0.9214935121592078}