{"data_name": "FacebookMetrics", "n_neighbors": 20, "level": 0.8, "random_state": 4506, "test_size": 0.2, "n": 495, "d": 17, "oob_score": 0.6859798311283403, "test_score": 0.950425017669435, "coverage": 0.8080808080808081, "width_mean": 0.08418361487838912, "width_sd": 0.17268939850554535, "width_min": 0.007878458848318615, "width_q1": 0.022536714125759, "width_q2": 0.03763128741957679, "width_q3": 0.06933502465094654, "width_max": 1.36595687668293}