{"data_name": "FacebookMetrics", "n_neighbors": 10, "level": 0.8, "random_state": 8935, "test_size": 0.2, "n": 495, "d": 17, "oob_score": 0.6942626244527742, "test_score": 0.9877411453237829, "coverage": 0.797979797979798, "width_mean": 0.06822612375807614, "width_sd": 0.12307251853656126, "width_min": 0.003992862075500758, "width_q1": 0.019018512624581707, "width_q2": 0.02805579596066149, "width_q3": 0.04492089419832519, "width_max": 0.7478930572667108}