{"data_name": "FacebookMetrics", "n_neighbors": 10, "level": 0.9, "random_state": 3657, "test_size": 0.2, "n": 495, "d": 17, "oob_score": 0.6668613772153095, "test_score": 0.9912493879211532, "coverage": 0.8484848484848485, "width_mean": 0.2468486692687387, "width_sd": 1.0217619566990697, "width_min": 0.007189324551528764, "width_q1": 0.02491692233322569, "width_q2": 0.04894006243050375, "width_q3": 0.08814840579961174, "width_max": 7.265543294940208}