{"data_name": "FacebookMetrics", "n_neighbors": 200, "level": 0.9, "random_state": 3657, "test_size": 0.2, "n": 495, "d": 17, "oob_score": 0.6668613772153095, "test_score": 0.9912493879211532, "coverage": 0.9090909090909091, "width_mean": 0.13230604517981903, "width_sd": 0.0142499698434233, "width_min": 0.11587389564193185, "width_q1": 0.12277766250909372, "width_q2": 0.12986443464687294, "width_q3": 0.1335404454920403, "width_max": 0.19218472011158072}