{"data_name": "FacebookMetrics", "n_neighbors": 50, "level": 0.95, "random_state": 4506, "test_size": 0.2, "n": 495, "d": 17, "oob_score": 0.6859798311283403, "test_score": 0.950425017669435, "coverage": 0.9595959595959596, "width_mean": 0.3113940312725199, "width_sd": 0.29470187751429494, "width_min": 0.051033873430827104, "width_q1": 0.1300531694692303, "width_q2": 0.16957989936897067, "width_q3": 0.4814739423748948, "width_max": 2.0887573873845664}