{"data_name": "FacebookMetrics", "n_neighbors": 5, "level": 0.8, "random_state": 409, "test_size": 0.2, "n": 495, "d": 17, "oob_score": 0.6864105528245059, "test_score": 0.9890762227153072, "coverage": 0.5959595959595959, "width_mean": 0.077912156011213, "width_sd": 0.22873674126713076, "width_min": 0.0024433484023584917, "width_q1": 0.013200957762200469, "width_q2": 0.02429792378938983, "width_q3": 0.03986209347133344, "width_max": 2.167291054314808}