{"data_name": "FacebookMetrics", "n_neighbors": "all", "level": 0.8, "random_state": 4012, "test_size": 0.2, "n": 495, "d": 17, "oob_score": 0.7170011574396575, "test_score": 0.9600668573433292, "coverage": 0.8484848484848485, "width_mean": 0.06309768508025419, "width_sd": 3.6822988691847144e-17, "width_min": 0.06309768508025404, "width_q1": 0.06309768508025419, "width_q2": 0.0630976850802542, "width_q3": 0.0630976850802542, "width_max": 0.06309768508025426}