{"data_name": "FacebookMetrics", "n_neighbors": 10, "level": 0.99, "random_state": 2286, "test_size": 0.2, "n": 495, "d": 17, "oob_score": 0.6229482590879536, "test_score": 0.9565600842308545, "coverage": 0.9595959595959596, "width_mean": 0.645320244357854, "width_sd": 2.3337042021513903, "width_min": 0.010907505130363426, "width_q1": 0.0257694234543637, "width_q2": 0.04271089468158129, "width_q3": 0.2049812895021521, "width_max": 13.724878804369856}