{"data_name": "FacebookMetrics", "n_neighbors": 5, "level": 0.99, "random_state": 4506, "test_size": 0.2, "n": 495, "d": 17, "oob_score": 0.6859798311283403, "test_score": 0.950425017669435, "coverage": 0.7575757575757576, "width_mean": 0.21683112643881858, "width_sd": 1.1642116897920716, "width_min": 0.00124117820160774, "width_q1": 0.018672782219198172, "width_q2": 0.03279584877389334, "width_q3": 0.06367067624839298, "width_max": 11.502855904381558}