{"data_name": "FacebookMetrics", "n_neighbors": 200, "level": 0.95, "random_state": 4506, "test_size": 0.2, "n": 495, "d": 17, "oob_score": 0.6859798311283403, "test_score": 0.950425017669435, "coverage": 0.9494949494949495, "width_mean": 0.19459289659590584, "width_sd": 0.05390719763537695, "width_min": 0.15279696186995917, "width_q1": 0.16290760609016147, "width_q2": 0.1629076060901615, "width_q3": 0.2067044185240035, "width_max": 0.5135836722348577}