{"data_name": "FacebookMetrics", "n_neighbors": 10, "level": 0.95, "random_state": 1824, "test_size": 0.2, "n": 495, "d": 17, "oob_score": 0.7048208852642912, "test_score": 0.9715463466076958, "coverage": 0.8686868686868687, "width_mean": 0.18494692668257498, "width_sd": 0.9810105336190187, "width_min": 0.00646759990734902, "width_q1": 0.025081865729692926, "width_q2": 0.0386155688135735, "width_q3": 0.07508108662745877, "width_max": 9.795273807646907}