{"data_name": "FacebookMetrics", "n_neighbors": 20, "level": 0.95, "random_state": 1424, "test_size": 0.2, "n": 495, "d": 17, "oob_score": 0.9789969472097875, "test_score": 0.5638032366152724, "coverage": 0.9393939393939394, "width_mean": 0.14496892868607691, "width_sd": 0.2631417936303876, "width_min": 0.010878896717618658, "width_q1": 0.0412614003852968, "width_q2": 0.06185376966309429, "width_q3": 0.10453300350037434, "width_max": 1.5274121695991085}