{"data_name": "FacebookMetrics", "n_neighbors": "auto", "level": 0.8, "random_state": 4506, "test_size": 0.2, "n": 495, "d": 17, "oob_score": 0.6859798311283403, "test_score": 0.950425017669435, "coverage": 0.8181818181818182, "width_mean": 0.09617838302934506, "width_sd": 0.24310416465505963, "width_min": 0.006111570991361948, "width_q1": 0.02329378828738002, "width_q2": 0.03442439556899379, "width_q3": 0.06799804028344253, "width_max": 2.115527776669814}