{"data_name": "FacebookMetrics", "n_neighbors": 10, "level": 0.9, "random_state": 8935, "test_size": 0.2, "n": 495, "d": 17, "oob_score": 0.6942626244527742, "test_score": 0.9877411453237829, "coverage": 0.8686868686868687, "width_mean": 0.08982855198182828, "width_sd": 0.1686827297200714, "width_min": 0.005484888427018109, "width_q1": 0.025192401713229423, "width_q2": 0.03692117408395179, "width_q3": 0.062146571912411394, "width_max": 1.171601698544014}