{"data_name": "FacebookMetrics", "n_neighbors": 50, "level": 0.95, "random_state": 2286, "test_size": 0.2, "n": 495, "d": 17, "oob_score": 0.6229482590879536, "test_score": 0.9565600842308545, "coverage": 0.98989898989899, "width_mean": 0.3716598002705083, "width_sd": 0.6038346887037536, "width_min": 0.043559027954803764, "width_q1": 0.0734420849442794, "width_q2": 0.11064007695126882, "width_q3": 0.26155529530868765, "width_max": 2.604934625356605}