{"data_name": "FacebookMetrics", "n_neighbors": "auto", "level": 0.8, "random_state": 8935, "test_size": 0.2, "n": 495, "d": 17, "oob_score": 0.6942626244527742, "test_score": 0.9877411453237829, "coverage": 0.8282828282828283, "width_mean": 0.08795899177176458, "width_sd": 0.1891842918094345, "width_min": 0.004396979770287857, "width_q1": 0.023211610596686, "width_q2": 0.03156416568103598, "width_q3": 0.05473733359090552, "width_max": 1.2186804364637154}