{"data_name": "FacebookMetrics", "n_neighbors": 50, "level": 0.95, "random_state": 1424, "test_size": 0.2, "n": 495, "d": 17, "oob_score": 0.9789969472097875, "test_score": 0.5638032366152724, "coverage": 0.98989898989899, "width_mean": 0.23146173224338468, "width_sd": 0.16036936039810268, "width_min": 0.07358442592020611, "width_q1": 0.14151093048497826, "width_q2": 0.22463197651084377, "width_q3": 0.2486288846062837, "width_max": 1.1378949964352518}