{"data_name": "FacebookMetrics", "n_neighbors": 5, "level": 0.9, "random_state": 9674, "test_size": 0.2, "n": 495, "d": 17, "oob_score": 0.7060667290041917, "test_score": 0.9864728814374251, "coverage": 0.7575757575757576, "width_mean": 0.07629616030361926, "width_sd": 0.12376426780358245, "width_min": 0.007145201579499827, "width_q1": 0.018397395656326226, "width_q2": 0.03386853586141392, "width_q3": 0.06300109823846597, "width_max": 0.7688469525770296}