{"data_name": "FacebookMetrics", "n_neighbors": 100, "level": 0.95, "random_state": 1679, "test_size": 0.2, "n": 495, "d": 17, "oob_score": 0.6879521041613689, "test_score": 0.9937800262683925, "coverage": 0.9797979797979798, "width_mean": 0.18485953821526738, "width_sd": 0.06652698711811601, "width_min": 0.12678246190422449, "width_q1": 0.15546332860694217, "width_q2": 0.16537394486206208, "width_q3": 0.1990932722492056, "width_max": 0.530123344743687}