{"data_name": "FacebookMetrics", "n_neighbors": "all", "level": 0.95, "random_state": 2286, "test_size": 0.2, "n": 495, "d": 17, "oob_score": 0.6229482590879536, "test_score": 0.9565600842308545, "coverage": 0.9696969696969697, "width_mean": 0.31288343606022867, "width_sd": 6.764275760017728e-17, "width_min": 0.3128834360602286, "width_q1": 0.31288343606022867, "width_q2": 0.31288343606022867, "width_q3": 0.3128834360602287, "width_max": 0.31288343606022906}