{"data_name": "FacebookMetrics", "n_neighbors": 5, "level": 0.95, "random_state": 4506, "test_size": 0.2, "n": 495, "d": 17, "oob_score": 0.6859798311283403, "test_score": 0.950425017669435, "coverage": 0.7474747474747475, "width_mean": 0.20147668293510776, "width_sd": 1.0699867975865662, "width_min": 0.0011803210582543855, "width_q1": 0.018297170508609253, "width_q2": 0.03160559721457823, "width_q3": 0.06177756714462396, "width_max": 10.566294149022024}