{"data_name": "FacebookMetrics", "n_neighbors": 100, "level": 0.95, "random_state": 3657, "test_size": 0.2, "n": 495, "d": 17, "oob_score": 0.6668613772153095, "test_score": 0.9912493879211532, "coverage": 0.9494949494949495, "width_mean": 0.20302404477803612, "width_sd": 0.053111968821288505, "width_min": 0.16678713291188735, "width_q1": 0.1803365956296305, "width_q2": 0.19053985645888583, "width_q3": 0.21090006565619285, "width_max": 0.5351225450093424}