{"data_name": "FacebookMetrics", "n_neighbors": 10, "level": 0.8, "random_state": 1824, "test_size": 0.2, "n": 495, "d": 17, "oob_score": 0.7048208852642912, "test_score": 0.9715463466076958, "coverage": 0.7272727272727273, "width_mean": 0.07619868239201356, "width_sd": 0.2304043045844178, "width_min": 0.002919322588302742, "width_q1": 0.016183433153357775, "width_q2": 0.02517921046454258, "width_q3": 0.043735565704285995, "width_max": 2.1466829606035445}