{"data_name": "FacebookMetrics", "n_neighbors": "auto", "level": 0.99, "random_state": 9674, "test_size": 0.2, "n": 495, "d": 17, "oob_score": 0.7060667290041917, "test_score": 0.9864728814374251, "coverage": 0.9595959595959596, "width_mean": 0.40052410832656443, "width_sd": 1.6071687973228481, "width_min": 0.009755928342443987, "width_q1": 0.06667475166886046, "width_q2": 0.08920852917249066, "width_q3": 0.2512006295716669, "width_max": 12.057443056532774}