{"data_name": "FacebookMetrics", "n_neighbors": 50, "level": 0.8, "random_state": 1679, "test_size": 0.2, "n": 495, "d": 17, "oob_score": 0.6879521041613689, "test_score": 0.9937800262683925, "coverage": 0.8282828282828283, "width_mean": 0.053246513577895276, "width_sd": 0.03507500987692449, "width_min": 0.0240685178895787, "width_q1": 0.03272141836395058, "width_q2": 0.039218584294184455, "width_q3": 0.05916378013005372, "width_max": 0.21541072490463087}