{"data_name": "FacebookMetrics", "n_neighbors": "all", "level": 0.95, "random_state": 8935, "test_size": 0.2, "n": 495, "d": 17, "oob_score": 0.6942626244527742, "test_score": 0.9877411453237829, "coverage": 0.9494949494949495, "width_mean": 0.2530345186694069, "width_sd": 1.0556115907138875e-16, "width_min": 0.25303451866940696, "width_q1": 0.25303451866940696, "width_q2": 0.253034518669407, "width_q3": 0.253034518669407, "width_max": 0.25303451866940707}