{"data_name": "FacebookMetrics", "n_neighbors": "auto", "level": 0.99, "random_state": 1824, "test_size": 0.2, "n": 495, "d": 17, "oob_score": 0.7048208852642912, "test_score": 0.9715463466076958, "coverage": 0.9494949494949495, "width_mean": 0.34352585423653176, "width_sd": 1.5680943630417141, "width_min": 0.008705939481525093, "width_q1": 0.04645212184648309, "width_q2": 0.06970979994744012, "width_q3": 0.10504463607837353, "width_max": 11.948210490518367}