{"data_name": "FacebookMetrics", "n_neighbors": 50, "level": 0.9, "random_state": 409, "test_size": 0.2, "n": 495, "d": 17, "oob_score": 0.6864105528245059, "test_score": 0.9890762227153072, "coverage": 0.8787878787878788, "width_mean": 0.09543484623863745, "width_sd": 0.14226420526034406, "width_min": 0.02211716037752698, "width_q1": 0.042226210196428804, "width_q2": 0.05136783333909434, "width_q3": 0.07306973396083417, "width_max": 0.9293663005863637}