{"data_name": "FacebookMetrics", "n_neighbors": "auto", "level": 0.99, "random_state": 4012, "test_size": 0.2, "n": 495, "d": 17, "oob_score": 0.7170011574396575, "test_score": 0.9600668573433292, "coverage": 0.9797979797979798, "width_mean": 0.27249107844077547, "width_sd": 1.2008203846371521, "width_min": 0.007938226900016665, "width_q1": 0.04851505362113512, "width_q2": 0.07560716901194026, "width_q3": 0.10229450983444537, "width_max": 11.869766547418637}