{"data_name": "FacebookMetrics", "n_neighbors": 200, "level": 0.8, "random_state": 4012, "test_size": 0.2, "n": 495, "d": 17, "oob_score": 0.7170011574396575, "test_score": 0.9600668573433292, "coverage": 0.8787878787878788, "width_mean": 0.0735985058041861, "width_sd": 0.004636454730675948, "width_min": 0.06668191116439537, "width_q1": 0.06990622885439496, "width_q2": 0.0736975253526928, "width_q3": 0.075780591445126, "width_max": 0.09148293812180808}