{"data_name": "FacebookMetrics", "n_neighbors": 5, "level": 0.99, "random_state": 1679, "test_size": 0.2, "n": 495, "d": 17, "oob_score": 0.6879521041613689, "test_score": 0.9937800262683925, "coverage": 0.7373737373737373, "width_mean": 0.10477454720833067, "width_sd": 0.2865709618131816, "width_min": 0.0007953861140743701, "width_q1": 0.018316734582546595, "width_q2": 0.04308378188386011, "width_q3": 0.0737369549903878, "width_max": 2.69765483362954}