{"data_name": "FacebookMetrics", "n_neighbors": 10, "level": 0.99, "random_state": 1824, "test_size": 0.2, "n": 495, "d": 17, "oob_score": 0.7048208852642912, "test_score": 0.9715463466076958, "coverage": 0.8888888888888888, "width_mean": 0.21394645849339142, "width_sd": 1.1841329196359616, "width_min": 0.0074138071924280124, "width_q1": 0.026683553036599916, "width_q2": 0.043415008723106885, "width_q3": 0.08200872690366806, "width_max": 11.834898033525134}