{"data_name": "FacebookMetrics", "n_neighbors": 50, "level": 0.8, "random_state": 9674, "test_size": 0.2, "n": 495, "d": 17, "oob_score": 0.7060667290041917, "test_score": 0.9864728814374251, "coverage": 0.8080808080808081, "width_mean": 0.06328340021689347, "width_sd": 0.04590539753529976, "width_min": 0.02894464614526543, "width_q1": 0.04214972213365503, "width_q2": 0.04859258050663812, "width_q3": 0.06410927307305389, "width_max": 0.30811201441722025}