{"data_name": "FacebookMetrics", "n_neighbors": 10, "level": 0.95, "random_state": 9674, "test_size": 0.2, "n": 495, "d": 17, "oob_score": 0.7060667290041917, "test_score": 0.9864728814374251, "coverage": 0.9090909090909091, "width_mean": 0.127898916590594, "width_sd": 0.1759635527739172, "width_min": 0.008815514312595973, "width_q1": 0.028864690636789536, "width_q2": 0.05740345237442468, "width_q3": 0.10233958430349696, "width_max": 0.8299340348835003}