{"data_name": "FacebookMetrics", "n_neighbors": 5, "level": 0.99, "random_state": 8935, "test_size": 0.2, "n": 495, "d": 17, "oob_score": 0.6942626244527742, "test_score": 0.9877411453237829, "coverage": 0.7878787878787878, "width_mean": 0.06572880734069045, "width_sd": 0.10841141122368192, "width_min": 0.005217860348618153, "width_q1": 0.018794550154602255, "width_q2": 0.029942900093480385, "width_q3": 0.0462771692460128, "width_max": 0.7069641920765077}