{"data_name": "FacebookMetrics", "n_neighbors": 10, "level": 0.8, "random_state": 1679, "test_size": 0.2, "n": 495, "d": 17, "oob_score": 0.6879521041613689, "test_score": 0.9937800262683925, "coverage": 0.7878787878787878, "width_mean": 0.07217835127545287, "width_sd": 0.1293120191619493, "width_min": 0.0031578717746442164, "width_q1": 0.018740664627274944, "width_q2": 0.030766448217979914, "width_q3": 0.05867829564136305, "width_max": 0.9959495593664305}