{"data_name": "FacebookMetrics", "n_neighbors": 100, "level": 0.99, "random_state": 1424, "test_size": 0.2, "n": 495, "d": 17, "oob_score": 0.9789969472097875, "test_score": 0.5638032366152724, "coverage": 0.98989898989899, "width_mean": 0.688678062244248, "width_sd": 0.15468746909214368, "width_min": 0.5398898575324319, "width_q1": 0.6540186231087203, "width_q2": 0.6540186231087204, "width_q3": 0.6540186231087204, "width_max": 1.5139331050901537}