{"data_name": "FacebookMetrics", "n_neighbors": 5, "level": 0.8, "random_state": 4012, "test_size": 0.2, "n": 495, "d": 17, "oob_score": 0.7170011574396575, "test_score": 0.9600668573433292, "coverage": 0.6464646464646465, "width_mean": 0.05971998959640902, "width_sd": 0.12272974493342027, "width_min": 0.004678263885538048, "width_q1": 0.013514608859782437, "width_q2": 0.0243984119226045, "width_q3": 0.03757024861777962, "width_max": 0.7843751983091041}