{"data_name": "FacebookMetrics", "n_neighbors": 200, "level": 0.9, "random_state": 9674, "test_size": 0.2, "n": 495, "d": 17, "oob_score": 0.7060667290041917, "test_score": 0.9864728814374251, "coverage": 0.8383838383838383, "width_mean": 0.09536946036980311, "width_sd": 0.016364300924310335, "width_min": 0.078826753884891, "width_q1": 0.08569729779763151, "width_q2": 0.09310754137125038, "width_q3": 0.09607273652045233, "width_max": 0.17548314260586384}