{"data_name": "FacebookMetrics", "n_neighbors": 100, "level": 0.9, "random_state": 4012, "test_size": 0.2, "n": 495, "d": 17, "oob_score": 0.7170011574396575, "test_score": 0.9600668573433292, "coverage": 0.9090909090909091, "width_mean": 0.12587661527435728, "width_sd": 0.05415994792253986, "width_min": 0.08251809411371248, "width_q1": 0.10048759925058938, "width_q2": 0.11488646378311362, "width_q3": 0.12890793738685702, "width_max": 0.5039154850066017}