{"data_name": "FacebookMetrics", "n_neighbors": 100, "level": 0.8, "random_state": 2286, "test_size": 0.2, "n": 495, "d": 17, "oob_score": 0.6229482590879536, "test_score": 0.9565600842308545, "coverage": 0.8080808080808081, "width_mean": 0.0573678464555522, "width_sd": 0.01998622837365801, "width_min": 0.04337320105941761, "width_q1": 0.04711073902717164, "width_q2": 0.05146888721541104, "width_q3": 0.05988111469067541, "width_max": 0.17287619476265115}