{"data_name": "FacebookMetrics", "n_neighbors": 50, "level": 0.8, "random_state": 2286, "test_size": 0.2, "n": 495, "d": 17, "oob_score": 0.6229482590879536, "test_score": 0.9565600842308545, "coverage": 0.8181818181818182, "width_mean": 0.0626682963396036, "width_sd": 0.036838969633005696, "width_min": 0.02462278950640928, "width_q1": 0.039349618191721614, "width_q2": 0.04970490404559952, "width_q3": 0.0714568151865935, "width_max": 0.2410257040505972}