{"data_name": "FacebookMetrics", "n_neighbors": "all", "level": 0.9, "random_state": 409, "test_size": 0.2, "n": 495, "d": 17, "oob_score": 0.6864105528245059, "test_score": 0.9890762227153072, "coverage": 0.8686868686868687, "width_mean": 0.10836205122735393, "width_sd": 6.162295954327908e-17, "width_min": 0.10836205122735354, "width_q1": 0.10836205122735387, "width_q2": 0.10836205122735387, "width_q3": 0.1083620512273539, "width_max": 0.10836205122735398}