{"data_name": "FacebookMetrics", "n_neighbors": 5, "level": 0.8, "random_state": 2286, "test_size": 0.2, "n": 495, "d": 17, "oob_score": 0.6229482590879536, "test_score": 0.9565600842308545, "coverage": 0.6868686868686869, "width_mean": 0.20987306249717042, "width_sd": 1.0238865805518116, "width_min": 0.003997547703084803, "width_q1": 0.011758940910658822, "width_q2": 0.026010770416222684, "width_q3": 0.07349697091431565, "width_max": 9.778575159500711}