{"data_name": "FacebookMetrics", "n_neighbors": 10, "level": 0.95, "random_state": 2286, "test_size": 0.2, "n": 495, "d": 17, "oob_score": 0.6229482590879536, "test_score": 0.9565600842308545, "coverage": 0.9393939393939394, "width_mean": 0.5478912473462489, "width_sd": 1.9735911392225933, "width_min": 0.010064479053601916, "width_q1": 0.023670050622008387, "width_q2": 0.03937464793478013, "width_q3": 0.19365867947493198, "width_max": 11.723936111196773}