{"data_name": "FacebookMetrics", "n_neighbors": 20, "level": 0.95, "random_state": 8935, "test_size": 0.2, "n": 495, "d": 17, "oob_score": 0.6942626244527742, "test_score": 0.9877411453237829, "coverage": 0.9595959595959596, "width_mean": 0.20231854034774452, "width_sd": 0.8052379577660063, "width_min": 0.01213574139538276, "width_q1": 0.041040969127727506, "width_q2": 0.06403931973307835, "width_q3": 0.08332029578168718, "width_max": 7.6928225007895}