{"data_name": "FacebookMetrics", "n_neighbors": 100, "level": 0.9, "random_state": 4506, "test_size": 0.2, "n": 495, "d": 17, "oob_score": 0.6859798311283403, "test_score": 0.950425017669435, "coverage": 0.9090909090909091, "width_mean": 0.1198631789853398, "width_sd": 0.055162256222361906, "width_min": 0.07077729011341749, "width_q1": 0.09603211125220568, "width_q2": 0.10333030130534812, "width_q3": 0.1127148960224903, "width_max": 0.5189263480520503}