{"data_name": "FacebookMetrics", "n_neighbors": 20, "level": 0.9, "random_state": 1824, "test_size": 0.2, "n": 495, "d": 17, "oob_score": 0.7048208852642912, "test_score": 0.9715463466076958, "coverage": 0.8787878787878788, "width_mean": 0.10545860120898157, "width_sd": 0.20019415894799666, "width_min": 0.011630759475141028, "width_q1": 0.03148096068707246, "width_q2": 0.04819390655556681, "width_q3": 0.084877512301764, "width_max": 1.5801206756373825}