{"data_name": "FacebookMetrics", "n_neighbors": 200, "level": 0.8, "random_state": 1824, "test_size": 0.2, "n": 495, "d": 17, "oob_score": 0.7048208852642912, "test_score": 0.9715463466076958, "coverage": 0.8888888888888888, "width_mean": 0.0705914528043715, "width_sd": 0.005145557817917552, "width_min": 0.06002115603151764, "width_q1": 0.06654235293319355, "width_q2": 0.06996761164321813, "width_q3": 0.07357917524123805, "width_max": 0.09252443934580801}