{"data_name": "FacebookMetrics", "n_neighbors": 50, "level": 0.99, "random_state": 9674, "test_size": 0.2, "n": 495, "d": 17, "oob_score": 0.7060667290041917, "test_score": 0.9864728814374251, "coverage": 0.9797979797979798, "width_mean": 0.5366151455086994, "width_sd": 1.610655042262589, "width_min": 0.09751041716336134, "width_q1": 0.16872470402455744, "width_q2": 0.1944631103731163, "width_q3": 0.25568735459391334, "width_max": 10.065406109178776}