{"data_name": "FacebookMetrics", "n_neighbors": "all", "level": 0.8, "random_state": 4506, "test_size": 0.2, "n": 495, "d": 17, "oob_score": 0.6859798311283403, "test_score": 0.950425017669435, "coverage": 0.7777777777777778, "width_mean": 0.056285905019409346, "width_sd": 3.2777098616642415e-17, "width_min": 0.05628590501940911, "width_q1": 0.05628590501940933, "width_q2": 0.05628590501940933, "width_q3": 0.05628590501940936, "width_max": 0.05628590501940939}