{"data_name": "FacebookMetrics", "n_neighbors": 20, "level": 0.8, "random_state": 1679, "test_size": 0.2, "n": 495, "d": 17, "oob_score": 0.6879521041613689, "test_score": 0.9937800262683925, "coverage": 0.797979797979798, "width_mean": 0.06879876589133026, "width_sd": 0.09875082725692766, "width_min": 0.007797762529711427, "width_q1": 0.024473380176985526, "width_q2": 0.03236177423775155, "width_q3": 0.06341742896874553, "width_max": 0.5508076406853215}