{"data_name": "FacebookMetrics", "n_neighbors": "auto", "level": 0.99, "random_state": 3657, "test_size": 0.2, "n": 495, "d": 17, "oob_score": 0.6668613772153095, "test_score": 0.9912493879211532, "coverage": 0.9494949494949495, "width_mean": 0.48865169850654844, "width_sd": 1.6877716320707608, "width_min": 0.00872191237333686, "width_q1": 0.041933377267789756, "width_q2": 0.07957492660250229, "width_q3": 0.16903833484999592, "width_max": 11.849198134142222}