{"data_name": "FacebookMetrics", "n_neighbors": 50, "level": 0.8, "random_state": 4012, "test_size": 0.2, "n": 495, "d": 17, "oob_score": 0.7170011574396575, "test_score": 0.9600668573433292, "coverage": 0.7777777777777778, "width_mean": 0.05372679372528936, "width_sd": 0.04763308028626897, "width_min": 0.023623484646813075, "width_q1": 0.03171256923604046, "width_q2": 0.03930620918951416, "width_q3": 0.05342501147692791, "width_max": 0.4076318563030341}