{"data_name": "FacebookMetrics", "n_neighbors": 200, "level": 0.95, "random_state": 409, "test_size": 0.2, "n": 495, "d": 17, "oob_score": 0.6864105528245059, "test_score": 0.9890762227153072, "coverage": 0.9696969696969697, "width_mean": 0.3026452648286291, "width_sd": 0.05461419576011096, "width_min": 0.26370268528807206, "width_q1": 0.2637026852880721, "width_q2": 0.3104541945881993, "width_q3": 0.31045419458819934, "width_max": 0.6908792262412513}