{"data_name": "FacebookMetrics", "n_neighbors": 200, "level": 0.95, "random_state": 9674, "test_size": 0.2, "n": 495, "d": 17, "oob_score": 0.7060667290041917, "test_score": 0.9864728814374251, "coverage": 0.9191919191919192, "width_mean": 0.24717216851593857, "width_sd": 0.04287004374738605, "width_min": 0.18148523024678032, "width_q1": 0.2431454909717961, "width_q2": 0.24325400838854006, "width_q3": 0.2556612293809777, "width_max": 0.39350938522918755}