{"data_name": "FacebookMetrics", "n_neighbors": 50, "level": 0.95, "random_state": 8935, "test_size": 0.2, "n": 495, "d": 17, "oob_score": 0.6942626244527742, "test_score": 0.9877411453237829, "coverage": 0.9696969696969697, "width_mean": 0.15252266806871803, "width_sd": 0.18884701207544732, "width_min": 0.03565674296259991, "width_q1": 0.07304454586036241, "width_q2": 0.10329633156296414, "width_q3": 0.13501134496484252, "width_max": 1.383456019182666}