{"data_name": "FacebookMetrics", "n_neighbors": 20, "level": 0.9, "random_state": 409, "test_size": 0.2, "n": 495, "d": 17, "oob_score": 0.6864105528245059, "test_score": 0.9890762227153072, "coverage": 0.8484848484848485, "width_mean": 0.1192133199352289, "width_sd": 0.2607183098277185, "width_min": 0.009612946377158704, "width_q1": 0.030471378715343556, "width_q2": 0.04768787136357719, "width_q3": 0.08653665306861705, "width_max": 2.060578390365971}