{"data_name": "FacebookMetrics", "n_neighbors": 200, "level": 0.99, "random_state": 4506, "test_size": 0.2, "n": 495, "d": 17, "oob_score": 0.6859798311283403, "test_score": 0.950425017669435, "coverage": 0.98989898989899, "width_mean": 0.9743600532934893, "width_sd": 0.2071771911160172, "width_min": 0.8422095043785822, "width_q1": 0.8422095043785822, "width_q2": 0.8422095043785823, "width_q3": 1.0951798584199555, "width_max": 2.3848307900115877}