{"data_name": "FacebookMetrics", "n_neighbors": 10, "level": 0.99, "random_state": 409, "test_size": 0.2, "n": 495, "d": 17, "oob_score": 0.6864105528245059, "test_score": 0.9890762227153072, "coverage": 0.8383838383838383, "width_mean": 0.2564426173085268, "width_sd": 1.355323229866238, "width_min": 0.008272990050463336, "width_q1": 0.026837625117647312, "width_q2": 0.045269247174996474, "width_q3": 0.08190415980441226, "width_max": 13.322416533831365}