{"data_name": "FacebookMetrics", "n_neighbors": 50, "level": 0.9, "random_state": 1679, "test_size": 0.2, "n": 495, "d": 17, "oob_score": 0.6879521041613689, "test_score": 0.9937800262683925, "coverage": 0.9292929292929293, "width_mean": 0.09354717116431506, "width_sd": 0.08438666156454104, "width_min": 0.035681859603539035, "width_q1": 0.05762924342234774, "width_q2": 0.06764117443254486, "width_q3": 0.08259484211774992, "width_max": 0.502929529278596}