{"data_name": "FacebookMetrics", "n_neighbors": "all", "level": 0.8, "random_state": 2286, "test_size": 0.2, "n": 495, "d": 17, "oob_score": 0.6229482590879536, "test_score": 0.9565600842308545, "coverage": 0.8080808080808081, "width_mean": 0.059647916533213954, "width_sd": 3.8152764186073473e-17, "width_min": 0.059647916533213774, "width_q1": 0.05964791653321394, "width_q2": 0.059647916533213954, "width_q3": 0.059647916533213996, "width_max": 0.059647916533213996}