{"data_name": "FacebookMetrics", "n_neighbors": 5, "level": 0.95, "random_state": 4012, "test_size": 0.2, "n": 495, "d": 17, "oob_score": 0.7170011574396575, "test_score": 0.9600668573433292, "coverage": 0.7373737373737373, "width_mean": 0.07530073484261239, "width_sd": 0.1625998064025193, "width_min": 0.006341263358828786, "width_q1": 0.01762131571666642, "width_q2": 0.03061415384592381, "width_q3": 0.04632583213201508, "width_max": 1.0367244482478657}