{"data_name": "FacebookMetrics", "n_neighbors": "all", "level": 0.9, "random_state": 1824, "test_size": 0.2, "n": 495, "d": 17, "oob_score": 0.7048208852642912, "test_score": 0.9715463466076958, "coverage": 0.9393939393939394, "width_mean": 0.14547686429890846, "width_sd": 2.978414015356922e-17, "width_min": 0.14547686429890838, "width_q1": 0.14547686429890844, "width_q2": 0.1454768642989085, "width_q3": 0.1454768642989085, "width_max": 0.1454768642989085}