{"data_name": "FacebookMetrics", "n_neighbors": "all", "level": 0.99, "random_state": 4012, "test_size": 0.2, "n": 495, "d": 17, "oob_score": 0.7170011574396575, "test_score": 0.9600668573433292, "coverage": 1.0, "width_mean": 1.0628293611053383, "width_sd": 4.010734274211207e-16, "width_min": 1.0628293611053379, "width_q1": 1.0628293611053379, "width_q2": 1.0628293611053379, "width_q3": 1.0628293611053379, "width_max": 1.0628293611053383}