{"data_name": "FacebookMetrics", "n_neighbors": "auto", "level": 0.95, "random_state": 9674, "test_size": 0.2, "n": 495, "d": 17, "oob_score": 0.7060667290041917, "test_score": 0.9864728814374251, "coverage": 0.9595959595959596, "width_mean": 0.27065602113610043, "width_sd": 0.9790943296022608, "width_min": 0.009572854962310862, "width_q1": 0.04594124864279797, "width_q2": 0.06975862213599096, "width_q3": 0.21363324192842895, "width_max": 8.194098673785566}