{"data_name": "FacebookMetrics", "n_neighbors": 50, "level": 0.99, "random_state": 4506, "test_size": 0.2, "n": 495, "d": 17, "oob_score": 0.6859798311283403, "test_score": 0.950425017669435, "coverage": 0.98989898989899, "width_mean": 1.0399777960278054, "width_sd": 1.5933036921529848, "width_min": 0.08762266705881128, "width_q1": 0.4733809616146051, "width_q2": 0.7913713460019727, "width_q3": 1.0132195221119753, "width_max": 10.655815648990338}