{"data_name": "FacebookMetrics", "n_neighbors": 50, "level": 0.8, "random_state": 3657, "test_size": 0.2, "n": 495, "d": 17, "oob_score": 0.6668613772153095, "test_score": 0.9912493879211532, "coverage": 0.7373737373737373, "width_mean": 0.05818408238967822, "width_sd": 0.03758431809797057, "width_min": 0.02551397344636952, "width_q1": 0.036537399026550926, "width_q2": 0.04565715220661459, "width_q3": 0.06605737794183053, "width_max": 0.2459808520999558}