{"data_name": "FacebookMetrics", "n_neighbors": 10, "level": 0.9, "random_state": 4012, "test_size": 0.2, "n": 495, "d": 17, "oob_score": 0.7170011574396575, "test_score": 0.9600668573433292, "coverage": 0.898989898989899, "width_mean": 0.16464111087912267, "width_sd": 0.7225731900305262, "width_min": 0.006432415590513996, "width_q1": 0.024395614940926957, "width_q2": 0.03793194461843885, "width_q3": 0.07160951108874428, "width_max": 7.0776662801286445}