{"data_name": "FacebookMetrics", "n_neighbors": 50, "level": 0.9, "random_state": 1824, "test_size": 0.2, "n": 495, "d": 17, "oob_score": 0.7048208852642912, "test_score": 0.9715463466076958, "coverage": 0.9696969696969697, "width_mean": 0.1735163280698524, "width_sd": 0.10687236400464023, "width_min": 0.045660813114986765, "width_q1": 0.10701994137333659, "width_q2": 0.15752110722479093, "width_q3": 0.19183140102784585, "width_max": 0.671505706831752}