{"data_name": "FacebookMetrics", "n_neighbors": "all", "level": 0.99, "random_state": 9674, "test_size": 0.2, "n": 495, "d": 17, "oob_score": 0.7060667290041917, "test_score": 0.9864728814374251, "coverage": 1.0, "width_mean": 0.8556224826346527, "width_sd": 7.485122105058051e-17, "width_min": 0.8556224826346526, "width_q1": 0.8556224826346527, "width_q2": 0.8556224826346527, "width_q3": 0.8556224826346527, "width_max": 0.8556224826346528}