{"data_name": "FacebookMetrics", "n_neighbors": 20, "level": 0.8, "random_state": 9674, "test_size": 0.2, "n": 495, "d": 17, "oob_score": 0.7060667290041917, "test_score": 0.9864728814374251, "coverage": 0.8282828282828283, "width_mean": 0.08266408035725822, "width_sd": 0.10986825922117785, "width_min": 0.00917851227113231, "width_q1": 0.023199293149193417, "width_q2": 0.03555019834291406, "width_q3": 0.07686649877091872, "width_max": 0.5853717356933532}