{"data_name": "FacebookMetrics", "n_neighbors": "all", "level": 0.9, "random_state": 4012, "test_size": 0.2, "n": 495, "d": 17, "oob_score": 0.7170011574396575, "test_score": 0.9600668573433292, "coverage": 0.9090909090909091, "width_mean": 0.13462864553294082, "width_sd": 4.4806651997666903e-17, "width_min": 0.13462864553294074, "width_q1": 0.1346286455329408, "width_q2": 0.1346286455329408, "width_q3": 0.13462864553294082, "width_max": 0.13462864553294107}