{"data_name": "FacebookMetrics", "n_neighbors": 100, "level": 0.9, "random_state": 9674, "test_size": 0.2, "n": 495, "d": 17, "oob_score": 0.7060667290041917, "test_score": 0.9864728814374251, "coverage": 0.8282828282828283, "width_mean": 0.07668319794312646, "width_sd": 0.0418024432075436, "width_min": 0.05294915796986083, "width_q1": 0.057002728703822114, "width_q2": 0.0618440429988191, "width_q3": 0.07638055928515602, "width_max": 0.3065688539590927}