{"data_name": "FacebookMetrics", "n_neighbors": 200, "level": 0.8, "random_state": 4506, "test_size": 0.2, "n": 495, "d": 17, "oob_score": 0.6859798311283403, "test_score": 0.950425017669435, "coverage": 0.7777777777777778, "width_mean": 0.054455970510220705, "width_sd": 0.00260487153878982, "width_min": 0.05074487340159689, "width_q1": 0.052873340167405525, "width_q2": 0.053863119265141535, "width_q3": 0.05530456688545386, "width_max": 0.06366150060324904}