{"data_name": "FacebookMetrics", "n_neighbors": 200, "level": 0.95, "random_state": 4012, "test_size": 0.2, "n": 495, "d": 17, "oob_score": 0.7170011574396575, "test_score": 0.9600668573433292, "coverage": 0.9292929292929293, "width_mean": 0.24157905294456875, "width_sd": 0.03452903979186983, "width_min": 0.2321142297257927, "width_q1": 0.23211422972579276, "width_q2": 0.23211422972579276, "width_q3": 0.2321142297257928, "width_max": 0.5033155165588123}