{"data_name": "FacebookMetrics", "n_neighbors": 100, "level": 0.99, "random_state": 3657, "test_size": 0.2, "n": 495, "d": 17, "oob_score": 0.6668613772153095, "test_score": 0.9912493879211532, "coverage": 0.98989898989899, "width_mean": 0.662213947499502, "width_sd": 0.9087963711776416, "width_min": 0.4129242509984899, "width_q1": 0.44473184493654194, "width_q2": 0.444731844936542, "width_q3": 0.44473184493654205, "width_max": 6.8015113594234595}