{"data_name": "FacebookMetrics", "n_neighbors": 5, "level": 0.8, "random_state": 8935, "test_size": 0.2, "n": 495, "d": 17, "oob_score": 0.6942626244527742, "test_score": 0.9877411453237829, "coverage": 0.696969696969697, "width_mean": 0.051300930006409916, "width_sd": 0.08591268666736765, "width_min": 0.0035521945149892264, "width_q1": 0.014400478015990037, "width_q2": 0.02391987861444409, "width_q3": 0.03597599254594591, "width_max": 0.5735860410633071}