{"data_name": "FacebookMetrics", "n_neighbors": "auto", "level": 0.95, "random_state": 1824, "test_size": 0.2, "n": 495, "d": 17, "oob_score": 0.7048208852642912, "test_score": 0.9715463466076958, "coverage": 0.9393939393939394, "width_mean": 0.2456527267259628, "width_sd": 1.1135084735060399, "width_min": 0.00832726235321124, "width_q1": 0.03877047762466494, "width_q2": 0.05693435549377532, "width_q3": 0.08564320755517947, "width_max": 10.36183609261308}