{"data_name": "FacebookMetrics", "n_neighbors": "auto", "level": 0.9, "random_state": 8935, "test_size": 0.2, "n": 495, "d": 17, "oob_score": 0.6942626244527742, "test_score": 0.9877411453237829, "coverage": 0.9292929292929293, "width_mean": 0.1594717381146987, "width_sd": 0.5544493750011661, "width_min": 0.0056036418048126535, "width_q1": 0.03383378036025758, "width_q2": 0.044270853496249846, "width_q3": 0.07557518681839773, "width_max": 5.079603003231705}