{"data_name": "FacebookMetrics", "n_neighbors": 200, "level": 0.8, "random_state": 409, "test_size": 0.2, "n": 495, "d": 17, "oob_score": 0.6864105528245059, "test_score": 0.9890762227153072, "coverage": 0.8282828282828283, "width_mean": 0.05799377821628844, "width_sd": 0.00511587336589325, "width_min": 0.05208073575551575, "width_q1": 0.055230339626645766, "width_q2": 0.05612817228389734, "width_q3": 0.058698081473038566, "width_max": 0.0748735758638519}