{"data_name": "FacebookMetrics", "n_neighbors": 50, "level": 0.95, "random_state": 1679, "test_size": 0.2, "n": 495, "d": 17, "oob_score": 0.6879521041613689, "test_score": 0.9937800262683925, "coverage": 0.9595959595959596, "width_mean": 0.14109394040266082, "width_sd": 0.13368567582829138, "width_min": 0.05298186269459987, "width_q1": 0.08002139265517205, "width_q2": 0.09044404365409142, "width_q3": 0.10920734851357128, "width_max": 0.7566415272318485}