{"data_name": "FacebookMetrics", "n_neighbors": 20, "level": 0.95, "random_state": 1824, "test_size": 0.2, "n": 495, "d": 17, "oob_score": 0.7048208852642912, "test_score": 0.9715463466076958, "coverage": 0.9393939393939394, "width_mean": 0.27006718530519747, "width_sd": 0.9322314126723874, "width_min": 0.016761070668407485, "width_q1": 0.04319290867459995, "width_q2": 0.06781382984629472, "width_q3": 0.18162755915762296, "width_max": 6.962462382816016}