{"data_name": "FacebookMetrics", "n_neighbors": "all", "level": 0.99, "random_state": 4506, "test_size": 0.2, "n": 495, "d": 17, "oob_score": 0.6859798311283403, "test_score": 0.950425017669435, "coverage": 0.98989898989899, "width_mean": 1.2856457088271855, "width_sd": 3.998297858924893e-16, "width_min": 1.285645708827185, "width_q1": 1.285645708827185, "width_q2": 1.285645708827185, "width_q3": 1.285645708827185, "width_max": 1.2856457088271853}