{"data_name": "FacebookMetrics", "n_neighbors": "all", "level": 0.99, "random_state": 3657, "test_size": 0.2, "n": 495, "d": 17, "oob_score": 0.6668613772153095, "test_score": 0.9912493879211532, "coverage": 0.98989898989899, "width_mean": 0.701837613309913, "width_sd": 1.4928602281858163e-16, "width_min": 0.7018376133099125, "width_q1": 0.7018376133099129, "width_q2": 0.7018376133099129, "width_q3": 0.7018376133099129, "width_max": 0.7018376133099129}