{"data_name": "FacebookMetrics", "n_neighbors": 20, "level": 0.9, "random_state": 3657, "test_size": 0.2, "n": 495, "d": 17, "oob_score": 0.6668613772153095, "test_score": 0.9912493879211532, "coverage": 0.8686868686868687, "width_mean": 0.11238329553713586, "width_sd": 0.21650120963184552, "width_min": 0.010166709825594755, "width_q1": 0.03035501668243537, "width_q2": 0.053528341875444335, "width_q3": 0.10107711987062289, "width_max": 1.5359747459377178}