{"data_name": "FacebookMetrics", "n_neighbors": 20, "level": 0.99, "random_state": 409, "test_size": 0.2, "n": 495, "d": 17, "oob_score": 0.6864105528245059, "test_score": 0.9890762227153072, "coverage": 0.9191919191919192, "width_mean": 0.33982951245179915, "width_sd": 1.2917816934398922, "width_min": 0.014839748911848583, "width_q1": 0.041219583070610605, "width_q2": 0.07585512373831449, "width_q3": 0.41350324330629123, "width_max": 12.700215531429974}