{"data_name": "FacebookMetrics", "n_neighbors": 5, "level": 0.9, "random_state": 1424, "test_size": 0.2, "n": 495, "d": 17, "oob_score": 0.9789969472097875, "test_score": 0.5638032366152724, "coverage": 0.7171717171717171, "width_mean": 0.0836953604605444, "width_sd": 0.19404034563531575, "width_min": 0.0021688031436626343, "width_q1": 0.01545790951565515, "width_q2": 0.02810779946941916, "width_q3": 0.057321465375503686, "width_max": 1.2103211610389844}