{"data_name": "FacebookMetrics", "n_neighbors": 5, "level": 0.9, "random_state": 1824, "test_size": 0.2, "n": 495, "d": 17, "oob_score": 0.7048208852642912, "test_score": 0.9715463466076958, "coverage": 0.7373737373737373, "width_mean": 0.06463013816874824, "width_sd": 0.14456007539535976, "width_min": 0.002323665295882238, "width_q1": 0.014359795583171686, "width_q2": 0.03013149903294747, "width_q3": 0.040181207644453903, "width_max": 0.9750019675576134}