{"data_name": "FacebookMetrics", "n_neighbors": 10, "level": 0.95, "random_state": 8935, "test_size": 0.2, "n": 495, "d": 17, "oob_score": 0.6942626244527742, "test_score": 0.9877411453237829, "coverage": 0.8888888888888888, "width_mean": 0.10062976609370441, "width_sd": 0.19256136998253207, "width_min": 0.006230901602776839, "width_q1": 0.0286709815428699, "width_q2": 0.04139620622888829, "width_q3": 0.07259352634346777, "width_max": 1.3834560191826673}