{"data_name": "FacebookMetrics", "n_neighbors": 5, "level": 0.8, "random_state": 9674, "test_size": 0.2, "n": 495, "d": 17, "oob_score": 0.7060667290041917, "test_score": 0.9864728814374251, "coverage": 0.7272727272727273, "width_mean": 0.06510682403228929, "width_sd": 0.10110879852707423, "width_min": 0.0061188930864350954, "width_q1": 0.015789205615061974, "width_q2": 0.0291616892862242, "width_q3": 0.05243674820568768, "width_max": 0.6175650499095706}