{"data_name": "FacebookMetrics", "n_neighbors": "all", "level": 0.99, "random_state": 1824, "test_size": 0.2, "n": 495, "d": 17, "oob_score": 0.7048208852642912, "test_score": 0.9715463466076958, "coverage": 0.98989898989899, "width_mean": 0.8143402621151223, "width_sd": 1.546120173718338e-16, "width_min": 0.8143402621151221, "width_q1": 0.8143402621151224, "width_q2": 0.8143402621151224, "width_q3": 0.8143402621151226, "width_max": 0.8143402621151226}