{"data_name": "FacebookMetrics", "n_neighbors": 100, "level": 0.9, "random_state": 409, "test_size": 0.2, "n": 495, "d": 17, "oob_score": 0.6864105528245059, "test_score": 0.9890762227153072, "coverage": 0.8888888888888888, "width_mean": 0.11766805408973967, "width_sd": 0.08411655772866715, "width_min": 0.05225473393551355, "width_q1": 0.06484208921967939, "width_q2": 0.0921988789774763, "width_q3": 0.12721109163102984, "width_max": 0.5977349540583234}