{"data_name": "FacebookMetrics", "n_neighbors": 200, "level": 0.95, "random_state": 8935, "test_size": 0.2, "n": 495, "d": 17, "oob_score": 0.6942626244527742, "test_score": 0.9877411453237829, "coverage": 0.9494949494949495, "width_mean": 0.23888852797949459, "width_sd": 0.01577373233249877, "width_min": 0.2157905781938887, "width_q1": 0.23417893483174712, "width_q2": 0.23417893483174712, "width_q3": 0.23417893483174712, "width_max": 0.3158641413487522}