{"data_name": "FacebookMetrics", "n_neighbors": 10, "level": 0.9, "random_state": 1679, "test_size": 0.2, "n": 495, "d": 17, "oob_score": 0.6879521041613689, "test_score": 0.9937800262683925, "coverage": 0.8484848484848485, "width_mean": 0.11184662696289668, "width_sd": 0.2167470581657075, "width_min": 0.0048902207163050715, "width_q1": 0.026605781241629115, "width_q2": 0.038663048952893686, "width_q3": 0.08164899957784699, "width_max": 1.8693022272222546}