{"data_name": "FacebookMetrics", "n_neighbors": "auto", "level": 0.9, "random_state": 9674, "test_size": 0.2, "n": 495, "d": 17, "oob_score": 0.7060667290041917, "test_score": 0.9864728814374251, "coverage": 0.9393939393939394, "width_mean": 0.13989256200393463, "width_sd": 0.35260764751611146, "width_min": 0.00934401323714451, "width_q1": 0.031668852766096794, "width_q2": 0.04791255990839688, "width_q3": 0.09400815615270544, "width_max": 3.3649181953515592}