{"data_name": "FacebookMetrics", "n_neighbors": 20, "level": 0.9, "random_state": 2286, "test_size": 0.2, "n": 495, "d": 17, "oob_score": 0.6229482590879536, "test_score": 0.9565600842308545, "coverage": 0.9696969696969697, "width_mean": 0.3225612774383826, "width_sd": 0.7163721399367471, "width_min": 0.012343931299767963, "width_q1": 0.029268837057918086, "width_q2": 0.04385959849842258, "width_q3": 0.18028456722170716, "width_max": 3.6645835970273968}