{"data_name": "FacebookMetrics", "n_neighbors": 10, "level": 0.95, "random_state": 1424, "test_size": 0.2, "n": 495, "d": 17, "oob_score": 0.9789969472097875, "test_score": 0.5638032366152724, "coverage": 0.8686868686868687, "width_mean": 0.12391188342113059, "width_sd": 0.2726641690565598, "width_min": 0.008167631356152838, "width_q1": 0.02646787816164256, "width_q2": 0.042138201300755254, "width_q3": 0.08326836041421476, "width_max": 1.6403592076883342}