{"data_name": "FacebookMetrics", "n_neighbors": 100, "level": 0.9, "random_state": 3657, "test_size": 0.2, "n": 495, "d": 17, "oob_score": 0.6668613772153095, "test_score": 0.9912493879211532, "coverage": 0.9090909090909091, "width_mean": 0.12381108691311486, "width_sd": 0.03458525975079375, "width_min": 0.09349794646466639, "width_q1": 0.10484362171375033, "width_q2": 0.10628960029845891, "width_q3": 0.1351953801444346, "width_max": 0.3068246018246734}