{"data_name": "FacebookMetrics", "n_neighbors": "all", "level": 0.8, "random_state": 1824, "test_size": 0.2, "n": 495, "d": 17, "oob_score": 0.7048208852642912, "test_score": 0.9715463466076958, "coverage": 0.8686868686868687, "width_mean": 0.06451148746559726, "width_sd": 4.095022369004157e-17, "width_min": 0.0645114874655972, "width_q1": 0.06451148746559723, "width_q2": 0.06451148746559726, "width_q3": 0.06451148746559732, "width_max": 0.06451148746559732}