{"data_name": "FacebookMetrics", "n_neighbors": 100, "level": 0.9, "random_state": 1824, "test_size": 0.2, "n": 495, "d": 17, "oob_score": 0.7048208852642912, "test_score": 0.9715463466076958, "coverage": 0.9696969696969697, "width_mean": 0.17768823962042085, "width_sd": 0.03940953886608037, "width_min": 0.1284778820684973, "width_q1": 0.13664734602521633, "width_q2": 0.19643115998670002, "width_q3": 0.19762148903212734, "width_max": 0.3028043326093375}