{"data_name": "FacebookMetrics", "n_neighbors": 100, "level": 0.9, "random_state": 2286, "test_size": 0.2, "n": 495, "d": 17, "oob_score": 0.6229482590879536, "test_score": 0.9565600842308545, "coverage": 0.898989898989899, "width_mean": 0.10411201264280834, "width_sd": 0.05226527348845614, "width_min": 0.06737285196927836, "width_q1": 0.07115114512906816, "width_q2": 0.08187710328695973, "width_q3": 0.11071171323698584, "width_max": 0.3218465147738514}