{"data_name": "FacebookMetrics", "n_neighbors": 50, "level": 0.8, "random_state": 4506, "test_size": 0.2, "n": 495, "d": 17, "oob_score": 0.6859798311283403, "test_score": 0.950425017669435, "coverage": 0.8282828282828283, "width_mean": 0.06391969860899423, "width_sd": 0.05893478693458663, "width_min": 0.02646452960794382, "width_q1": 0.03699800949672105, "width_q2": 0.04817277569615874, "width_q3": 0.06372612548203224, "width_max": 0.4296956203195066}