{"data_name": "FacebookMetrics", "n_neighbors": 50, "level": 0.9, "random_state": 4012, "test_size": 0.2, "n": 495, "d": 17, "oob_score": 0.7170011574396575, "test_score": 0.9600668573433292, "coverage": 0.8787878787878788, "width_mean": 0.08931400818566655, "width_sd": 0.08931474123267093, "width_min": 0.037333767645399696, "width_q1": 0.04834971494415871, "width_q2": 0.06450033815927547, "width_q3": 0.08605354707202906, "width_max": 0.7030118466237707}