{"data_name": "FacebookMetrics", "n_neighbors": "auto", "level": 0.99, "random_state": 1679, "test_size": 0.2, "n": 495, "d": 17, "oob_score": 0.6879521041613689, "test_score": 0.9937800262683925, "coverage": 0.9494949494949495, "width_mean": 0.3180650594780928, "width_sd": 1.1024518942294474, "width_min": 0.006869072596096593, "width_q1": 0.053136018175215266, "width_q2": 0.08468783300024696, "width_q3": 0.2785148310289761, "width_max": 10.509522584292855}