{"data_name": "FacebookMetrics", "n_neighbors": "all", "level": 0.99, "random_state": 1424, "test_size": 0.2, "n": 495, "d": 17, "oob_score": 0.9789969472097875, "test_score": 0.5638032366152724, "coverage": 0.98989898989899, "width_mean": 1.0189225637557378, "width_sd": 2.220446049250313e-16, "width_min": 1.018922563755738, "width_q1": 1.018922563755738, "width_q2": 1.018922563755738, "width_q3": 1.018922563755738, "width_max": 1.018922563755738}