{"data_name": "FacebookMetrics", "n_neighbors": 10, "level": 0.99, "random_state": 4506, "test_size": 0.2, "n": 495, "d": 17, "oob_score": 0.6859798311283403, "test_score": 0.950425017669435, "coverage": 0.898989898989899, "width_mean": 0.2852268220955565, "width_sd": 1.1744220775134488, "width_min": 0.007621097623646045, "width_q1": 0.028270652689811895, "width_q2": 0.049579224499556096, "width_q3": 0.10432013043967396, "width_max": 11.212829852178192}