{"data_name": "FacebookMetrics", "n_neighbors": 20, "level": 0.99, "random_state": 3657, "test_size": 0.2, "n": 495, "d": 17, "oob_score": 0.6668613772153095, "test_score": 0.9912493879211532, "coverage": 0.9595959595959596, "width_mean": 0.4269192084263514, "width_sd": 1.6075333025234146, "width_min": 0.024053476271153618, "width_q1": 0.042992136943435566, "width_q2": 0.07954322272045253, "width_q3": 0.15069220872982125, "width_max": 11.333536964732016}