{"data_name": "FacebookMetrics", "n_neighbors": 50, "level": 0.95, "random_state": 4012, "test_size": 0.2, "n": 495, "d": 17, "oob_score": 0.7170011574396575, "test_score": 0.9600668573433292, "coverage": 0.9696969696969697, "width_mean": 0.13881362726045893, "width_sd": 0.17107860517889875, "width_min": 0.04353456399182487, "width_q1": 0.08538457167427632, "width_q2": 0.10527749253290775, "width_q3": 0.12837633219883982, "width_max": 1.5555831513011436}