{"data_name": "FacebookMetrics", "n_neighbors": "all", "level": 0.8, "random_state": 1679, "test_size": 0.2, "n": 495, "d": 17, "oob_score": 0.6879521041613689, "test_score": 0.9937800262683925, "coverage": 0.8484848484848485, "width_mean": 0.06617281795376707, "width_sd": 5.373034089598394e-17, "width_min": 0.06617281795376684, "width_q1": 0.06617281795376709, "width_q2": 0.06617281795376709, "width_q3": 0.06617281795376712, "width_max": 0.06617281795376728}