{"data_name": "FacebookMetrics", "n_neighbors": 200, "level": 0.9, "random_state": 4012, "test_size": 0.2, "n": 495, "d": 17, "oob_score": 0.7170011574396575, "test_score": 0.9600668573433292, "coverage": 0.9191919191919192, "width_mean": 0.13750355246578325, "width_sd": 0.009014891290285659, "width_min": 0.1314313058598479, "width_q1": 0.13273729577430354, "width_q2": 0.13482622013635323, "width_q3": 0.13604889301866027, "width_max": 0.19032317634088658}