{"data_name": "FacebookMetrics", "n_neighbors": "all", "level": 0.99, "random_state": 8935, "test_size": 0.2, "n": 495, "d": 17, "oob_score": 0.6942626244527742, "test_score": 0.9877411453237829, "coverage": 1.0, "width_mean": 1.164905814928112, "width_sd": 2.220446049250313e-16, "width_min": 1.1649058149281117, "width_q1": 1.1649058149281117, "width_q2": 1.1649058149281117, "width_q3": 1.1649058149281117, "width_max": 1.1649058149281117}