{"data_name": "FacebookMetrics", "n_neighbors": 200, "level": 0.95, "random_state": 2286, "test_size": 0.2, "n": 495, "d": 17, "oob_score": 0.6229482590879536, "test_score": 0.9565600842308545, "coverage": 0.9797979797979798, "width_mean": 0.3842593282682316, "width_sd": 0.22387948662742463, "width_min": 0.24509134974391888, "width_q1": 0.306023973071113, "width_q2": 0.30602397307111306, "width_q3": 0.31618317033044263, "width_max": 1.2566258403969712}