{"data_name": "FacebookMetrics", "n_neighbors": 5, "level": 0.95, "random_state": 9674, "test_size": 0.2, "n": 495, "d": 17, "oob_score": 0.7060667290041917, "test_score": 0.9864728814374251, "coverage": 0.7676767676767676, "width_mean": 0.08189082843928423, "width_sd": 0.13529424606807086, "width_min": 0.007658355826032248, "width_q1": 0.01960868916330133, "width_q2": 0.03515791612890895, "width_q3": 0.06874138120344095, "width_max": 0.8444879039107587}