{"data_name": "FacebookMetrics", "n_neighbors": "all", "level": 0.8, "random_state": 9674, "test_size": 0.2, "n": 495, "d": 17, "oob_score": 0.7060667290041917, "test_score": 0.9864728814374251, "coverage": 0.7676767676767676, "width_mean": 0.0584544631437462, "width_sd": 3.859004127078956e-17, "width_min": 0.05845446314374603, "width_q1": 0.058454463143746194, "width_q2": 0.058454463143746194, "width_q3": 0.05845446314374621, "width_max": 0.05845446314374625}