{"data_name": "FacebookMetrics", "n_neighbors": 200, "level": 0.8, "random_state": 3657, "test_size": 0.2, "n": 495, "d": 17, "oob_score": 0.6668613772153095, "test_score": 0.9912493879211532, "coverage": 0.7777777777777778, "width_mean": 0.06235837195767406, "width_sd": 0.006936249959721771, "width_min": 0.051789687610693025, "width_q1": 0.05740474812768409, "width_q2": 0.05908411756726606, "width_q3": 0.06579238701102116, "width_max": 0.08015042354864133}