{"data_name": "FacebookMetrics", "n_neighbors": "all", "level": 0.9, "random_state": 8935, "test_size": 0.2, "n": 495, "d": 17, "oob_score": 0.6942626244527742, "test_score": 0.9877411453237829, "coverage": 0.9090909090909091, "width_mean": 0.13302983462793777, "width_sd": 5.336704842086039e-17, "width_min": 0.13302983462793772, "width_q1": 0.13302983462793777, "width_q2": 0.1330298346279378, "width_q3": 0.13302983462793783, "width_max": 0.13302983462793794}