{"data_name": "FacebookMetrics", "n_neighbors": 5, "level": 0.8, "random_state": 1824, "test_size": 0.2, "n": 495, "d": 17, "oob_score": 0.7048208852642912, "test_score": 0.9715463466076958, "coverage": 0.6767676767676768, "width_mean": 0.054750800779072156, "width_sd": 0.11980844270853057, "width_min": 0.0020732473840759935, "width_q1": 0.012778375738838499, "width_q2": 0.024930598283147365, "width_q3": 0.03334798589699974, "width_max": 0.7967115007517487}