{"data_name": "FacebookMetrics", "n_neighbors": "all", "level": 0.95, "random_state": 1424, "test_size": 0.2, "n": 495, "d": 17, "oob_score": 0.9789969472097875, "test_score": 0.5638032366152724, "coverage": 0.9393939393939394, "width_mean": 0.19170058030785342, "width_sd": 7.634376078959662e-17, "width_min": 0.1917005803078533, "width_q1": 0.19170058030785342, "width_q2": 0.19170058030785347, "width_q3": 0.1917005803078535, "width_max": 0.19170058030785375}