{"data_name": "FiveCitiesPM25", "n_neighbors": 5, "level": 0.9, "random_state": 1424, "test_size": 0.2, "n": 21436, "d": 9, "oob_score": 0.6822900535064258, "test_score": 0.7013912326538239, "coverage": 0.6919309701492538, "width_mean": 0.973770874463722, "width_sd": 0.8540245264008826, "width_min": 0.034581758866776086, "width_q1": 0.4107620340356708, "width_q2": 0.7176413149348415, "width_q3": 1.2310151947189714, "width_max": 9.860065552368265}