{"data_name": "FiveCitiesPM25", "n_neighbors": 20, "level": 0.99, "random_state": 1679, "test_size": 0.2, "n": 21436, "d": 9, "oob_score": 0.683440142052867, "test_score": 0.6803927771340875, "coverage": 0.9328358208955224, "width_mean": 1.9872704704030948, "width_sd": 1.3154154101534874, "width_min": 0.25551823057510137, "width_q1": 1.1103892317933335, "width_q2": 1.6162616726649786, "width_q3": 2.448632832531322, "width_max": 11.736135988632284}