{"data_name": "FiveCitiesPM25", "n_neighbors": "all", "level": 0.9, "random_state": 1424, "test_size": 0.2, "n": 21436, "d": 9, "oob_score": 0.6822900535064258, "test_score": 0.7013912326538239, "coverage": 0.8990205223880597, "width_mean": 1.6095883654212295, "width_sd": 1.3827986973247296e-16, "width_min": 1.6095883654212293, "width_q1": 1.6095883654212295, "width_q2": 1.6095883654212295, "width_q3": 1.6095883654212295, "width_max": 1.6095883654212297}