{"data_name": "FiveCitiesPM25", "n_neighbors": "all", "level": 0.95, "random_state": 1824, "test_size": 0.2, "n": 21436, "d": 9, "oob_score": 0.6764204679471293, "test_score": 0.7096652213091827, "coverage": 0.9461287313432836, "width_mean": 2.290295902537888, "width_sd": 4.464648639274695e-16, "width_min": 2.2902959025378866, "width_q1": 2.2902959025378875, "width_q2": 2.2902959025378875, "width_q3": 2.2902959025378875, "width_max": 2.2902959025378884}