{"data_name": "FiveCitiesPM25", "n_neighbors": 5000, "level": 0.95, "random_state": 4506, "test_size": 0.2, "n": 21436, "d": 9, "oob_score": 0.6952012200643897, "test_score": 0.6705906561515811, "coverage": 0.9496268656716418, "width_mean": 2.2811309787212823, "width_sd": 0.01009065607428269, "width_min": 2.263377881682227, "width_q1": 2.271325993297018, "width_q2": 2.27895664363417, "width_q3": 2.286334266044944, "width_max": 2.3636872969602982}