{"data_name": "FiveCitiesPM25", "n_neighbors": 500, "level": 0.95, "random_state": 1679, "test_size": 0.2, "n": 21436, "d": 9, "oob_score": 0.683440142052867, "test_score": 0.6803927771340875, "coverage": 0.9582555970149254, "width_mean": 2.3345279325791473, "width_sd": 0.12011862253127632, "width_min": 2.2088671222100715, "width_q1": 2.2409713443029817, "width_q2": 2.3095779456575123, "width_q3": 2.368073228327599, "width_max": 3.1162736397704434}