{"data_name": "FiveCitiesPM25", "n_neighbors": "auto", "level": 0.8, "random_state": 409, "test_size": 0.2, "n": 21436, "d": 9, "oob_score": 0.6823888343709827, "test_score": 0.6932122511647159, "coverage": 0.7819496268656716, "width_mean": 1.0863605298224452, "width_sd": 0.7476716096656479, "width_min": 0.10960906516873248, "width_q1": 0.6030105125151783, "width_q2": 0.8689085263637293, "width_q3": 1.3073002745150906, "width_max": 6.770914763570149}