{"data_name": "FiveCitiesPM25", "n_neighbors": 100, "level": 0.99, "random_state": 1424, "test_size": 0.2, "n": 21436, "d": 9, "oob_score": 0.6822900535064258, "test_score": 0.7013912326538239, "coverage": 0.9825093283582089, "width_mean": 2.6674302227381963, "width_sd": 0.8221282538785086, "width_min": 1.7540547801276607, "width_q1": 2.1161174779858074, "width_q2": 2.3465120354018865, "width_q3": 2.8563731193259088, "width_max": 9.077711236820107}