{"data_name": "FiveCitiesPM25", "n_neighbors": 50, "level": 0.99, "random_state": 1824, "test_size": 0.2, "n": 21436, "d": 9, "oob_score": 0.6764204679471293, "test_score": 0.7096652213091827, "coverage": 0.972714552238806, "width_mean": 2.4933607481835964, "width_sd": 1.0966755111317414, "width_min": 0.7043455384752637, "width_q1": 1.8041996859109173, "width_q2": 2.1133201226084135, "width_q3": 2.798275487599073, "width_max": 8.901991861581731}