{"data_name": "FiveCitiesPM25", "n_neighbors": 20, "level": 0.99, "random_state": 1824, "test_size": 0.2, "n": 21436, "d": 9, "oob_score": 0.6764204679471293, "test_score": 0.7096652213091827, "coverage": 0.9365671641791045, "width_mean": 1.98985523570635, "width_sd": 1.3069798775733277, "width_min": 0.19892353014747455, "width_q1": 1.0737474254929267, "width_q2": 1.604685770506633, "width_q3": 2.5112056925838067, "width_max": 9.120620543746814}