{"data_name": "FiveCitiesPM25", "n_neighbors": "all", "level": 0.9, "random_state": 409, "test_size": 0.2, "n": 21436, "d": 9, "oob_score": 0.6823888343709827, "test_score": 0.6932122511647159, "coverage": 0.8917910447761194, "width_mean": 1.5961436656628956, "width_sd": 1.164806648326765e-16, "width_min": 1.5961436656628951, "width_q1": 1.5961436656628953, "width_q2": 1.5961436656628956, "width_q3": 1.5961436656628956, "width_max": 1.5961436656628956}