{"data_name": "FiveCitiesPM25", "n_neighbors": 50, "level": 0.8, "random_state": 3657, "test_size": 0.2, "n": 21436, "d": 9, "oob_score": 0.6876111066304349, "test_score": 0.6875498891567873, "coverage": 0.8031716417910447, "width_mean": 1.0484340046655687, "width_sd": 0.4613686725327339, "width_min": 0.26612911698459896, "width_q1": 0.7420557191657502, "width_q2": 0.9329966254432562, "width_q3": 1.239507920442, "width_max": 4.231101021864664}