{"data_name": "FiveCitiesPM25", "n_neighbors": 5000, "level": 0.99, "random_state": 3657, "test_size": 0.2, "n": 21436, "d": 9, "oob_score": 0.6876111066304349, "test_score": 0.6875498891567873, "coverage": 0.9913712686567164, "width_mean": 4.2983536524419375, "width_sd": 0.03002232878481345, "width_min": 4.282736738284958, "width_q1": 4.282736738284958, "width_q2": 4.282736738284958, "width_q3": 4.302574485201623, "width_max": 4.584234511822004}