{"data_name": "FiveCitiesPM25", "n_neighbors": "auto", "level": 0.9, "random_state": 9674, "test_size": 0.2, "n": 21436, "d": 9, "oob_score": 0.6888631962819065, "test_score": 0.6773749827579838, "coverage": 0.8780317164179104, "width_mean": 1.4593869777270003, "width_sd": 0.95807601182874, "width_min": 0.17497985078482992, "width_q1": 0.8169297075135524, "width_q2": 1.1904769853434134, "width_q3": 1.767853503880998, "width_max": 8.193545199828922}