{"data_name": "FiveCitiesPM25", "n_neighbors": 100, "level": 0.8, "random_state": 9674, "test_size": 0.2, "n": 21436, "d": 9, "oob_score": 0.6888631962819065, "test_score": 0.6773749827579838, "coverage": 0.78125, "width_mean": 0.9377748384106637, "width_sd": 0.1872291167375419, "width_min": 0.5515514885217498, "width_q1": 0.8030042496010941, "width_q2": 0.9127031371055127, "width_q3": 1.0157095319064837, "width_max": 2.3010049692046675}