{"data_name": "FiveCitiesPM25", "n_neighbors": 10000, "level": 0.95, "random_state": 8935, "test_size": 0.2, "n": 21436, "d": 9, "oob_score": 0.6826837160727897, "test_score": 0.6874158594274229, "coverage": 0.949393656716418, "width_mean": 2.309220579474712, "width_sd": 0.005125672333482886, "width_min": 2.3033612361657316, "width_q1": 2.304191949809428, "width_q2": 2.308296679923268, "width_q3": 2.3117771519106194, "width_max": 2.3336585729541377}