{"data_name": "FiveCitiesPM25", "n_neighbors": 200, "level": 0.8, "random_state": 8935, "test_size": 0.2, "n": 21436, "d": 9, "oob_score": 0.6826837160727897, "test_score": 0.6874158594274229, "coverage": 0.8313899253731343, "width_mean": 1.1231186718398725, "width_sd": 0.11336654160465842, "width_min": 0.7996557710343248, "width_q1": 1.0536249098252872, "width_q2": 1.1050721349108057, "width_q3": 1.1772499741145386, "width_max": 1.954480337332276}