{"data_name": "FiveCitiesPM25", "n_neighbors": 5000, "level": 0.99, "random_state": 4506, "test_size": 0.2, "n": 21436, "d": 9, "oob_score": 0.6952012200643897, "test_score": 0.6705906561515811, "coverage": 0.9888059701492538, "width_mean": 4.295414614367943, "width_sd": 0.009789345636568782, "width_min": 4.269130917751871, "width_q1": 4.292145324982318, "width_q2": 4.292145324982318, "width_q3": 4.292145324982318, "width_max": 4.518709083522246}