{"data_name": "FiveCitiesPM25", "n_neighbors": 100, "level": 0.99, "random_state": 1824, "test_size": 0.2, "n": 21436, "d": 9, "oob_score": 0.6764204679471293, "test_score": 0.7096652213091827, "coverage": 0.9862406716417911, "width_mean": 3.0577788796892493, "width_sd": 0.7189099393136021, "width_min": 1.960344082553243, "width_q1": 2.6703578803862307, "width_q2": 2.819428717689453, "width_q3": 3.089964157777109, "width_max": 8.537610724639917}