{"data_name": "FiveCitiesPM25", "n_neighbors": 500, "level": 0.95, "random_state": 4012, "test_size": 0.2, "n": 21436, "d": 9, "oob_score": 0.6858028302923238, "test_score": 0.684449222671289, "coverage": 0.9589552238805971, "width_mean": 2.3981666239513517, "width_sd": 0.06587843170501441, "width_min": 2.146656169597463, "width_q1": 2.3785918270861606, "width_q2": 2.38604038922658, "width_q3": 2.4135289300573453, "width_max": 3.1190096762892985}