{"data_name": "FiveCitiesPM25", "n_neighbors": 2000, "level": 0.99, "random_state": 8935, "test_size": 0.2, "n": 21436, "d": 9, "oob_score": 0.6826837160727897, "test_score": 0.6874158594274229, "coverage": 0.9878731343283582, "width_mean": 4.089215184294169, "width_sd": 0.09072571145969252, "width_min": 4.010388884853034, "width_q1": 4.057727476343521, "width_q2": 4.057727476343521, "width_q3": 4.057727476343521, "width_max": 5.055549598092}