{"data_name": "FiveCitiesPM25", "n_neighbors": 5, "level": 0.95, "random_state": 409, "test_size": 0.2, "n": 21436, "d": 9, "oob_score": 0.6823888343709827, "test_score": 0.6932122511647159, "coverage": 0.7133861940298507, "width_mean": 1.0690556224743817, "width_sd": 0.9483906390895684, "width_min": 0.06095260557568913, "width_q1": 0.4577543142848607, "width_q2": 0.7717188196974003, "width_q3": 1.3250125167851805, "width_max": 7.606810126365375}