{"data_name": "FiveCitiesPM25", "n_neighbors": 10, "level": 0.99, "random_state": 1824, "test_size": 0.2, "n": 21436, "d": 9, "oob_score": 0.6764204679471293, "test_score": 0.7096652213091827, "coverage": 0.8729011194029851, "width_mean": 1.5596131367805124, "width_sd": 1.1808456224770914, "width_min": 0.10399828677429401, "width_q1": 0.7690237452602915, "width_q2": 1.20558384085435, "width_q3": 1.9377625850819216, "width_max": 9.166461735615208}