{"data_name": "FiveCitiesPM25", "n_neighbors": "all", "level": 0.99, "random_state": 8935, "test_size": 0.2, "n": 21436, "d": 9, "oob_score": 0.6826837160727897, "test_score": 0.6874158594274229, "coverage": 0.9874067164179104, "width_mean": 4.284138824191758, "width_sd": 8.120014952230247e-16, "width_min": 4.284138824191758, "width_q1": 4.284138824191759, "width_q2": 4.284138824191759, "width_q3": 4.284138824191759, "width_max": 4.284138824191759}