{"data_name": "FiveCitiesPM25", "n_neighbors": 20, "level": 0.8, "random_state": 4012, "test_size": 0.2, "n": 21436, "d": 9, "oob_score": 0.6858028302923238, "test_score": 0.684449222671289, "coverage": 0.7786847014925373, "width_mean": 1.063673504897789, "width_sd": 0.7229057964441422, "width_min": 0.1319657912538077, "width_q1": 0.5833308571374736, "width_q2": 0.8574617164671501, "width_q3": 1.311737256399176, "width_max": 7.097467627246824}