{"data_name": "FiveCitiesPM25", "n_neighbors": 2000, "level": 0.99, "random_state": 1679, "test_size": 0.2, "n": 21436, "d": 9, "oob_score": 0.683440142052867, "test_score": 0.6803927771340875, "coverage": 0.9937033582089553, "width_mean": 4.562204131646985, "width_sd": 0.0768890938995166, "width_min": 4.539535541702167, "width_q1": 4.539535541702168, "width_q2": 4.539535541702168, "width_q3": 4.539535541702168, "width_max": 5.285295819592344}