{"data_name": "FiveCitiesPM25", "n_neighbors": 100, "level": 0.99, "random_state": 9674, "test_size": 0.2, "n": 21436, "d": 9, "oob_score": 0.6888631962819065, "test_score": 0.6773749827579838, "coverage": 0.9862406716417911, "width_mean": 3.0178762474509546, "width_sd": 0.8143554456719991, "width_min": 1.5969012788026635, "width_q1": 2.3975964286669997, "width_q2": 2.813165808762766, "width_q3": 3.4018664755459227, "width_max": 8.730524765855554}