{"data_name": "FiveCitiesPM25", "n_neighbors": 1000, "level": 0.95, "random_state": 3657, "test_size": 0.2, "n": 21436, "d": 9, "oob_score": 0.6876111066304349, "test_score": 0.6875498891567873, "coverage": 0.953125, "width_mean": 2.317281005036614, "width_sd": 0.06250999685485796, "width_min": 2.2612900500228283, "width_q1": 2.2716575322667696, "width_q2": 2.3209385640252576, "width_q3": 2.3383848282029787, "width_max": 2.7658953047916635}