{"data_name": "FiveCitiesPM25", "n_neighbors": "auto", "level": 0.99, "random_state": 9674, "test_size": 0.2, "n": 21436, "d": 9, "oob_score": 0.6888631962819065, "test_score": 0.6773749827579838, "coverage": 0.9547574626865671, "width_mean": 2.1384849418872705, "width_sd": 1.3317302573051837, "width_min": 0.18905826543189685, "width_q1": 1.2079190154422088, "width_q2": 1.7547138424359503, "width_q3": 2.726361385543311, "width_max": 9.512190146364016}