{"data_name": "FiveCitiesPM25", "n_neighbors": 500, "level": 0.99, "random_state": 9674, "test_size": 0.2, "n": 21436, "d": 9, "oob_score": 0.6888631962819065, "test_score": 0.6773749827579838, "coverage": 0.9853078358208955, "width_mean": 3.77890866020561, "width_sd": 0.1497679001616208, "width_min": 3.522879416944077, "width_q1": 3.7333980650654195, "width_q2": 3.7333980650654195, "width_q3": 3.73512108199883, "width_max": 5.870522900661214}