{"data_name": "FiveCitiesPM25", "n_neighbors": "auto", "level": 0.95, "random_state": 9674, "test_size": 0.2, "n": 21436, "d": 9, "oob_score": 0.6888631962819065, "test_score": 0.6773749827579838, "coverage": 0.9284048507462687, "width_mean": 1.7827200582983977, "width_sd": 1.1362312790736364, "width_min": 0.18306872202497604, "width_q1": 1.001060061971826, "width_q2": 1.4605200340719207, "width_q3": 2.2211344101218162, "width_max": 8.897780696257295}