{"data_name": "FiveCitiesPM25", "n_neighbors": 50, "level": 0.9, "random_state": 1679, "test_size": 0.2, "n": 21436, "d": 9, "oob_score": 0.683440142052867, "test_score": 0.6803927771340875, "coverage": 0.8910914179104478, "width_mean": 1.4884795639957265, "width_sd": 0.649360052154139, "width_min": 0.37538474328584936, "width_q1": 1.0837612440328144, "width_q2": 1.2779856261205065, "width_q3": 1.688300440289419, "width_max": 6.5009855338026155}