{"data_name": "FiveCitiesPM25", "n_neighbors": 1000, "level": 0.99, "random_state": 1824, "test_size": 0.2, "n": 21436, "d": 9, "oob_score": 0.6764204679471293, "test_score": 0.7096652213091827, "coverage": 0.9969682835820896, "width_mean": 5.295570126234161, "width_sd": 0.09487882019240902, "width_min": 4.956991664238545, "width_q1": 5.299546729737694, "width_q2": 5.299546729737694, "width_q3": 5.30846697975362, "width_max": 6.2330391527905995}