{"data_name": "FiveCitiesPM25", "n_neighbors": 5, "level": 0.95, "random_state": 3657, "test_size": 0.2, "n": 21436, "d": 9, "oob_score": 0.6876111066304349, "test_score": 0.6875498891567873, "coverage": 0.7185167910447762, "width_mean": 1.0765880317463197, "width_sd": 0.967145192558843, "width_min": 0.02342110309177947, "width_q1": 0.4602267253585466, "width_q2": 0.7766186632785214, "width_q3": 1.3550876623800807, "width_max": 8.175894035890447}