{"data_name": "FiveCitiesPM25", "n_neighbors": 10000, "level": 0.9, "random_state": 1824, "test_size": 0.2, "n": 21436, "d": 9, "oob_score": 0.6764204679471293, "test_score": 0.7096652213091827, "coverage": 0.8964552238805971, "width_mean": 1.5898384922689135, "width_sd": 0.001431816671014208, "width_min": 1.5856250632528333, "width_q1": 1.5893394810004762, "width_q2": 1.5895869460009158, "width_q3": 1.5905606023325383, "width_max": 1.6031888053358305}