{"data_name": "FiveCitiesPM25", "n_neighbors": 2000, "level": 0.95, "random_state": 9674, "test_size": 0.2, "n": 21436, "d": 9, "oob_score": 0.6888631962819065, "test_score": 0.6773749827579838, "coverage": 0.9472947761194029, "width_mean": 2.2018576789474347, "width_sd": 0.035679671758633166, "width_min": 2.1718154909809226, "width_q1": 2.1789910719893455, "width_q2": 2.1789910719893455, "width_q3": 2.216868880828297, "width_max": 2.408313313733922}