{"data_name": "FiveCitiesPM25", "n_neighbors": "all", "level": 0.95, "random_state": 8935, "test_size": 0.2, "n": 21436, "d": 9, "oob_score": 0.6826837160727897, "test_score": 0.6874158594274229, "coverage": 0.9503264925373134, "width_mean": 2.3263227740875836, "width_sd": 1.9549846180473885e-16, "width_min": 2.3263227740875827, "width_q1": 2.3263227740875836, "width_q2": 2.3263227740875836, "width_q3": 2.3263227740875836, "width_max": 2.3263227740875845}