{"data_name": "FiveCitiesPM25", "n_neighbors": 2000, "level": 0.9, "random_state": 3657, "test_size": 0.2, "n": 21436, "d": 9, "oob_score": 0.6876111066304349, "test_score": 0.6875498891567873, "coverage": 0.8962220149253731, "width_mean": 1.6056107231931376, "width_sd": 0.009243208178230678, "width_min": 1.5773958433195343, "width_q1": 1.5986062358384914, "width_q2": 1.6049892261973877, "width_q3": 1.6100008331372786, "width_max": 1.6860524104461696}