{"data_name": "FiveCitiesPM25", "n_neighbors": "all", "level": 0.95, "random_state": 2286, "test_size": 0.2, "n": 21436, "d": 9, "oob_score": 0.6806731337250369, "test_score": 0.7083031098492133, "coverage": 0.9528917910447762, "width_mean": 2.3370411568588603, "width_sd": 4.586099083276618e-16, "width_min": 2.3370411568588603, "width_q1": 2.3370411568588607, "width_q2": 2.3370411568588607, "width_q3": 2.3370411568588607, "width_max": 2.337041156858861}