{"data_name": "FiveCitiesPM25", "n_neighbors": "auto", "level": 0.9, "random_state": 4506, "test_size": 0.2, "n": 21436, "d": 9, "oob_score": 0.6952012200643897, "test_score": 0.6705906561515811, "coverage": 0.871035447761194, "width_mean": 1.4456159921684597, "width_sd": 0.9470246943099625, "width_min": 0.15540017999076017, "width_q1": 0.8233026560046244, "width_q2": 1.1919976865926825, "width_q3": 1.7783921188417593, "width_max": 8.77260200500355}