{"data_name": "FiveCitiesPM25", "n_neighbors": 1000, "level": 0.95, "random_state": 1424, "test_size": 0.2, "n": 21436, "d": 9, "oob_score": 0.6822900535064258, "test_score": 0.7013912326538239, "coverage": 0.9517257462686567, "width_mean": 2.3032358611166344, "width_sd": 0.05602101802366328, "width_min": 2.226195438467867, "width_q1": 2.2689114045339807, "width_q2": 2.2835926911463265, "width_q3": 2.3187615906287458, "width_max": 2.722606301096241}