{"data_name": "FiveCitiesPM25", "n_neighbors": 50, "level": 0.9, "random_state": 4506, "test_size": 0.2, "n": 21436, "d": 9, "oob_score": 0.6952012200643897, "test_score": 0.6705906561515811, "coverage": 0.9323694029850746, "width_mean": 1.8550762981833486, "width_sd": 0.6285627924351039, "width_min": 0.429677379029324, "width_q1": 1.5160508338403609, "width_q2": 1.7603137427526065, "width_q3": 2.101517921434916, "width_max": 6.57511995946442}