{"data_name": "FiveCitiesPM25", "n_neighbors": 200, "level": 0.9, "random_state": 1679, "test_size": 0.2, "n": 21436, "d": 9, "oob_score": 0.683440142052867, "test_score": 0.6803927771340875, "coverage": 0.9123134328358209, "width_mean": 1.5483348195036022, "width_sd": 0.29335427310338597, "width_min": 1.0713452136935866, "width_q1": 1.348576654286301, "width_q2": 1.4546052465325041, "width_q3": 1.6437992507166639, "width_max": 2.947736074684924}