{"data_name": "FiveCitiesPM25", "n_neighbors": 1000, "level": 0.8, "random_state": 3657, "test_size": 0.2, "n": 21436, "d": 9, "oob_score": 0.6876111066304349, "test_score": 0.6875498891567873, "coverage": 0.792910447761194, "width_mean": 1.025038070732151, "width_sd": 0.022310060380132238, "width_min": 0.9786148003082531, "width_q1": 1.0094084757348063, "width_q2": 1.0210977094450526, "width_q3": 1.035306170161486, "width_max": 1.158450066353137}