{"data_name": "FiveCitiesPM25", "n_neighbors": 5, "level": 0.8, "random_state": 8935, "test_size": 0.2, "n": 21436, "d": 9, "oob_score": 0.6826837160727897, "test_score": 0.6874158594274229, "coverage": 0.6399253731343284, "width_mean": 0.8625894019172696, "width_sd": 0.7770085343609008, "width_min": 0.028775039181072076, "width_q1": 0.3664670531922592, "width_q2": 0.62201252827721, "width_q3": 1.0804935672901972, "width_max": 8.415547558611172}