{"data_name": "FiveCitiesPM25", "n_neighbors": 50, "level": 0.95, "random_state": 9674, "test_size": 0.2, "n": 21436, "d": 9, "oob_score": 0.6888631962819065, "test_score": 0.6773749827579838, "coverage": 0.9437966417910447, "width_mean": 1.8668444473181054, "width_sd": 0.8505299962827874, "width_min": 0.3785967018227552, "width_q1": 1.2322120528293887, "width_q2": 1.6604008180269978, "width_q3": 2.1749614992550077, "width_max": 7.205076287204047}