{"data_name": "FiveCitiesPM25", "n_neighbors": 20, "level": 0.95, "random_state": 1824, "test_size": 0.2, "n": 21436, "d": 9, "oob_score": 0.6764204679471293, "test_score": 0.7096652213091827, "coverage": 0.9153451492537313, "width_mean": 1.7330464465529498, "width_sd": 1.1326486191787735, "width_min": 0.1966879851617528, "width_q1": 0.9526353075113867, "width_q2": 1.414209571234689, "width_q3": 2.1598472835364975, "width_max": 8.566761215595266}