{"data_name": "FiveCitiesPM25", "n_neighbors": 100, "level": 0.9, "random_state": 2286, "test_size": 0.2, "n": 21436, "d": 9, "oob_score": 0.6806731337250369, "test_score": 0.7083031098492133, "coverage": 0.914179104477612, "width_mean": 1.6012967694194216, "width_sd": 0.36498930108107586, "width_min": 0.5812807319161912, "width_q1": 1.3826999369227497, "width_q2": 1.5702258405975726, "width_q3": 1.6909831734017957, "width_max": 4.033930989843958}