{"data_name": "FiveCitiesPM25", "n_neighbors": 1000, "level": 0.95, "random_state": 9674, "test_size": 0.2, "n": 21436, "d": 9, "oob_score": 0.6888631962819065, "test_score": 0.6773749827579838, "coverage": 0.9419309701492538, "width_mean": 2.1549314278977882, "width_sd": 0.04851594369315105, "width_min": 2.115142863304825, "width_q1": 2.1210344269316974, "width_q2": 2.1390660363978524, "width_q3": 2.164139472750183, "width_max": 2.587782174667576}