{"data_name": "FiveCitiesPM25", "n_neighbors": 50, "level": 0.8, "random_state": 2286, "test_size": 0.2, "n": 21436, "d": 9, "oob_score": 0.6806731337250369, "test_score": 0.7083031098492133, "coverage": 0.7868470149253731, "width_mean": 0.9922934852069016, "width_sd": 0.46116058002655735, "width_min": 0.31184614311335623, "width_q1": 0.6900943035508407, "width_q2": 0.8642181293114917, "width_q3": 1.1402631018573128, "width_max": 4.079581821623581}