{"data_name": "FiveCitiesPM25", "n_neighbors": 100, "level": 0.9, "random_state": 4012, "test_size": 0.2, "n": 21436, "d": 9, "oob_score": 0.6858028302923238, "test_score": 0.684449222671289, "coverage": 0.8798973880597015, "width_mean": 1.3276838193489275, "width_sd": 0.3765547533699943, "width_min": 0.7523051145801647, "width_q1": 1.05447339361433, "width_q2": 1.2238061776018287, "width_q3": 1.5178452328171104, "width_max": 4.3636233078476785}