{"data_name": "FiveCitiesPM25", "n_neighbors": 5, "level": 0.8, "random_state": 4012, "test_size": 0.2, "n": 21436, "d": 9, "oob_score": 0.6858028302923238, "test_score": 0.684449222671289, "coverage": 0.6373600746268657, "width_mean": 0.860890294477847, "width_sd": 0.7679794352276366, "width_min": 0.03940831576511905, "width_q1": 0.3598072251422409, "width_q2": 0.6310101222092346, "width_q3": 1.0999377973304574, "width_max": 7.998006844623122}