{"data_name": "FiveCitiesPM25", "n_neighbors": 5000, "level": 0.8, "random_state": 409, "test_size": 0.2, "n": 21436, "d": 9, "oob_score": 0.6823888343709827, "test_score": 0.6932122511647159, "coverage": 0.7975746268656716, "width_mean": 1.0104452710038518, "width_sd": 0.0023711680775657827, "width_min": 1.0034390816848808, "width_q1": 1.009197884325457, "width_q2": 1.010100603510383, "width_q3": 1.0113261435282555, "width_max": 1.022472561373529}