{"data_name": "FiveCitiesPM25", "n_neighbors": "all", "level": 0.99, "random_state": 1679, "test_size": 0.2, "n": 21436, "d": 9, "oob_score": 0.683440142052867, "test_score": 0.6803927771340875, "coverage": 0.9918376865671642, "width_mean": 4.452590688179906, "width_sd": 1.3765482568702907e-16, "width_min": 4.452590688179905, "width_q1": 4.452590688179906, "width_q2": 4.452590688179906, "width_q3": 4.452590688179906, "width_max": 4.452590688179907}