{"data_name": "FiveCitiesPM25", "n_neighbors": 5000, "level": 0.99, "random_state": 1824, "test_size": 0.2, "n": 21436, "d": 9, "oob_score": 0.6764204679471293, "test_score": 0.7096652213091827, "coverage": 0.9934701492537313, "width_mean": 4.706317921527083, "width_sd": 0.009374691285249611, "width_min": 4.70413750025083, "width_q1": 4.70413750025083, "width_q2": 4.70413750025083, "width_q3": 4.70413750025083, "width_max": 4.942765518114019}