{"data_name": "FiveCitiesPM25", "n_neighbors": "auto", "level": 0.99, "random_state": 4506, "test_size": 0.2, "n": 21436, "d": 9, "oob_score": 0.6952012200643897, "test_score": 0.6705906561515811, "coverage": 0.9500932835820896, "width_mean": 2.10779409190874, "width_sd": 1.29498082398848, "width_min": 0.18112075466091238, "width_q1": 1.2127326526396982, "width_q2": 1.7876280467042336, "width_q3": 2.6613316922904082, "width_max": 10.794104583349169}