{"data_name": "FiveCitiesPM25", "n_neighbors": 20, "level": 0.95, "random_state": 4012, "test_size": 0.2, "n": 21436, "d": 9, "oob_score": 0.6858028302923238, "test_score": 0.684449222671289, "coverage": 0.917910447761194, "width_mean": 1.7320700635204602, "width_sd": 1.1117822669233395, "width_min": 0.22637834325944872, "width_q1": 0.9667366827179534, "width_q2": 1.4192422049760018, "width_q3": 2.162961722786804, "width_max": 8.859825010337026}