{"data_name": "FiveCitiesPM25", "n_neighbors": 20, "level": 0.9, "random_state": 1424, "test_size": 0.2, "n": 21436, "d": 9, "oob_score": 0.6822900535064258, "test_score": 0.7013912326538239, "coverage": 0.8682369402985075, "width_mean": 1.402261610363303, "width_sd": 0.9405547254618845, "width_min": 0.14951470127651634, "width_q1": 0.7782511429188788, "width_q2": 1.1234438338765829, "width_q3": 1.736933872622556, "width_max": 7.526635808228243}