{"data_name": "FiveCitiesPM25", "n_neighbors": 200, "level": 0.8, "random_state": 2286, "test_size": 0.2, "n": 21436, "d": 9, "oob_score": 0.6806731337250369, "test_score": 0.7083031098492133, "coverage": 0.8218283582089553, "width_mean": 1.0604765029254437, "width_sd": 0.13086732452284958, "width_min": 0.8023406257512105, "width_q1": 0.9655240446365152, "width_q2": 1.0220375509178217, "width_q3": 1.1181751611460484, "width_max": 1.6657173029131813}