{"data_name": "FiveCitiesPM25", "n_neighbors": "all", "level": 0.95, "random_state": 4506, "test_size": 0.2, "n": 21436, "d": 9, "oob_score": 0.6952012200643897, "test_score": 0.6705906561515811, "coverage": 0.9517257462686567, "width_mean": 2.3075163880697445, "width_sd": 3.9724019995253615e-16, "width_min": 2.307516388069744, "width_q1": 2.307516388069745, "width_q2": 2.307516388069745, "width_q3": 2.307516388069745, "width_max": 2.307516388069745}