{"data_name": "FiveCitiesPM25", "n_neighbors": 20, "level": 0.8, "random_state": 409, "test_size": 0.2, "n": 21436, "d": 9, "oob_score": 0.6823888343709827, "test_score": 0.6932122511647159, "coverage": 0.7768190298507462, "width_mean": 1.0740579828924988, "width_sd": 0.7544881621580941, "width_min": 0.11323324124806844, "width_q1": 0.5852504277119329, "width_q2": 0.8513310477738367, "width_q3": 1.2942447987277799, "width_max": 6.2694957807773415}