{"data_name": "FiveCitiesPM25", "n_neighbors": 10000, "level": 0.9, "random_state": 4012, "test_size": 0.2, "n": 21436, "d": 9, "oob_score": 0.6858028302923238, "test_score": 0.684449222671289, "coverage": 0.9011194029850746, "width_mean": 1.5933750392104316, "width_sd": 0.0026859768984191707, "width_min": 1.5881330482112967, "width_q1": 1.5921457425504626, "width_q2": 1.592543490862166, "width_q3": 1.5930827365059317, "width_max": 1.608340040744705}