{"data_name": "FiveCitiesPM25", "n_neighbors": 20, "level": 0.9, "random_state": 409, "test_size": 0.2, "n": 21436, "d": 9, "oob_score": 0.6823888343709827, "test_score": 0.6932122511647159, "coverage": 0.8640391791044776, "width_mean": 1.4200228465845732, "width_sd": 0.9806875530528556, "width_min": 0.1482421259549379, "width_q1": 0.7750709494330541, "width_q2": 1.1257456111303106, "width_q3": 1.7131420656434613, "width_max": 8.1010055433729}