{"data_name": "FiveCitiesPM25", "n_neighbors": "all", "level": 0.9, "random_state": 8935, "test_size": 0.2, "n": 21436, "d": 9, "oob_score": 0.6826837160727897, "test_score": 0.6874158594274229, "coverage": 0.9050839552238806, "width_mean": 1.6196080649139362, "width_sd": 1.9757533475273355e-16, "width_min": 1.6196080649139355, "width_q1": 1.619608064913936, "width_q2": 1.619608064913936, "width_q3": 1.6196080649139362, "width_max": 1.6196080649139368}