{"data_name": "FiveCitiesPM25", "n_neighbors": "auto", "level": 0.95, "random_state": 409, "test_size": 0.2, "n": 21436, "d": 9, "oob_score": 0.6823888343709827, "test_score": 0.6932122511647159, "coverage": 0.9260727611940298, "width_mean": 1.7977443783388114, "width_sd": 1.1805883174166174, "width_min": 0.13776740641140428, "width_q1": 1.0071776765008538, "width_q2": 1.4582016182635904, "width_q3": 2.2170615497246935, "width_max": 8.828900161930726}