{"data_name": "FiveCitiesPM25", "n_neighbors": 200, "level": 0.8, "random_state": 3657, "test_size": 0.2, "n": 21436, "d": 9, "oob_score": 0.6876111066304349, "test_score": 0.6875498891567873, "coverage": 0.8122667910447762, "width_mean": 1.077690386947033, "width_sd": 0.158545700914271, "width_min": 0.6960493963421579, "width_q1": 0.9523193042160578, "width_q2": 1.061032041770917, "width_q3": 1.1592536855289262, "width_max": 1.805624564855759}