{"data_name": "FiveCitiesPM25", "n_neighbors": 1000, "level": 0.9, "random_state": 8935, "test_size": 0.2, "n": 21436, "d": 9, "oob_score": 0.6826837160727897, "test_score": 0.6874158594274229, "coverage": 0.8952891791044776, "width_mean": 1.4984239073167842, "width_sd": 0.03532491946388172, "width_min": 1.439444369182459, "width_q1": 1.4861507769522986, "width_q2": 1.493779406126867, "width_q3": 1.515571044294603, "width_max": 1.6758332723132994}