{"data_name": "FiveCitiesPM25", "n_neighbors": "auto", "level": 0.8, "random_state": 1424, "test_size": 0.2, "n": 21436, "d": 9, "oob_score": 0.6822900535064258, "test_score": 0.7013912326538239, "coverage": 0.7866138059701493, "width_mean": 1.063844699367574, "width_sd": 0.7242839498148486, "width_min": 0.09914002975230507, "width_q1": 0.5968730813765395, "width_q2": 0.8676788563730056, "width_q3": 1.2842468843660009, "width_max": 6.683208789393135}