{"data_name": "FiveCitiesPM25", "n_neighbors": "all", "level": 0.8, "random_state": 8935, "test_size": 0.2, "n": 21436, "d": 9, "oob_score": 0.6826837160727897, "test_score": 0.6874158594274229, "coverage": 0.7954757462686567, "width_mean": 1.0308780706037022, "width_sd": 1.9957299681783119e-16, "width_min": 1.030878070603702, "width_q1": 1.0308780706037022, "width_q2": 1.0308780706037024, "width_q3": 1.0308780706037024, "width_max": 1.0308780706037028}