{"data_name": "FiveCitiesPM25", "n_neighbors": 10000, "level": 0.8, "random_state": 2286, "test_size": 0.2, "n": 21436, "d": 9, "oob_score": 0.6806731337250369, "test_score": 0.7083031098492133, "coverage": 0.8043376865671642, "width_mean": 1.0435573884982314, "width_sd": 0.0011889165876336075, "width_min": 1.0396081654163196, "width_q1": 1.0428670754911056, "width_q2": 1.0433301473820835, "width_q3": 1.0438232058382468, "width_max": 1.0504203374100847}