{"data_name": "FiveCitiesPM25", "n_neighbors": "all", "level": 0.9, "random_state": 3657, "test_size": 0.2, "n": 21436, "d": 9, "oob_score": 0.6876111066304349, "test_score": 0.6875498891567873, "coverage": 0.8966884328358209, "width_mean": 1.6076300931443392, "width_sd": 1.2384850027261756e-16, "width_min": 1.6076300931443388, "width_q1": 1.6076300931443392, "width_q2": 1.6076300931443392, "width_q3": 1.6076300931443395, "width_max": 1.6076300931443397}