{"data_name": "FiveCitiesPM25", "n_neighbors": 5, "level": 0.95, "random_state": 2286, "test_size": 0.2, "n": 21436, "d": 9, "oob_score": 0.6806731337250369, "test_score": 0.7083031098492133, "coverage": 0.7208488805970149, "width_mean": 1.0869885739259642, "width_sd": 0.9705931964181675, "width_min": 0.016100535500445212, "width_q1": 0.4583517960114659, "width_q2": 0.7973719428270974, "width_q3": 1.3633591302525323, "width_max": 8.385560710389335}