{"data_name": "FiveCitiesPM25", "n_neighbors": "auto", "level": 0.95, "random_state": 8935, "test_size": 0.2, "n": 21436, "d": 9, "oob_score": 0.6826837160727897, "test_score": 0.6874158594274229, "coverage": 0.9246735074626866, "width_mean": 1.7928729114919888, "width_sd": 1.168406203897115, "width_min": 0.22050977204344668, "width_q1": 0.9933690843764942, "width_q2": 1.4684882282363971, "width_q3": 2.236559546171022, "width_max": 8.96442116936742}