{"data_name": "FiveCitiesPM25", "n_neighbors": 500, "level": 0.99, "random_state": 1679, "test_size": 0.2, "n": 21436, "d": 9, "oob_score": 0.683440142052867, "test_score": 0.6803927771340875, "coverage": 0.9934701492537313, "width_mean": 4.728952990777497, "width_sd": 0.14983246581647863, "width_min": 4.266125266753669, "width_q1": 4.624372830524423, "width_q2": 4.697364996539443, "width_q3": 4.813163106489259, "width_max": 6.688022222244085}