{"data_name": "FiveCitiesPM25", "n_neighbors": "auto", "level": 0.8, "random_state": 1679, "test_size": 0.2, "n": 21436, "d": 9, "oob_score": 0.683440142052867, "test_score": 0.6803927771340875, "coverage": 0.7803171641791045, "width_mean": 1.0785946027664557, "width_sd": 0.7484359153662641, "width_min": 0.12114868423466352, "width_q1": 0.6083187860697903, "width_q2": 0.8691344541167496, "width_q3": 1.2811727298362412, "width_max": 9.168686712064638}