{"data_name": "FiveCitiesPM25", "n_neighbors": 2000, "level": 0.9, "random_state": 1679, "test_size": 0.2, "n": 21436, "d": 9, "oob_score": 0.683440142052867, "test_score": 0.6803927771340875, "coverage": 0.9095149253731343, "width_mean": 1.662159407265982, "width_sd": 0.016739624787037513, "width_min": 1.6407760565773555, "width_q1": 1.6515543334391238, "width_q2": 1.6529498778429708, "width_q3": 1.6678984122572544, "width_max": 1.7785736262137786}