{"data_name": "FiveCitiesPM25", "n_neighbors": 2000, "level": 0.8, "random_state": 9674, "test_size": 0.2, "n": 21436, "d": 9, "oob_score": 0.6888631962819065, "test_score": 0.6773749827579838, "coverage": 0.7784514925373134, "width_mean": 0.9513398279138042, "width_sd": 0.0071904861632703446, "width_min": 0.9330806991749103, "width_q1": 0.9471740421509192, "width_q2": 0.9497315590686248, "width_q3": 0.9542466827272635, "width_max": 1.0000820554335546}