{"data_name": "FiveCitiesPM25", "n_neighbors": 5, "level": 0.8, "random_state": 9674, "test_size": 0.2, "n": 21436, "d": 9, "oob_score": 0.6888631962819065, "test_score": 0.6773749827579838, "coverage": 0.6401585820895522, "width_mean": 0.865047475387982, "width_sd": 0.7659764527844677, "width_min": 0.035998444023407516, "width_q1": 0.3658449974764489, "width_q2": 0.6303611790247066, "width_q3": 1.076896182997858, "width_max": 7.029026084695812}