{"data_name": "FiveCitiesPM25", "n_neighbors": 1000, "level": 0.99, "random_state": 4012, "test_size": 0.2, "n": 21436, "d": 9, "oob_score": 0.6858028302923238, "test_score": 0.684449222671289, "coverage": 0.9902052238805971, "width_mean": 4.332566225669934, "width_sd": 0.12095728755492269, "width_min": 4.147240064607349, "width_q1": 4.24210216438488, "width_q2": 4.355325358947633, "width_q3": 4.355325358947633, "width_max": 5.5962943839434285}