{"data_name": "FiveCitiesPM25", "n_neighbors": 20, "level": 0.8, "random_state": 1824, "test_size": 0.2, "n": 21436, "d": 9, "oob_score": 0.6764204679471293, "test_score": 0.7096652213091827, "coverage": 0.7779850746268657, "width_mean": 1.0673818599747227, "width_sd": 0.7419912679056391, "width_min": 0.11941161378658227, "width_q1": 0.5935021297035565, "width_q2": 0.8689280913330953, "width_q3": 1.2929660539511205, "width_max": 7.063029017038456}