{"data_name": "FiveCitiesPM25", "n_neighbors": 20, "level": 0.99, "random_state": 3657, "test_size": 0.2, "n": 21436, "d": 9, "oob_score": 0.6876111066304349, "test_score": 0.6875498891567873, "coverage": 0.9398320895522388, "width_mean": 2.056941084689497, "width_sd": 1.3106311971453979, "width_min": 0.19308244868678337, "width_q1": 1.16281226706992, "width_q2": 1.7104915091666375, "width_q3": 2.5773828703885546, "width_max": 9.023076713827766}