{"data_name": "FiveCitiesPM25", "n_neighbors": 2000, "level": 0.9, "random_state": 1824, "test_size": 0.2, "n": 21436, "d": 9, "oob_score": 0.6764204679471293, "test_score": 0.7096652213091827, "coverage": 0.9041511194029851, "width_mean": 1.633982231543671, "width_sd": 0.02491691847927897, "width_min": 1.5769035514673702, "width_q1": 1.6122706145289116, "width_q2": 1.6420513892313355, "width_q3": 1.6485064914600003, "width_max": 1.742222083991186}