{"data_name": "FiveCitiesPM25", "n_neighbors": 10000, "level": 0.8, "random_state": 1679, "test_size": 0.2, "n": 21436, "d": 9, "oob_score": 0.683440142052867, "test_score": 0.6803927771340875, "coverage": 0.7964085820895522, "width_mean": 1.01626742408278, "width_sd": 0.001717929766534606, "width_min": 1.0126852108287818, "width_q1": 1.014860065698155, "width_q2": 1.0160301531658227, "width_q3": 1.0174635635691902, "width_max": 1.0225528450026857}