{"data_name": "FiveCitiesPM25", "n_neighbors": 5000, "level": 0.99, "random_state": 1424, "test_size": 0.2, "n": 21436, "d": 9, "oob_score": 0.6822900535064258, "test_score": 0.7013912326538239, "coverage": 0.992070895522388, "width_mean": 4.285272589810985, "width_sd": 0.011848284891040443, "width_min": 4.282363339050298, "width_q1": 4.282363339050298, "width_q2": 4.282363339050298, "width_q3": 4.282363339050299, "width_max": 4.446907306784123}