{"data_name": "FiveCitiesPM25", "n_neighbors": 10, "level": 0.8, "random_state": 9674, "test_size": 0.2, "n": 21436, "d": 9, "oob_score": 0.6888631962819065, "test_score": 0.6773749827579838, "coverage": 0.7385727611940298, "width_mean": 1.0117654153033997, "width_sd": 0.7851780178945629, "width_min": 0.08560856529798894, "width_q1": 0.49178655253416703, "width_q2": 0.7761457589663023, "width_q3": 1.2514423852435643, "width_max": 6.8071655902544155}