{"data_name": "FiveCitiesPM25", "n_neighbors": 10, "level": 0.9, "random_state": 1824, "test_size": 0.2, "n": 21436, "d": 9, "oob_score": 0.6764204679471293, "test_score": 0.7096652213091827, "coverage": 0.8292910447761194, "width_mean": 1.2909284300409858, "width_sd": 0.971789422955709, "width_min": 0.09321104221561538, "width_q1": 0.6449757010192123, "width_q2": 1.0102454262434326, "width_q3": 1.6042361715691584, "width_max": 8.332848974089769}