{"data_name": "FiveCitiesPM25", "n_neighbors": 100, "level": 0.8, "random_state": 1424, "test_size": 0.2, "n": 21436, "d": 9, "oob_score": 0.6822900535064258, "test_score": 0.7013912326538239, "coverage": 0.8013059701492538, "width_mean": 0.9997610821916091, "width_sd": 0.20310983928031473, "width_min": 0.524228619606823, "width_q1": 0.8549400134623664, "width_q2": 0.9794908978842344, "width_q3": 1.1099876747343456, "width_max": 2.4391397380134245}