{"data_name": "FiveCitiesPM25", "n_neighbors": 20, "level": 0.8, "random_state": 4506, "test_size": 0.2, "n": 21436, "d": 9, "oob_score": 0.6952012200643897, "test_score": 0.6705906561515811, "coverage": 0.7786847014925373, "width_mean": 1.1058639401212615, "width_sd": 0.7418456649989648, "width_min": 0.11028214164141303, "width_q1": 0.6190467924586135, "width_q2": 0.9066627515745785, "width_q3": 1.3783075043325559, "width_max": 6.85118180568605}