{"data_name": "FiveCitiesPM25", "n_neighbors": 200, "level": 0.99, "random_state": 409, "test_size": 0.2, "n": 21436, "d": 9, "oob_score": 0.6823888343709827, "test_score": 0.6932122511647159, "coverage": 0.9937033582089553, "width_mean": 4.084944839989087, "width_sd": 0.6353480117732032, "width_min": 3.7324237078845997, "width_q1": 3.7950780396222035, "width_q2": 3.7950780396222035, "width_q3": 3.89622558013244, "width_max": 8.795874358259779}