{"data_name": "FiveCitiesPM25", "n_neighbors": 5000, "level": 0.99, "random_state": 2286, "test_size": 0.2, "n": 21436, "d": 9, "oob_score": 0.6806731337250369, "test_score": 0.7083031098492133, "coverage": 0.9899720149253731, "width_mean": 4.232409025810767, "width_sd": 0.008476896405329152, "width_min": 4.195252963772024, "width_q1": 4.230236719396363, "width_q2": 4.2302367193963635, "width_q3": 4.2302367193963635, "width_max": 4.379343375044128}