{"data_name": "FiveCitiesPM25", "n_neighbors": "auto", "level": 0.9, "random_state": 409, "test_size": 0.2, "n": 21436, "d": 9, "oob_score": 0.6823888343709827, "test_score": 0.6932122511647159, "coverage": 0.8756996268656716, "width_mean": 1.468597813443858, "width_sd": 0.9894464271264343, "width_min": 0.12585859436495372, "width_q1": 0.8175576785887385, "width_q2": 1.1760429014496394, "width_q3": 1.788087537699219, "width_max": 8.1010055433729}