{"data_name": "FiveCitiesPM25", "n_neighbors": 1000, "level": 0.8, "random_state": 4506, "test_size": 0.2, "n": 21436, "d": 9, "oob_score": 0.6952012200643897, "test_score": 0.6705906561515811, "coverage": 0.784981343283582, "width_mean": 0.9916213006836225, "width_sd": 0.021428512372534358, "width_min": 0.9466061508325084, "width_q1": 0.9762637544665442, "width_q2": 0.9905904979646534, "width_q3": 1.0063541335359212, "width_max": 1.0734531125654097}