{"data_name": "FiveCitiesPM25", "n_neighbors": 10, "level": 0.8, "random_state": 4506, "test_size": 0.2, "n": 21436, "d": 9, "oob_score": 0.6952012200643897, "test_score": 0.6705906561515811, "coverage": 0.7213152985074627, "width_mean": 0.9939995930318208, "width_sd": 0.7756940034717928, "width_min": 0.06932809145345442, "width_q1": 0.49647485641561, "width_q2": 0.7726824551851718, "width_q3": 1.2219312323864875, "width_max": 6.753341734160294}