{"data_name": "FiveCitiesPM25", "n_neighbors": 5000, "level": 0.8, "random_state": 1424, "test_size": 0.2, "n": 21436, "d": 9, "oob_score": 0.6822900535064258, "test_score": 0.7013912326538239, "coverage": 0.7994402985074627, "width_mean": 1.0210157481962823, "width_sd": 0.002991908718666963, "width_min": 1.011819916142968, "width_q1": 1.017647471456773, "width_q2": 1.022179818588938, "width_q3": 1.0230521746501737, "width_max": 1.029932246048146}