{"data_name": "FiveCitiesPM25", "n_neighbors": 500, "level": 0.8, "random_state": 9674, "test_size": 0.2, "n": 21436, "d": 9, "oob_score": 0.6888631962819065, "test_score": 0.6773749827579838, "coverage": 0.7833488805970149, "width_mean": 0.9790084198252675, "width_sd": 0.034421213600252645, "width_min": 0.8993337430208251, "width_q1": 0.9535994527175171, "width_q2": 0.9797045026371334, "width_q3": 0.9967572953338489, "width_max": 1.1662343054416846}