{"data_name": "FiveCitiesPM25", "n_neighbors": "all", "level": 0.9, "random_state": 2286, "test_size": 0.2, "n": 21436, "d": 9, "oob_score": 0.6806731337250369, "test_score": 0.7083031098492133, "coverage": 0.9043843283582089, "width_mean": 1.6193604628663434, "width_sd": 2.5721587309720825e-16, "width_min": 1.6193604628663434, "width_q1": 1.6193604628663436, "width_q2": 1.6193604628663436, "width_q3": 1.6193604628663436, "width_max": 1.6193604628663438}