{"data_name": "FiveCitiesPM25", "n_neighbors": 20, "level": 0.99, "random_state": 8935, "test_size": 0.2, "n": 21436, "d": 9, "oob_score": 0.6826837160727897, "test_score": 0.6874158594274229, "coverage": 0.9316697761194029, "width_mean": 1.9854966254945456, "width_sd": 1.3270248667885045, "width_min": 0.23888125052100284, "width_q1": 1.0635295854158966, "width_q2": 1.6072123327247736, "width_q3": 2.5162370800755327, "width_max": 9.40833733791088}