{"data_name": "FiveCitiesPM25", "n_neighbors": 5000, "level": 0.99, "random_state": 4012, "test_size": 0.2, "n": 21436, "d": 9, "oob_score": 0.6858028302923238, "test_score": 0.684449222671289, "coverage": 0.9874067164179104, "width_mean": 4.234018178795219, "width_sd": 0.018441704494315918, "width_min": 4.2249283150159656, "width_q1": 4.2274548351946475, "width_q2": 4.2274548351946475, "width_q3": 4.2274548351946475, "width_max": 4.349402639606401}