{"data_name": "FiveCitiesPM25", "n_neighbors": 50, "level": 0.8, "random_state": 8935, "test_size": 0.2, "n": 21436, "d": 9, "oob_score": 0.6826837160727897, "test_score": 0.6874158594274229, "coverage": 0.784981343283582, "width_mean": 1.0054764371124258, "width_sd": 0.48839584693973165, "width_min": 0.22969227393243008, "width_q1": 0.6924474083927059, "width_q2": 0.8817962034086182, "width_q3": 1.1594173861255768, "width_max": 4.315431834592469}