{"data_name": "FiveCitiesPM25", "n_neighbors": 10000, "level": 0.99, "random_state": 1824, "test_size": 0.2, "n": 21436, "d": 9, "oob_score": 0.6764204679471293, "test_score": 0.7096652213091827, "coverage": 0.9934701492537313, "width_mean": 4.623246787890286, "width_sd": 0.004932648650060384, "width_min": 4.621187134635848, "width_q1": 4.621187134635848, "width_q2": 4.6228157135196835, "width_q3": 4.6228157135196835, "width_max": 4.684272275622936}