{"data_name": "FiveCitiesPM25", "n_neighbors": 5, "level": 0.99, "random_state": 1424, "test_size": 0.2, "n": 21436, "d": 9, "oob_score": 0.6822900535064258, "test_score": 0.7013912326538239, "coverage": 0.7355410447761194, "width_mean": 1.0941658333356135, "width_sd": 0.9628538741903211, "width_min": 0.03622128236026939, "width_q1": 0.46020092239239224, "width_q2": 0.8015174830246544, "width_q3": 1.3908182204529322, "width_max": 10.890171332165671}