{"data_name": "FiveCitiesPM25", "n_neighbors": 5, "level": 0.95, "random_state": 8935, "test_size": 0.2, "n": 21436, "d": 9, "oob_score": 0.6826837160727897, "test_score": 0.6874158594274229, "coverage": 0.7152518656716418, "width_mean": 1.0637694734233338, "width_sd": 0.9517833744071268, "width_min": 0.03733082542786237, "width_q1": 0.45163167906031754, "width_q2": 0.763278133135137, "width_q3": 1.3434329076093572, "width_max": 9.284175293120155}