{"data_name": "FiveCitiesPM25", "n_neighbors": 5, "level": 0.8, "random_state": 409, "test_size": 0.2, "n": 21436, "d": 9, "oob_score": 0.6823888343709827, "test_score": 0.6932122511647159, "coverage": 0.628964552238806, "width_mean": 0.8615513595794426, "width_sd": 0.7625759848937497, "width_min": 0.04629113747984531, "width_q1": 0.37253960119903196, "width_q2": 0.6235514944123168, "width_q3": 1.0648734607280634, "width_max": 6.237183795405619}