{"data_name": "FiveCitiesPM25", "n_neighbors": "all", "level": 0.8, "random_state": 1824, "test_size": 0.2, "n": 21436, "d": 9, "oob_score": 0.6764204679471293, "test_score": 0.7096652213091827, "coverage": 0.8001399253731343, "width_mean": 1.032657383151133, "width_sd": 3.28758328670301e-17, "width_min": 1.0326573831511325, "width_q1": 1.032657383151133, "width_q2": 1.032657383151133, "width_q3": 1.032657383151133, "width_max": 1.0326573831511334}