{"data_name": "FiveCitiesPM25", "n_neighbors": "all", "level": 0.99, "random_state": 9674, "test_size": 0.2, "n": 21436, "d": 9, "oob_score": 0.6888631962819065, "test_score": 0.6773749827579838, "coverage": 0.9890391791044776, "width_mean": 4.319060216334087, "width_sd": 8.361123277344475e-17, "width_min": 4.319060216334086, "width_q1": 4.319060216334087, "width_q2": 4.319060216334087, "width_q3": 4.319060216334087, "width_max": 4.319060216334088}