{"data_name": "FiveCitiesPM25", "n_neighbors": 200, "level": 0.99, "random_state": 1424, "test_size": 0.2, "n": 21436, "d": 9, "oob_score": 0.6822900535064258, "test_score": 0.7013912326538239, "coverage": 0.9930037313432836, "width_mean": 3.834897292354353, "width_sd": 0.3769312078887903, "width_min": 3.0126524806111687, "width_q1": 3.7534392769985225, "width_q2": 3.753439276998523, "width_q3": 3.7708264730531518, "width_max": 7.42014510455186}