{"data_name": "FiveCitiesPM25", "n_neighbors": 500, "level": 0.8, "random_state": 8935, "test_size": 0.2, "n": 21436, "d": 9, "oob_score": 0.6826837160727897, "test_score": 0.6874158594274229, "coverage": 0.8097014925373134, "width_mean": 1.057810133877765, "width_sd": 0.03551242328014298, "width_min": 0.9432671069093989, "width_q1": 1.0389783817326486, "width_q2": 1.0461505159569935, "width_q3": 1.0757986999679396, "width_max": 1.233421108704269}