{"data_name": "FiveCitiesPM25", "n_neighbors": "auto", "level": 0.8, "random_state": 1824, "test_size": 0.2, "n": 21436, "d": 9, "oob_score": 0.6764204679471293, "test_score": 0.7096652213091827, "coverage": 0.788945895522388, "width_mean": 1.0832390897646182, "width_sd": 0.7437126414751608, "width_min": 0.12575446691520875, "width_q1": 0.6029485882190814, "width_q2": 0.8845224619722296, "width_q3": 1.3230930416693627, "width_max": 7.2271471972560155}