{"data_name": "FiveCitiesPM25", "n_neighbors": 5000, "level": 0.99, "random_state": 409, "test_size": 0.2, "n": 21436, "d": 9, "oob_score": 0.6823888343709827, "test_score": 0.6932122511647159, "coverage": 0.9890391791044776, "width_mean": 4.284911807424563, "width_sd": 0.02002411644628845, "width_min": 4.247255412415845, "width_q1": 4.281464417727351, "width_q2": 4.281464417727351, "width_q3": 4.281464417727351, "width_max": 4.5271323312191445}