{"data_name": "FiveCitiesPM25", "n_neighbors": 1000, "level": 0.8, "random_state": 1424, "test_size": 0.2, "n": 21436, "d": 9, "oob_score": 0.6822900535064258, "test_score": 0.7013912326538239, "coverage": 0.808535447761194, "width_mean": 1.056629541760949, "width_sd": 0.018202299296972257, "width_min": 1.0258914489740962, "width_q1": 1.043187991164106, "width_q2": 1.0524264343781622, "width_q3": 1.0638253340531887, "width_max": 1.1823280210766351}