{"data_name": "FiveCitiesPM25", "n_neighbors": 10000, "level": 0.99, "random_state": 409, "test_size": 0.2, "n": 21436, "d": 9, "oob_score": 0.6823888343709827, "test_score": 0.6932122511647159, "coverage": 0.9906716417910447, "width_mean": 4.435899057666213, "width_sd": 0.004060511703847136, "width_min": 4.397187082070689, "width_q1": 4.4349021238576505, "width_q2": 4.4349021238576505, "width_q3": 4.4349021238576505, "width_max": 4.478639990601009}