{"data_name": "FiveCitiesPM25", "n_neighbors": 1000, "level": 0.99, "random_state": 8935, "test_size": 0.2, "n": 21436, "d": 9, "oob_score": 0.6826837160727897, "test_score": 0.6874158594274229, "coverage": 0.9850746268656716, "width_mean": 3.655559036242514, "width_sd": 0.23915526036159207, "width_min": 3.503177872971795, "width_q1": 3.5450629802163918, "width_q2": 3.5450629802163918, "width_q3": 3.6378738938789685, "width_max": 5.629555932525397}