{"data_name": "FiveCitiesPM25", "n_neighbors": 2000, "level": 0.99, "random_state": 2286, "test_size": 0.2, "n": 21436, "d": 9, "oob_score": 0.6806731337250369, "test_score": 0.7083031098492133, "coverage": 0.9906716417910447, "width_mean": 4.290979425324163, "width_sd": 0.07022385432591029, "width_min": 4.273739610224741, "width_q1": 4.273739610224741, "width_q2": 4.273739610224741, "width_q3": 4.273739610224742, "width_max": 5.254959828231415}