{"data_name": "FiveCitiesPM25", "n_neighbors": 10, "level": 0.95, "random_state": 409, "test_size": 0.2, "n": 21436, "d": 9, "oob_score": 0.6823888343709827, "test_score": 0.6932122511647159, "coverage": 0.8481809701492538, "width_mean": 1.443198027508186, "width_sd": 1.0843963445762277, "width_min": 0.12902879512083132, "width_q1": 0.7141799740816713, "width_q2": 1.1185897490079926, "width_q3": 1.8149398598128563, "width_max": 8.750428093039233}