{"data_name": "FiveCitiesPM25", "n_neighbors": 100, "level": 0.9, "random_state": 1679, "test_size": 0.2, "n": 21436, "d": 9, "oob_score": 0.683440142052867, "test_score": 0.6803927771340875, "coverage": 0.9069496268656716, "width_mean": 1.6481715327351947, "width_sd": 0.41788809371458685, "width_min": 0.9022076488045558, "width_q1": 1.3472603785375648, "width_q2": 1.464121890426843, "width_q3": 1.9901040109860801, "width_max": 4.016909391385136}