{"data_name": "FiveCitiesPM25", "n_neighbors": 10000, "level": 0.9, "random_state": 2286, "test_size": 0.2, "n": 21436, "d": 9, "oob_score": 0.6806731337250369, "test_score": 0.7083031098492133, "coverage": 0.9083488805970149, "width_mean": 1.6436096620026472, "width_sd": 0.002388602830860897, "width_min": 1.6389595741036573, "width_q1": 1.6423725563490152, "width_q2": 1.6423725563490155, "width_q3": 1.6453653340922516, "width_max": 1.6587092077924277}