{"data_name": "FiveCitiesPM25", "n_neighbors": 5, "level": 0.99, "random_state": 8935, "test_size": 0.2, "n": 21436, "d": 9, "oob_score": 0.6826837160727897, "test_score": 0.6874158594274229, "coverage": 0.730643656716418, "width_mean": 1.1174174924916178, "width_sd": 1.0009560332980887, "width_min": 0.03961236842700644, "width_q1": 0.47220285476988055, "width_q2": 0.8051405673440077, "width_q3": 1.413458407848767, "width_max": 9.515809355655884}