{"data_name": "FiveCitiesPM25", "n_neighbors": 2000, "level": 0.99, "random_state": 9674, "test_size": 0.2, "n": 21436, "d": 9, "oob_score": 0.6888631962819065, "test_score": 0.6773749827579838, "coverage": 0.9867070895522388, "width_mean": 4.003581744451898, "width_sd": 0.039846125788700094, "width_min": 3.953633833507366, "width_q1": 3.97183062011727, "width_q2": 3.9969281398095258, "width_q3": 3.996928139809526, "width_max": 4.564582357132808}