{"data_name": "FiveCitiesPM25", "n_neighbors": "auto", "level": 0.99, "random_state": 1424, "test_size": 0.2, "n": 21436, "d": 9, "oob_score": 0.6822900535064258, "test_score": 0.7013912326538239, "coverage": 0.953125, "width_mean": 2.1376570506178942, "width_sd": 1.3398678399245505, "width_min": 0.17843892998701194, "width_q1": 1.2004066422491944, "width_q2": 1.771945583574639, "width_q3": 2.7357805285702903, "width_max": 10.665188289696813}