{"data_name": "FiveCitiesPM25", "n_neighbors": 200, "level": 0.95, "random_state": 1679, "test_size": 0.2, "n": 21436, "d": 9, "oob_score": 0.683440142052867, "test_score": 0.6803927771340875, "coverage": 0.9692164179104478, "width_mean": 2.5002322715498866, "width_sd": 0.25231068898433034, "width_min": 1.946436531868667, "width_q1": 2.3534215549184947, "width_q2": 2.4024996422102376, "width_q3": 2.55752371942242, "width_max": 4.52115331565888}