{"data_name": "FiveCitiesPM25", "n_neighbors": "all", "level": 0.9, "random_state": 1824, "test_size": 0.2, "n": 21436, "d": 9, "oob_score": 0.6764204679471293, "test_score": 0.7096652213091827, "coverage": 0.8992537313432836, "width_mean": 1.6108336693037537, "width_sd": 1.214580111377805e-16, "width_min": 1.6108336693037533, "width_q1": 1.6108336693037537, "width_q2": 1.6108336693037537, "width_q3": 1.6108336693037537, "width_max": 1.6108336693037542}