{"data_name": "FiveCitiesPM25", "n_neighbors": 10, "level": 0.9, "random_state": 409, "test_size": 0.2, "n": 21436, "d": 9, "oob_score": 0.6823888343709827, "test_score": 0.6932122511647159, "coverage": 0.820429104477612, "width_mean": 1.295398197727072, "width_sd": 0.9734191017381956, "width_min": 0.12295062502529275, "width_q1": 0.6468629385044926, "width_q2": 1.001078025819091, "width_q3": 1.6173985670172084, "width_max": 8.233785980853215}