{"data_name": "FiveCitiesPM25", "n_neighbors": 2000, "level": 0.8, "random_state": 8935, "test_size": 0.2, "n": 21436, "d": 9, "oob_score": 0.6826837160727897, "test_score": 0.6874158594274229, "coverage": 0.7919776119402985, "width_mean": 1.0072112266283564, "width_sd": 0.006042932256732534, "width_min": 0.9914878402475178, "width_q1": 1.0027232969727273, "width_q2": 1.006400017466084, "width_q3": 1.010859978678605, "width_max": 1.0374620271079578}