{"data_name": "FiveCitiesPM25", "n_neighbors": "auto", "level": 0.9, "random_state": 3657, "test_size": 0.2, "n": 21436, "d": 9, "oob_score": 0.6876111066304349, "test_score": 0.6875498891567873, "coverage": 0.882695895522388, "width_mean": 1.4895276762741325, "width_sd": 0.9842933207132103, "width_min": 0.15226799058925522, "width_q1": 0.8366947638599822, "width_q2": 1.2224613221546183, "width_q3": 1.824138965458251, "width_max": 7.922724937315044}