{"data_name": "FiveCitiesPM25", "n_neighbors": 50, "level": 0.95, "random_state": 1824, "test_size": 0.2, "n": 21436, "d": 9, "oob_score": 0.6764204679471293, "test_score": 0.7096652213091827, "coverage": 0.9368003731343284, "width_mean": 1.8582254381210799, "width_sd": 0.8388258521660873, "width_min": 0.475955134212116, "width_q1": 1.262133073237334, "width_q2": 1.659980492232672, "width_q3": 2.1144317168946287, "width_max": 7.628148785100681}