{"data_name": "FiveCitiesPM25", "n_neighbors": 10, "level": 0.99, "random_state": 4012, "test_size": 0.2, "n": 21436, "d": 9, "oob_score": 0.6858028302923238, "test_score": 0.684449222671289, "coverage": 0.8708022388059702, "width_mean": 1.5741705172649523, "width_sd": 1.1690210621569825, "width_min": 0.10765091417866077, "width_q1": 0.7752380709866287, "width_q2": 1.2533956092724021, "width_q3": 1.983651781385701, "width_max": 9.223675096078045}