{"data_name": "FiveCitiesPM25", "n_neighbors": 10000, "level": 0.8, "random_state": 409, "test_size": 0.2, "n": 21436, "d": 9, "oob_score": 0.6823888343709827, "test_score": 0.6932122511647159, "coverage": 0.8036380597014925, "width_mean": 1.0408886851359487, "width_sd": 0.0011024417021296621, "width_min": 1.0373711068785134, "width_q1": 1.0399846018006365, "width_q2": 1.0410056217236805, "width_q3": 1.0419876252904348, "width_max": 1.0466935144229954}