{"data_name": "FiveCitiesPM25", "n_neighbors": 1000, "level": 0.95, "random_state": 2286, "test_size": 0.2, "n": 21436, "d": 9, "oob_score": 0.6806731337250369, "test_score": 0.7083031098492133, "coverage": 0.9545242537313433, "width_mean": 2.369893705206064, "width_sd": 0.07436404712270822, "width_min": 2.206178558995661, "width_q1": 2.3215353291335195, "width_q2": 2.3456275097770902, "width_q3": 2.3684792521023716, "width_max": 2.8068576059855443}