{"data_name": "FiveCitiesPM25", "n_neighbors": 5000, "level": 0.95, "random_state": 1824, "test_size": 0.2, "n": 21436, "d": 9, "oob_score": 0.6764204679471293, "test_score": 0.7096652213091827, "coverage": 0.9470615671641791, "width_mean": 2.310892226518387, "width_sd": 0.006358668917998088, "width_min": 2.307136772828791, "width_q1": 2.3071367728287915, "width_q2": 2.3081205588254754, "width_q3": 2.3111943038331777, "width_max": 2.381103540561959}