{"data_name": "FiveCitiesPM25", "n_neighbors": 20, "level": 0.9, "random_state": 4012, "test_size": 0.2, "n": 21436, "d": 9, "oob_score": 0.6858028302923238, "test_score": 0.684449222671289, "coverage": 0.8684701492537313, "width_mean": 1.4117855151707817, "width_sd": 0.9462323971573914, "width_min": 0.20018161459852213, "width_q1": 0.7775458791252745, "width_q2": 1.137844333348399, "width_q3": 1.757325840252439, "width_max": 8.731903627268245}