{"data_name": "FiveCitiesPM25", "n_neighbors": 500, "level": 0.9, "random_state": 2286, "test_size": 0.2, "n": 21436, "d": 9, "oob_score": 0.6806731337250369, "test_score": 0.7083031098492133, "coverage": 0.9106809701492538, "width_mean": 1.6286598678923985, "width_sd": 0.06489861987856071, "width_min": 1.5321732289219945, "width_q1": 1.5874537359415548, "width_q2": 1.6146364496955812, "width_q3": 1.6535718289880306, "width_max": 1.9624223867313066}