{"data_name": "FiveCitiesPM25", "n_neighbors": 200, "level": 0.8, "random_state": 4506, "test_size": 0.2, "n": 21436, "d": 9, "oob_score": 0.6952012200643897, "test_score": 0.6705906561515811, "coverage": 0.8118003731343284, "width_mean": 1.0524847471635284, "width_sd": 0.11653718213072235, "width_min": 0.7094811010442108, "width_q1": 0.9806696056674814, "width_q2": 1.041216024833444, "width_q3": 1.0985694211868196, "width_max": 1.9149043760519375}