{"data_name": "FiveCitiesPM25", "n_neighbors": 2000, "level": 0.9, "random_state": 9674, "test_size": 0.2, "n": 21436, "d": 9, "oob_score": 0.6888631962819065, "test_score": 0.6773749827579838, "coverage": 0.8885261194029851, "width_mean": 1.490291033887169, "width_sd": 0.023401719772942607, "width_min": 1.4477539091347404, "width_q1": 1.4692327596499672, "width_q2": 1.4892038773353722, "width_q3": 1.503701687029114, "width_max": 1.6051295276287945}