{"data_name": "FiveCitiesPM25", "n_neighbors": 50, "level": 0.95, "random_state": 4506, "test_size": 0.2, "n": 21436, "d": 9, "oob_score": 0.6952012200643897, "test_score": 0.6705906561515811, "coverage": 0.961054104477612, "width_mean": 2.3628599675604858, "width_sd": 0.7546680560679498, "width_min": 0.4884749412865659, "width_q1": 2.08607245162532, "width_q2": 2.249115967722299, "width_q3": 2.5964166865596057, "width_max": 7.945244326879983}