{"data_name": "FiveCitiesPM25", "n_neighbors": 5, "level": 0.9, "random_state": 4012, "test_size": 0.2, "n": 21436, "d": 9, "oob_score": 0.6858028302923238, "test_score": 0.684449222671289, "coverage": 0.6940298507462687, "width_mean": 0.9977985087704414, "width_sd": 0.8884303307502329, "width_min": 0.04416713794804661, "width_q1": 0.4175073354475491, "width_q2": 0.7278538761981501, "width_q3": 1.265261828526388, "width_max": 8.358222531573642}