{"data_name": "FiveCitiesPM25", "n_neighbors": 10000, "level": 0.95, "random_state": 9674, "test_size": 0.2, "n": 21436, "d": 9, "oob_score": 0.6888631962819065, "test_score": 0.6773749827579838, "coverage": 0.9489272388059702, "width_mean": 2.295968919227418, "width_sd": 0.0029905983087276508, "width_min": 2.289956282363116, "width_q1": 2.2939122402285914, "width_q2": 2.2957351153681094, "width_q3": 2.297748497852549, "width_max": 2.310309460286342}