{"data_name": "FiveCitiesPM25", "n_neighbors": 10000, "level": 0.95, "random_state": 4506, "test_size": 0.2, "n": 21436, "d": 9, "oob_score": 0.6952012200643897, "test_score": 0.6705906561515811, "coverage": 0.9519589552238806, "width_mean": 2.319818749850428, "width_sd": 0.003929061106541706, "width_min": 2.3070054747973057, "width_q1": 2.3162302665356127, "width_q2": 2.3190532340923555, "width_q3": 2.3223269355334217, "width_max": 2.340516915144181}