{"data_name": "FiveCitiesPM25", "n_neighbors": 20, "level": 0.9, "random_state": 2286, "test_size": 0.2, "n": 21436, "d": 9, "oob_score": 0.6806731337250369, "test_score": 0.7083031098492133, "coverage": 0.8684701492537313, "width_mean": 1.4388143653330026, "width_sd": 0.9606317839572719, "width_min": 0.16944496202280646, "width_q1": 0.7960134296598723, "width_q2": 1.1750697374757841, "width_q3": 1.7658871799404552, "width_max": 7.5552998411417285}