{"data_name": "FiveCitiesPM25", "n_neighbors": "all", "level": 0.9, "random_state": 4506, "test_size": 0.2, "n": 21436, "d": 9, "oob_score": 0.6952012200643897, "test_score": 0.6705906561515811, "coverage": 0.8994869402985075, "width_mean": 1.6169780014475097, "width_sd": 4.020163455376469e-16, "width_min": 1.6169780014475088, "width_q1": 1.6169780014475092, "width_q2": 1.6169780014475092, "width_q3": 1.6169780014475092, "width_max": 1.6169780014475101}