{"data_name": "FiveCitiesPM25", "n_neighbors": "auto", "level": 0.99, "random_state": 2286, "test_size": 0.2, "n": 21436, "d": 9, "oob_score": 0.6806731337250369, "test_score": 0.7083031098492133, "coverage": 0.9556902985074627, "width_mean": 2.183756323196244, "width_sd": 1.3666867518587402, "width_min": 0.1954339150362014, "width_q1": 1.229752366398439, "width_q2": 1.8220032250068088, "width_q3": 2.807342361242127, "width_max": 9.393862847675999}