{"data_name": "FiveCitiesPM25", "n_neighbors": 20, "level": 0.95, "random_state": 4506, "test_size": 0.2, "n": 21436, "d": 9, "oob_score": 0.6952012200643897, "test_score": 0.6705906561515811, "coverage": 0.913945895522388, "width_mean": 1.7997206293509178, "width_sd": 1.089299954346262, "width_min": 0.2086098837339121, "width_q1": 1.0281090054191646, "width_q2": 1.5303569347787007, "width_q3": 2.318279446044043, "width_max": 8.844802823793625}