{"data_name": "FiveCitiesPM25", "n_neighbors": 200, "level": 0.99, "random_state": 9674, "test_size": 0.2, "n": 21436, "d": 9, "oob_score": 0.6888631962819065, "test_score": 0.6773749827579838, "coverage": 0.9888059701492538, "width_mean": 3.8310345463722797, "width_sd": 0.31316406636536276, "width_min": 3.7366727702839126, "width_q1": 3.7366727702839126, "width_q2": 3.7366727702839126, "width_q3": 3.759628513610132, "width_max": 7.850230395320086}