{"data_name": "FiveCitiesPM25", "n_neighbors": 200, "level": 0.9, "random_state": 8935, "test_size": 0.2, "n": 21436, "d": 9, "oob_score": 0.6826837160727897, "test_score": 0.6874158594274229, "coverage": 0.9267723880597015, "width_mean": 1.7545442807682787, "width_sd": 0.17961367293842653, "width_min": 1.456592312349125, "width_q1": 1.6234600362106513, "width_q2": 1.7213566951942227, "width_q3": 1.8266855016715906, "width_max": 2.9371982804979635}