{"data_name": "FiveCitiesPM25", "n_neighbors": 2000, "level": 0.95, "random_state": 1679, "test_size": 0.2, "n": 21436, "d": 9, "oob_score": 0.683440142052867, "test_score": 0.6803927771340875, "coverage": 0.9612873134328358, "width_mean": 2.5117688294270955, "width_sd": 0.03458788869142321, "width_min": 2.4729342395139633, "width_q1": 2.4896959218922063, "width_q2": 2.508337087534413, "width_q3": 2.513128842651769, "width_max": 2.747452268421549}