{"data_name": "FiveCitiesPM25", "n_neighbors": 20, "level": 0.95, "random_state": 409, "test_size": 0.2, "n": 21436, "d": 9, "oob_score": 0.6823888343709827, "test_score": 0.6932122511647159, "coverage": 0.9113805970149254, "width_mean": 1.7426116621816565, "width_sd": 1.1549450759337316, "width_min": 0.19634591559540926, "width_q1": 0.9594961217622738, "width_q2": 1.3945133857918532, "width_q3": 2.156769500274873, "width_max": 8.828900161930726}