{"data_name": "FiveCitiesPM25", "n_neighbors": 2000, "level": 0.9, "random_state": 4506, "test_size": 0.2, "n": 21436, "d": 9, "oob_score": 0.6952012200643897, "test_score": 0.6705906561515811, "coverage": 0.8845615671641791, "width_mean": 1.4906600500335545, "width_sd": 0.01823395042405691, "width_min": 1.4687498194049333, "width_q1": 1.4739987926344686, "width_q2": 1.4826242006090826, "width_q3": 1.5019950221699276, "width_max": 1.5638232764073572}