{"data_name": "FiveCitiesPM25", "n_neighbors": 200, "level": 0.95, "random_state": 8935, "test_size": 0.2, "n": 21436, "d": 9, "oob_score": 0.6826837160727897, "test_score": 0.6874158594274229, "coverage": 0.9582555970149254, "width_mean": 2.3318648028879445, "width_sd": 0.25208708377897293, "width_min": 1.9916691606407402, "width_q1": 2.1497026429976063, "width_q2": 2.2344833420397734, "width_q3": 2.3903231983082063, "width_max": 4.403502733230292}