{"data_name": "FiveCitiesPM25", "n_neighbors": 200, "level": 0.9, "random_state": 1824, "test_size": 0.2, "n": 21436, "d": 9, "oob_score": 0.6764204679471293, "test_score": 0.7096652213091827, "coverage": 0.9246735074626866, "width_mean": 1.7899936560571685, "width_sd": 0.2136807763150835, "width_min": 1.2666153910222495, "width_q1": 1.7093035112684674, "width_q2": 1.7378374474291285, "width_q3": 1.871839705092376, "width_max": 2.844789509637509}