{"data_name": "FiveCitiesPM25", "n_neighbors": 500, "level": 0.95, "random_state": 8935, "test_size": 0.2, "n": 21436, "d": 9, "oob_score": 0.6826837160727897, "test_score": 0.6874158594274229, "coverage": 0.9582555970149254, "width_mean": 2.3638641085935355, "width_sd": 0.13946797952021742, "width_min": 2.152980410681052, "width_q1": 2.2811398284708124, "width_q2": 2.320848339212571, "width_q3": 2.392115649770866, "width_max": 3.167898216176235}