{"data_name": "FiveCitiesPM25", "n_neighbors": "auto", "level": 0.99, "random_state": 409, "test_size": 0.2, "n": 21436, "d": 9, "oob_score": 0.6823888343709827, "test_score": 0.6932122511647159, "coverage": 0.9484608208955224, "width_mean": 2.1678474388465605, "width_sd": 1.398430638452649, "width_min": 0.1472944560485645, "width_q1": 1.1969033704959935, "width_q2": 1.7637129555637832, "width_q3": 2.760013568387401, "width_max": 9.800187782263206}