{"data_name": "FiveCitiesPM25", "n_neighbors": "all", "level": 0.95, "random_state": 409, "test_size": 0.2, "n": 21436, "d": 9, "oob_score": 0.6823888343709827, "test_score": 0.6932122511647159, "coverage": 0.9489272388059702, "width_mean": 2.3222366157348335, "width_sd": 1.0893129979610735e-16, "width_min": 2.322236615734833, "width_q1": 2.3222366157348335, "width_q2": 2.3222366157348335, "width_q3": 2.3222366157348335, "width_max": 2.322236615734834}