{"data_name": "FiveCitiesPM25", "n_neighbors": 500, "level": 0.8, "random_state": 1424, "test_size": 0.2, "n": 21436, "d": 9, "oob_score": 0.6822900535064258, "test_score": 0.7013912326538239, "coverage": 0.8113339552238806, "width_mean": 1.056979222010622, "width_sd": 0.03835844418417026, "width_min": 0.9574524150959383, "width_q1": 1.037665158079132, "width_q2": 1.0556331194290474, "width_q3": 1.0804535323831888, "width_max": 1.2357904246351046}