{"data_name": "FiveCitiesPM25", "n_neighbors": 10000, "level": 0.9, "random_state": 1679, "test_size": 0.2, "n": 21436, "d": 9, "oob_score": 0.683440142052867, "test_score": 0.6803927771340875, "coverage": 0.9071828358208955, "width_mean": 1.6378613436557963, "width_sd": 0.0029969049305182656, "width_min": 1.6348128610826869, "width_q1": 1.6362369815643443, "width_q2": 1.6366124964784594, "width_q3": 1.6374019690310508, "width_max": 1.6537280973547333}