{"data_name": "FiveCitiesPM25", "n_neighbors": 200, "level": 0.8, "random_state": 409, "test_size": 0.2, "n": 21436, "d": 9, "oob_score": 0.6823888343709827, "test_score": 0.6932122511647159, "coverage": 0.8143656716417911, "width_mean": 1.063823495150506, "width_sd": 0.09676945162964082, "width_min": 0.7341014743252302, "width_q1": 1.0124743111969863, "width_q2": 1.045072767277433, "width_q3": 1.0885973505103501, "width_max": 1.7637094009374565}