{"data_name": "FiveCitiesPM25", "n_neighbors": 10, "level": 0.95, "random_state": 8935, "test_size": 0.2, "n": 21436, "d": 9, "oob_score": 0.6826837160727897, "test_score": 0.6874158594274229, "coverage": 0.8563432835820896, "width_mean": 1.4515645595523776, "width_sd": 1.0923925920960993, "width_min": 0.09347970136428696, "width_q1": 0.7183586883894076, "width_q2": 1.1305653025206865, "width_q3": 1.8136667959861341, "width_max": 8.922247070408078}