{"data_name": "FiveCitiesPM25", "n_neighbors": 2000, "level": 0.95, "random_state": 3657, "test_size": 0.2, "n": 21436, "d": 9, "oob_score": 0.6876111066304349, "test_score": 0.6875498891567873, "coverage": 0.9440298507462687, "width_mean": 2.224107005017065, "width_sd": 0.030216575028163387, "width_min": 2.167233717393219, "width_q1": 2.19628441819812, "width_q2": 2.219526076227042, "width_q3": 2.2408516647499654, "width_max": 2.3607549957528393}