{"data_name": "FiveCitiesPM25", "n_neighbors": 5000, "level": 0.8, "random_state": 3657, "test_size": 0.2, "n": 21436, "d": 9, "oob_score": 0.6876111066304349, "test_score": 0.6875498891567873, "coverage": 0.7926772388059702, "width_mean": 1.017785679148344, "width_sd": 0.002249273606597384, "width_min": 1.012568310714748, "width_q1": 1.0164113472915668, "width_q2": 1.0173191171045097, "width_q3": 1.018864333139906, "width_max": 1.0313169803384432}