{"data_name": "FiveCitiesPM25", "n_neighbors": 10, "level": 0.95, "random_state": 3657, "test_size": 0.2, "n": 21436, "d": 9, "oob_score": 0.6876111066304349, "test_score": 0.6875498891567873, "coverage": 0.8542444029850746, "width_mean": 1.469125977204201, "width_sd": 1.0972053640325299, "width_min": 0.11796000373116311, "width_q1": 0.723852918681302, "width_q2": 1.160556118737302, "width_q3": 1.8183142839174007, "width_max": 8.34290484981814}