{"data_name": "FiveCitiesPM25", "n_neighbors": 10, "level": 0.8, "random_state": 4012, "test_size": 0.2, "n": 21436, "d": 9, "oob_score": 0.6858028302923238, "test_score": 0.684449222671289, "coverage": 0.7320429104477612, "width_mean": 1.0018320607469493, "width_sd": 0.7753584014375332, "width_min": 0.07953394684566895, "width_q1": 0.4944477087178437, "width_q2": 0.7772256528485846, "width_q3": 1.2606258615474366, "width_max": 7.1094177446217905}