{"data_name": "FiveCitiesPM25", "n_neighbors": 2000, "level": 0.9, "random_state": 409, "test_size": 0.2, "n": 21436, "d": 9, "oob_score": 0.6823888343709827, "test_score": 0.6932122511647159, "coverage": 0.8957555970149254, "width_mean": 1.6053062245953018, "width_sd": 0.013668720157366795, "width_min": 1.5632008455723958, "width_q1": 1.592353397204045, "width_q2": 1.6037110459154245, "width_q3": 1.6128344293723902, "width_max": 1.6952093711695888}