{"data_name": "FiveCitiesPM25", "n_neighbors": 2000, "level": 0.95, "random_state": 1424, "test_size": 0.2, "n": 21436, "d": 9, "oob_score": 0.6822900535064258, "test_score": 0.7013912326538239, "coverage": 0.949160447761194, "width_mean": 2.2452874361353787, "width_sd": 0.02760705398733679, "width_min": 2.2085263816147735, "width_q1": 2.2261954384678653, "width_q2": 2.2371864110652013, "width_q3": 2.2530826821985332, "width_max": 2.4662485055568606}