{"data_name": "FiveCitiesPM25", "n_neighbors": 5, "level": 0.8, "random_state": 4506, "test_size": 0.2, "n": 21436, "d": 9, "oob_score": 0.6952012200643897, "test_score": 0.6705906561515811, "coverage": 0.6303638059701493, "width_mean": 0.8481047492238046, "width_sd": 0.7561662079695486, "width_min": 0.04673656875051746, "width_q1": 0.3654033842863354, "width_q2": 0.6236271366336874, "width_q3": 1.063389312884044, "width_max": 7.649049753893211}