{"data_name": "FiveCitiesPM25", "n_neighbors": 5, "level": 0.95, "random_state": 1679, "test_size": 0.2, "n": 21436, "d": 9, "oob_score": 0.683440142052867, "test_score": 0.6803927771340875, "coverage": 0.7131529850746269, "width_mean": 1.0816049969027133, "width_sd": 0.9795724963682144, "width_min": 0.02400485618840542, "width_q1": 0.45070836154683314, "width_q2": 0.7758215882162227, "width_q3": 1.3725508475950337, "width_max": 11.269122106168355}