{"data_name": "FiveCitiesPM25", "n_neighbors": 100, "level": 0.95, "random_state": 1679, "test_size": 0.2, "n": 21436, "d": 9, "oob_score": 0.683440142052867, "test_score": 0.6803927771340875, "coverage": 0.9540578358208955, "width_mean": 2.277602338382354, "width_sd": 0.4015766169980873, "width_min": 1.1265581612853164, "width_q1": 2.063811312541972, "width_q2": 2.163487176429499, "width_q3": 2.315431953527399, "width_max": 6.454610470169543}