{"data_name": "FiveCitiesPM25", "n_neighbors": 200, "level": 0.95, "random_state": 1424, "test_size": 0.2, "n": 21436, "d": 9, "oob_score": 0.6822900535064258, "test_score": 0.7013912326538239, "coverage": 0.9591884328358209, "width_mean": 2.1622332303746896, "width_sd": 0.366383492251979, "width_min": 1.6085283463165978, "width_q1": 1.983844963133289, "width_q2": 2.0324354054841964, "width_q3": 2.1895121434376605, "width_max": 4.194534519533066}