{"data_name": "FiveCitiesPM25", "n_neighbors": 5, "level": 0.95, "random_state": 4012, "test_size": 0.2, "n": 21436, "d": 9, "oob_score": 0.6858028302923238, "test_score": 0.684449222671289, "coverage": 0.7180503731343284, "width_mean": 1.0662526159167387, "width_sd": 0.9512049824714434, "width_min": 0.04510711890627783, "width_q1": 0.44406031946582536, "width_q2": 0.7758335027198546, "width_q3": 1.3515561873786521, "width_max": 8.828302886324623}