{"data_name": "FiveCitiesPM25", "n_neighbors": 1000, "level": 0.99, "random_state": 409, "test_size": 0.2, "n": 21436, "d": 9, "oob_score": 0.6823888343709827, "test_score": 0.6932122511647159, "coverage": 0.9878731343283582, "width_mean": 3.9981571256771393, "width_sd": 0.08170492273417336, "width_min": 3.8051393491961125, "width_q1": 3.9781871260704187, "width_q2": 3.978187126070419, "width_q3": 3.978187126070419, "width_max": 5.271137557912562}