{"data_name": "FiveCitiesPM25", "n_neighbors": 100, "level": 0.95, "random_state": 8935, "test_size": 0.2, "n": 21436, "d": 9, "oob_score": 0.6826837160727897, "test_score": 0.6874158594274229, "coverage": 0.9682835820895522, "width_mean": 2.463669383120002, "width_sd": 0.45081759977860003, "width_min": 1.2596244336642028, "width_q1": 2.21845698102495, "width_q2": 2.3256599665085815, "width_q3": 2.6017047208613295, "width_max": 7.1437340983436695}