{"data_name": "FiveCitiesPM25", "n_neighbors": 200, "level": 0.8, "random_state": 9674, "test_size": 0.2, "n": 21436, "d": 9, "oob_score": 0.6888631962819065, "test_score": 0.6773749827579838, "coverage": 0.7882462686567164, "width_mean": 0.9738073629057192, "width_sd": 0.07718312555143621, "width_min": 0.749055067666812, "width_q1": 0.920358413978176, "width_q2": 0.9609682007780042, "width_q3": 1.0051660376271847, "width_max": 1.513109841189624}