{"data_name": "FiveCitiesPM25", "n_neighbors": 1000, "level": 0.9, "random_state": 409, "test_size": 0.2, "n": 21436, "d": 9, "oob_score": 0.6823888343709827, "test_score": 0.6932122511647159, "coverage": 0.8887593283582089, "width_mean": 1.5499113011382375, "width_sd": 0.02655506291651004, "width_min": 1.5110306955637816, "width_q1": 1.5318658485555194, "width_q2": 1.5451143809606123, "width_q3": 1.5575350049208045, "width_max": 1.737316728932485}