{"data_name": "FiveCitiesPM25", "n_neighbors": 100, "level": 0.9, "random_state": 8935, "test_size": 0.2, "n": 21436, "d": 9, "oob_score": 0.6826837160727897, "test_score": 0.6874158594274229, "coverage": 0.929570895522388, "width_mean": 1.7288451848891342, "width_sd": 0.4095392982729205, "width_min": 0.9363579391802995, "width_q1": 1.4342461990921584, "width_q2": 1.5913618380018248, "width_q3": 1.9042071766550979, "width_max": 4.4066837826117675}