{"data_name": "FiveCitiesPM25", "n_neighbors": 1000, "level": 0.99, "random_state": 9674, "test_size": 0.2, "n": 21436, "d": 9, "oob_score": 0.6888631962819065, "test_score": 0.6773749827579838, "coverage": 0.9862406716417911, "width_mean": 3.9592112388382064, "width_sd": 0.0763279446985677, "width_min": 3.8177921369492323, "width_q1": 3.9161093936429614, "width_q2": 3.9161093936429614, "width_q3": 3.9630637528321433, "width_max": 4.6864855502493405}