{"data_name": "FiveCitiesPM25", "n_neighbors": 10000, "level": 0.8, "random_state": 8935, "test_size": 0.2, "n": 21436, "d": 9, "oob_score": 0.6826837160727897, "test_score": 0.6874158594274229, "coverage": 0.7950093283582089, "width_mean": 1.0299516004539235, "width_sd": 0.0008318437472281021, "width_min": 1.0275569080565856, "width_q1": 1.0293548923850835, "width_q2": 1.0299685747875487, "width_q3": 1.030358441797447, "width_max": 1.033562287521769}