{"data_name": "FiveCitiesPM25", "n_neighbors": 5000, "level": 0.9, "random_state": 2286, "test_size": 0.2, "n": 21436, "d": 9, "oob_score": 0.6806731337250369, "test_score": 0.7083031098492133, "coverage": 0.9116138059701493, "width_mean": 1.687287302041682, "width_sd": 0.003787632606269242, "width_min": 1.677450265516956, "width_q1": 1.6857586135373808, "width_q2": 1.687294643592674, "width_q3": 1.6893046910069092, "width_max": 1.7261887932675628}