{"data_name": "FiveCitiesPM25", "n_neighbors": 20, "level": 0.99, "random_state": 4506, "test_size": 0.2, "n": 21436, "d": 9, "oob_score": 0.6952012200643897, "test_score": 0.6705906561515811, "coverage": 0.9370335820895522, "width_mean": 2.0614396831255917, "width_sd": 1.2457468603455204, "width_min": 0.21967757250901754, "width_q1": 1.1514510825408175, "width_q2": 1.7572756050144331, "width_q3": 2.7185079920895507, "width_max": 10.485263911657476}