{"data_name": "FiveCitiesPM25", "n_neighbors": 10000, "level": 0.99, "random_state": 4506, "test_size": 0.2, "n": 21436, "d": 9, "oob_score": 0.6952012200643897, "test_score": 0.6705906561515811, "coverage": 0.988106343283582, "width_mean": 4.256502405408447, "width_sd": 0.010523974497213253, "width_min": 4.193934946866339, "width_q1": 4.248580858294026, "width_q2": 4.2589874188688235, "width_q3": 4.2589874188688235, "width_max": 4.301767126699527}