{"data_name": "FiveCitiesPM25", "n_neighbors": 2000, "level": 0.8, "random_state": 4012, "test_size": 0.2, "n": 21436, "d": 9, "oob_score": 0.6858028302923238, "test_score": 0.684449222671289, "coverage": 0.7994402985074627, "width_mean": 1.01244229611649, "width_sd": 0.008808115124136979, "width_min": 0.9856357988553048, "width_q1": 1.0060650395883983, "width_q2": 1.010529300006715, "width_q3": 1.0179913343952844, "width_max": 1.0454878096286695}