{"data_name": "FiveCitiesPM25", "n_neighbors": "auto", "level": 0.95, "random_state": 2286, "test_size": 0.2, "n": 21436, "d": 9, "oob_score": 0.6806731337250369, "test_score": 0.7083031098492133, "coverage": 0.9281716417910447, "width_mean": 1.8064916354209477, "width_sd": 1.1476426704130178, "width_min": 0.18807679054359439, "width_q1": 1.0372105977394552, "width_q2": 1.4968259920471836, "width_q3": 2.2566134805442086, "width_max": 8.480020879931153}