{"data_name": "FiveCitiesPM25", "n_neighbors": 5, "level": 0.9, "random_state": 3657, "test_size": 0.2, "n": 21436, "d": 9, "oob_score": 0.6876111066304349, "test_score": 0.6875498891567873, "coverage": 0.6933302238805971, "width_mean": 1.0082382482490233, "width_sd": 0.9065413875995126, "width_min": 0.02160286523477506, "width_q1": 0.4329790158161661, "width_q2": 0.7288055710915664, "width_q3": 1.2657195203665565, "width_max": 7.799388415242296}