{"data_name": "FiveCitiesPM25", "n_neighbors": 5000, "level": 0.8, "random_state": 4506, "test_size": 0.2, "n": 21436, "d": 9, "oob_score": 0.6952012200643897, "test_score": 0.6705906561515811, "coverage": 0.7873134328358209, "width_mean": 1.0076704828364822, "width_sd": 0.003493023439516199, "width_min": 0.9982202007755506, "width_q1": 1.0056767958116772, "width_q2": 1.0066703580805119, "width_q3": 1.009658348615892, "width_max": 1.0242932443252135}