{"data_name": "FiveCitiesPM25", "n_neighbors": 1000, "level": 0.99, "random_state": 1424, "test_size": 0.2, "n": 21436, "d": 9, "oob_score": 0.6822900535064258, "test_score": 0.7013912326538239, "coverage": 0.9927705223880597, "width_mean": 4.244165703152433, "width_sd": 0.07345995587542478, "width_min": 3.931581964279356, "width_q1": 4.197775148371203, "width_q2": 4.250716799640256, "width_q3": 4.250716799640256, "width_max": 5.010727602572532}