{"data_name": "FiveCitiesPM25", "n_neighbors": 50, "level": 0.99, "random_state": 1424, "test_size": 0.2, "n": 21436, "d": 9, "oob_score": 0.6822900535064258, "test_score": 0.7013912326538239, "coverage": 0.9692164179104478, "width_mean": 2.4756291417055927, "width_sd": 1.0493487505030856, "width_min": 0.5259445593357952, "width_q1": 1.8475631430686805, "width_q2": 2.1061186463573502, "width_q3": 2.7742162992570396, "width_max": 10.050901283840735}