{"data_name": "FiveCitiesPM25", "n_neighbors": 10000, "level": 0.99, "random_state": 8935, "test_size": 0.2, "n": 21436, "d": 9, "oob_score": 0.6826837160727897, "test_score": 0.6874158594274229, "coverage": 0.9862406716417911, "width_mean": 4.213338364103901, "width_sd": 0.003619767358490281, "width_min": 4.212552892367889, "width_q1": 4.21255289236789, "width_q2": 4.21255289236789, "width_q3": 4.21255289236789, "width_max": 4.286591745392476}