{"data_name": "FiveCitiesPM25", "n_neighbors": 20, "level": 0.99, "random_state": 9674, "test_size": 0.2, "n": 21436, "d": 9, "oob_score": 0.6888631962819065, "test_score": 0.6773749827579838, "coverage": 0.941231343283582, "width_mean": 2.0235490783684877, "width_sd": 1.266029540112912, "width_min": 0.25601258798398874, "width_q1": 1.132378902077439, "width_q2": 1.7047872642590516, "width_q3": 2.567415262202264, "width_max": 9.43476026228393}