{"data_name": "FiveCitiesPM25", "n_neighbors": 1000, "level": 0.95, "random_state": 4506, "test_size": 0.2, "n": 21436, "d": 9, "oob_score": 0.6952012200643897, "test_score": 0.6705906561515811, "coverage": 0.9559235074626866, "width_mean": 2.3892967563310763, "width_sd": 0.05157398282477351, "width_min": 2.270477370200724, "width_q1": 2.361691081386537, "width_q2": 2.3713648316782505, "width_q3": 2.389906431532927, "width_max": 2.837594639947034}