{"data_name": "FiveCitiesPM25", "n_neighbors": 10000, "level": 0.8, "random_state": 9674, "test_size": 0.2, "n": 21436, "d": 9, "oob_score": 0.6888631962819065, "test_score": 0.6773749827579838, "coverage": 0.7924440298507462, "width_mean": 1.0208629809918175, "width_sd": 0.001171359088583857, "width_min": 1.0179761325982213, "width_q1": 1.0198672544273144, "width_q2": 1.0204666308640882, "width_q3": 1.0216356250421224, "width_max": 1.0248351454559677}