{"data_name": "FiveCitiesPM25", "n_neighbors": 500, "level": 0.9, "random_state": 4012, "test_size": 0.2, "n": 21436, "d": 9, "oob_score": 0.6858028302923238, "test_score": 0.684449222671289, "coverage": 0.9113805970149254, "width_mean": 1.6548493510744997, "width_sd": 0.07773369472041194, "width_min": 1.4182763167640433, "width_q1": 1.6119367362782313, "width_q2": 1.6256526653949, "width_q3": 1.6796211274051454, "width_max": 2.1317970270517033}