{"data_name": "FiveCitiesPM25", "n_neighbors": 2000, "level": 0.95, "random_state": 2286, "test_size": 0.2, "n": 21436, "d": 9, "oob_score": 0.6806731337250369, "test_score": 0.7083031098492133, "coverage": 0.9580223880597015, "width_mean": 2.4763939087950506, "width_sd": 0.034078870160517236, "width_min": 2.442352243494524, "width_q1": 2.4524429831109935, "width_q2": 2.4553384553101636, "width_q3": 2.482606103718778, "width_max": 2.743866608881935}