{"data_name": "FiveCitiesPM25", "n_neighbors": 50, "level": 0.9, "random_state": 1424, "test_size": 0.2, "n": 21436, "d": 9, "oob_score": 0.6822900535064258, "test_score": 0.7013912326538239, "coverage": 0.8894589552238806, "width_mean": 1.4722205384202172, "width_sd": 0.6295592878117926, "width_min": 0.35556501514489347, "width_q1": 1.0589201919676752, "width_q2": 1.3252934151723128, "width_q3": 1.7234682605173113, "width_max": 6.054623136343224}