{"data_name": "FiveCitiesPM25", "n_neighbors": "all", "level": 0.95, "random_state": 3657, "test_size": 0.2, "n": 21436, "d": 9, "oob_score": 0.6876111066304349, "test_score": 0.6875498891567873, "coverage": 0.9482276119402985, "width_mean": 2.328869222577348, "width_sd": 1.142883605367254e-16, "width_min": 2.3288692225773477, "width_q1": 2.328869222577348, "width_q2": 2.328869222577348, "width_q3": 2.328869222577348, "width_max": 2.3288692225773486}