{"data_name": "FiveCitiesPM25", "n_neighbors": 500, "level": 0.95, "random_state": 4506, "test_size": 0.2, "n": 21436, "d": 9, "oob_score": 0.6952012200643897, "test_score": 0.6705906561515811, "coverage": 0.945429104477612, "width_mean": 2.096702726320741, "width_sd": 0.12087919666198965, "width_min": 1.9563083829145584, "width_q1": 2.0027015363176135, "width_q2": 2.057406106534571, "width_q3": 2.1462688860308283, "width_max": 3.1394709423642}