{"data_name": "FiveCitiesPM25", "n_neighbors": 500, "level": 0.99, "random_state": 4506, "test_size": 0.2, "n": 21436, "d": 9, "oob_score": 0.6952012200643897, "test_score": 0.6705906561515811, "coverage": 0.9827425373134329, "width_mean": 3.550534483804806, "width_sd": 0.1758186040521457, "width_min": 3.507054925991298, "width_q1": 3.507054925991298, "width_q2": 3.507054925991298, "width_q3": 3.507054925991298, "width_max": 6.73599666737219}