{"data_name": "FiveCitiesPM25", "n_neighbors": 10000, "level": 0.9, "random_state": 9674, "test_size": 0.2, "n": 21436, "d": 9, "oob_score": 0.6888631962819065, "test_score": 0.6773749827579838, "coverage": 0.8976212686567164, "width_mean": 1.5734752577987787, "width_sd": 0.0014003358278393318, "width_min": 1.571400294194829, "width_q1": 1.5726362203016928, "width_q2": 1.5732370929658452, "width_q3": 1.574031634679988, "width_max": 1.5853730733353855}