{"data_name": "FiveCitiesPM25", "n_neighbors": 100, "level": 0.8, "random_state": 3657, "test_size": 0.2, "n": 21436, "d": 9, "oob_score": 0.6876111066304349, "test_score": 0.6875498891567873, "coverage": 0.8050373134328358, "width_mean": 1.018737212057906, "width_sd": 0.26616540695545104, "width_min": 0.441444901981652, "width_q1": 0.8392035381587721, "width_q2": 0.9483134225051572, "width_q3": 1.1271593495199819, "width_max": 2.5169871044218732}