{"data_name": "FiveCitiesPM25", "n_neighbors": "all", "level": 0.99, "random_state": 3657, "test_size": 0.2, "n": 21436, "d": 9, "oob_score": 0.6876111066304349, "test_score": 0.6875498891567873, "coverage": 0.9911380597014925, "width_mean": 4.331445230542046, "width_sd": 7.120531877991438e-16, "width_min": 4.331445230542046, "width_q1": 4.331445230542046, "width_q2": 4.331445230542047, "width_q3": 4.331445230542047, "width_max": 4.331445230542047}