{"data_name": "FiveCitiesPM25", "n_neighbors": 100, "level": 0.99, "random_state": 1679, "test_size": 0.2, "n": 21436, "d": 9, "oob_score": 0.683440142052867, "test_score": 0.6803927771340875, "coverage": 0.988106343283582, "width_mean": 2.980775990733439, "width_sd": 0.7828488789054613, "width_min": 2.1109239152441104, "width_q1": 2.4312885080094704, "width_q2": 2.778829599652992, "width_q3": 3.1429602714836227, "width_max": 10.60135177799464}