{"data_name": "FiveCitiesPM25", "n_neighbors": 2000, "level": 0.99, "random_state": 1424, "test_size": 0.2, "n": 21436, "d": 9, "oob_score": 0.6822900535064258, "test_score": 0.7013912326538239, "coverage": 0.9909048507462687, "width_mean": 4.056970814008167, "width_sd": 0.040063249934863245, "width_min": 4.044314852215829, "width_q1": 4.04431485221583, "width_q2": 4.049966319479779, "width_q3": 4.050125074165823, "width_max": 4.495813984567887}