{"data_name": "FiveCitiesPM25", "n_neighbors": 100, "level": 0.9, "random_state": 4506, "test_size": 0.2, "n": 21436, "d": 9, "oob_score": 0.6952012200643897, "test_score": 0.6705906561515811, "coverage": 0.9291044776119403, "width_mean": 1.8221243643157847, "width_sd": 0.3507450243571287, "width_min": 0.8820912671435766, "width_q1": 1.6155890596469717, "width_q2": 1.7888595618749132, "width_q3": 1.9450757677996888, "width_max": 5.0139740587981345}