{"data_name": "FiveCitiesPM25", "n_neighbors": 5000, "level": 0.8, "random_state": 1679, "test_size": 0.2, "n": 21436, "d": 9, "oob_score": 0.683440142052867, "test_score": 0.6803927771340875, "coverage": 0.7973414179104478, "width_mean": 1.0201624588919482, "width_sd": 0.003288821103914995, "width_min": 1.0126857740384052, "width_q1": 1.0170744000323673, "width_q2": 1.0195645226375247, "width_q3": 1.022800728469579, "width_max": 1.0362266186654712}