{"data_name": "FiveCitiesPM25", "n_neighbors": 500, "level": 0.9, "random_state": 3657, "test_size": 0.2, "n": 21436, "d": 9, "oob_score": 0.6876111066304349, "test_score": 0.6875498891567873, "coverage": 0.9050839552238806, "width_mean": 1.657484449102823, "width_sd": 0.07758606136113659, "width_min": 1.5314985019014422, "width_q1": 1.6018718733234565, "width_q2": 1.6231877209050571, "width_q3": 1.689520232211482, "width_max": 2.062944913807141}