{"data_name": "FiveCitiesPM25", "n_neighbors": "all", "level": 0.99, "random_state": 4012, "test_size": 0.2, "n": 21436, "d": 9, "oob_score": 0.6858028302923238, "test_score": 0.684449222671289, "coverage": 0.9869402985074627, "width_mean": 4.269106499774617, "width_sd": 7.23840403395037e-16, "width_min": 4.269106499774617, "width_q1": 4.269106499774617, "width_q2": 4.269106499774618, "width_q3": 4.269106499774618, "width_max": 4.269106499774618}