{"data_name": "FiveCitiesPM25", "n_neighbors": 500, "level": 0.95, "random_state": 3657, "test_size": 0.2, "n": 21436, "d": 9, "oob_score": 0.6876111066304349, "test_score": 0.6875498891567873, "coverage": 0.9538246268656716, "width_mean": 2.290928416593922, "width_sd": 0.16371678761945802, "width_min": 2.151309907015494, "width_q1": 2.1804396462172897, "width_q2": 2.1942356664463527, "width_q3": 2.352245435658166, "width_max": 3.0322574527909802}