{"data_name": "FiveCitiesPM25", "n_neighbors": 5, "level": 0.8, "random_state": 2286, "test_size": 0.2, "n": 21436, "d": 9, "oob_score": 0.6806731337250369, "test_score": 0.7083031098492133, "coverage": 0.6476212686567164, "width_mean": 0.8779306384877932, "width_sd": 0.7878362381337213, "width_min": 0.01348450794860423, "width_q1": 0.37737143535590534, "width_q2": 0.6459755445934923, "width_q3": 1.081718548818067, "width_max": 7.158750977412144}