{"data_name": "FiveCitiesPM25", "n_neighbors": 2000, "level": 0.99, "random_state": 3657, "test_size": 0.2, "n": 21436, "d": 9, "oob_score": 0.6876111066304349, "test_score": 0.6875498891567873, "coverage": 0.9867070895522388, "width_mean": 3.7477566574223387, "width_sd": 0.05570422403068573, "width_min": 3.566638443487529, "width_q1": 3.7214183522696853, "width_q2": 3.7214183522696853, "width_q3": 3.737019989484504, "width_max": 4.55533721752141}