{"data_name": "FiveCitiesPM25", "n_neighbors": "all", "level": 0.95, "random_state": 4012, "test_size": 0.2, "n": 21436, "d": 9, "oob_score": 0.6858028302923238, "test_score": 0.684449222671289, "coverage": 0.9519589552238806, "width_mean": 2.3175556072659798, "width_sd": 4.449169630564193e-16, "width_min": 2.3175556072659784, "width_q1": 2.3175556072659793, "width_q2": 2.3175556072659793, "width_q3": 2.3175556072659793, "width_max": 2.3175556072659793}