{"data_name": "FiveCitiesPM25", "n_neighbors": "auto", "level": 0.8, "random_state": 8935, "test_size": 0.2, "n": 21436, "d": 9, "oob_score": 0.6826837160727897, "test_score": 0.6874158594274229, "coverage": 0.7842817164179104, "width_mean": 1.0897157306368115, "width_sd": 0.7578396882117989, "width_min": 0.12178446473606663, "width_q1": 0.5878521391615793, "width_q2": 0.8722783391359226, "width_q3": 1.351886667844848, "width_max": 7.655860928109946}