{"data_name": "FiveCitiesPM25", "n_neighbors": "all", "level": 0.99, "random_state": 2286, "test_size": 0.2, "n": 21436, "d": 9, "oob_score": 0.6806731337250369, "test_score": 0.7083031098492133, "coverage": 0.9897388059701493, "width_mean": 4.236307828679324, "width_sd": 7.232047306603242e-16, "width_min": 4.236307828679324, "width_q1": 4.236307828679324, "width_q2": 4.236307828679325, "width_q3": 4.236307828679325, "width_max": 4.236307828679325}