{"data_name": "FiveCitiesPM25", "n_neighbors": "auto", "level": 0.9, "random_state": 1824, "test_size": 0.2, "n": 21436, "d": 9, "oob_score": 0.6764204679471293, "test_score": 0.7096652213091827, "coverage": 0.8775652985074627, "width_mean": 1.4645629512857148, "width_sd": 0.9725375409105296, "width_min": 0.13849971043653675, "width_q1": 0.8270822484575542, "width_q2": 1.1947973816417128, "width_q3": 1.795887545088918, "width_max": 8.23881819234764}