{"data_name": "FiveCitiesPM25", "n_neighbors": 10000, "level": 0.99, "random_state": 1679, "test_size": 0.2, "n": 21436, "d": 9, "oob_score": 0.683440142052867, "test_score": 0.6803927771340875, "coverage": 0.992070895522388, "width_mean": 4.451293066543129, "width_sd": 0.007626184878538593, "width_min": 4.427547919092492, "width_q1": 4.444975818651519, "width_q2": 4.454953483171552, "width_q3": 4.454953483171552, "width_max": 4.525247628339731}