{"data_name": "FiveCitiesPM25", "n_neighbors": 1000, "level": 0.95, "random_state": 409, "test_size": 0.2, "n": 21436, "d": 9, "oob_score": 0.6823888343709827, "test_score": 0.6932122511647159, "coverage": 0.9386660447761194, "width_mean": 2.1355550081744576, "width_sd": 0.06872282777539748, "width_min": 1.984146954409331, "width_q1": 2.114061439743292, "width_q2": 2.114607885945185, "width_q3": 2.139638336568, "width_max": 2.5658746459957125}