{"data_name": "FiveCitiesPM25", "n_neighbors": "all", "level": 0.9, "random_state": 9674, "test_size": 0.2, "n": 21436, "d": 9, "oob_score": 0.6888631962819065, "test_score": 0.6773749827579838, "coverage": 0.8990205223880597, "width_mean": 1.5994085621044718, "width_sd": 2.5236464924947657e-16, "width_min": 1.599408562104471, "width_q1": 1.5994085621044716, "width_q2": 1.5994085621044716, "width_q3": 1.5994085621044716, "width_max": 1.5994085621044718}