{"data_name": "FiveCitiesPM25", "n_neighbors": 200, "level": 0.95, "random_state": 3657, "test_size": 0.2, "n": 21436, "d": 9, "oob_score": 0.6876111066304349, "test_score": 0.6875498891567873, "coverage": 0.9619869402985075, "width_mean": 2.4115387201354705, "width_sd": 0.2753108603522569, "width_min": 2.1226539082839246, "width_q1": 2.190251562575571, "width_q2": 2.386689671709424, "width_q3": 2.526615434553116, "width_max": 4.576002251751248}