{"data_name": "FiveCitiesPM25", "n_neighbors": "all", "level": 0.9, "random_state": 1679, "test_size": 0.2, "n": 21436, "d": 9, "oob_score": 0.683440142052867, "test_score": 0.6803927771340875, "coverage": 0.9057835820895522, "width_mean": 1.6166431336411795, "width_sd": 1.9968819047637982e-16, "width_min": 1.6166431336411788, "width_q1": 1.6166431336411793, "width_q2": 1.6166431336411793, "width_q3": 1.6166431336411793, "width_max": 1.6166431336411797}