{"data_name": "FiveCitiesPM25", "n_neighbors": "auto", "level": 0.9, "random_state": 1679, "test_size": 0.2, "n": 21436, "d": 9, "oob_score": 0.683440142052867, "test_score": 0.6803927771340875, "coverage": 0.8726679104477612, "width_mean": 1.4586269526905382, "width_sd": 0.9783208527997116, "width_min": 0.18772470607266667, "width_q1": 0.8154785840142413, "width_q2": 1.1955444781996734, "width_q3": 1.7489668215825975, "width_max": 10.58716697536168}