{"data_name": "FiveCitiesPM25", "n_neighbors": 5000, "level": 0.95, "random_state": 9674, "test_size": 0.2, "n": 21436, "d": 9, "oob_score": 0.6888631962819065, "test_score": 0.6773749827579838, "coverage": 0.9500932835820896, "width_mean": 2.3116087164578123, "width_sd": 0.008281925292301186, "width_min": 2.2952087046019196, "width_q1": 2.3075885704099255, "width_q2": 2.3111731404220066, "width_q3": 2.313796045017879, "width_max": 2.3484116812763425}