{"data_name": "FiveCitiesPM25", "n_neighbors": 5000, "level": 0.9, "random_state": 4012, "test_size": 0.2, "n": 21436, "d": 9, "oob_score": 0.6858028302923238, "test_score": 0.684449222671289, "coverage": 0.902518656716418, "width_mean": 1.609627895771561, "width_sd": 0.0059573431519697705, "width_min": 1.5996035749506377, "width_q1": 1.6050969605373417, "width_q2": 1.608042823727565, "width_q3": 1.6122605891821469, "width_max": 1.6391620407919403}