{"data_name": "FiveCitiesPM25", "n_neighbors": 10, "level": 0.9, "random_state": 8935, "test_size": 0.2, "n": 21436, "d": 9, "oob_score": 0.6826837160727897, "test_score": 0.6874158594274229, "coverage": 0.824160447761194, "width_mean": 1.306672973922911, "width_sd": 0.9869691960717029, "width_min": 0.08641846670001119, "width_q1": 0.6442184822668434, "width_q2": 1.0181202578145805, "width_q3": 1.6402625851465769, "width_max": 8.27077626952634}