{"data_name": "FiveCitiesPM25", "n_neighbors": 10, "level": 0.99, "random_state": 8935, "test_size": 0.2, "n": 21436, "d": 9, "oob_score": 0.6826837160727897, "test_score": 0.6874158594274229, "coverage": 0.8701026119402985, "width_mean": 1.56747782805595, "width_sd": 1.1836403512765958, "width_min": 0.09912868909570749, "width_q1": 0.7672028973849392, "width_q2": 1.219769425351128, "width_q3": 1.965006575700925, "width_max": 9.443423711113468}