{"data_name": "FiveCitiesPM25", "n_neighbors": 2000, "level": 0.8, "random_state": 409, "test_size": 0.2, "n": 21436, "d": 9, "oob_score": 0.6823888343709827, "test_score": 0.6932122511647159, "coverage": 0.8064365671641791, "width_mean": 1.0379915038590384, "width_sd": 0.011250974787534269, "width_min": 1.0168678154124615, "width_q1": 1.0303653271940303, "width_q2": 1.034561371456165, "width_q3": 1.042793108225666, "width_max": 1.0890882431245816}