{"data_name": "FiveCitiesPM25", "n_neighbors": 10, "level": 0.95, "random_state": 1824, "test_size": 0.2, "n": 21436, "d": 9, "oob_score": 0.6764204679471293, "test_score": 0.7096652213091827, "coverage": 0.855410447761194, "width_mean": 1.4401977115629454, "width_sd": 1.0842377717653262, "width_min": 0.1012813667944148, "width_q1": 0.7150193335763682, "width_q2": 1.1136442378257954, "width_q3": 1.778933415722651, "width_max": 8.795967174937235}