{"data_name": "FiveCitiesPM25", "n_neighbors": 20, "level": 0.9, "random_state": 4506, "test_size": 0.2, "n": 21436, "d": 9, "oob_score": 0.6952012200643897, "test_score": 0.6705906561515811, "coverage": 0.8647388059701493, "width_mean": 1.4725718121325784, "width_sd": 0.9439598609806173, "width_min": 0.16431716194077373, "width_q1": 0.8257919225286914, "width_q2": 1.2319325784771404, "width_q3": 1.8582634873107424, "width_max": 8.360871928215964}