{"data_name": "FiveCitiesPM25", "n_neighbors": 5, "level": 0.99, "random_state": 4506, "test_size": 0.2, "n": 21436, "d": 9, "oob_score": 0.6952012200643897, "test_score": 0.6705906561515811, "coverage": 0.7285447761194029, "width_mean": 1.1022406481655171, "width_sd": 0.9789746124556674, "width_min": 0.05412354338492564, "width_q1": 0.4719763373687421, "width_q2": 0.8140935940796323, "width_q3": 1.3905539429686145, "width_max": 10.841440017830095}