{"data_name": "FiveCitiesPM25", "n_neighbors": 100, "level": 0.8, "random_state": 1679, "test_size": 0.2, "n": 21436, "d": 9, "oob_score": 0.683440142052867, "test_score": 0.6803927771340875, "coverage": 0.816231343283582, "width_mean": 1.075034635483188, "width_sd": 0.23090226742285677, "width_min": 0.5946675199780639, "width_q1": 0.9369007061278467, "width_q2": 1.0507768204549626, "width_q3": 1.1661227283491853, "width_max": 2.6164812347388446}