{"data_name": "FiveCitiesPM25", "n_neighbors": 200, "level": 0.9, "random_state": 409, "test_size": 0.2, "n": 21436, "d": 9, "oob_score": 0.6823888343709827, "test_score": 0.6932122511647159, "coverage": 0.9053171641791045, "width_mean": 1.6047870795578656, "width_sd": 0.22059268098844487, "width_min": 1.1044694830217674, "width_q1": 1.4186400604464335, "width_q2": 1.51831246150638, "width_q3": 1.7459625486963457, "width_max": 2.894582374266392}