{"data_name": "FiveCitiesPM25", "n_neighbors": 20, "level": 0.8, "random_state": 3657, "test_size": 0.2, "n": 21436, "d": 9, "oob_score": 0.6876111066304349, "test_score": 0.6875498891567873, "coverage": 0.7800839552238806, "width_mean": 1.0979214019173342, "width_sd": 0.7617466684709401, "width_min": 0.11080597782150103, "width_q1": 0.6005656731101027, "width_q2": 0.8888445797481417, "width_q3": 1.3246533634741087, "width_max": 6.838526406217618}