{"data_name": "FiveCitiesPM25", "n_neighbors": 5000, "level": 0.9, "random_state": 1824, "test_size": 0.2, "n": 21436, "d": 9, "oob_score": 0.6764204679471293, "test_score": 0.7096652213091827, "coverage": 0.8990205223880597, "width_mean": 1.6087952799660588, "width_sd": 0.004981475758654809, "width_min": 1.598254616804928, "width_q1": 1.6060383476122757, "width_q2": 1.6069590271730494, "width_q3": 1.6083345321629718, "width_max": 1.6447210490197608}