{"data_name": "FiveCitiesPM25", "n_neighbors": "auto", "level": 0.8, "random_state": 4012, "test_size": 0.2, "n": 21436, "d": 9, "oob_score": 0.6858028302923238, "test_score": 0.684449222671289, "coverage": 0.7866138059701493, "width_mean": 1.0754947157128565, "width_sd": 0.7137381343733454, "width_min": 0.1282240730881552, "width_q1": 0.6027802895403459, "width_q2": 0.8791339047297719, "width_q3": 1.3175883447228842, "width_max": 7.457683314197344}