{"data_name": "FiveCitiesPM25", "n_neighbors": "auto", "level": 0.99, "random_state": 3657, "test_size": 0.2, "n": 21436, "d": 9, "oob_score": 0.6876111066304349, "test_score": 0.6875498891567873, "coverage": 0.9540578358208955, "width_mean": 2.2072453325235437, "width_sd": 1.393294189992599, "width_min": 0.19390633013824354, "width_q1": 1.2358489366623455, "width_q2": 1.8263052625618368, "width_q3": 2.771685817405618, "width_max": 9.023076713827766}