{"data_name": "FiveCitiesPM25", "n_neighbors": 5, "level": 0.99, "random_state": 2286, "test_size": 0.2, "n": 21436, "d": 9, "oob_score": 0.6806731337250369, "test_score": 0.7083031098492133, "coverage": 0.738339552238806, "width_mean": 1.1427373567094765, "width_sd": 1.0216748948144927, "width_min": 0.016798142847602837, "width_q1": 0.48034186142900115, "width_q2": 0.837643000613979, "width_q3": 1.4281649967936052, "width_max": 8.712709972516585}