{"data_name": "FiveCitiesPM25", "n_neighbors": 500, "level": 0.9, "random_state": 1824, "test_size": 0.2, "n": 21436, "d": 9, "oob_score": 0.6764204679471293, "test_score": 0.7096652213091827, "coverage": 0.9174440298507462, "width_mean": 1.7641118321860663, "width_sd": 0.07148305817056874, "width_min": 1.625673161764261, "width_q1": 1.7241084116722596, "width_q2": 1.7471194366713712, "width_q3": 1.7725253442914535, "width_max": 2.3539745958546274}