{"data_name": "FiveCitiesPM25", "n_neighbors": "auto", "level": 0.95, "random_state": 4506, "test_size": 0.2, "n": 21436, "d": 9, "oob_score": 0.6952012200643897, "test_score": 0.6705906561515811, "coverage": 0.9183768656716418, "width_mean": 1.761432969064091, "width_sd": 1.1154022079245773, "width_min": 0.17146556822019288, "width_q1": 1.0175492145635587, "width_q2": 1.4799742983168656, "width_q3": 2.186774187133116, "width_max": 9.895658992973337}