{"data_name": "FiveCitiesPM25", "n_neighbors": 50, "level": 0.99, "random_state": 9674, "test_size": 0.2, "n": 21436, "d": 9, "oob_score": 0.6888631962819065, "test_score": 0.6773749827579838, "coverage": 0.9748134328358209, "width_mean": 2.6494388106940563, "width_sd": 1.0635400415782308, "width_min": 0.5291469673989719, "width_q1": 1.8912143828827286, "width_q2": 2.382286563164903, "width_q3": 3.1307987550552845, "width_max": 9.170671951123289}