{"data_name": "FiveCitiesPM25", "n_neighbors": 100, "level": 0.99, "random_state": 2286, "test_size": 0.2, "n": 21436, "d": 9, "oob_score": 0.6806731337250369, "test_score": 0.7083031098492133, "coverage": 0.9892723880597015, "width_mean": 3.3245982314221343, "width_sd": 0.7081165538931076, "width_min": 1.3020674209111167, "width_q1": 2.9663581879120455, "width_q2": 3.3453103764723853, "width_q3": 3.506628513704736, "width_max": 8.54529530619864}