{"data_name": "FiveCitiesPM25", "n_neighbors": 10000, "level": 0.95, "random_state": 1824, "test_size": 0.2, "n": 21436, "d": 9, "oob_score": 0.6764204679471293, "test_score": 0.7096652213091827, "coverage": 0.945195895522388, "width_mean": 2.271609919331064, "width_sd": 0.002209049881585809, "width_min": 2.2659563830698515, "width_q1": 2.2704345234921344, "width_q2": 2.270642784942776, "width_q3": 2.2729479442227802, "width_max": 2.2943286011614457}