{"data_name": "FiveCitiesPM25", "n_neighbors": "auto", "level": 0.95, "random_state": 3657, "test_size": 0.2, "n": 21436, "d": 9, "oob_score": 0.6876111066304349, "test_score": 0.6875498891567873, "coverage": 0.9286380597014925, "width_mean": 1.8286153014673099, "width_sd": 1.1700260903205313, "width_min": 0.19168964488289142, "width_q1": 1.0438249640261759, "width_q2": 1.4964711762783782, "width_q3": 2.2382996397224804, "width_max": 8.34423440365017}