{"data_name": "FiveCitiesPM25", "n_neighbors": 5000, "level": 0.99, "random_state": 9674, "test_size": 0.2, "n": 21436, "d": 9, "oob_score": 0.6888631962819065, "test_score": 0.6773749827579838, "coverage": 0.9878731343283582, "width_mean": 4.151305042921813, "width_sd": 0.01770490343940992, "width_min": 4.125928326743991, "width_q1": 4.148087087736067, "width_q2": 4.148087087736068, "width_q3": 4.148087087736068, "width_max": 4.354283640118529}