{"data_name": "FiveCitiesPM25", "n_neighbors": 50, "level": 0.8, "random_state": 1424, "test_size": 0.2, "n": 21436, "d": 9, "oob_score": 0.6822900535064258, "test_score": 0.7013912326538239, "coverage": 0.7789179104477612, "width_mean": 0.9770092138932515, "width_sd": 0.4547143318562002, "width_min": 0.17730996906689422, "width_q1": 0.6617080388031157, "width_q2": 0.8730919184064796, "width_q3": 1.1309376830390208, "width_max": 3.6258548715008527}