{"data_name": "FiveCitiesPM25", "n_neighbors": 1000, "level": 0.99, "random_state": 1679, "test_size": 0.2, "n": 21436, "d": 9, "oob_score": 0.683440142052867, "test_score": 0.6803927771340875, "coverage": 0.9932369402985075, "width_mean": 4.725443398263189, "width_sd": 0.09842705526121064, "width_min": 4.68292247941029, "width_q1": 4.682922479410291, "width_q2": 4.682922479410291, "width_q3": 4.709855184514982, "width_max": 5.677194115671027}