{"data_name": "FiveCitiesPM25", "n_neighbors": 500, "level": 0.99, "random_state": 1824, "test_size": 0.2, "n": 21436, "d": 9, "oob_score": 0.6764204679471293, "test_score": 0.7096652213091827, "coverage": 0.996268656716418, "width_mean": 5.0581310619523085, "width_sd": 0.13307472020952119, "width_min": 4.4331897719889515, "width_q1": 5.021901864121106, "width_q2": 5.021901864121106, "width_q3": 5.021901864121106, "width_max": 6.973329798259905}