{"data_name": "FiveCitiesPM25", "n_neighbors": "auto", "level": 0.95, "random_state": 4012, "test_size": 0.2, "n": 21436, "d": 9, "oob_score": 0.6858028302923238, "test_score": 0.684449222671289, "coverage": 0.9286380597014925, "width_mean": 1.777510207653676, "width_sd": 1.1142452498304343, "width_min": 0.15255128430659748, "width_q1": 1.010149246533647, "width_q2": 1.4670906090273046, "width_q3": 2.2335246186563698, "width_max": 8.873290419081108}