{"data_name": "FiveCitiesPM25", "n_neighbors": 100, "level": 0.95, "random_state": 1824, "test_size": 0.2, "n": 21436, "d": 9, "oob_score": 0.6764204679471293, "test_score": 0.7096652213091827, "coverage": 0.9573227611940298, "width_mean": 2.2817817928987933, "width_sd": 0.4044270413282124, "width_min": 1.0610429260874377, "width_q1": 2.0720176440705123, "width_q2": 2.2040147403262718, "width_q3": 2.4027507668889165, "width_max": 6.937416603363892}