{"data_name": "FiveCitiesPM25", "n_neighbors": 200, "level": 0.95, "random_state": 2286, "test_size": 0.2, "n": 21436, "d": 9, "oob_score": 0.6806731337250369, "test_score": 0.7083031098492133, "coverage": 0.9549906716417911, "width_mean": 2.095066725943968, "width_sd": 0.29349038308486386, "width_min": 1.753991141436869, "width_q1": 1.9368845951331526, "width_q2": 1.9789079481226175, "width_q3": 2.0510489691723746, "width_max": 4.179843984003854}