{"data_name": "FiveCitiesPM25", "n_neighbors": 2000, "level": 0.8, "random_state": 1824, "test_size": 0.2, "n": 21436, "d": 9, "oob_score": 0.6764204679471293, "test_score": 0.7096652213091827, "coverage": 0.8078358208955224, "width_mean": 1.052886122191067, "width_sd": 0.012635254757146292, "width_min": 1.0249701137126377, "width_q1": 1.0437286652161126, "width_q2": 1.054079054818289, "width_q3": 1.063966857515895, "width_max": 1.0899156943603658}