{"data_name": "FiveCitiesPM25", "n_neighbors": 2000, "level": 0.9, "random_state": 4012, "test_size": 0.2, "n": 21436, "d": 9, "oob_score": 0.6858028302923238, "test_score": 0.684449222671289, "coverage": 0.9013526119402985, "width_mean": 1.588265988806523, "width_sd": 0.01831879088519697, "width_min": 1.560860651600855, "width_q1": 1.5755476347878208, "width_q2": 1.583174697770612, "width_q3": 1.592923939250285, "width_max": 1.6868477725076785}