{"data_name": "FiveCitiesPM25", "n_neighbors": 500, "level": 0.99, "random_state": 409, "test_size": 0.2, "n": 21436, "d": 9, "oob_score": 0.6823888343709827, "test_score": 0.6932122511647159, "coverage": 0.9911380597014925, "width_mean": 4.117645504450824, "width_sd": 0.21761785991291088, "width_min": 3.923400807121096, "width_q1": 4.054230283716663, "width_q2": 4.054230283716663, "width_q3": 4.054230283716664, "width_max": 7.238868300639866}