{"data_name": "FiveCitiesPM25", "n_neighbors": 200, "level": 0.99, "random_state": 3657, "test_size": 0.2, "n": 21436, "d": 9, "oob_score": 0.6876111066304349, "test_score": 0.6875498891567873, "coverage": 0.9874067164179104, "width_mean": 3.4436393442198554, "width_sd": 0.4093127314131932, "width_min": 3.0551868731488554, "width_q1": 3.215204250289913, "width_q2": 3.215204250289913, "width_q3": 3.535244158735547, "width_max": 7.833739605533183}