{"data_name": "FiveCitiesPM25", "n_neighbors": 5000, "level": 0.99, "random_state": 1679, "test_size": 0.2, "n": 21436, "d": 9, "oob_score": 0.683440142052867, "test_score": 0.6803927771340875, "coverage": 0.9925373134328358, "width_mean": 4.382923203448995, "width_sd": 0.033230758723197036, "width_min": 4.372860615962395, "width_q1": 4.372860615962395, "width_q2": 4.372860615962395, "width_q3": 4.372860615962395, "width_max": 4.698428943258084}