{"data_name": "FiveCitiesPM25", "n_neighbors": 5, "level": 0.8, "random_state": 1824, "test_size": 0.2, "n": 21436, "d": 9, "oob_score": 0.6764204679471293, "test_score": 0.7096652213091827, "coverage": 0.6539179104477612, "width_mean": 0.8590785134292251, "width_sd": 0.7719844754479397, "width_min": 0.03260339571052684, "width_q1": 0.3641500358966669, "width_q2": 0.6191713554999612, "width_q3": 1.0717204702949408, "width_max": 7.519934970594978}