{"data_name": "FiveCitiesPM25", "n_neighbors": 10, "level": 0.9, "random_state": 2286, "test_size": 0.2, "n": 21436, "d": 9, "oob_score": 0.6806731337250369, "test_score": 0.7083031098492133, "coverage": 0.8269589552238806, "width_mean": 1.315801056770912, "width_sd": 0.9959130181234199, "width_min": 0.12140149618338147, "width_q1": 0.6648877088804345, "width_q2": 1.0214972155893256, "width_q3": 1.633933511593525, "width_max": 7.844441906729459}