{"data_name": "FiveCitiesPM25", "n_neighbors": 500, "level": 0.95, "random_state": 1824, "test_size": 0.2, "n": 21436, "d": 9, "oob_score": 0.6764204679471293, "test_score": 0.7096652213091827, "coverage": 0.9573227611940298, "width_mean": 2.565114648269854, "width_sd": 0.055450727773649205, "width_min": 2.32794303229519, "width_q1": 2.5503454465090263, "width_q2": 2.5503454465090263, "width_q3": 2.5694143281804855, "width_max": 3.2850047915303797}