{"data_name": "FiveCitiesPM25", "n_neighbors": 50, "level": 0.99, "random_state": 1679, "test_size": 0.2, "n": 21436, "d": 9, "oob_score": 0.683440142052867, "test_score": 0.6803927771340875, "coverage": 0.9776119402985075, "width_mean": 2.545213326266612, "width_sd": 1.0700446057950144, "width_min": 0.5961528879396509, "width_q1": 1.959042352845195, "width_q2": 2.231718588940108, "width_q3": 2.760618030982304, "width_max": 11.310591909643176}