{"data_name": "FiveCitiesPM25", "n_neighbors": 200, "level": 0.8, "random_state": 1679, "test_size": 0.2, "n": 21436, "d": 9, "oob_score": 0.683440142052867, "test_score": 0.6803927771340875, "coverage": 0.7793843283582089, "width_mean": 0.9342610085961368, "width_sd": 0.09113386282483359, "width_min": 0.7294099118160687, "width_q1": 0.8741199858955376, "width_q2": 0.912827917477622, "width_q3": 0.9637245397117398, "width_max": 1.681626639228903}