{"data_name": "FiveCitiesPM25", "n_neighbors": 500, "level": 0.8, "random_state": 1679, "test_size": 0.2, "n": 21436, "d": 9, "oob_score": 0.683440142052867, "test_score": 0.6803927771340875, "coverage": 0.7747201492537313, "width_mean": 0.9321581800486621, "width_sd": 0.03201186589797026, "width_min": 0.8608027138659882, "width_q1": 0.9123985900510136, "width_q2": 0.9254792420497491, "width_q3": 0.9455034409003835, "width_max": 1.1498859991804014}