{"data_name": "FiveCitiesPM25", "n_neighbors": "auto", "level": 0.8, "random_state": 4506, "test_size": 0.2, "n": 21436, "d": 9, "oob_score": 0.6952012200643897, "test_score": 0.6705906561515811, "coverage": 0.7712220149253731, "width_mean": 1.0731842975133221, "width_sd": 0.7300706364433021, "width_min": 0.09106517680518911, "width_q1": 0.6011060990877495, "width_q2": 0.87980969131976, "width_q3": 1.3012209201074914, "width_max": 6.683340630381523}