{"data_name": "FiveCitiesPM25", "n_neighbors": 500, "level": 0.9, "random_state": 1679, "test_size": 0.2, "n": 21436, "d": 9, "oob_score": 0.683440142052867, "test_score": 0.6803927771340875, "coverage": 0.8903917910447762, "width_mean": 1.4366589780769277, "width_sd": 0.1164641881520358, "width_min": 1.2920420672196704, "width_q1": 1.3447984700252569, "width_q2": 1.401168917602364, "width_q3": 1.4871433512506322, "width_max": 2.1604147958349236}