{"data_name": "FiveCitiesPM25", "n_neighbors": 10000, "level": 0.95, "random_state": 1424, "test_size": 0.2, "n": 21436, "d": 9, "oob_score": 0.6822900535064258, "test_score": 0.7013912326538239, "coverage": 0.9503264925373134, "width_mean": 2.306742015063414, "width_sd": 0.004882836985055718, "width_min": 2.3006764587253716, "width_q1": 2.3047297523404153, "width_q2": 2.3047297523404153, "width_q3": 2.3053007680783018, "width_max": 2.339697968800097}