{"data_name": "FiveCitiesPM25", "n_neighbors": 10, "level": 0.99, "random_state": 1679, "test_size": 0.2, "n": 21436, "d": 9, "oob_score": 0.683440142052867, "test_score": 0.6803927771340875, "coverage": 0.8652052238805971, "width_mean": 1.5723227419369807, "width_sd": 1.193427122107062, "width_min": 0.10661279241690813, "width_q1": 0.7750074669066656, "width_q2": 1.2398055104020531, "width_q3": 1.9724529235711037, "width_max": 11.877984014961987}