{"data_name": "Hydrodynamics", "n_neighbors": "all", "level": 0.8, "random_state": 3657, "test_size": 0.2, "n": 308, "d": 6, "oob_score": 0.993391773414741, "test_score": 0.9977984851023577, "coverage": 0.7741935483870968, "width_mean": 0.07897976539896315, "width_sd": 3.988038833097616e-17, "width_min": 0.07897976539896312, "width_q1": 0.07897976539896312, "width_q2": 0.07897976539896312, "width_q3": 0.07897976539896315, "width_max": 0.07897976539896323}