{"data_name": "Hydrodynamics", "n_neighbors": 50, "level": 0.95, "random_state": 4506, "test_size": 0.2, "n": 308, "d": 6, "oob_score": 0.9941409530471552, "test_score": 0.995649415011062, "coverage": 0.9354838709677419, "width_mean": 0.19264656985462042, "width_sd": 0.08506228616519362, "width_min": 0.08678256440456789, "width_q1": 0.14273485200650748, "width_q2": 0.14273485200650748, "width_q3": 0.2394738407969597, "width_max": 0.4660029399288699}