{"data_name": "Hydrodynamics", "n_neighbors": "all", "level": 0.99, "random_state": 1424, "test_size": 0.2, "n": 308, "d": 6, "oob_score": 0.9952353296903765, "test_score": 0.9927177877651326, "coverage": 0.9838709677419355, "width_mean": 0.5883239797216188, "width_sd": 1.8275489827093184e-16, "width_min": 0.5883239797216184, "width_q1": 0.5883239797216185, "width_q2": 0.5883239797216187, "width_q3": 0.5883239797216187, "width_max": 0.5883239797216189}