{"data_name": "Hydrodynamics", "n_neighbors": 200, "level": 0.99, "random_state": 409, "test_size": 0.2, "n": 308, "d": 6, "oob_score": 0.995611844026012, "test_score": 0.9918403854785233, "coverage": 0.967741935483871, "width_mean": 0.49764115445066154, "width_sd": 9.218970910174125e-17, "width_min": 0.4976411544506615, "width_q1": 0.4976411544506615, "width_q2": 0.4976411544506615, "width_q3": 0.49764115445066154, "width_max": 0.4976411544506618}