{"data_name": "Hydrodynamics", "n_neighbors": "auto", "level": 0.8, "random_state": 9674, "test_size": 0.2, "n": 308, "d": 6, "oob_score": 0.994303259784964, "test_score": 0.9956876887134871, "coverage": 0.6935483870967742, "width_mean": 0.09294809457191541, "width_sd": 0.12166985318479247, "width_min": 0.010694924308306764, "width_q1": 0.01774208023270976, "width_q2": 0.03860327990189527, "width_q3": 0.08713762738693737, "width_max": 0.5360987049746568}