{"data_name": "Hydrodynamics", "n_neighbors": 100, "level": 0.99, "random_state": 4012, "test_size": 0.2, "n": 308, "d": 6, "oob_score": 0.9941721294000683, "test_score": 0.9970215523181315, "coverage": 0.9838709677419355, "width_mean": 0.3994332045849926, "width_sd": 0.08844069785714427, "width_min": 0.3439112378023574, "width_q1": 0.3671105207829115, "width_q2": 0.3671105207829116, "width_q3": 0.36804252015843664, "width_max": 0.7815252198131666}