{"data_name": "Hydrodynamics", "n_neighbors": 200, "level": 0.8, "random_state": 4012, "test_size": 0.2, "n": 308, "d": 6, "oob_score": 0.9941721294000683, "test_score": 0.9970215523181315, "coverage": 0.7741935483870968, "width_mean": 0.07672858811611356, "width_sd": 0.0021924956978450197, "width_min": 0.07512144345044691, "width_q1": 0.07512144345044691, "width_q2": 0.07553447028856164, "width_q3": 0.07782982105227865, "width_max": 0.08727218975770601}