{"data_name": "Hydrodynamics", "n_neighbors": 10, "level": 0.95, "random_state": 2286, "test_size": 0.2, "n": 308, "d": 6, "oob_score": 0.9944248764326504, "test_score": 0.9954185696206507, "coverage": 0.8064516129032258, "width_mean": 0.12774000987639048, "width_sd": 0.16192400969004606, "width_min": 0.009750856441384514, "width_q1": 0.025896831183876645, "width_q2": 0.06930839846544126, "width_q3": 0.14801753637905693, "width_max": 0.7818742259083473}