{"data_name": "Hydrodynamics", "n_neighbors": "all", "level": 0.95, "random_state": 409, "test_size": 0.2, "n": 308, "d": 6, "oob_score": 0.995611844026012, "test_score": 0.9918403854785233, "coverage": 0.9516129032258065, "width_mean": 0.2878749354824631, "width_sd": 8.748724683992103e-17, "width_min": 0.287874935482463, "width_q1": 0.287874935482463, "width_q2": 0.287874935482463, "width_q3": 0.28787493548246307, "width_max": 0.2878749354824631}