{"data_name": "Hydrodynamics", "n_neighbors": 200, "level": 0.95, "random_state": 9674, "test_size": 0.2, "n": 308, "d": 6, "oob_score": 0.994303259784964, "test_score": 0.9956876887134871, "coverage": 0.967741935483871, "width_mean": 0.3969645774909791, "width_sd": 0.0038395810158395795, "width_min": 0.36833286668524395, "width_q1": 0.3976480171955554, "width_q2": 0.3976480171955555, "width_q3": 0.3976480171955555, "width_max": 0.3994052994458879}