{"data_name": "Hydrodynamics", "n_neighbors": 10, "level": 0.99, "random_state": 1424, "test_size": 0.2, "n": 308, "d": 6, "oob_score": 0.9952353296903765, "test_score": 0.9927177877651326, "coverage": 0.7419354838709677, "width_mean": 0.13593103772021473, "width_sd": 0.15991417356068463, "width_min": 0.011835955088721595, "width_q1": 0.023488634616329412, "width_q2": 0.06534139197999815, "width_q3": 0.18737305757424635, "width_max": 0.6168191126078177}