{"data_name": "Hydrodynamics", "n_neighbors": "auto", "level": 0.9, "random_state": 9674, "test_size": 0.2, "n": 308, "d": 6, "oob_score": 0.994303259784964, "test_score": 0.9956876887134871, "coverage": 0.7580645161290323, "width_mean": 0.1112588650489155, "width_sd": 0.1439497425843922, "width_min": 0.012078225208657645, "width_q1": 0.01976640544254668, "width_q2": 0.041712042008251154, "width_q3": 0.12339028545092953, "width_max": 0.6571595175786435}