{"data_name": "Hydrodynamics", "n_neighbors": 100, "level": 0.8, "random_state": 2286, "test_size": 0.2, "n": 308, "d": 6, "oob_score": 0.9944248764326504, "test_score": 0.9954185696206507, "coverage": 0.8064516129032258, "width_mean": 0.0883596236966602, "width_sd": 0.023377030628473572, "width_min": 0.07513720324955592, "width_q1": 0.07602604928395074, "width_q2": 0.07716633935409656, "width_q3": 0.08945332031039882, "width_max": 0.18845073976017002}