{"data_name": "Hydrodynamics", "n_neighbors": "auto", "level": 0.95, "random_state": 8935, "test_size": 0.2, "n": 308, "d": 6, "oob_score": 0.9962135035873141, "test_score": 0.9893653964746543, "coverage": 0.8225806451612904, "width_mean": 0.13838749845793824, "width_sd": 0.18412714640678404, "width_min": 0.013628525339085318, "width_q1": 0.02689201404849656, "width_q2": 0.0647710759928237, "width_q3": 0.16807971084447393, "width_max": 0.6820690133860898}