{"data_name": "Hydrodynamics", "n_neighbors": "auto", "level": 0.9, "random_state": 8935, "test_size": 0.2, "n": 308, "d": 6, "oob_score": 0.9962135035873141, "test_score": 0.9893653964746543, "coverage": 0.7580645161290323, "width_mean": 0.11979432645454184, "width_sd": 0.1546275789628479, "width_min": 0.011966482995960037, "width_q1": 0.024100475674934202, "width_q2": 0.05718573550816668, "width_q3": 0.14102220144377303, "width_max": 0.5994266010857423}