{"data_name": "Hydrodynamics", "n_neighbors": 50, "level": 0.8, "random_state": 9674, "test_size": 0.2, "n": 308, "d": 6, "oob_score": 0.994303259784964, "test_score": 0.9956876887134871, "coverage": 0.8548387096774194, "width_mean": 0.09140619454984615, "width_sd": 0.036391583711218665, "width_min": 0.05309775969715946, "width_q1": 0.06931238113282051, "width_q2": 0.07578706030354498, "width_q3": 0.097217280328416, "width_max": 0.20552033213157062}