{"data_name": "Hydrodynamics", "n_neighbors": "auto", "level": 0.9, "random_state": 4506, "test_size": 0.2, "n": 308, "d": 6, "oob_score": 0.9941409530471552, "test_score": 0.995649415011062, "coverage": 0.8064516129032258, "width_mean": 0.12820168350828368, "width_sd": 0.16852635626822834, "width_min": 0.012255570506534808, "width_q1": 0.02066123632291164, "width_q2": 0.03835872937117696, "width_q3": 0.13544518530687658, "width_max": 0.6974070774610355}