{"data_name": "Hydrodynamics", "n_neighbors": 100, "level": 0.95, "random_state": 1424, "test_size": 0.2, "n": 308, "d": 6, "oob_score": 0.9952353296903765, "test_score": 0.9927177877651326, "coverage": 0.9193548387096774, "width_mean": 0.2276492203513952, "width_sd": 0.03825407210570399, "width_min": 0.18517501925089763, "width_q1": 0.21651230240227515, "width_q2": 0.2165123024022752, "width_q3": 0.24293088382451533, "width_max": 0.36715755856431675}