{"data_name": "Hydrodynamics", "n_neighbors": "all", "level": 0.9, "random_state": 1424, "test_size": 0.2, "n": 308, "d": 6, "oob_score": 0.9952353296903765, "test_score": 0.9927177877651326, "coverage": 0.8709677419354839, "width_mean": 0.1867469236301003, "width_sd": 6.743648670897573e-17, "width_min": 0.18674692363010026, "width_q1": 0.18674692363010026, "width_q2": 0.18674692363010031, "width_q3": 0.18674692363010037, "width_max": 0.18674692363010048}