{"data_name": "Hydrodynamics", "n_neighbors": "auto", "level": 0.95, "random_state": 409, "test_size": 0.2, "n": 308, "d": 6, "oob_score": 0.995611844026012, "test_score": 0.9918403854785233, "coverage": 0.7741935483870968, "width_mean": 0.10350545466492095, "width_sd": 0.15001053660671687, "width_min": 0.006243110247384442, "width_q1": 0.02608218499220455, "width_q2": 0.04201207521573505, "width_q3": 0.09142123651085193, "width_max": 0.680719010847616}