{"data_name": "Hydrodynamics", "n_neighbors": 50, "level": 0.8, "random_state": 1824, "test_size": 0.2, "n": 308, "d": 6, "oob_score": 0.9945936001605015, "test_score": 0.9977940210578449, "coverage": 0.8870967741935484, "width_mean": 0.11060381820548035, "width_sd": 0.03565536520211131, "width_min": 0.07028509082921686, "width_q1": 0.08898926250121914, "width_q2": 0.10239938532163237, "width_q3": 0.11299289934160331, "width_max": 0.24522133358018294}