{"data_name": "Hydrodynamics", "n_neighbors": 100, "level": 0.95, "random_state": 2286, "test_size": 0.2, "n": 308, "d": 6, "oob_score": 0.9944248764326504, "test_score": 0.9954185696206507, "coverage": 0.9516129032258065, "width_mean": 0.32558647924545064, "width_sd": 0.03323377524997854, "width_min": 0.3169177916936945, "width_q1": 0.3169177916936946, "width_q2": 0.31691779169369466, "width_q3": 0.3169177916936947, "width_max": 0.4919967413013415}