{"data_name": "Hydrodynamics", "n_neighbors": 200, "level": 0.95, "random_state": 4012, "test_size": 0.2, "n": 308, "d": 6, "oob_score": 0.9941721294000683, "test_score": 0.9970215523181315, "coverage": 0.9516129032258065, "width_mean": 0.3336227959069731, "width_sd": 0.0024516229635871685, "width_min": 0.33317519284042163, "width_q1": 0.33317519284042163, "width_q2": 0.33317519284042163, "width_q3": 0.33317519284042163, "width_max": 0.3470508879035168}