{"data_name": "Hydrodynamics", "n_neighbors": 200, "level": 0.8, "random_state": 1679, "test_size": 0.2, "n": 308, "d": 6, "oob_score": 0.9949304768531679, "test_score": 0.9932635833101989, "coverage": 0.8387096774193549, "width_mean": 0.08411235799646954, "width_sd": 0.003536877750532577, "width_min": 0.07387861924585515, "width_q1": 0.08389020824156723, "width_q2": 0.08389020824156734, "width_q3": 0.08521182538597183, "width_max": 0.09180746936510431}