{"data_name": "Hydrodynamics", "n_neighbors": 50, "level": 0.8, "random_state": 409, "test_size": 0.2, "n": 308, "d": 6, "oob_score": 0.995611844026012, "test_score": 0.9918403854785233, "coverage": 0.7741935483870968, "width_mean": 0.07162578685142416, "width_sd": 0.026882391649320898, "width_min": 0.05014859706179542, "width_q1": 0.05672580492450152, "width_q2": 0.06192466242323675, "width_q3": 0.08186204723789733, "width_max": 0.18874021932651175}