{"data_name": "Hydrodynamics", "n_neighbors": "auto", "level": 0.9, "random_state": 1424, "test_size": 0.2, "n": 308, "d": 6, "oob_score": 0.9952353296903765, "test_score": 0.9927177877651326, "coverage": 0.7419354838709677, "width_mean": 0.12448670220436252, "width_sd": 0.14996364095894346, "width_min": 0.012177635266200748, "width_q1": 0.02216945979227819, "width_q2": 0.06261934979876001, "width_q3": 0.17868141682938826, "width_max": 0.5913417328524524}