{"data_name": "Hydrodynamics", "n_neighbors": 5, "level": 0.9, "random_state": 1424, "test_size": 0.2, "n": 308, "d": 6, "oob_score": 0.9952353296903765, "test_score": 0.9927177877651326, "coverage": 0.5483870967741935, "width_mean": 0.08318649493538646, "width_sd": 0.10710805868999869, "width_min": 0.003794257746982832, "width_q1": 0.017098253783166206, "width_q2": 0.042601327633252514, "width_q3": 0.10288947093964834, "width_max": 0.49175053047060224}