{"data_name": "Hydrodynamics", "n_neighbors": "auto", "level": 0.9, "random_state": 4012, "test_size": 0.2, "n": 308, "d": 6, "oob_score": 0.9941721294000683, "test_score": 0.9970215523181315, "coverage": 0.7096774193548387, "width_mean": 0.12412423884911927, "width_sd": 0.1982328041740025, "width_min": 0.012776219548109258, "width_q1": 0.01641862671149888, "width_q2": 0.029966303441961606, "width_q3": 0.0913885937311309, "width_max": 0.769302877841799}