{"data_name": "Hydrodynamics", "n_neighbors": "auto", "level": 0.99, "random_state": 4506, "test_size": 0.2, "n": 308, "d": 6, "oob_score": 0.9941409530471552, "test_score": 0.995649415011062, "coverage": 0.8387096774193549, "width_mean": 0.16239050701357463, "width_sd": 0.2180335457857818, "width_min": 0.013179689943982442, "width_q1": 0.024078499373932777, "width_q2": 0.04218802189166798, "width_q3": 0.1935082624562024, "width_max": 0.8630548749026472}