{"data_name": "Hydrodynamics", "n_neighbors": 10, "level": 0.9, "random_state": 9674, "test_size": 0.2, "n": 308, "d": 6, "oob_score": 0.994303259784964, "test_score": 0.9956876887134871, "coverage": 0.7741935483870968, "width_mean": 0.11328010627604737, "width_sd": 0.1461614686684406, "width_min": 0.010673456149115745, "width_q1": 0.019759172183278356, "width_q2": 0.04133305636624868, "width_q3": 0.1289503831011167, "width_max": 0.6420269160031453}