{"data_name": "Hydrodynamics", "n_neighbors": 50, "level": 0.95, "random_state": 409, "test_size": 0.2, "n": 308, "d": 6, "oob_score": 0.995611844026012, "test_score": 0.9918403854785233, "coverage": 0.9516129032258065, "width_mean": 0.16584719118008065, "width_sd": 0.05934031275552378, "width_min": 0.14077933025396683, "width_q1": 0.14077933025396683, "width_q2": 0.14184506661557517, "width_q3": 0.1443637070600814, "width_max": 0.4408589805795149}