{"data_name": "Hydrodynamics", "n_neighbors": 20, "level": 0.8, "random_state": 9674, "test_size": 0.2, "n": 308, "d": 6, "oob_score": 0.994303259784964, "test_score": 0.9956876887134871, "coverage": 0.7419354838709677, "width_mean": 0.10240146048187036, "width_sd": 0.11052581452627347, "width_min": 0.013322786162200173, "width_q1": 0.03375062348710478, "width_q2": 0.050436675190778074, "width_q3": 0.1160356244313385, "width_max": 0.4157239347860098}