{"data_name": "Hydrodynamics", "n_neighbors": 200, "level": 0.9, "random_state": 3657, "test_size": 0.2, "n": 308, "d": 6, "oob_score": 0.993391773414741, "test_score": 0.9977984851023577, "coverage": 0.9032258064516129, "width_mean": 0.16493439923873748, "width_sd": 0.006027663799707913, "width_min": 0.15825136572872, "width_q1": 0.16333879632348514, "width_q2": 0.16333879632348527, "width_q3": 0.1647119716372547, "width_max": 0.19622309030760232}