{"data_name": "Hydrodynamics", "n_neighbors": "all", "level": 0.95, "random_state": 4506, "test_size": 0.2, "n": 308, "d": 6, "oob_score": 0.9941409530471552, "test_score": 0.995649415011062, "coverage": 0.9354838709677419, "width_mean": 0.30022723950096974, "width_sd": 6.023457070599868e-17, "width_min": 0.3002272395009695, "width_q1": 0.30022723950096974, "width_q2": 0.30022723950096974, "width_q3": 0.30022723950096974, "width_max": 0.30022723950096986}