{"data_name": "Hydrodynamics", "n_neighbors": "all", "level": 0.95, "random_state": 1679, "test_size": 0.2, "n": 308, "d": 6, "oob_score": 0.9949304768531679, "test_score": 0.9932635833101989, "coverage": 0.9354838709677419, "width_mean": 0.29646518931195115, "width_sd": 1.1541221773482962e-16, "width_min": 0.296465189311951, "width_q1": 0.296465189311951, "width_q2": 0.29646518931195104, "width_q3": 0.2964651893119511, "width_max": 0.2964651893119512}