{"data_name": "Hydrodynamics", "n_neighbors": 5, "level": 0.95, "random_state": 9674, "test_size": 0.2, "n": 308, "d": 6, "oob_score": 0.994303259784964, "test_score": 0.9956876887134871, "coverage": 0.6451612903225806, "width_mean": 0.08957254706846969, "width_sd": 0.13166492372298347, "width_min": 0.0040748318465198, "width_q1": 0.017148751377902283, "width_q2": 0.03869716298383463, "width_q3": 0.11416647376322873, "width_max": 0.7427723845122243}