{"data_name": "Hydrodynamics", "n_neighbors": 50, "level": 0.9, "random_state": 409, "test_size": 0.2, "n": 308, "d": 6, "oob_score": 0.995611844026012, "test_score": 0.9918403854785233, "coverage": 0.9032258064516129, "width_mean": 0.10935565292420293, "width_sd": 0.042013540714857585, "width_min": 0.078716001450436, "width_q1": 0.09005658601421296, "width_q2": 0.0938474803755508, "width_q3": 0.10213562974089369, "width_max": 0.2648307028878585}