{"data_name": "Hydrodynamics", "n_neighbors": 100, "level": 0.9, "random_state": 4506, "test_size": 0.2, "n": 308, "d": 6, "oob_score": 0.9941409530471552, "test_score": 0.995649415011062, "coverage": 0.8870967741935484, "width_mean": 0.11424288907040042, "width_sd": 0.025505407325634864, "width_min": 0.08619705659027932, "width_q1": 0.10204055359925762, "width_q2": 0.10502782991927662, "width_q3": 0.11754374035695647, "width_max": 0.2180789662799658}