{"data_name": "Hydrodynamics", "n_neighbors": 10, "level": 0.8, "random_state": 409, "test_size": 0.2, "n": 308, "d": 6, "oob_score": 0.995611844026012, "test_score": 0.9918403854785233, "coverage": 0.6129032258064516, "width_mean": 0.06582909234378401, "width_sd": 0.08357726409078324, "width_min": 0.0035825386336639786, "width_q1": 0.01934568890114091, "width_q2": 0.03157079775796251, "width_q3": 0.0719056783433197, "width_max": 0.39035347539471066}