{"data_name": "Hydrodynamics", "n_neighbors": 100, "level": 0.95, "random_state": 8935, "test_size": 0.2, "n": 308, "d": 6, "oob_score": 0.9962135035873141, "test_score": 0.9893653964746543, "coverage": 0.8387096774193549, "width_mean": 0.2009305985633356, "width_sd": 0.0334454800517924, "width_min": 0.16328828519838634, "width_q1": 0.17775233431233928, "width_q2": 0.18050442033939257, "width_q3": 0.21482399939493993, "width_max": 0.3093817516115589}