{"data_name": "Hydrodynamics", "n_neighbors": 5, "level": 0.8, "random_state": 8935, "test_size": 0.2, "n": 308, "d": 6, "oob_score": 0.9962135035873141, "test_score": 0.9893653964746543, "coverage": 0.532258064516129, "width_mean": 0.07703998204939878, "width_sd": 0.12015264917197709, "width_min": 0.0046653621479134655, "width_q1": 0.01758452178772174, "width_q2": 0.02975439707265537, "width_q3": 0.08264558064429828, "width_max": 0.543117978472198}