{"data_name": "Hydrodynamics", "n_neighbors": "all", "level": 0.99, "random_state": 9674, "test_size": 0.2, "n": 308, "d": 6, "oob_score": 0.994303259784964, "test_score": 0.9956876887134871, "coverage": 0.9838709677419355, "width_mean": 0.545009738562158, "width_sd": 7.592999722561427e-17, "width_min": 0.545009738562158, "width_q1": 0.545009738562158, "width_q2": 0.545009738562158, "width_q3": 0.5450097385621581, "width_max": 0.5450097385621582}