{"data_name": "Hydrodynamics", "n_neighbors": "auto", "level": 0.99, "random_state": 4012, "test_size": 0.2, "n": 308, "d": 6, "oob_score": 0.9941721294000683, "test_score": 0.9970215523181315, "coverage": 0.8225806451612904, "width_mean": 0.1517105073614084, "width_sd": 0.24008882732961184, "width_min": 0.013552603541167607, "width_q1": 0.01874134848076614, "width_q2": 0.03592608301306738, "width_q3": 0.12078228951687758, "width_max": 0.8793039555841156}