{"data_name": "Hydrodynamics", "n_neighbors": "auto", "level": 0.99, "random_state": 1679, "test_size": 0.2, "n": 308, "d": 6, "oob_score": 0.9949304768531679, "test_score": 0.9932635833101989, "coverage": 0.8387096774193549, "width_mean": 0.1444705779519154, "width_sd": 0.2064236788327436, "width_min": 0.009469121496156863, "width_q1": 0.023865119999707057, "width_q2": 0.039199673503633736, "width_q3": 0.1717834848291645, "width_max": 0.9198519469039668}