{"data_name": "Hydrodynamics", "n_neighbors": 50, "level": 0.99, "random_state": 2286, "test_size": 0.2, "n": 308, "d": 6, "oob_score": 0.9944248764326504, "test_score": 0.9954185696206507, "coverage": 0.9354838709677419, "width_mean": 0.4236962884046471, "width_sd": 0.08613769996021155, "width_min": 0.394006284439512, "width_q1": 0.3940062844395121, "width_q2": 0.39400628443951213, "width_q3": 0.3963201029385358, "width_max": 0.8097337625666294}