{"data_name": "Hydrodynamics", "n_neighbors": 100, "level": 0.8, "random_state": 8935, "test_size": 0.2, "n": 308, "d": 6, "oob_score": 0.9962135035873141, "test_score": 0.9893653964746543, "coverage": 0.6774193548387096, "width_mean": 0.07573696307056385, "width_sd": 0.013484930217275372, "width_min": 0.055200161929949254, "width_q1": 0.06540742630718777, "width_q2": 0.07107005085806435, "width_q3": 0.08258903971668863, "width_max": 0.10645073727696452}