{"data_name": "Hydrodynamics", "n_neighbors": 10, "level": 0.95, "random_state": 4012, "test_size": 0.2, "n": 308, "d": 6, "oob_score": 0.9941721294000683, "test_score": 0.9970215523181315, "coverage": 0.7580645161290323, "width_mean": 0.14043272984842592, "width_sd": 0.2193154685553536, "width_min": 0.012572089254892171, "width_q1": 0.018040062324617606, "width_q2": 0.02959219767398591, "width_q3": 0.1135693769221284, "width_max": 0.8415258076726131}