{"data_name": "Hydrodynamics", "n_neighbors": 100, "level": 0.8, "random_state": 9674, "test_size": 0.2, "n": 308, "d": 6, "oob_score": 0.994303259784964, "test_score": 0.9956876887134871, "coverage": 0.7741935483870968, "width_mean": 0.07171312126182063, "width_sd": 0.015620180013676072, "width_min": 0.05734168220841174, "width_q1": 0.0620979424469274, "width_q2": 0.062272326651014454, "width_q3": 0.07742860346492364, "width_max": 0.11503421449542284}