{"data_name": "Hydrodynamics", "n_neighbors": 20, "level": 0.99, "random_state": 4506, "test_size": 0.2, "n": 308, "d": 6, "oob_score": 0.9941409530471552, "test_score": 0.995649415011062, "coverage": 0.9354838709677419, "width_mean": 0.21533442023021024, "width_sd": 0.18469736905304615, "width_min": 0.029883124277564455, "width_q1": 0.12381011713251763, "width_q2": 0.14084328158747605, "width_q3": 0.19787560890447387, "width_max": 0.8464900951584862}