{"data_name": "Hydrodynamics", "n_neighbors": 10, "level": 0.95, "random_state": 9674, "test_size": 0.2, "n": 308, "d": 6, "oob_score": 0.994303259784964, "test_score": 0.9956876887134871, "coverage": 0.8064516129032258, "width_mean": 0.1229436029598378, "width_sd": 0.15899980241797884, "width_min": 0.011489857482013033, "width_q1": 0.02056129006700394, "width_q2": 0.04315842527548197, "width_q3": 0.13645198280410203, "width_max": 0.7101236230928873}