{"data_name": "Hydrodynamics", "n_neighbors": 50, "level": 0.99, "random_state": 1424, "test_size": 0.2, "n": 308, "d": 6, "oob_score": 0.9952353296903765, "test_score": 0.9927177877651326, "coverage": 0.9354838709677419, "width_mean": 0.322498757648691, "width_sd": 0.09496121094941527, "width_min": 0.18895354001390696, "width_q1": 0.2805359995247467, "width_q2": 0.28106174500902237, "width_q3": 0.2951106850074383, "width_max": 0.7105896764932487}