{"data_name": "Hydrodynamics", "n_neighbors": 10, "level": 0.9, "random_state": 4506, "test_size": 0.2, "n": 308, "d": 6, "oob_score": 0.9941409530471552, "test_score": 0.995649415011062, "coverage": 0.7580645161290323, "width_mean": 0.12884036504942972, "width_sd": 0.16997882080389545, "width_min": 0.010189188291147788, "width_q1": 0.019783102367992605, "width_q2": 0.04505878430731433, "width_q3": 0.14784156725436892, "width_max": 0.7158123882878815}