{"data_name": "Hydrodynamics", "n_neighbors": 5, "level": 0.99, "random_state": 1679, "test_size": 0.2, "n": 308, "d": 6, "oob_score": 0.9949304768531679, "test_score": 0.9932635833101989, "coverage": 0.7096774193548387, "width_mean": 0.10030689410604547, "width_sd": 0.137158011619429, "width_min": 0.0007905895773597793, "width_q1": 0.01718917813766102, "width_q2": 0.032582462761125947, "width_q3": 0.13249132400496272, "width_max": 0.6938406472018741}