{"data_name": "Hydrodynamics", "n_neighbors": 50, "level": 0.8, "random_state": 3657, "test_size": 0.2, "n": 308, "d": 6, "oob_score": 0.993391773414741, "test_score": 0.9977984851023577, "coverage": 0.7419354838709677, "width_mean": 0.06666373036295398, "width_sd": 0.03519913284764251, "width_min": 0.03414592608257194, "width_q1": 0.04396378048896332, "width_q2": 0.05860174776983315, "width_q3": 0.07008557450486774, "width_max": 0.24406845761609341}