{"data_name": "Hydrodynamics", "n_neighbors": "all", "level": 0.99, "random_state": 4012, "test_size": 0.2, "n": 308, "d": 6, "oob_score": 0.9941721294000683, "test_score": 0.9970215523181315, "coverage": 1.0, "width_mean": 0.6408526576388706, "width_sd": 3.1147579003703806e-16, "width_min": 0.6408526576388702, "width_q1": 0.6408526576388702, "width_q2": 0.6408526576388702, "width_q3": 0.6408526576388702, "width_max": 0.6408526576388707}