{"data_name": "Hydrodynamics", "n_neighbors": 5, "level": 0.95, "random_state": 1424, "test_size": 0.2, "n": 308, "d": 6, "oob_score": 0.9952353296903765, "test_score": 0.9927177877651326, "coverage": 0.5483870967741935, "width_mean": 0.08851783970048875, "width_sd": 0.1137543057535396, "width_min": 0.0040058172987949, "width_q1": 0.018146473254896878, "width_q2": 0.04658401673633756, "width_q3": 0.10962497529762585, "width_max": 0.5045176803464764}