{"data_name": "Hydrodynamics", "n_neighbors": 5, "level": 0.99, "random_state": 9674, "test_size": 0.2, "n": 308, "d": 6, "oob_score": 0.994303259784964, "test_score": 0.9956876887134871, "coverage": 0.6451612903225806, "width_mean": 0.0934936753816422, "width_sd": 0.1375182399579044, "width_min": 0.004355226064801321, "width_q1": 0.01752677438551531, "width_q2": 0.039514460762688774, "width_q3": 0.1224867312992886, "width_max": 0.7711307410485486}