{"data_name": "Hydrodynamics", "n_neighbors": 10, "level": 0.99, "random_state": 8935, "test_size": 0.2, "n": 308, "d": 6, "oob_score": 0.9962135035873141, "test_score": 0.9893653964746543, "coverage": 0.8387096774193549, "width_mean": 0.14729887801357788, "width_sd": 0.2065208843882831, "width_min": 0.01158339801366881, "width_q1": 0.027759625028021734, "width_q2": 0.05844549735652883, "width_q3": 0.15460460370372514, "width_max": 0.7413958695814795}