{"data_name": "Hydrodynamics", "n_neighbors": "auto", "level": 0.8, "random_state": 4506, "test_size": 0.2, "n": 308, "d": 6, "oob_score": 0.9941409530471552, "test_score": 0.995649415011062, "coverage": 0.6774193548387096, "width_mean": 0.09390162285577773, "width_sd": 0.11975149327306259, "width_min": 0.008753450087286674, "width_q1": 0.01634323397811624, "width_q2": 0.03313226775995046, "width_q3": 0.09924413536188899, "width_max": 0.5133539691925781}