{"data_name": "Hydrodynamics", "n_neighbors": 100, "level": 0.9, "random_state": 1424, "test_size": 0.2, "n": 308, "d": 6, "oob_score": 0.9952353296903765, "test_score": 0.9927177877651326, "coverage": 0.9032258064516129, "width_mean": 0.16476490622520762, "width_sd": 0.01814304896579439, "width_min": 0.13793604651778768, "width_q1": 0.15400239850612668, "width_q2": 0.16275578892831633, "width_q3": 0.1648430246535867, "width_max": 0.22544954267506956}