{"data_name": "Hydrodynamics", "n_neighbors": 20, "level": 0.8, "random_state": 3657, "test_size": 0.2, "n": 308, "d": 6, "oob_score": 0.993391773414741, "test_score": 0.9977984851023577, "coverage": 0.7258064516129032, "width_mean": 0.09459386235721702, "width_sd": 0.1158212512468225, "width_min": 0.015584515003103205, "width_q1": 0.02999433147628061, "width_q2": 0.04324015865972644, "width_q3": 0.08943824804776408, "width_max": 0.5722012828357896}