{"data_name": "Hydrodynamics", "n_neighbors": "all", "level": 0.95, "random_state": 8935, "test_size": 0.2, "n": 308, "d": 6, "oob_score": 0.9962135035873141, "test_score": 0.9893653964746543, "coverage": 0.8387096774193549, "width_mean": 0.23991279224350878, "width_sd": 9.090027903777435e-17, "width_min": 0.2399127922435087, "width_q1": 0.23991279224350875, "width_q2": 0.2399127922435088, "width_q3": 0.23991279224350892, "width_max": 0.23991279224350892}