{"data_name": "Hydrodynamics", "n_neighbors": 50, "level": 0.95, "random_state": 3657, "test_size": 0.2, "n": 308, "d": 6, "oob_score": 0.993391773414741, "test_score": 0.9977984851023577, "coverage": 0.9838709677419355, "width_mean": 0.31206946470429414, "width_sd": 0.12301373333839065, "width_min": 0.08655950636458609, "width_q1": 0.25772280054659974, "width_q2": 0.29233453300571105, "width_q3": 0.39110288366525375, "width_max": 0.687535499395695}