{"data_name": "Hydrodynamics", "n_neighbors": "all", "level": 0.8, "random_state": 1424, "test_size": 0.2, "n": 308, "d": 6, "oob_score": 0.9952353296903765, "test_score": 0.9927177877651326, "coverage": 0.7741935483870968, "width_mean": 0.08157673390587958, "width_sd": 7.558145752856411e-17, "width_min": 0.0815767339058795, "width_q1": 0.0815767339058795, "width_q2": 0.0815767339058796, "width_q3": 0.0815767339058796, "width_max": 0.08157673390587972}