{"data_name": "Hydrodynamics", "n_neighbors": "auto", "level": 0.99, "random_state": 8935, "test_size": 0.2, "n": 308, "d": 6, "oob_score": 0.9962135035873141, "test_score": 0.9893653964746543, "coverage": 0.8387096774193549, "width_mean": 0.15326203606065528, "width_sd": 0.2081031946625682, "width_min": 0.014958159213585454, "width_q1": 0.029085448189586444, "width_q2": 0.06928188733997628, "width_q3": 0.1855462609279892, "width_max": 0.7481829432263676}