{"data_name": "Hydrodynamics", "n_neighbors": 20, "level": 0.95, "random_state": 3657, "test_size": 0.2, "n": 308, "d": 6, "oob_score": 0.993391773414741, "test_score": 0.9977984851023577, "coverage": 0.967741935483871, "width_mean": 0.23337870117564774, "width_sd": 0.18749510955853235, "width_min": 0.04925868720102544, "width_q1": 0.15714715212488756, "width_q2": 0.16927239567547056, "width_q3": 0.22440235050401064, "width_max": 0.8533910418187265}