{"data_name": "Hydrodynamics", "n_neighbors": 10, "level": 0.9, "random_state": 3657, "test_size": 0.2, "n": 308, "d": 6, "oob_score": 0.993391773414741, "test_score": 0.9977984851023577, "coverage": 0.7096774193548387, "width_mean": 0.1382627207913084, "width_sd": 0.19809368901265226, "width_min": 0.009501390197227733, "width_q1": 0.020941950540733084, "width_q2": 0.045244617333153575, "width_q3": 0.17593146941798687, "width_max": 0.8261159764901826}