{"data_name": "Hydrodynamics", "n_neighbors": 200, "level": 0.8, "random_state": 3657, "test_size": 0.2, "n": 308, "d": 6, "oob_score": 0.993391773414741, "test_score": 0.9977984851023577, "coverage": 0.7741935483870968, "width_mean": 0.08237417177006874, "width_sd": 0.004360695687606651, "width_min": 0.071481899786629, "width_q1": 0.08198650399862184, "width_q2": 0.084049495698794, "width_q3": 0.08502122765956836, "width_max": 0.09278098000032586}