{"data_name": "Hydrodynamics", "n_neighbors": 100, "level": 0.99, "random_state": 1424, "test_size": 0.2, "n": 308, "d": 6, "oob_score": 0.9952353296903765, "test_score": 0.9927177877651326, "coverage": 0.9354838709677419, "width_mean": 0.43614345082333017, "width_sd": 0.0600248027793221, "width_min": 0.40784164149656443, "width_q1": 0.41314461605221375, "width_q2": 0.4152285006655113, "width_q3": 0.41637827031750013, "width_max": 0.6498027075454682}