{"data_name": "Hydrodynamics", "n_neighbors": 5, "level": 0.99, "random_state": 8935, "test_size": 0.2, "n": 308, "d": 6, "oob_score": 0.9962135035873141, "test_score": 0.9893653964746543, "coverage": 0.6129032258064516, "width_mean": 0.10694431201678055, "width_sd": 0.17466709403683492, "width_min": 0.0059034947330414145, "width_q1": 0.020716089162565426, "width_q2": 0.03731972985608445, "width_q3": 0.1202458290434667, "width_max": 0.7536317533257249}