{"data_name": "Hydrodynamics", "n_neighbors": "auto", "level": 0.9, "random_state": 1824, "test_size": 0.2, "n": 308, "d": 6, "oob_score": 0.9945936001605015, "test_score": 0.9977940210578449, "coverage": 0.7580645161290323, "width_mean": 0.13311594022340592, "width_sd": 0.18021504232069568, "width_min": 0.00901529900628939, "width_q1": 0.01689465933122719, "width_q2": 0.051564295357236445, "width_q3": 0.11399892937468685, "width_max": 0.6590671925269898}