{"data_name": "Hydrodynamics", "n_neighbors": "all", "level": 0.95, "random_state": 1824, "test_size": 0.2, "n": 308, "d": 6, "oob_score": 0.9945936001605015, "test_score": 0.9977940210578449, "coverage": 0.9838709677419355, "width_mean": 0.3606002329998713, "width_sd": 4.781490587991205e-17, "width_min": 0.3606002329998712, "width_q1": 0.3606002329998713, "width_q2": 0.3606002329998713, "width_q3": 0.3606002329998713, "width_max": 0.3606002329998713}