{"data_name": "Hydrodynamics", "n_neighbors": 100, "level": 0.8, "random_state": 3657, "test_size": 0.2, "n": 308, "d": 6, "oob_score": 0.993391773414741, "test_score": 0.9977984851023577, "coverage": 0.7419354838709677, "width_mean": 0.06097943605991569, "width_sd": 0.009190604859389448, "width_min": 0.047820521289562046, "width_q1": 0.055860819359565994, "width_q2": 0.0587349825635127, "width_q3": 0.06585200111570719, "width_max": 0.08603528024229856}