{"data_name": "Hydrodynamics", "n_neighbors": 200, "level": 0.95, "random_state": 4506, "test_size": 0.2, "n": 308, "d": 6, "oob_score": 0.9941409530471552, "test_score": 0.995649415011062, "coverage": 0.9354838709677419, "width_mean": 0.30644317849364455, "width_sd": 0.008557916531573099, "width_min": 0.3036616247969226, "width_q1": 0.3036616247969226, "width_q2": 0.30366162479692266, "width_q3": 0.30366162479692266, "width_max": 0.3349388445583268}