{"data_name": "Hydrodynamics", "n_neighbors": 5, "level": 0.99, "random_state": 4012, "test_size": 0.2, "n": 308, "d": 6, "oob_score": 0.9941721294000683, "test_score": 0.9970215523181315, "coverage": 0.6129032258064516, "width_mean": 0.1073809717793162, "width_sd": 0.19036881930127045, "width_min": 0.0026839590185697704, "width_q1": 0.014017317606949242, "width_q2": 0.026490452406809473, "width_q3": 0.10533349857524678, "width_max": 0.8778987391331534}