{"data_name": "Hydrodynamics", "n_neighbors": 10, "level": 0.8, "random_state": 8935, "test_size": 0.2, "n": 308, "d": 6, "oob_score": 0.9962135035873141, "test_score": 0.9893653964746543, "coverage": 0.6129032258064516, "width_mean": 0.07765278333306816, "width_sd": 0.08584287911497318, "width_min": 0.008096068028691783, "width_q1": 0.019884469799714893, "width_q2": 0.03654665808578862, "width_q3": 0.08835824879920179, "width_max": 0.37187664959133704}