{"data_name": "Hydrodynamics", "n_neighbors": 10, "level": 0.8, "random_state": 1824, "test_size": 0.2, "n": 308, "d": 6, "oob_score": 0.9945936001605015, "test_score": 0.9977940210578449, "coverage": 0.6774193548387096, "width_mean": 0.09703058034663965, "width_sd": 0.13152942971577708, "width_min": 0.005847089127445804, "width_q1": 0.012157153328742426, "width_q2": 0.04489110256719264, "width_q3": 0.08642394250661165, "width_max": 0.49680301194410026}