{"data_name": "Hydrodynamics", "n_neighbors": "auto", "level": 0.95, "random_state": 2286, "test_size": 0.2, "n": 308, "d": 6, "oob_score": 0.9944248764326504, "test_score": 0.9954185696206507, "coverage": 0.8548387096774194, "width_mean": 0.1301182220659196, "width_sd": 0.17214235839537678, "width_min": 0.010644458492923614, "width_q1": 0.028440289264552915, "width_q2": 0.07119915652276837, "width_q3": 0.14229362678864385, "width_max": 0.7905942738568643}