{"data_name": "Hydrodynamics", "n_neighbors": "auto", "level": 0.99, "random_state": 3657, "test_size": 0.2, "n": 308, "d": 6, "oob_score": 0.993391773414741, "test_score": 0.9977984851023577, "coverage": 0.7419354838709677, "width_mean": 0.1646339369477, "width_sd": 0.25643016743125663, "width_min": 0.01153426406253566, "width_q1": 0.02378374983923265, "width_q2": 0.054923144261546986, "width_q3": 0.13270778115145201, "width_max": 0.9504659397766155}