{"data_name": "Hydrodynamics", "n_neighbors": 200, "level": 0.99, "random_state": 2286, "test_size": 0.2, "n": 308, "d": 6, "oob_score": 0.9944248764326504, "test_score": 0.9954185696206507, "coverage": 1.0, "width_mean": 0.5279420569499632, "width_sd": 0.028578282071460227, "width_min": 0.520552796466473, "width_q1": 0.520552796466473, "width_q2": 0.5205527964664731, "width_q3": 0.5205527964664731, "width_max": 0.6547718394695714}