{"data_name": "Hydrodynamics", "n_neighbors": 50, "level": 0.99, "random_state": 3657, "test_size": 0.2, "n": 308, "d": 6, "oob_score": 0.993391773414741, "test_score": 0.9977984851023577, "coverage": 1.0, "width_mean": 0.6164815351380702, "width_sd": 0.16314092209682401, "width_min": 0.2749442099502195, "width_q1": 0.5615996084036963, "width_q2": 0.5645667561119102, "width_q3": 0.7517055430957446, "width_max": 0.9092091081445131}