{"data_name": "Hydrodynamics", "n_neighbors": 5, "level": 0.9, "random_state": 4506, "test_size": 0.2, "n": 308, "d": 6, "oob_score": 0.9941409530471552, "test_score": 0.995649415011062, "coverage": 0.6612903225806451, "width_mean": 0.09584259835385399, "width_sd": 0.12326395084529879, "width_min": 0.0028526262512801326, "width_q1": 0.01447579805908375, "width_q2": 0.031540152167548796, "width_q3": 0.10895584709441461, "width_max": 0.4612133031395973}