{"data_name": "Hydrodynamics", "n_neighbors": "all", "level": 0.95, "random_state": 3657, "test_size": 0.2, "n": 308, "d": 6, "oob_score": 0.993391773414741, "test_score": 0.9977984851023577, "coverage": 0.967741935483871, "width_mean": 0.32938110711680246, "width_sd": 6.979067957920828e-17, "width_min": 0.32938110711680224, "width_q1": 0.32938110711680246, "width_q2": 0.32938110711680246, "width_q3": 0.32938110711680246, "width_max": 0.3293811071168027}