{"data_name": "Hydrodynamics", "n_neighbors": 100, "level": 0.99, "random_state": 409, "test_size": 0.2, "n": 308, "d": 6, "oob_score": 0.995611844026012, "test_score": 0.9918403854785233, "coverage": 0.9838709677419355, "width_mean": 0.39996423438346035, "width_sd": 0.04544392110339858, "width_min": 0.3184948220569565, "width_q1": 0.38921507386107246, "width_q2": 0.38921507386107246, "width_q3": 0.38921507386107246, "width_max": 0.6368232896553336}