{"data_name": "Hydrodynamics", "n_neighbors": 20, "level": 0.9, "random_state": 8935, "test_size": 0.2, "n": 308, "d": 6, "oob_score": 0.9962135035873141, "test_score": 0.9893653964746543, "coverage": 0.6935483870967742, "width_mean": 0.09894628669927838, "width_sd": 0.07668788366416232, "width_min": 0.017652627193333603, "width_q1": 0.0542387888777332, "width_q2": 0.06460362726294133, "width_q3": 0.10260444443954399, "width_max": 0.35818864085692237}