{"data_name": "Hydrodynamics", "n_neighbors": 10, "level": 0.99, "random_state": 2286, "test_size": 0.2, "n": 308, "d": 6, "oob_score": 0.9944248764326504, "test_score": 0.9954185696206507, "coverage": 0.8387096774193549, "width_mean": 0.1393295003179756, "width_sd": 0.17693641334034133, "width_min": 0.010674889408876287, "width_q1": 0.026628446658379268, "width_q2": 0.07424772560078013, "width_q3": 0.1680599144837936, "width_max": 0.8446585711376708}