{"data_name": "Hydrodynamics", "n_neighbors": 5, "level": 0.99, "random_state": 409, "test_size": 0.2, "n": 308, "d": 6, "oob_score": 0.995611844026012, "test_score": 0.9918403854785233, "coverage": 0.6129032258064516, "width_mean": 0.07353803903971787, "width_sd": 0.09622399924491917, "width_min": 0.005853266899411014, "width_q1": 0.0179350108132669, "width_q2": 0.03338803193502915, "width_q3": 0.07405863413034183, "width_max": 0.40992536113006395}