{"data_name": "Hydrodynamics", "n_neighbors": "all", "level": 0.99, "random_state": 3657, "test_size": 0.2, "n": 308, "d": 6, "oob_score": 0.993391773414741, "test_score": 0.9977984851023577, "coverage": 1.0, "width_mean": 0.6875354993956957, "width_sd": 1.8969403410187027e-16, "width_min": 0.6875354993956957, "width_q1": 0.6875354993956958, "width_q2": 0.6875354993956959, "width_q3": 0.6875354993956959, "width_max": 0.6875354993956959}