{"data_name": "Hydrodynamics", "n_neighbors": 20, "level": 0.99, "random_state": 1824, "test_size": 0.2, "n": 308, "d": 6, "oob_score": 0.9945936001605015, "test_score": 0.9977940210578449, "coverage": 0.9193548387096774, "width_mean": 0.26678568272917424, "width_sd": 0.1755915116758734, "width_min": 0.06361376312255063, "width_q1": 0.1761852994872266, "width_q2": 0.21655433877832575, "width_q3": 0.2425796969496405, "width_max": 0.8443616544784307}