{"data_name": "Hydrodynamics", "n_neighbors": 200, "level": 0.99, "random_state": 1824, "test_size": 0.2, "n": 308, "d": 6, "oob_score": 0.9945936001605015, "test_score": 0.9977940210578449, "coverage": 1.0, "width_mean": 0.5624040912590105, "width_sd": 0.023720707914433994, "width_min": 0.555378623902627, "width_q1": 0.5553786239026273, "width_q2": 0.5553786239026273, "width_q3": 0.5553786239026273, "width_max": 0.6424944191217778}