{"data_name": "Hydrodynamics", "n_neighbors": 5, "level": 0.95, "random_state": 4012, "test_size": 0.2, "n": 308, "d": 6, "oob_score": 0.9941721294000683, "test_score": 0.9970215523181315, "coverage": 0.6129032258064516, "width_mean": 0.10178616404355216, "width_sd": 0.17905841764526173, "width_min": 0.0026387487779663266, "width_q1": 0.013736467209522596, "width_q2": 0.025535758510619122, "width_q3": 0.09981746326817822, "width_max": 0.8233885054438299}