{"data_name": "Hydrodynamics", "n_neighbors": 10, "level": 0.99, "random_state": 4506, "test_size": 0.2, "n": 308, "d": 6, "oob_score": 0.9941409530471552, "test_score": 0.995649415011062, "coverage": 0.8225806451612904, "width_mean": 0.1583218560987557, "width_sd": 0.2121393339407692, "width_min": 0.011203829360062367, "width_q1": 0.023639770840252844, "width_q2": 0.05545722538390066, "width_q3": 0.1947479006509516, "width_max": 0.8648954059853313}