{"data_name": "Hydrodynamics", "n_neighbors": 20, "level": 0.8, "random_state": 2286, "test_size": 0.2, "n": 308, "d": 6, "oob_score": 0.9944248764326504, "test_score": 0.9954185696206507, "coverage": 0.8709677419354839, "width_mean": 0.10045479601849432, "width_sd": 0.08795427598222445, "width_min": 0.016855955310917214, "width_q1": 0.04662011730775753, "width_q2": 0.06864662298690091, "width_q3": 0.11506069729553488, "width_max": 0.3936318814485902}