{"data_name": "Hydrodynamics", "n_neighbors": 200, "level": 0.8, "random_state": 8935, "test_size": 0.2, "n": 308, "d": 6, "oob_score": 0.9962135035873141, "test_score": 0.9893653964746543, "coverage": 0.6774193548387096, "width_mean": 0.08089801185836096, "width_sd": 0.002225166870598323, "width_min": 0.07962214817858268, "width_q1": 0.07962214817858271, "width_q2": 0.07983102445140496, "width_q3": 0.08115676606299288, "width_max": 0.09009256473297622}