{"data_name": "Hydrodynamics", "n_neighbors": 5, "level": 0.99, "random_state": 1824, "test_size": 0.2, "n": 308, "d": 6, "oob_score": 0.9945936001605015, "test_score": 0.9977940210578449, "coverage": 0.6612903225806451, "width_mean": 0.12003236270695344, "width_sd": 0.18532227003657123, "width_min": 0.0038108839866781707, "width_q1": 0.013778414235768727, "width_q2": 0.04493633880511547, "width_q3": 0.11475420019324423, "width_max": 0.860006812231545}