{"data_name": "Hydrodynamics", "n_neighbors": 20, "level": 0.99, "random_state": 2286, "test_size": 0.2, "n": 308, "d": 6, "oob_score": 0.9944248764326504, "test_score": 0.9954185696206507, "coverage": 0.9354838709677419, "width_mean": 0.37728219769108606, "width_sd": 0.15497087552663194, "width_min": 0.10250380087754019, "width_q1": 0.30975023695617526, "width_q2": 0.4112581763818164, "width_q3": 0.416157665602441, "width_max": 0.8407261471860412}