{"data_name": "Hydrodynamics", "n_neighbors": 200, "level": 0.99, "random_state": 8935, "test_size": 0.2, "n": 308, "d": 6, "oob_score": 0.9962135035873141, "test_score": 0.9893653964746543, "coverage": 0.8709677419354839, "width_mean": 0.3737919001667612, "width_sd": 0.017512607123594922, "width_min": 0.365430477151581, "width_q1": 0.36543047715158106, "width_q2": 0.3654304771515811, "width_q3": 0.3727375480371092, "width_max": 0.4261001192033165}