{"data_name": "Hydrodynamics", "n_neighbors": 50, "level": 0.99, "random_state": 1824, "test_size": 0.2, "n": 308, "d": 6, "oob_score": 0.9945936001605015, "test_score": 0.9977940210578449, "coverage": 1.0, "width_mean": 0.6626473333897154, "width_sd": 0.043666885594650894, "width_min": 0.5368385093212167, "width_q1": 0.6525050660246643, "width_q2": 0.6525050660246643, "width_q3": 0.6525050660246643, "width_max": 0.8185629910467123}