{"data_name": "Hydrodynamics", "n_neighbors": "all", "level": 0.9, "random_state": 8935, "test_size": 0.2, "n": 308, "d": 6, "oob_score": 0.9962135035873141, "test_score": 0.9893653964746543, "coverage": 0.7741935483870968, "width_mean": 0.13741847350714673, "width_sd": 4.514153447443379e-17, "width_min": 0.13741847350714664, "width_q1": 0.1374184735071467, "width_q2": 0.13741847350714675, "width_q3": 0.13741847350714675, "width_max": 0.13741847350714675}