{"data_name": "Hydrodynamics", "n_neighbors": 10, "level": 0.8, "random_state": 1424, "test_size": 0.2, "n": 308, "d": 6, "oob_score": 0.9952353296903765, "test_score": 0.9927177877651326, "coverage": 0.6451612903225806, "width_mean": 0.09307523010461374, "width_sd": 0.11340384927897501, "width_min": 0.008558217962519654, "width_q1": 0.01776445358798856, "width_q2": 0.04663819011955905, "width_q3": 0.13452643725413752, "width_max": 0.4876685665561231}