{"data_name": "Hydrodynamics", "n_neighbors": 200, "level": 0.8, "random_state": 409, "test_size": 0.2, "n": 308, "d": 6, "oob_score": 0.995611844026012, "test_score": 0.9918403854785233, "coverage": 0.8064516129032258, "width_mean": 0.08647123121915838, "width_sd": 0.0014130928146661044, "width_min": 0.0815695391677278, "width_q1": 0.0858875177209586, "width_q2": 0.08683082157659844, "width_q3": 0.0868308215765985, "width_max": 0.09011109483624002}