{"data_name": "Hydrodynamics", "n_neighbors": "auto", "level": 0.99, "random_state": 409, "test_size": 0.2, "n": 308, "d": 6, "oob_score": 0.995611844026012, "test_score": 0.9918403854785233, "coverage": 0.7903225806451613, "width_mean": 0.11402621996576855, "width_sd": 0.16891454214357468, "width_min": 0.006529493942272313, "width_q1": 0.028563565928274443, "width_q2": 0.04637312159979093, "width_q3": 0.09873705187265747, "width_max": 0.7654831621154687}