{"data_name": "Hydrodynamics", "n_neighbors": 10, "level": 0.95, "random_state": 4506, "test_size": 0.2, "n": 308, "d": 6, "oob_score": 0.9941409530471552, "test_score": 0.995649415011062, "coverage": 0.7903225806451613, "width_mean": 0.1452189711879442, "width_sd": 0.19328505312159242, "width_min": 0.010752877773878122, "width_q1": 0.021925695963692732, "width_q2": 0.051460111276024706, "width_q3": 0.17390064136358158, "width_max": 0.7986362870086872}