{"data_name": "Hydrodynamics", "n_neighbors": 5, "level": 0.9, "random_state": 8935, "test_size": 0.2, "n": 308, "d": 6, "oob_score": 0.9962135035873141, "test_score": 0.9893653964746543, "coverage": 0.5806451612903226, "width_mean": 0.09277910308486287, "width_sd": 0.14871142752661382, "width_min": 0.005317010876928152, "width_q1": 0.01921713734742206, "width_q2": 0.034033101709927294, "width_q3": 0.10243518506491323, "width_max": 0.6539147020793172}