{"data_name": "Hydrodynamics", "n_neighbors": 200, "level": 0.99, "random_state": 4506, "test_size": 0.2, "n": 308, "d": 6, "oob_score": 0.9941409530471552, "test_score": 0.995649415011062, "coverage": 1.0, "width_mean": 0.7084241230385822, "width_sd": 1.3075659740283351e-16, "width_min": 0.7084241230385822, "width_q1": 0.7084241230385822, "width_q2": 0.7084241230385822, "width_q3": 0.7084241230385824, "width_max": 0.7084241230385824}