{"data_name": "Hydrodynamics", "n_neighbors": "all", "level": 0.8, "random_state": 4012, "test_size": 0.2, "n": 308, "d": 6, "oob_score": 0.9941721294000683, "test_score": 0.9970215523181315, "coverage": 0.7580645161290323, "width_mean": 0.07163133315019801, "width_sd": 4.140892317156576e-17, "width_min": 0.07163133315019798, "width_q1": 0.07163133315019798, "width_q2": 0.07163133315019798, "width_q3": 0.07163133315019801, "width_max": 0.0716313331501981}