{"data_name": "Hydrodynamics", "n_neighbors": 10, "level": 0.99, "random_state": 4012, "test_size": 0.2, "n": 308, "d": 6, "oob_score": 0.9941721294000683, "test_score": 0.9970215523181315, "coverage": 0.7741935483870968, "width_mean": 0.15305209061035935, "width_sd": 0.23897132529980622, "width_min": 0.013425512594406608, "width_q1": 0.018897789774588836, "width_q2": 0.031118301996539033, "width_q3": 0.12383348163412243, "width_max": 0.8815261995789099}