{"data_name": "Hydrodynamics", "n_neighbors": 20, "level": 0.95, "random_state": 4012, "test_size": 0.2, "n": 308, "d": 6, "oob_score": 0.9941721294000683, "test_score": 0.9970215523181315, "coverage": 0.9516129032258065, "width_mean": 0.26793290479807824, "width_sd": 0.14920573801751838, "width_min": 0.03551374070936508, "width_q1": 0.18381258439314113, "width_q2": 0.23851170051663081, "width_q3": 0.2599872117106235, "width_max": 0.7859697078027557}