{"data_name": "Hydrodynamics", "n_neighbors": "auto", "level": 0.8, "random_state": 1679, "test_size": 0.2, "n": 308, "d": 6, "oob_score": 0.9949304768531679, "test_score": 0.9932635833101989, "coverage": 0.6451612903225806, "width_mean": 0.08489504007229456, "width_sd": 0.10721461669921042, "width_min": 0.004842920785385951, "width_q1": 0.017494001319004582, "width_q2": 0.030261664973284086, "width_q3": 0.11029734463093935, "width_max": 0.48764106092492776}