{"data_name": "Hydrodynamics", "n_neighbors": "all", "level": 0.99, "random_state": 1824, "test_size": 0.2, "n": 308, "d": 6, "oob_score": 0.9945936001605015, "test_score": 0.9977940210578449, "coverage": 1.0, "width_mean": 0.5993222720702368, "width_sd": 2.9910291248232117e-16, "width_min": 0.5993222720702365, "width_q1": 0.5993222720702365, "width_q2": 0.5993222720702365, "width_q3": 0.5993222720702366, "width_max": 0.5993222720702367}