{"data_name": "Hydrodynamics", "n_neighbors": 20, "level": 0.9, "random_state": 3657, "test_size": 0.2, "n": 308, "d": 6, "oob_score": 0.993391773414741, "test_score": 0.9977984851023577, "coverage": 0.8548387096774194, "width_mean": 0.1541304603710633, "width_sd": 0.16585339279315747, "width_min": 0.02922141090661101, "width_q1": 0.07401125513828548, "width_q2": 0.08527952156530924, "width_q3": 0.13804026957735074, "width_max": 0.7381146004937333}