{"data_name": "Hydrodynamics", "n_neighbors": 10, "level": 0.9, "random_state": 1424, "test_size": 0.2, "n": 308, "d": 6, "oob_score": 0.9952353296903765, "test_score": 0.9927177877651326, "coverage": 0.6774193548387096, "width_mean": 0.1156309183233511, "width_sd": 0.13632846419723554, "width_min": 0.011770256275062896, "width_q1": 0.021070630409725455, "width_q2": 0.05838696819486902, "width_q3": 0.15930148000222158, "width_max": 0.5266079310082565}