{"data_name": "Hydrodynamics", "n_neighbors": 5, "level": 0.9, "random_state": 3657, "test_size": 0.2, "n": 308, "d": 6, "oob_score": 0.993391773414741, "test_score": 0.9977984851023577, "coverage": 0.6129032258064516, "width_mean": 0.09995794498205783, "width_sd": 0.1401168161319985, "width_min": 0.006565802785779229, "width_q1": 0.018220496572471545, "width_q2": 0.029962609847123817, "width_q3": 0.08551434358240663, "width_max": 0.6108686539494488}