{"data_name": "Hydrodynamics", "n_neighbors": "all", "level": 0.8, "random_state": 9674, "test_size": 0.2, "n": 308, "d": 6, "oob_score": 0.994303259784964, "test_score": 0.9956876887134871, "coverage": 0.8225806451612904, "width_mean": 0.0887349890912654, "width_sd": 7.889931935345667e-17, "width_min": 0.08873498909126498, "width_q1": 0.08873498909126537, "width_q2": 0.08873498909126543, "width_q3": 0.08873498909126543, "width_max": 0.08873498909126543}