{"data_name": "Hydrodynamics", "n_neighbors": "all", "level": 0.8, "random_state": 409, "test_size": 0.2, "n": 308, "d": 6, "oob_score": 0.995611844026012, "test_score": 0.9918403854785233, "coverage": 0.8064516129032258, "width_mean": 0.0805957147489368, "width_sd": 5.4778856385471505e-17, "width_min": 0.08059571474893668, "width_q1": 0.08059571474893673, "width_q2": 0.08059571474893679, "width_q3": 0.08059571474893679, "width_max": 0.0805957147489369}