{"data_name": "Hydrodynamics", "n_neighbors": 20, "level": 0.99, "random_state": 8935, "test_size": 0.2, "n": 308, "d": 6, "oob_score": 0.9962135035873141, "test_score": 0.9893653964746543, "coverage": 0.8548387096774194, "width_mean": 0.1743320836988318, "width_sd": 0.18941014160374722, "width_min": 0.02246847911769645, "width_q1": 0.06962412772820059, "width_q2": 0.0871887642595505, "width_q3": 0.19758382783129957, "width_max": 0.7211995844860568}