{"data_name": "Hydrodynamics", "n_neighbors": 10, "level": 0.99, "random_state": 9674, "test_size": 0.2, "n": 308, "d": 6, "oob_score": 0.994303259784964, "test_score": 0.9956876887134871, "coverage": 0.8225806451612904, "width_mean": 0.13067440030687016, "width_sd": 0.169699673128947, "width_min": 0.012142978548330796, "width_q1": 0.02206908433709054, "width_q2": 0.04461872040286857, "width_q3": 0.1424532625664902, "width_max": 0.7646009887646814}