{"data_name": "Hydrodynamics", "n_neighbors": 5, "level": 0.99, "random_state": 2286, "test_size": 0.2, "n": 308, "d": 6, "oob_score": 0.9944248764326504, "test_score": 0.9954185696206507, "coverage": 0.7096774193548387, "width_mean": 0.10639350276893025, "width_sd": 0.13891903907489217, "width_min": 0.00866481770497951, "width_q1": 0.0206856334392215, "width_q2": 0.057273115901928934, "width_q3": 0.11187548721745906, "width_max": 0.5945215493491538}