{"data_name": "Hydrodynamics", "n_neighbors": 200, "level": 0.9, "random_state": 2286, "test_size": 0.2, "n": 308, "d": 6, "oob_score": 0.9944248764326504, "test_score": 0.9954185696206507, "coverage": 0.9354838709677419, "width_mean": 0.21052872332899153, "width_sd": 0.009803775272244493, "width_min": 0.1991947269375054, "width_q1": 0.20815411289944247, "width_q2": 0.20815411289944252, "width_q3": 0.20815411289944252, "width_max": 0.25421755140919355}