{"data_name": "Hydrodynamics", "n_neighbors": 20, "level": 0.9, "random_state": 4506, "test_size": 0.2, "n": 308, "d": 6, "oob_score": 0.9941409530471552, "test_score": 0.995649415011062, "coverage": 0.8548387096774194, "width_mean": 0.12909264685250543, "width_sd": 0.11417870539678449, "width_min": 0.01533855440694376, "width_q1": 0.056143217162130055, "width_q2": 0.09428938965662326, "width_q3": 0.13508500147070907, "width_max": 0.5317592800194242}