{"data_name": "Hydrodynamics", "n_neighbors": 200, "level": 0.99, "random_state": 1679, "test_size": 0.2, "n": 308, "d": 6, "oob_score": 0.9949304768531679, "test_score": 0.9932635833101989, "coverage": 0.9838709677419355, "width_mean": 0.5238151896350098, "width_sd": 0.00020189016863214032, "width_min": 0.5237893402477289, "width_q1": 0.5237893402477292, "width_q2": 0.5237893402477292, "width_q3": 0.5237893402477292, "width_max": 0.5253920022591378}