{"data_name": "Hydrodynamics", "n_neighbors": 20, "level": 0.8, "random_state": 1824, "test_size": 0.2, "n": 308, "d": 6, "oob_score": 0.9945936001605015, "test_score": 0.9977940210578449, "coverage": 0.7580645161290323, "width_mean": 0.08844973570019016, "width_sd": 0.08950916257978839, "width_min": 0.012447708007306102, "width_q1": 0.02474614137563111, "width_q2": 0.05841892040224919, "width_q3": 0.08834662575545696, "width_max": 0.44067049290995985}