{"data_name": "Hydrodynamics", "n_neighbors": 200, "level": 0.95, "random_state": 2286, "test_size": 0.2, "n": 308, "d": 6, "oob_score": 0.9944248764326504, "test_score": 0.9954185696206507, "coverage": 0.9516129032258065, "width_mean": 0.3449531459909652, "width_sd": 0.004186858344805612, "width_min": 0.33835393964975, "width_q1": 0.34396872803391526, "width_q2": 0.34396872803391526, "width_q3": 0.3439687280339153, "width_max": 0.36173670690106263}