{"data_name": "Hydrodynamics", "n_neighbors": 50, "level": 0.99, "random_state": 9674, "test_size": 0.2, "n": 308, "d": 6, "oob_score": 0.994303259784964, "test_score": 0.9956876887134871, "coverage": 0.9838709677419355, "width_mean": 0.4446204037083205, "width_sd": 0.039183400972681595, "width_min": 0.3709664583924486, "width_q1": 0.44236559921571933, "width_q2": 0.44236559921571933, "width_q3": 0.44236559921571933, "width_max": 0.704070582462688}