{"data_name": "Hydrodynamics", "n_neighbors": "all", "level": 0.9, "random_state": 1824, "test_size": 0.2, "n": 308, "d": 6, "oob_score": 0.9945936001605015, "test_score": 0.9977940210578449, "coverage": 0.9193548387096774, "width_mean": 0.16521031376677764, "width_sd": 6.115579856771729e-17, "width_min": 0.16521031376677753, "width_q1": 0.16521031376677756, "width_q2": 0.16521031376677764, "width_q3": 0.16521031376677764, "width_max": 0.16521031376677764}