{"data_name": "Hydrodynamics", "n_neighbors": 200, "level": 0.8, "random_state": 4506, "test_size": 0.2, "n": 308, "d": 6, "oob_score": 0.9941409530471552, "test_score": 0.995649415011062, "coverage": 0.7741935483870968, "width_mean": 0.08138828419233927, "width_sd": 0.001008344528571303, "width_min": 0.07776070101574861, "width_q1": 0.08090098044324948, "width_q2": 0.08090098044324956, "width_q3": 0.0820166429546374, "width_max": 0.08375846207209103}