{"data_name": "Hydrodynamics", "n_neighbors": 20, "level": 0.95, "random_state": 9674, "test_size": 0.2, "n": 308, "d": 6, "oob_score": 0.994303259784964, "test_score": 0.9956876887134871, "coverage": 0.9193548387096774, "width_mean": 0.22404539239241325, "width_sd": 0.11688028345807375, "width_min": 0.022400399946306604, "width_q1": 0.15466484200884062, "width_q2": 0.1820020668357215, "width_q3": 0.2949676549877744, "width_max": 0.6344606152153958}