{"data_name": "Hydrodynamics", "n_neighbors": 5, "level": 0.8, "random_state": 3657, "test_size": 0.2, "n": 308, "d": 6, "oob_score": 0.993391773414741, "test_score": 0.9977984851023577, "coverage": 0.5645161290322581, "width_mean": 0.0895884902579775, "width_sd": 0.12754828154214454, "width_min": 0.006271344900219855, "width_q1": 0.015056594391443995, "width_q2": 0.028048971313837906, "width_q3": 0.07490868001278655, "width_max": 0.5691707285792518}