{"data_name": "Hydrodynamics", "n_neighbors": "auto", "level": 0.8, "random_state": 8935, "test_size": 0.2, "n": 308, "d": 6, "oob_score": 0.9962135035873141, "test_score": 0.9893653964746543, "coverage": 0.6290322580645161, "width_mean": 0.08405683398582765, "width_sd": 0.09952600022654196, "width_min": 0.009051657653971201, "width_q1": 0.01988718370752121, "width_q2": 0.04362557918218095, "width_q3": 0.08924881452565502, "width_max": 0.4341417764850477}