{"data_name": "Hydrodynamics", "n_neighbors": 20, "level": 0.95, "random_state": 4506, "test_size": 0.2, "n": 308, "d": 6, "oob_score": 0.9941409530471552, "test_score": 0.995649415011062, "coverage": 0.9193548387096774, "width_mean": 0.1770047431734525, "width_sd": 0.15203687597228388, "width_min": 0.026253207153801972, "width_q1": 0.08575092076700415, "width_q2": 0.11707292128398986, "width_q3": 0.16964558838546306, "width_max": 0.7066097328744583}