{"data_name": "Hydrodynamics", "n_neighbors": 10, "level": 0.8, "random_state": 3657, "test_size": 0.2, "n": 308, "d": 6, "oob_score": 0.993391773414741, "test_score": 0.9977984851023577, "coverage": 0.5967741935483871, "width_mean": 0.10907147197305646, "width_sd": 0.15995412148358398, "width_min": 0.00878854247661287, "width_q1": 0.0182407471243064, "width_q2": 0.0347680489190198, "width_q3": 0.1157536909155781, "width_max": 0.6835644698366452}