{"data_name": "Hydrodynamics", "n_neighbors": 5, "level": 0.8, "random_state": 4506, "test_size": 0.2, "n": 308, "d": 6, "oob_score": 0.9941409530471552, "test_score": 0.995649415011062, "coverage": 0.6129032258064516, "width_mean": 0.08295575060367874, "width_sd": 0.1089117592866282, "width_min": 0.0022571362527914474, "width_q1": 0.012725045740708624, "width_q2": 0.026927513681923143, "width_q3": 0.09206705566290492, "width_max": 0.4380849330576879}