{"data_name": "Hydrodynamics", "n_neighbors": 200, "level": 0.9, "random_state": 9674, "test_size": 0.2, "n": 308, "d": 6, "oob_score": 0.994303259784964, "test_score": 0.9956876887134871, "coverage": 0.9354838709677419, "width_mean": 0.19125545926924908, "width_sd": 0.010303774143882524, "width_min": 0.1798797158712011, "width_q1": 0.18472842196112782, "width_q2": 0.18472842196112782, "width_q3": 0.19382739173992947, "width_max": 0.21394581513377842}