{"data_name": "Hydrodynamics", "n_neighbors": 100, "level": 0.99, "random_state": 9674, "test_size": 0.2, "n": 308, "d": 6, "oob_score": 0.994303259784964, "test_score": 0.9956876887134871, "coverage": 0.967741935483871, "width_mean": 0.4829565838208773, "width_sd": 0.025151451367185166, "width_min": 0.4778625286301016, "width_q1": 0.4778625286301017, "width_q2": 0.4778625286301017, "width_q3": 0.4778625286301017, "width_max": 0.672523078324494}