{"data_name": "Hydrodynamics", "n_neighbors": 100, "level": 0.95, "random_state": 9674, "test_size": 0.2, "n": 308, "d": 6, "oob_score": 0.994303259784964, "test_score": 0.9956876887134871, "coverage": 0.967741935483871, "width_mean": 0.36903169391290563, "width_sd": 0.018362530977473313, "width_min": 0.3598736633450882, "width_q1": 0.35987366334508825, "width_q2": 0.35987366334508825, "width_q3": 0.37264851287139295, "width_max": 0.42831269799521987}