{"data_name": "Hydrodynamics", "n_neighbors": "all", "level": 0.99, "random_state": 2286, "test_size": 0.2, "n": 308, "d": 6, "oob_score": 0.9944248764326504, "test_score": 0.9954185696206507, "coverage": 1.0, "width_mean": 0.623621331046528, "width_sd": 1.8383950659576958e-16, "width_min": 0.6236213310465275, "width_q1": 0.6236213310465277, "width_q2": 0.6236213310465278, "width_q3": 0.623621331046528, "width_max": 0.623621331046528}