{"data_name": "Hydrodynamics", "n_neighbors": 20, "level": 0.99, "random_state": 409, "test_size": 0.2, "n": 308, "d": 6, "oob_score": 0.995611844026012, "test_score": 0.9918403854785233, "coverage": 0.9838709677419355, "width_mean": 0.1632329706598908, "width_sd": 0.1462820638847066, "width_min": 0.04761031234360136, "width_q1": 0.08999139358972219, "width_q2": 0.12299668055848259, "width_q3": 0.1462506871306243, "width_max": 0.7579149343236962}