{"data_name": "Hydrodynamics", "n_neighbors": 5, "level": 0.9, "random_state": 2286, "test_size": 0.2, "n": 308, "d": 6, "oob_score": 0.9944248764326504, "test_score": 0.9954185696206507, "coverage": 0.6612903225806451, "width_mean": 0.09565816206692869, "width_sd": 0.1268859594282956, "width_min": 0.007808779748122663, "width_q1": 0.01882793280311512, "width_q2": 0.05218080599534293, "width_q3": 0.09683671334524263, "width_max": 0.5510505918610584}