{"data_name": "Hydrodynamics", "n_neighbors": 5, "level": 0.95, "random_state": 1679, "test_size": 0.2, "n": 308, "d": 6, "oob_score": 0.9949304768531679, "test_score": 0.9932635833101989, "coverage": 0.6774193548387096, "width_mean": 0.09486006409217237, "width_sd": 0.12826907058586917, "width_min": 0.0007590503079070166, "width_q1": 0.016357431737626077, "width_q2": 0.031134635396238397, "width_q3": 0.12922624932662935, "width_max": 0.6391426761950498}