{"data_name": "Hydrodynamics", "n_neighbors": 20, "level": 0.8, "random_state": 4012, "test_size": 0.2, "n": 308, "d": 6, "oob_score": 0.9941721294000683, "test_score": 0.9970215523181315, "coverage": 0.8387096774193549, "width_mean": 0.10561009683812916, "width_sd": 0.09242375447406416, "width_min": 0.025017208361626242, "width_q1": 0.03860922140390882, "width_q2": 0.08237495283435459, "width_q3": 0.10587448202519709, "width_max": 0.4276259828335398}