{"data_name": "Hydrodynamics", "n_neighbors": "auto", "level": 0.99, "random_state": 9674, "test_size": 0.2, "n": 308, "d": 6, "oob_score": 0.994303259784964, "test_score": 0.9956876887134871, "coverage": 0.8064516129032258, "width_mean": 0.1284910504130205, "width_sd": 0.16635452920305863, "width_min": 0.013323196018973582, "width_q1": 0.022047679811599386, "width_q2": 0.04472068484849845, "width_q3": 0.14478649496744683, "width_max": 0.7661142489222312}