{"data_name": "Hydrodynamics", "n_neighbors": 100, "level": 0.95, "random_state": 4506, "test_size": 0.2, "n": 308, "d": 6, "oob_score": 0.9941409530471552, "test_score": 0.995649415011062, "coverage": 0.9354838709677419, "width_mean": 0.1800590574609688, "width_sd": 0.05536471863911021, "width_min": 0.13731779768100927, "width_q1": 0.151738675783663, "width_q2": 0.15173867578366307, "width_q3": 0.17197733664628884, "width_max": 0.3653110563734834}