{"data_name": "Hydrodynamics", "n_neighbors": "auto", "level": 0.9, "random_state": 1679, "test_size": 0.2, "n": 308, "d": 6, "oob_score": 0.9949304768531679, "test_score": 0.9932635833101989, "coverage": 0.7580645161290323, "width_mean": 0.11433691905146413, "width_sd": 0.15332948506733873, "width_min": 0.007277763264739057, "width_q1": 0.02110151803160623, "width_q2": 0.033983381203866125, "width_q3": 0.13686134616946535, "width_max": 0.7151204745981059}