{"data_name": "Hydrodynamics", "n_neighbors": 50, "level": 0.8, "random_state": 1424, "test_size": 0.2, "n": 308, "d": 6, "oob_score": 0.9952353296903765, "test_score": 0.9927177877651326, "coverage": 0.8387096774193549, "width_mean": 0.09155997249305572, "width_sd": 0.0351329622917161, "width_min": 0.05145116659123106, "width_q1": 0.06927041075574425, "width_q2": 0.0787817785695063, "width_q3": 0.09646164433628202, "width_max": 0.20976760667961214}