{"data_name": "Hydrodynamics", "n_neighbors": 100, "level": 0.99, "random_state": 1679, "test_size": 0.2, "n": 308, "d": 6, "oob_score": 0.9949304768531679, "test_score": 0.9932635833101989, "coverage": 0.9838709677419355, "width_mean": 0.656088618772766, "width_sd": 0.011731286557808071, "width_min": 0.6538182703854802, "width_q1": 0.6538182703854802, "width_q2": 0.6538182703854802, "width_q3": 0.6538182703854803, "width_max": 0.7200933886761298}