{"data_name": "Hydrodynamics", "n_neighbors": 20, "level": 0.95, "random_state": 1679, "test_size": 0.2, "n": 308, "d": 6, "oob_score": 0.9949304768531679, "test_score": 0.9932635833101989, "coverage": 0.9354838709677419, "width_mean": 0.211460298348429, "width_sd": 0.1359714261209086, "width_min": 0.022730374762965688, "width_q1": 0.10610789433301085, "width_q2": 0.1973700637170852, "width_q3": 0.24907685947276453, "width_max": 0.6724680845343847}