{"data_name": "Hydrodynamics", "n_neighbors": 100, "level": 0.9, "random_state": 4012, "test_size": 0.2, "n": 308, "d": 6, "oob_score": 0.9941721294000683, "test_score": 0.9970215523181315, "coverage": 0.9354838709677419, "width_mean": 0.15593240810261352, "width_sd": 0.027826334270066626, "width_min": 0.11210507235477718, "width_q1": 0.1452763308857885, "width_q2": 0.1452763308857885, "width_q3": 0.14667421950317955, "width_max": 0.258621573023186}