{"data_name": "Hydrodynamics", "n_neighbors": 20, "level": 0.9, "random_state": 1424, "test_size": 0.2, "n": 308, "d": 6, "oob_score": 0.9952353296903765, "test_score": 0.9927177877651326, "coverage": 0.8225806451612904, "width_mean": 0.12421004845392641, "width_sd": 0.11362057868641359, "width_min": 0.01805367025314808, "width_q1": 0.06171684772039027, "width_q2": 0.08370500982742508, "width_q3": 0.1688604768242199, "width_max": 0.5103987229387918}