{"data_name": "Hydrodynamics", "n_neighbors": 20, "level": 0.8, "random_state": 409, "test_size": 0.2, "n": 308, "d": 6, "oob_score": 0.995611844026012, "test_score": 0.9918403854785233, "coverage": 0.7580645161290323, "width_mean": 0.07468480600050942, "width_sd": 0.05898294893523929, "width_min": 0.014971069492480171, "width_q1": 0.05086143184830416, "width_q2": 0.055478689957856486, "width_q3": 0.0823999822600108, "width_max": 0.29463711124008185}