{"data_name": "Hydrodynamics", "n_neighbors": 200, "level": 0.9, "random_state": 4506, "test_size": 0.2, "n": 308, "d": 6, "oob_score": 0.9941409530471552, "test_score": 0.995649415011062, "coverage": 0.8870967741935484, "width_mean": 0.14358821380240916, "width_sd": 0.006090114019830064, "width_min": 0.13470721694421828, "width_q1": 0.14037019996371858, "width_q2": 0.14037019996371858, "width_q3": 0.14617324837692147, "width_max": 0.1623143206756319}