{"data_name": "Hydrodynamics", "n_neighbors": 10, "level": 0.99, "random_state": 409, "test_size": 0.2, "n": 308, "d": 6, "oob_score": 0.995611844026012, "test_score": 0.9918403854785233, "coverage": 0.7741935483870968, "width_mean": 0.10068724805023781, "width_sd": 0.13549017247139775, "width_min": 0.0057887575736795815, "width_q1": 0.02695709051666853, "width_q2": 0.04414632333383403, "width_q3": 0.09909634867437465, "width_max": 0.5818374404901938}