{"data_name": "Hydrodynamics", "n_neighbors": "all", "level": 0.9, "random_state": 9674, "test_size": 0.2, "n": 308, "d": 6, "oob_score": 0.994303259784964, "test_score": 0.9956876887134871, "coverage": 0.9354838709677419, "width_mean": 0.2039269937274817, "width_sd": 8.445207795828787e-17, "width_min": 0.2039269937274817, "width_q1": 0.2039269937274817, "width_q2": 0.2039269937274817, "width_q3": 0.20392699372748174, "width_max": 0.20392699372748213}