{"data_name": "Hydrodynamics", "n_neighbors": 10, "level": 0.95, "random_state": 1679, "test_size": 0.2, "n": 308, "d": 6, "oob_score": 0.9949304768531679, "test_score": 0.9932635833101989, "coverage": 0.8064516129032258, "width_mean": 0.1303601721877404, "width_sd": 0.18438382836815506, "width_min": 0.008616926628383315, "width_q1": 0.02165594162249823, "width_q2": 0.036877810808966516, "width_q3": 0.16087248877885096, "width_max": 0.8146427180801212}