{"data_name": "Hydrodynamics", "n_neighbors": "auto", "level": 0.95, "random_state": 3657, "test_size": 0.2, "n": 308, "d": 6, "oob_score": 0.993391773414741, "test_score": 0.9977984851023577, "coverage": 0.7419354838709677, "width_mean": 0.15278922494936764, "width_sd": 0.23524274700730236, "width_min": 0.011383238906408688, "width_q1": 0.02273122026222585, "width_q2": 0.05043862538649091, "width_q3": 0.12619278345553625, "width_max": 0.8776597663081991}