{"data_name": "Hydrodynamics", "n_neighbors": 5, "level": 0.8, "random_state": 1424, "test_size": 0.2, "n": 308, "d": 6, "oob_score": 0.9952353296903765, "test_score": 0.9927177877651326, "coverage": 0.5, "width_mean": 0.072523805405182, "width_sd": 0.09422073395756685, "width_min": 0.0033711386433589174, "width_q1": 0.014073519211368568, "width_q2": 0.03463594942708245, "width_q3": 0.08941846222369346, "width_max": 0.4662162307188553}