{"data_name": "Hydrodynamics", "n_neighbors": 10, "level": 0.95, "random_state": 1824, "test_size": 0.2, "n": 308, "d": 6, "oob_score": 0.9945936001605015, "test_score": 0.9977940210578449, "coverage": 0.7741935483870968, "width_mean": 0.14175520789018484, "width_sd": 0.1980255817157724, "width_min": 0.008758699970594641, "width_q1": 0.018754761925474595, "width_q2": 0.06479639302712306, "width_q3": 0.13292374990144265, "width_max": 0.7812597963926682}