{"data_name": "Hydrodynamics", "n_neighbors": 50, "level": 0.8, "random_state": 8935, "test_size": 0.2, "n": 308, "d": 6, "oob_score": 0.9962135035873141, "test_score": 0.9893653964746543, "coverage": 0.7258064516129032, "width_mean": 0.08991046290285273, "width_sd": 0.02021035098280694, "width_min": 0.051921890151638034, "width_q1": 0.08049561280449952, "width_q2": 0.0826513627633565, "width_q3": 0.09478268306608482, "width_max": 0.16548000973123722}