{"data_name": "Hydrodynamics", "n_neighbors": 10, "level": 0.9, "random_state": 8935, "test_size": 0.2, "n": 308, "d": 6, "oob_score": 0.9962135035873141, "test_score": 0.9893653964746543, "coverage": 0.7580645161290323, "width_mean": 0.11430862263859953, "width_sd": 0.14790739228577415, "width_min": 0.009931504862890295, "width_q1": 0.024062889227782353, "width_q2": 0.04724472460365471, "width_q3": 0.13573005018704803, "width_max": 0.5315558646368599}