{"data_name": "Hydrodynamics", "n_neighbors": 100, "level": 0.9, "random_state": 9674, "test_size": 0.2, "n": 308, "d": 6, "oob_score": 0.994303259784964, "test_score": 0.9956876887134871, "coverage": 0.9354838709677419, "width_mean": 0.17760544753736882, "width_sd": 0.046443128881286676, "width_min": 0.1550461773367952, "width_q1": 0.15667681647504922, "width_q2": 0.15667681647504927, "width_q3": 0.17050882503401504, "width_max": 0.340402091612207}