{"data_name": "Hydrodynamics", "n_neighbors": 5, "level": 0.95, "random_state": 409, "test_size": 0.2, "n": 308, "d": 6, "oob_score": 0.995611844026012, "test_score": 0.9918403854785233, "coverage": 0.5806451612903226, "width_mean": 0.07015691208098561, "width_sd": 0.09255621341749981, "width_min": 0.005646837057070364, "width_q1": 0.01681394572626932, "width_q2": 0.03163668009062312, "width_q3": 0.07092997570824533, "width_max": 0.39172255865392014}