{"data_name": "Hydrodynamics", "n_neighbors": 10, "level": 0.9, "random_state": 4012, "test_size": 0.2, "n": 308, "d": 6, "oob_score": 0.9941721294000683, "test_score": 0.9970215523181315, "coverage": 0.7096774193548387, "width_mean": 0.12465852889600912, "width_sd": 0.19512231112891, "width_min": 0.010480908519046261, "width_q1": 0.016967903012153368, "width_q2": 0.028042970584088278, "width_q3": 0.10194133703761066, "width_max": 0.7915253177897417}