{"data_name": "Hydrodynamics", "n_neighbors": 20, "level": 0.8, "random_state": 4506, "test_size": 0.2, "n": 308, "d": 6, "oob_score": 0.9941409530471552, "test_score": 0.995649415011062, "coverage": 0.8225806451612904, "width_mean": 0.07972030597248109, "width_sd": 0.07337924630098204, "width_min": 0.010861559609286808, "width_q1": 0.029061753277556668, "width_q2": 0.04997960576326024, "width_q3": 0.11383692747197659, "width_max": 0.29474776313706696}