{"data_name": "Hydrodynamics", "n_neighbors": 200, "level": 0.95, "random_state": 1679, "test_size": 0.2, "n": 308, "d": 6, "oob_score": 0.9949304768531679, "test_score": 0.9932635833101989, "coverage": 0.9354838709677419, "width_mean": 0.2691551001889961, "width_sd": 0.011340122962484888, "width_min": 0.2659817140806948, "width_q1": 0.265981714080695, "width_q2": 0.265981714080695, "width_q3": 0.26598171408069504, "width_max": 0.3263113099668442}