{"data_name": "Hydrodynamics", "n_neighbors": 5, "level": 0.9, "random_state": 4012, "test_size": 0.2, "n": 308, "d": 6, "oob_score": 0.9941721294000683, "test_score": 0.9970215523181315, "coverage": 0.5967741935483871, "width_mean": 0.0947926543738472, "width_sd": 0.16505037869834238, "width_min": 0.0025822359772120773, "width_q1": 0.013391401653395918, "width_q2": 0.023820906651513263, "width_q3": 0.09167112540799842, "width_max": 0.7552507133321762}