{"data_name": "Hydrodynamics", "n_neighbors": 200, "level": 0.95, "random_state": 3657, "test_size": 0.2, "n": 308, "d": 6, "oob_score": 0.993391773414741, "test_score": 0.9977984851023577, "coverage": 0.9838709677419355, "width_mean": 0.35177703124420345, "width_sd": 0.0111845703260395, "width_min": 0.2885751396787248, "width_q1": 0.35257468092109534, "width_q2": 0.35257468092109534, "width_q3": 0.35257468092109534, "width_max": 0.389947001095474}