{"data_name": "Hydrodynamics", "n_neighbors": 50, "level": 0.8, "random_state": 2286, "test_size": 0.2, "n": 308, "d": 6, "oob_score": 0.9944248764326504, "test_score": 0.9954185696206507, "coverage": 0.7903225806451613, "width_mean": 0.06771818511707578, "width_sd": 0.042001554774700196, "width_min": 0.04502265879035716, "width_q1": 0.04502265879035716, "width_q2": 0.05225219580877122, "width_q3": 0.06129298606994711, "width_max": 0.28016927052289775}