{"data_name": "Hydrodynamics", "n_neighbors": 200, "level": 0.9, "random_state": 4012, "test_size": 0.2, "n": 308, "d": 6, "oob_score": 0.9941721294000683, "test_score": 0.9970215523181315, "coverage": 0.9032258064516129, "width_mean": 0.19504373361613878, "width_sd": 0.002693869323002297, "width_min": 0.19377531904731926, "width_q1": 0.19377531904731937, "width_q2": 0.19377531904731937, "width_q3": 0.19563115990049917, "width_max": 0.20571351564074625}