{"data_name": "Hydrodynamics", "n_neighbors": 10, "level": 0.9, "random_state": 1824, "test_size": 0.2, "n": 308, "d": 6, "oob_score": 0.9945936001605015, "test_score": 0.9977940210578449, "coverage": 0.7419354838709677, "width_mean": 0.12684699870900312, "width_sd": 0.17515601864917502, "width_min": 0.007788163022878325, "width_q1": 0.01719796836242049, "width_q2": 0.05884371574822912, "width_q3": 0.10807722389426684, "width_max": 0.6864408682431455}