{"data_name": "IstanbulStock", "n_neighbors": 200, "level": 0.9, "random_state": 1824, "test_size": 0.2, "n": 536, "d": 8, "oob_score": 0.8647306770466805, "test_score": 0.8930792240867153, "coverage": 0.8611111111111112, "width_mean": 1.1091253766411244, "width_sd": 0.04604369863346897, "width_min": 1.0039034300345047, "width_q1": 1.072532797793789, "width_q2": 1.0947723870854456, "width_q3": 1.1622518965032251, "width_max": 1.19864605470969}