{"data_name": "IstanbulStock", "n_neighbors": 10, "level": 0.8, "random_state": 1679, "test_size": 0.2, "n": 536, "d": 8, "oob_score": 0.8790411288666127, "test_score": 0.8494646238425134, "coverage": 0.6111111111111112, "width_mean": 0.7431819019933273, "width_sd": 0.2569950705827008, "width_min": 0.27564167806382067, "width_q1": 0.5517297346762231, "width_q2": 0.6997315380494276, "width_q3": 0.9342922546372474, "width_max": 1.4436128251822566}