{"data_name": "IstanbulStock", "n_neighbors": 5, "level": 0.99, "random_state": 9674, "test_size": 0.2, "n": 536, "d": 8, "oob_score": 0.8774335659908999, "test_score": 0.8724020717859035, "coverage": 0.6388888888888888, "width_mean": 0.7762219567548685, "width_sd": 0.2889212963744146, "width_min": 0.26396610819946087, "width_q1": 0.526675421384972, "width_q2": 0.802504466572429, "width_q3": 0.98216887827471, "width_max": 1.5600659632916505}