{"data_name": "IstanbulStock", "n_neighbors": 500, "level": 0.8, "random_state": 9674, "test_size": 0.2, "n": 536, "d": 8, "oob_score": 0.8774335659908999, "test_score": 0.8724020717859035, "coverage": 0.8148148148148148, "width_mean": 0.8400447880822383, "width_sd": 1.709300165674279e-16, "width_min": 0.8400447880822379, "width_q1": 0.840044788082238, "width_q2": 0.8400447880822381, "width_q3": 0.8400447880822381, "width_max": 0.8400447880822384}