{"data_name": "IstanbulStock", "n_neighbors": 50, "level": 0.9, "random_state": 8935, "test_size": 0.2, "n": 536, "d": 8, "oob_score": 0.8741783721031524, "test_score": 0.866630580133159, "coverage": 0.8703703703703703, "width_mean": 1.1013599746573983, "width_sd": 0.13864517336298954, "width_min": 0.7719833600505341, "width_q1": 0.9979000651259617, "width_q2": 1.087652125432828, "width_q3": 1.182220208090987, "width_max": 1.516297587151014}