{"data_name": "IstanbulStock", "n_neighbors": 20, "level": 0.95, "random_state": 2286, "test_size": 0.2, "n": 536, "d": 8, "oob_score": 0.8668646788311605, "test_score": 0.8905369482201488, "coverage": 0.9259259259259259, "width_mean": 1.2176484111823183, "width_sd": 0.2927642273371147, "width_min": 0.4953155711453653, "width_q1": 0.997370268565736, "width_q2": 1.2362136906176087, "width_q3": 1.4073913997867176, "width_max": 2.085459939014889}