{"data_name": "IstanbulStock", "n_neighbors": "auto", "level": 0.95, "random_state": 1679, "test_size": 0.2, "n": 536, "d": 8, "oob_score": 0.8790411288666127, "test_score": 0.8494646238425134, "coverage": 0.8333333333333334, "width_mean": 1.1930917920594457, "width_sd": 0.26142857127095126, "width_min": 0.6794649188735454, "width_q1": 1.0026993994562439, "width_q2": 1.183221496660109, "width_q3": 1.343867155081102, "width_max": 2.046045921512756}