{"data_name": "IstanbulStock", "n_neighbors": 10, "level": 0.99, "random_state": 9674, "test_size": 0.2, "n": 536, "d": 8, "oob_score": 0.8774335659908999, "test_score": 0.8724020717859035, "coverage": 0.7870370370370371, "width_mean": 0.9884818759011244, "width_sd": 0.26771940686338414, "width_min": 0.357246560811199, "width_q1": 0.825750015009922, "width_q2": 0.9803787660718144, "width_q3": 1.1582291785002732, "width_max": 1.6557083630236766}