{"data_name": "IstanbulStock", "n_neighbors": 500, "level": 0.99, "random_state": 1679, "test_size": 0.2, "n": 536, "d": 8, "oob_score": 0.8790411288666127, "test_score": 0.8494646238425134, "coverage": 0.9814814814814815, "width_mean": 2.041306479346151, "width_sd": 8.308148362110449e-16, "width_min": 2.04130647934615, "width_q1": 2.04130647934615, "width_q2": 2.04130647934615, "width_q3": 2.04130647934615, "width_max": 2.0413064793461504}