{"data_name": "IstanbulStock", "n_neighbors": 500, "level": 0.8, "random_state": 8935, "test_size": 0.2, "n": 536, "d": 8, "oob_score": 0.8741783721031524, "test_score": 0.866630580133159, "coverage": 0.7962962962962963, "width_mean": 0.8652521944137713, "width_sd": 1.3470909368134217e-16, "width_min": 0.8652521944137712, "width_q1": 0.8652521944137714, "width_q2": 0.8652521944137714, "width_q3": 0.8652521944137714, "width_max": 0.8652521944137717}