{"data_name": "IstanbulStock", "n_neighbors": 20, "level": 0.95, "random_state": 4506, "test_size": 0.2, "n": 536, "d": 8, "oob_score": 0.849901809127122, "test_score": 0.9321681191994197, "coverage": 0.8981481481481481, "width_mean": 1.2466516360483182, "width_sd": 0.34604546424933846, "width_min": 0.48731626643470427, "width_q1": 1.0382778370152317, "width_q2": 1.1989745221392316, "width_q3": 1.3915868690650346, "width_max": 2.1799070305304737}