{"data_name": "IstanbulStock", "n_neighbors": 50, "level": 0.95, "random_state": 2286, "test_size": 0.2, "n": 536, "d": 8, "oob_score": 0.8668646788311605, "test_score": 0.8905369482201488, "coverage": 0.9351851851851852, "width_mean": 1.2800804433549666, "width_sd": 0.159807941038901, "width_min": 0.9453253571710105, "width_q1": 1.1700372836618604, "width_q2": 1.285204610065371, "width_q3": 1.3736465672008122, "width_max": 1.7243696628310352}