{"data_name": "IstanbulStock", "n_neighbors": 200, "level": 0.8, "random_state": 1679, "test_size": 0.2, "n": 536, "d": 8, "oob_score": 0.8790411288666127, "test_score": 0.8494646238425134, "coverage": 0.7592592592592593, "width_mean": 0.8368330678369014, "width_sd": 0.029740240936501038, "width_min": 0.7771774664185555, "width_q1": 0.8170554759833246, "width_q2": 0.8430080384693637, "width_q3": 0.8573138946389431, "width_max": 0.917636912927831}