{"data_name": "IstanbulStock", "n_neighbors": "auto", "level": 0.9, "random_state": 8935, "test_size": 0.2, "n": 536, "d": 8, "oob_score": 0.8741783721031524, "test_score": 0.866630580133159, "coverage": 0.8333333333333334, "width_mean": 1.0299904171181364, "width_sd": 0.20891922866731485, "width_min": 0.5742690221296306, "width_q1": 0.8787908203123498, "width_q2": 1.0141600935958213, "width_q3": 1.137949504527101, "width_max": 1.6662681818398037}