{"data_name": "IstanbulStock", "n_neighbors": 5, "level": 0.8, "random_state": 9674, "test_size": 0.2, "n": 536, "d": 8, "oob_score": 0.8774335659908999, "test_score": 0.8724020717859035, "coverage": 0.5462962962962963, "width_mean": 0.5980712047989002, "width_sd": 0.229221668194297, "width_min": 0.18205253525966475, "width_q1": 0.41591072362132403, "width_q2": 0.6147368076663199, "width_q3": 0.731635998100503, "width_max": 1.3973530072802882}