{"data_name": "IstanbulStock", "n_neighbors": 100, "level": 0.9, "random_state": 1424, "test_size": 0.2, "n": 536, "d": 8, "oob_score": 0.8742457496653637, "test_score": 0.8442310554668329, "coverage": 0.8518518518518519, "width_mean": 1.0554422693115924, "width_sd": 0.11286285680591411, "width_min": 0.8572346349562078, "width_q1": 0.9759200869220908, "width_q2": 1.0401172200387678, "width_q3": 1.0973106287338945, "width_max": 1.4066946400985083}