{"data_name": "IstanbulStock", "n_neighbors": "auto", "level": 0.8, "random_state": 1424, "test_size": 0.2, "n": 536, "d": 8, "oob_score": 0.8742457496653637, "test_score": 0.8442310554668329, "coverage": 0.75, "width_mean": 0.8122048990766656, "width_sd": 0.1956565725911101, "width_min": 0.5017174973490972, "width_q1": 0.6823973968226036, "width_q2": 0.7764930799833074, "width_q3": 0.8975943588221618, "width_max": 1.5117582329053532}