{"data_name": "IstanbulStock", "n_neighbors": 50, "level": 0.99, "random_state": 3657, "test_size": 0.2, "n": 536, "d": 8, "oob_score": 0.868928487086016, "test_score": 0.8592861453040175, "coverage": 0.9814814814814815, "width_mean": 1.7356126817868633, "width_sd": 0.31334493276550257, "width_min": 0.9900150492466111, "width_q1": 1.4859428824436296, "width_q2": 1.7512971444939915, "width_q3": 1.9537007441411942, "width_max": 2.6760114573482694}