{"data_name": "IstanbulStock", "n_neighbors": 5, "level": 0.95, "random_state": 3657, "test_size": 0.2, "n": 536, "d": 8, "oob_score": 0.868928487086016, "test_score": 0.8592861453040175, "coverage": 0.6851851851851852, "width_mean": 0.765559246853487, "width_sd": 0.369340453885221, "width_min": 0.21135486137301696, "width_q1": 0.4869425513604803, "width_q2": 0.6729998403969002, "width_q3": 0.9929042817642519, "width_max": 2.4340638056356556}