{"data_name": "IstanbulStock", "n_neighbors": 500, "level": 0.99, "random_state": 4012, "test_size": 0.2, "n": 536, "d": 8, "oob_score": 0.8766114884717481, "test_score": 0.8639888622561565, "coverage": 0.9722222222222222, "width_mean": 1.7960918940732715, "width_sd": 5.185444556949101e-16, "width_min": 1.796091894073272, "width_q1": 1.796091894073272, "width_q2": 1.796091894073272, "width_q3": 1.7960918940732722, "width_max": 1.7960918940732724}