{"data_name": "IstanbulStock", "n_neighbors": 5, "level": 0.9, "random_state": 3657, "test_size": 0.2, "n": 536, "d": 8, "oob_score": 0.868928487086016, "test_score": 0.8592861453040175, "coverage": 0.6481481481481481, "width_mean": 0.7157770147082024, "width_sd": 0.3441219880856, "width_min": 0.1962006528616499, "width_q1": 0.4609421735417085, "width_q2": 0.6427194956922029, "width_q3": 0.9170736618537344, "width_max": 2.3100954536717246}