{"data_name": "IstanbulStock", "n_neighbors": 100, "level": 0.99, "random_state": 8935, "test_size": 0.2, "n": 536, "d": 8, "oob_score": 0.8741783721031524, "test_score": 0.866630580133159, "coverage": 0.9814814814814815, "width_mean": 1.7838874988914046, "width_sd": 0.0981018887642843, "width_min": 1.6526387881260336, "width_q1": 1.6908804557322432, "width_q2": 1.747598398953253, "width_q3": 1.904564556469451, "width_max": 2.0098431600643503}