{"data_name": "IstanbulStock", "n_neighbors": 100, "level": 0.9, "random_state": 2286, "test_size": 0.2, "n": 536, "d": 8, "oob_score": 0.8668646788311605, "test_score": 0.8905369482201488, "coverage": 0.9351851851851852, "width_mean": 1.1332991692063603, "width_sd": 0.05421528999550485, "width_min": 0.9820466101798639, "width_q1": 1.0979639676381927, "width_q2": 1.1345183999860673, "width_q3": 1.1679401745164661, "width_max": 1.2604178453055317}