{"data_name": "IstanbulStock", "n_neighbors": 50, "level": 0.9, "random_state": 9674, "test_size": 0.2, "n": 536, "d": 8, "oob_score": 0.8774335659908999, "test_score": 0.8724020717859035, "coverage": 0.8888888888888888, "width_mean": 1.0010003569377142, "width_sd": 0.1507253526520618, "width_min": 0.6351239450460007, "width_q1": 0.9216223063162583, "width_q2": 0.9927161990002549, "width_q3": 1.0861357781337788, "width_max": 1.437808079289762}