{"data_name": "IstanbulStock", "n_neighbors": 5, "level": 0.9, "random_state": 2286, "test_size": 0.2, "n": 536, "d": 8, "oob_score": 0.8668646788311605, "test_score": 0.8905369482201488, "coverage": 0.6111111111111112, "width_mean": 0.728020522111229, "width_sd": 0.3240222970341215, "width_min": 0.21470725790066475, "width_q1": 0.49957428717449925, "width_q2": 0.6997469598475301, "width_q3": 0.9442801722833458, "width_max": 1.6918375067030054}