{"data_name": "IstanbulStock", "n_neighbors": 50, "level": 0.8, "random_state": 3657, "test_size": 0.2, "n": 536, "d": 8, "oob_score": 0.868928487086016, "test_score": 0.8592861453040175, "coverage": 0.8425925925925926, "width_mean": 0.8653444521623049, "width_sd": 0.11404280188452894, "width_min": 0.6623605670937268, "width_q1": 0.7869074715392006, "width_q2": 0.8496351032886331, "width_q3": 0.9710699099184658, "width_max": 1.1346297433836168}