{"data_name": "IstanbulStock", "n_neighbors": 50, "level": 0.95, "random_state": 409, "test_size": 0.2, "n": 536, "d": 8, "oob_score": 0.8773034774908658, "test_score": 0.8497014634573776, "coverage": 0.8796296296296297, "width_mean": 1.205615736903003, "width_sd": 0.2007771572413149, "width_min": 0.7687317625302161, "width_q1": 1.0588001839157448, "width_q2": 1.1859340004966934, "width_q3": 1.3424154502272918, "width_max": 1.8695955371446644}