{"data_name": "IstanbulStock", "n_neighbors": "all", "level": 0.95, "random_state": 4012, "test_size": 0.2, "n": 536, "d": 8, "oob_score": 0.8766114884717481, "test_score": 0.8639888622561565, "coverage": 0.9351851851851852, "width_mean": 1.3956706845474076, "width_sd": 4.440892098500626e-16, "width_min": 1.3956706845474072, "width_q1": 1.3956706845474072, "width_q2": 1.3956706845474072, "width_q3": 1.3956706845474072, "width_max": 1.3956706845474072}