{"data_name": "IstanbulStock", "n_neighbors": 10, "level": 0.99, "random_state": 1679, "test_size": 0.2, "n": 536, "d": 8, "oob_score": 0.8790411288666127, "test_score": 0.8494646238425134, "coverage": 0.7870370370370371, "width_mean": 1.1095493484933554, "width_sd": 0.3698845712959843, "width_min": 0.39701695379532187, "width_q1": 0.829359197442636, "width_q2": 1.06932034479087, "width_q3": 1.3776924739534695, "width_max": 2.1380153294454214}