{"data_name": "IstanbulStock", "n_neighbors": "auto", "level": 0.8, "random_state": 409, "test_size": 0.2, "n": 536, "d": 8, "oob_score": 0.8773034774908658, "test_score": 0.8497014634573776, "coverage": 0.6759259259259259, "width_mean": 0.781493887717896, "width_sd": 0.19547476258660104, "width_min": 0.43950747214240404, "width_q1": 0.6293052009026641, "width_q2": 0.7305103002158698, "width_q3": 0.9209548419000315, "width_max": 1.3722506843325424}