{"data_name": "IstanbulStock", "n_neighbors": "auto", "level": 0.99, "random_state": 8935, "test_size": 0.2, "n": 536, "d": 8, "oob_score": 0.8741783721031524, "test_score": 0.866630580133159, "coverage": 0.9166666666666666, "width_mean": 1.4066987140403082, "width_sd": 0.2755771304812037, "width_min": 0.817131742140599, "width_q1": 1.1772975900721612, "width_q2": 1.4381703191325244, "width_q3": 1.5828460000901812, "width_max": 2.018963359406925}