{"data_name": "IstanbulStock", "n_neighbors": 5, "level": 0.95, "random_state": 409, "test_size": 0.2, "n": 536, "d": 8, "oob_score": 0.8773034774908658, "test_score": 0.8497014634573776, "coverage": 0.6018518518518519, "width_mean": 0.7892718856221224, "width_sd": 0.41074781513401976, "width_min": 0.18206429008131253, "width_q1": 0.47990783766102235, "width_q2": 0.658819142813883, "width_q3": 1.1028853280133615, "width_max": 2.031676004379445}