{"data_name": "IstanbulStock", "n_neighbors": 50, "level": 0.9, "random_state": 4506, "test_size": 0.2, "n": 536, "d": 8, "oob_score": 0.849901809127122, "test_score": 0.9321681191994197, "coverage": 0.9629629629629629, "width_mean": 1.2008736681384389, "width_sd": 0.1273551094855933, "width_min": 0.7987686028825445, "width_q1": 1.1324079752773815, "width_q2": 1.203267083033662, "width_q3": 1.2848982679676906, "width_max": 1.5270721603405373}