{"data_name": "IstanbulStock", "n_neighbors": 100, "level": 0.8, "random_state": 3657, "test_size": 0.2, "n": 536, "d": 8, "oob_score": 0.868928487086016, "test_score": 0.8592861453040175, "coverage": 0.8240740740740741, "width_mean": 0.8499359473012317, "width_sd": 0.0718206567410353, "width_min": 0.7280840578869692, "width_q1": 0.7893830487058002, "width_q2": 0.8458166278003852, "width_q3": 0.9041974581782114, "width_max": 1.0124638089930649}