{"data_name": "IstanbulStock", "n_neighbors": 20, "level": 0.9, "random_state": 1424, "test_size": 0.2, "n": 536, "d": 8, "oob_score": 0.8742457496653637, "test_score": 0.8442310554668329, "coverage": 0.8055555555555556, "width_mean": 0.9862722624345628, "width_sd": 0.275700355136515, "width_min": 0.5517260726057038, "width_q1": 0.7798374239033659, "width_q2": 0.9222873261006936, "width_q3": 1.1783024833213778, "width_max": 1.7891407830754777}