{"data_name": "IstanbulStock", "n_neighbors": 50, "level": 0.99, "random_state": 2286, "test_size": 0.2, "n": 536, "d": 8, "oob_score": 0.8668646788311605, "test_score": 0.8905369482201488, "coverage": 0.9814814814814815, "width_mean": 1.5873812261490454, "width_sd": 0.27438211385074207, "width_min": 1.0975677687183056, "width_q1": 1.430153886167696, "width_q2": 1.5296892387285839, "width_q3": 1.795109880083881, "width_max": 2.56223211851062}