{"data_name": "IstanbulStock", "n_neighbors": 20, "level": 0.95, "random_state": 1424, "test_size": 0.2, "n": 536, "d": 8, "oob_score": 0.8742457496653637, "test_score": 0.8442310554668329, "coverage": 0.8888888888888888, "width_mean": 1.1579261744731941, "width_sd": 0.31778381668015343, "width_min": 0.6955093514238353, "width_q1": 0.9300797867503636, "width_q2": 1.1032049443034246, "width_q3": 1.3409720632527702, "width_max": 2.3260968187112234}