{"data_name": "IstanbulStock", "n_neighbors": 20, "level": 0.9, "random_state": 1679, "test_size": 0.2, "n": 536, "d": 8, "oob_score": 0.8790411288666127, "test_score": 0.8494646238425134, "coverage": 0.7314814814814815, "width_mean": 0.9910308004311501, "width_sd": 0.25567113402050323, "width_min": 0.3924672510823767, "width_q1": 0.7888025250759351, "width_q2": 0.9901515701816355, "width_q3": 1.1394814651820586, "width_max": 1.7169087295267476}