{"data_name": "IstanbulStock", "n_neighbors": 50, "level": 0.99, "random_state": 409, "test_size": 0.2, "n": 536, "d": 8, "oob_score": 0.8773034774908658, "test_score": 0.8497014634573776, "coverage": 0.9629629629629629, "width_mean": 1.5985326539056937, "width_sd": 0.2917663609490404, "width_min": 1.0082217098010458, "width_q1": 1.3549915814913036, "width_q2": 1.5801942206182709, "width_q3": 1.8230370863812113, "width_max": 2.335324039049707}