{"data_name": "IstanbulStock", "n_neighbors": 20, "level": 0.95, "random_state": 8935, "test_size": 0.2, "n": 536, "d": 8, "oob_score": 0.8741783721031524, "test_score": 0.866630580133159, "coverage": 0.8425925925925926, "width_mean": 1.1497411288859942, "width_sd": 0.28184536058352405, "width_min": 0.7313462288494443, "width_q1": 0.9113507893438949, "width_q2": 1.095064979840506, "width_q3": 1.341862193654126, "width_max": 1.9544642085081523}