{"data_name": "IstanbulStock", "n_neighbors": 5, "level": 0.99, "random_state": 2286, "test_size": 0.2, "n": 536, "d": 8, "oob_score": 0.8668646788311605, "test_score": 0.8905369482201488, "coverage": 0.6481481481481481, "width_mean": 0.8179650060417601, "width_sd": 0.36854259121649563, "width_min": 0.2565650772113104, "width_q1": 0.5559790147253605, "width_q2": 0.7653071157029707, "width_q3": 1.0735689662919012, "width_max": 1.9297719747248159}