{"data_name": "IstanbulStock", "n_neighbors": 200, "level": 0.9, "random_state": 4012, "test_size": 0.2, "n": 536, "d": 8, "oob_score": 0.8766114884717481, "test_score": 0.8639888622561565, "coverage": 0.8888888888888888, "width_mean": 1.118061130062017, "width_sd": 0.045106310680670385, "width_min": 1.0549488534826041, "width_q1": 1.0867177174726708, "width_q2": 1.1138876733295544, "width_q3": 1.1469924319527092, "width_max": 1.2267274450276249}