{"data_name": "IstanbulStock", "n_neighbors": 20, "level": 0.95, "random_state": 409, "test_size": 0.2, "n": 536, "d": 8, "oob_score": 0.8773034774908658, "test_score": 0.8497014634573776, "coverage": 0.8703703703703703, "width_mean": 1.1824786280281327, "width_sd": 0.28398621920313416, "width_min": 0.593642617931452, "width_q1": 0.9992403375280058, "width_q2": 1.2070772604440156, "width_q3": 1.329659076670963, "width_max": 2.067504246397986}