{"data_name": "IstanbulStock", "n_neighbors": 500, "level": 0.9, "random_state": 3657, "test_size": 0.2, "n": 536, "d": 8, "oob_score": 0.868928487086016, "test_score": 0.8592861453040175, "coverage": 0.8888888888888888, "width_mean": 1.1537609496052705, "width_sd": 2.660076930683785e-16, "width_min": 1.15376094960527, "width_q1": 1.1537609496052703, "width_q2": 1.1537609496052703, "width_q3": 1.1537609496052703, "width_max": 1.1537609496052705}