{"data_name": "IstanbulStock", "n_neighbors": 50, "level": 0.8, "random_state": 4012, "test_size": 0.2, "n": 536, "d": 8, "oob_score": 0.8766114884717481, "test_score": 0.8639888622561565, "coverage": 0.7592592592592593, "width_mean": 0.8111074429779497, "width_sd": 0.1213255235257909, "width_min": 0.5376712217207085, "width_q1": 0.7443398054467143, "width_q2": 0.8101578847918154, "width_q3": 0.8656743806378705, "width_max": 1.2609867425629422}