{"data_name": "IstanbulStock", "n_neighbors": "all", "level": 0.95, "random_state": 3657, "test_size": 0.2, "n": 536, "d": 8, "oob_score": 0.868928487086016, "test_score": 0.8592861453040175, "coverage": 0.9537037037037037, "width_mean": 1.5032060592842558, "width_sd": 5.233641528945917e-17, "width_min": 1.5032060592842555, "width_q1": 1.5032060592842558, "width_q2": 1.5032060592842558, "width_q3": 1.5032060592842558, "width_max": 1.503206059284256}