{"data_name": "IstanbulStock", "n_neighbors": 100, "level": 0.8, "random_state": 4506, "test_size": 0.2, "n": 536, "d": 8, "oob_score": 0.849901809127122, "test_score": 0.9321681191994197, "coverage": 0.9074074074074074, "width_mean": 0.9401457076166152, "width_sd": 0.077239935642124, "width_min": 0.7636179889534848, "width_q1": 0.8843759452467123, "width_q2": 0.9437864561305251, "width_q3": 0.9944983046890944, "width_max": 1.126066665585403}