{"data_name": "IstanbulStock", "n_neighbors": 100, "level": 0.8, "random_state": 2286, "test_size": 0.2, "n": 536, "d": 8, "oob_score": 0.8668646788311605, "test_score": 0.8905369482201488, "coverage": 0.8611111111111112, "width_mean": 0.8859894438591569, "width_sd": 0.08458869876413526, "width_min": 0.7423881645053843, "width_q1": 0.8103666729047179, "width_q2": 0.8947501144221863, "width_q3": 0.9559490633664146, "width_max": 1.0352307076176768}