{"data_name": "IstanbulStock", "n_neighbors": 200, "level": 0.99, "random_state": 409, "test_size": 0.2, "n": 536, "d": 8, "oob_score": 0.8773034774908658, "test_score": 0.8497014634573776, "coverage": 0.9907407407407407, "width_mean": 1.907294049507088, "width_sd": 0.046703298380001756, "width_min": 1.754183921977259, "width_q1": 1.906166511998709, "width_q2": 1.906166511998709, "width_q3": 1.9224564247441465, "width_max": 2.139208047711728}