{"data_name": "IstanbulStock", "n_neighbors": 200, "level": 0.95, "random_state": 409, "test_size": 0.2, "n": 536, "d": 8, "oob_score": 0.8773034774908658, "test_score": 0.8497014634573776, "coverage": 0.9351851851851852, "width_mean": 1.3345940167460104, "width_sd": 0.049170779420167024, "width_min": 1.2517046108516126, "width_q1": 1.3020102786379408, "width_q2": 1.3144276311024923, "width_q3": 1.3711699477991413, "width_max": 1.494938900299082}