{"data_name": "IstanbulStock", "n_neighbors": 20, "level": 0.99, "random_state": 4012, "test_size": 0.2, "n": 536, "d": 8, "oob_score": 0.8766114884717481, "test_score": 0.8639888622561565, "coverage": 0.8796296296296297, "width_mean": 1.2660730796612611, "width_sd": 0.47191467013550886, "width_min": 0.6628352849495671, "width_q1": 0.9568518440644934, "width_q2": 1.135729483090028, "width_q3": 1.4449181263915518, "width_max": 3.051588687789393}