{"data_name": "IstanbulStock", "n_neighbors": 100, "level": 0.99, "random_state": 2286, "test_size": 0.2, "n": 536, "d": 8, "oob_score": 0.8668646788311605, "test_score": 0.8905369482201488, "coverage": 0.9907407407407407, "width_mean": 1.6210860682616517, "width_sd": 0.1992238580241031, "width_min": 1.2822261460768445, "width_q1": 1.4615950835695846, "width_q2": 1.6192600699401165, "width_q3": 1.7516178814134178, "width_max": 2.313844199349945}