{"data_name": "IstanbulStock", "n_neighbors": "auto", "level": 0.99, "random_state": 4506, "test_size": 0.2, "n": 536, "d": 8, "oob_score": 0.849901809127122, "test_score": 0.9321681191994197, "coverage": 0.9629629629629629, "width_mean": 1.517642259008466, "width_sd": 0.3314615615225089, "width_min": 0.8858790582592466, "width_q1": 1.3014709575925993, "width_q2": 1.4169609904876879, "width_q3": 1.6698148492556273, "width_max": 2.525332095043936}