{"data_name": "IstanbulStock", "n_neighbors": 50, "level": 0.95, "random_state": 1824, "test_size": 0.2, "n": 536, "d": 8, "oob_score": 0.8647306770466805, "test_score": 0.8930792240867153, "coverage": 0.9166666666666666, "width_mean": 1.191383642970659, "width_sd": 0.14525260051146135, "width_min": 0.9344943328373225, "width_q1": 1.0729684232768066, "width_q2": 1.1938894618310878, "width_q3": 1.2766702164645798, "width_max": 1.6938202306145906}