{"data_name": "IstanbulStock", "n_neighbors": "auto", "level": 0.95, "random_state": 3657, "test_size": 0.2, "n": 536, "d": 8, "oob_score": 0.868928487086016, "test_score": 0.8592861453040175, "coverage": 0.9166666666666666, "width_mean": 1.2069554469739645, "width_sd": 0.2659016683868472, "width_min": 0.7424690461697973, "width_q1": 0.9800200355420363, "width_q2": 1.2059086093958569, "width_q3": 1.3758221290126904, "width_max": 2.1383710705263086}