{"data_name": "IstanbulStock", "n_neighbors": 200, "level": 0.8, "random_state": 409, "test_size": 0.2, "n": 536, "d": 8, "oob_score": 0.8773034774908658, "test_score": 0.8497014634573776, "coverage": 0.7129629629629629, "width_mean": 0.8247119907778924, "width_sd": 0.03728468413681569, "width_min": 0.7476556899367461, "width_q1": 0.7908933507951239, "width_q2": 0.8230235972034067, "width_q3": 0.8540968812038785, "width_max": 0.9133659830919578}