{"data_name": "IstanbulStock", "n_neighbors": 20, "level": 0.99, "random_state": 409, "test_size": 0.2, "n": 536, "d": 8, "oob_score": 0.8773034774908658, "test_score": 0.8497014634573776, "coverage": 0.8888888888888888, "width_mean": 1.352298583126324, "width_sd": 0.35577391313471224, "width_min": 0.6855174558216421, "width_q1": 1.1082079859060951, "width_q2": 1.364078305804675, "width_q3": 1.572765896987849, "width_max": 2.268131032784722}