{"data_name": "IstanbulStock", "n_neighbors": 50, "level": 0.8, "random_state": 2286, "test_size": 0.2, "n": 536, "d": 8, "oob_score": 0.8668646788311605, "test_score": 0.8905369482201488, "coverage": 0.8055555555555556, "width_mean": 0.7912253942650452, "width_sd": 0.10917691464799278, "width_min": 0.5809231328040536, "width_q1": 0.7172288816190686, "width_q2": 0.7757809169759177, "width_q3": 0.8715577057331625, "width_max": 1.0800797643942022}