{"data_name": "IstanbulStock", "n_neighbors": 200, "level": 0.8, "random_state": 9674, "test_size": 0.2, "n": 536, "d": 8, "oob_score": 0.8774335659908999, "test_score": 0.8724020717859035, "coverage": 0.8055555555555556, "width_mean": 0.8284357966933352, "width_sd": 0.021505673065750252, "width_min": 0.7829754555485169, "width_q1": 0.8116506446402426, "width_q2": 0.8244394617976951, "width_q3": 0.840235101839491, "width_max": 0.8859229799741994}