{"data_name": "IstanbulStock", "n_neighbors": 50, "level": 0.95, "random_state": 9674, "test_size": 0.2, "n": 536, "d": 8, "oob_score": 0.8774335659908999, "test_score": 0.8724020717859035, "coverage": 0.9444444444444444, "width_mean": 1.1970573421265962, "width_sd": 0.18360366090217783, "width_min": 0.7804915293887698, "width_q1": 1.0823781828964658, "width_q2": 1.1864505795074582, "width_q3": 1.3001939418741717, "width_max": 1.9003253003927074}