{"data_name": "IstanbulStock", "n_neighbors": 10, "level": 0.9, "random_state": 4012, "test_size": 0.2, "n": 536, "d": 8, "oob_score": 0.8766114884717481, "test_score": 0.8639888622561565, "coverage": 0.6666666666666666, "width_mean": 0.8745212347183917, "width_sd": 0.3344978665628997, "width_min": 0.31801180694388675, "width_q1": 0.6539279803787759, "width_q2": 0.823110075726295, "width_q3": 0.9962701302437531, "width_max": 1.9192180357944082}