{"data_name": "IstanbulStock", "n_neighbors": "all", "level": 0.95, "random_state": 8935, "test_size": 0.2, "n": 536, "d": 8, "oob_score": 0.8741783721031524, "test_score": 0.866630580133159, "coverage": 0.9444444444444444, "width_mean": 1.4979041726893274, "width_sd": 5.0697033208602125e-16, "width_min": 1.4979041726893279, "width_q1": 1.4979041726893279, "width_q2": 1.4979041726893279, "width_q3": 1.4979041726893279, "width_max": 1.4979041726893283}