{"data_name": "IstanbulStock", "n_neighbors": "all", "level": 0.9, "random_state": 1424, "test_size": 0.2, "n": 536, "d": 8, "oob_score": 0.8742457496653637, "test_score": 0.8442310554668329, "coverage": 0.9166666666666666, "width_mean": 1.1705621586429107, "width_sd": 4.7776392054991754e-17, "width_min": 1.1705621586429105, "width_q1": 1.1705621586429107, "width_q2": 1.1705621586429107, "width_q3": 1.1705621586429107, "width_max": 1.170562158642911}