{"data_name": "IstanbulStock", "n_neighbors": 50, "level": 0.9, "random_state": 409, "test_size": 0.2, "n": 536, "d": 8, "oob_score": 0.8773034774908658, "test_score": 0.8497014634573776, "coverage": 0.8240740740740741, "width_mean": 1.0158476230308313, "width_sd": 0.15358050216678287, "width_min": 0.7038863749025177, "width_q1": 0.8897710618292809, "width_q2": 0.9963519610174597, "width_q3": 1.0991189225782048, "width_max": 1.5501103005026722}