{"data_name": "IstanbulStock", "n_neighbors": 20, "level": 0.99, "random_state": 2286, "test_size": 0.2, "n": 536, "d": 8, "oob_score": 0.8668646788311605, "test_score": 0.8905369482201488, "coverage": 0.9351851851851852, "width_mean": 1.3825601391333127, "width_sd": 0.3659288466719676, "width_min": 0.5065176876121222, "width_q1": 1.123574460977593, "width_q2": 1.3912441182647024, "width_q3": 1.5807894380452354, "width_max": 2.6616138112334413}