{"data_name": "IstanbulStock", "n_neighbors": 5, "level": 0.99, "random_state": 4506, "test_size": 0.2, "n": 536, "d": 8, "oob_score": 0.849901809127122, "test_score": 0.9321681191994197, "coverage": 0.7314814814814815, "width_mean": 0.8952589544991467, "width_sd": 0.4532383531475188, "width_min": 0.13119466019517356, "width_q1": 0.5658125594554736, "width_q2": 0.7879812965791981, "width_q3": 1.1667768021387224, "width_max": 2.5559801597709058}