{"data_name": "IstanbulStock", "n_neighbors": 20, "level": 0.99, "random_state": 8935, "test_size": 0.2, "n": 536, "d": 8, "oob_score": 0.8741783721031524, "test_score": 0.866630580133159, "coverage": 0.8796296296296297, "width_mean": 1.2789556217940652, "width_sd": 0.3198834280711123, "width_min": 0.8218976039901076, "width_q1": 0.9998474371718411, "width_q2": 1.254989835985818, "width_q3": 1.5585995647737683, "width_max": 2.0255067515270904}