{"data_name": "IstanbulStock", "n_neighbors": "all", "level": 0.99, "random_state": 2286, "test_size": 0.2, "n": 536, "d": 8, "oob_score": 0.8668646788311605, "test_score": 0.8905369482201488, "coverage": 0.9907407407407407, "width_mean": 2.09766673922806, "width_sd": 4.440892098500626e-16, "width_min": 2.0976667392280595, "width_q1": 2.0976667392280595, "width_q2": 2.0976667392280595, "width_q3": 2.0976667392280595, "width_max": 2.0976667392280595}