{"data_name": "IstanbulStock", "n_neighbors": 5, "level": 0.95, "random_state": 4012, "test_size": 0.2, "n": 536, "d": 8, "oob_score": 0.8766114884717481, "test_score": 0.8639888622561565, "coverage": 0.6018518518518519, "width_mean": 0.7752764328049813, "width_sd": 0.3793682050950231, "width_min": 0.12943941697506134, "width_q1": 0.530282560608734, "width_q2": 0.7198123373324066, "width_q3": 0.9672830120150542, "width_max": 2.422622419657997}