{"data_name": "IstanbulStock", "n_neighbors": 200, "level": 0.9, "random_state": 3657, "test_size": 0.2, "n": 536, "d": 8, "oob_score": 0.868928487086016, "test_score": 0.8592861453040175, "coverage": 0.8981481481481481, "width_mean": 1.1478881394233917, "width_sd": 0.03225533290285538, "width_min": 1.0791823158496698, "width_q1": 1.1307389878423388, "width_q2": 1.1373018331067049, "width_q3": 1.1673216618843387, "width_max": 1.3117659591941098}