{"data_name": "IstanbulStock", "n_neighbors": "auto", "level": 0.8, "random_state": 8935, "test_size": 0.2, "n": 536, "d": 8, "oob_score": 0.8741783721031524, "test_score": 0.866630580133159, "coverage": 0.7314814814814815, "width_mean": 0.8124498156145827, "width_sd": 0.16778274101387397, "width_min": 0.38811372196090355, "width_q1": 0.6848051753838289, "width_q2": 0.8200994402645185, "width_q3": 0.8918160499742701, "width_max": 1.388347223239121}