{"data_name": "IstanbulStock", "n_neighbors": 200, "level": 0.99, "random_state": 9674, "test_size": 0.2, "n": 536, "d": 8, "oob_score": 0.8774335659908999, "test_score": 0.8724020717859035, "coverage": 0.9907407407407407, "width_mean": 2.0499787208432045, "width_sd": 0.08146946778333401, "width_min": 1.8132436734545476, "width_q1": 2.0784191988459426, "width_q2": 2.0784191988459426, "width_q3": 2.0784191988459426, "width_max": 2.121468115111143}