{"data_name": "IstanbulStock", "n_neighbors": 20, "level": 0.8, "random_state": 1424, "test_size": 0.2, "n": 536, "d": 8, "oob_score": 0.8742457496653637, "test_score": 0.8442310554668329, "coverage": 0.75, "width_mean": 0.7808315141042924, "width_sd": 0.20260181066453056, "width_min": 0.4374258907074972, "width_q1": 0.6346541615734111, "width_q2": 0.7316479872307722, "width_q3": 0.8903004256248923, "width_max": 1.5117582329053532}