{"data_name": "IstanbulStock", "n_neighbors": 200, "level": 0.9, "random_state": 1424, "test_size": 0.2, "n": 536, "d": 8, "oob_score": 0.8742457496653637, "test_score": 0.8442310554668329, "coverage": 0.8981481481481481, "width_mean": 1.1129462725463009, "width_sd": 0.0521116519581349, "width_min": 1.0046707650185573, "width_q1": 1.0745961286376184, "width_q2": 1.105741298027123, "width_q3": 1.1596636389731172, "width_max": 1.2668664986296183}