{"data_name": "IstanbulStock", "n_neighbors": 50, "level": 0.8, "random_state": 1424, "test_size": 0.2, "n": 536, "d": 8, "oob_score": 0.8742457496653637, "test_score": 0.8442310554668329, "coverage": 0.7129629629629629, "width_mean": 0.7325626419082352, "width_sd": 0.12371360635514315, "width_min": 0.46002295729292086, "width_q1": 0.6455442586762337, "width_q2": 0.7227385552423878, "width_q3": 0.7994436294432945, "width_max": 1.118261119502056}