{"data_name": "IstanbulStock", "n_neighbors": 20, "level": 0.99, "random_state": 1824, "test_size": 0.2, "n": 536, "d": 8, "oob_score": 0.8647306770466805, "test_score": 0.8930792240867153, "coverage": 0.8888888888888888, "width_mean": 1.3119230272954132, "width_sd": 0.3878268781207813, "width_min": 0.6299571730762472, "width_q1": 1.0630991495941793, "width_q2": 1.230907749231788, "width_q3": 1.4632295188185833, "width_max": 2.6520361804851973}