{"data_name": "IstanbulStock", "n_neighbors": 5, "level": 0.9, "random_state": 8935, "test_size": 0.2, "n": 536, "d": 8, "oob_score": 0.8741783721031524, "test_score": 0.866630580133159, "coverage": 0.5648148148148148, "width_mean": 0.6972181629211739, "width_sd": 0.2980055876664485, "width_min": 0.13119507211425907, "width_q1": 0.4795869856499725, "width_q2": 0.6526358407128015, "width_q3": 0.8490270105790964, "width_max": 1.510863110787073}