{"data_name": "IstanbulStock", "n_neighbors": 200, "level": 0.8, "random_state": 1424, "test_size": 0.2, "n": 536, "d": 8, "oob_score": 0.8742457496653637, "test_score": 0.8442310554668329, "coverage": 0.7685185185185185, "width_mean": 0.8456039269681673, "width_sd": 0.01976962168915362, "width_min": 0.8033306163029615, "width_q1": 0.8277070428211922, "width_q2": 0.847635891220599, "width_q3": 0.8556125472447269, "width_max": 0.8998609569155129}