{"data_name": "IstanbulStock", "n_neighbors": 5, "level": 0.99, "random_state": 4012, "test_size": 0.2, "n": 536, "d": 8, "oob_score": 0.8766114884717481, "test_score": 0.8639888622561565, "coverage": 0.6388888888888888, "width_mean": 0.8143690661465927, "width_sd": 0.4018588766884882, "width_min": 0.1324035943598495, "width_q1": 0.5579408862846776, "width_q2": 0.7629653995545524, "width_q3": 1.0239133839392127, "width_max": 2.5892165597626766}