{"data_name": "IstanbulStock", "n_neighbors": 200, "level": 0.9, "random_state": 2286, "test_size": 0.2, "n": 536, "d": 8, "oob_score": 0.8668646788311605, "test_score": 0.8905369482201488, "coverage": 0.9629629629629629, "width_mean": 1.2398486041712038, "width_sd": 0.021491201990526634, "width_min": 1.1827142995738997, "width_q1": 1.2340220311024321, "width_q2": 1.2411470553477444, "width_q3": 1.2513846617531363, "width_max": 1.2922368522317336}