{"data_name": "IstanbulStock", "n_neighbors": 100, "level": 0.95, "random_state": 4012, "test_size": 0.2, "n": 536, "d": 8, "oob_score": 0.8766114884717481, "test_score": 0.8639888622561565, "coverage": 0.9259259259259259, "width_mean": 1.3385936289046383, "width_sd": 0.17202945546228784, "width_min": 1.027077061370473, "width_q1": 1.215233739274674, "width_q2": 1.3248872952900337, "width_q3": 1.4508208984377924, "width_max": 1.6926971662748433}