{"data_name": "IstanbulStock", "n_neighbors": 5, "level": 0.99, "random_state": 1424, "test_size": 0.2, "n": 536, "d": 8, "oob_score": 0.8742457496653637, "test_score": 0.8442310554668329, "coverage": 0.6666666666666666, "width_mean": 0.7826900872341866, "width_sd": 0.334471300605178, "width_min": 0.17515488856494588, "width_q1": 0.5694208917406691, "width_q2": 0.7231855902122183, "width_q3": 0.93123932280451, "width_max": 1.7844410767378849}