{"data_name": "IstanbulStock", "n_neighbors": 200, "level": 0.95, "random_state": 1424, "test_size": 0.2, "n": 536, "d": 8, "oob_score": 0.8742457496653637, "test_score": 0.8442310554668329, "coverage": 0.9444444444444444, "width_mean": 1.373996744395206, "width_sd": 0.04789640803583087, "width_min": 1.2824081953451574, "width_q1": 1.3286250538457445, "width_q2": 1.3687840133962113, "width_q3": 1.402413695643217, "width_max": 1.5169819746916888}