{"data_name": "IstanbulStock", "n_neighbors": 10, "level": 0.99, "random_state": 1824, "test_size": 0.2, "n": 536, "d": 8, "oob_score": 0.8647306770466805, "test_score": 0.8930792240867153, "coverage": 0.8333333333333334, "width_mean": 1.075761561818634, "width_sd": 0.3733811607268387, "width_min": 0.3654556688389071, "width_q1": 0.8903100966043667, "width_q2": 1.0231618412800731, "width_q3": 1.2112295525974361, "width_max": 2.716779709815481}