{"data_name": "IstanbulStock", "n_neighbors": 20, "level": 0.8, "random_state": 409, "test_size": 0.2, "n": 536, "d": 8, "oob_score": 0.8773034774908658, "test_score": 0.8497014634573776, "coverage": 0.7037037037037037, "width_mean": 0.7882977612970679, "width_sd": 0.22737616224556934, "width_min": 0.405401693826174, "width_q1": 0.5909212609407118, "width_q2": 0.7275607004201321, "width_q3": 0.9550330965832186, "width_max": 1.3039112414358542}