{"data_name": "IstanbulStock", "n_neighbors": 100, "level": 0.9, "random_state": 4506, "test_size": 0.2, "n": 536, "d": 8, "oob_score": 0.849901809127122, "test_score": 0.9321681191994197, "coverage": 0.9722222222222222, "width_mean": 1.2412964073482426, "width_sd": 0.05392151329687093, "width_min": 1.0848748564443296, "width_q1": 1.2139480938389413, "width_q2": 1.2329199300063118, "width_q3": 1.2758299754698976, "width_max": 1.3393113181074825}