{"data_name": "IstanbulStock", "n_neighbors": "all", "level": 0.8, "random_state": 1824, "test_size": 0.2, "n": 536, "d": 8, "oob_score": 0.8647306770466805, "test_score": 0.8930792240867153, "coverage": 0.7777777777777778, "width_mean": 0.8400469323631965, "width_sd": 4.8956233716268386e-17, "width_min": 0.8400469323631964, "width_q1": 0.8400469323631965, "width_q2": 0.8400469323631965, "width_q3": 0.8400469323631965, "width_max": 0.8400469323631966}