{"data_name": "IstanbulStock", "n_neighbors": 200, "level": 0.9, "random_state": 9674, "test_size": 0.2, "n": 536, "d": 8, "oob_score": 0.8774335659908999, "test_score": 0.8724020717859035, "coverage": 0.9537037037037037, "width_mean": 1.2172136830221352, "width_sd": 0.02845905616370888, "width_min": 1.10112404664299, "width_q1": 1.2020511062644699, "width_q2": 1.2096570260468402, "width_q3": 1.2331581652569406, "width_max": 1.316560760193242}