{"data_name": "IstanbulStock", "n_neighbors": 200, "level": 0.95, "random_state": 9674, "test_size": 0.2, "n": 536, "d": 8, "oob_score": 0.8774335659908999, "test_score": 0.8724020717859035, "coverage": 0.9629629629629629, "width_mean": 1.403936345998544, "width_sd": 0.03130851598336697, "width_min": 1.3645184261152288, "width_q1": 1.3893854978549238, "width_q2": 1.3893854978549238, "width_q3": 1.410828777196723, "width_max": 1.5240928503941567}