{"data_name": "IstanbulStock", "n_neighbors": 50, "level": 0.9, "random_state": 1824, "test_size": 0.2, "n": 536, "d": 8, "oob_score": 0.8647306770466805, "test_score": 0.8930792240867153, "coverage": 0.8425925925925926, "width_mean": 1.0332881934331408, "width_sd": 0.11404114926434684, "width_min": 0.745092122463274, "width_q1": 0.9347925200201292, "width_q2": 1.0391065577525096, "width_q3": 1.1121094797678948, "width_max": 1.3257703812566795}