{"data_name": "IstanbulStock", "n_neighbors": 100, "level": 0.8, "random_state": 4012, "test_size": 0.2, "n": 536, "d": 8, "oob_score": 0.8766114884717481, "test_score": 0.8639888622561565, "coverage": 0.7685185185185185, "width_mean": 0.8231403889280764, "width_sd": 0.05255450533832492, "width_min": 0.6835468978642754, "width_q1": 0.7851615636206539, "width_q2": 0.8292509220484126, "width_q3": 0.8603810855717129, "width_max": 0.9405294293765265}