{"data_name": "IstanbulStock", "n_neighbors": 5, "level": 0.8, "random_state": 409, "test_size": 0.2, "n": 536, "d": 8, "oob_score": 0.8773034774908658, "test_score": 0.8497014634573776, "coverage": 0.5370370370370371, "width_mean": 0.6344744653458759, "width_sd": 0.3278449430471547, "width_min": 0.12649400859044974, "width_q1": 0.37162984928477977, "width_q2": 0.5157164389495806, "width_q3": 0.9151905570060153, "width_max": 1.6124745871910915}