{"data_name": "IstanbulStock", "n_neighbors": 200, "level": 0.8, "random_state": 8935, "test_size": 0.2, "n": 536, "d": 8, "oob_score": 0.8741783721031524, "test_score": 0.866630580133159, "coverage": 0.8148148148148148, "width_mean": 0.886818616821392, "width_sd": 0.017522055546394723, "width_min": 0.842917245046171, "width_q1": 0.8689948064568073, "width_q2": 0.8928549527778843, "width_q3": 0.9002883531385086, "width_max": 0.9240103163556662}