{"data_name": "IstanbulStock", "n_neighbors": 100, "level": 0.99, "random_state": 1679, "test_size": 0.2, "n": 536, "d": 8, "oob_score": 0.8790411288666127, "test_score": 0.8494646238425134, "coverage": 0.9444444444444444, "width_mean": 1.7712296229152633, "width_sd": 0.17547604290775254, "width_min": 1.27589600546358, "width_q1": 1.6787013565647588, "width_q2": 1.7875938559770352, "width_q3": 1.8011790681529454, "width_max": 2.137399585602359}