{"data_name": "IstanbulStock", "n_neighbors": "auto", "level": 0.9, "random_state": 409, "test_size": 0.2, "n": 536, "d": 8, "oob_score": 0.8773034774908658, "test_score": 0.8497014634573776, "coverage": 0.8055555555555556, "width_mean": 0.997797857647538, "width_sd": 0.23533831496613747, "width_min": 0.6032222752665188, "width_q1": 0.8071351935842207, "width_q2": 0.9565745444133407, "width_q3": 1.1765121028045695, "width_max": 1.947259183485469}