{"data_name": "IstanbulStock", "n_neighbors": 200, "level": 0.99, "random_state": 4012, "test_size": 0.2, "n": 536, "d": 8, "oob_score": 0.8766114884717481, "test_score": 0.8639888622561565, "coverage": 0.9814814814814815, "width_mean": 1.9272489631220475, "width_sd": 0.032900717417174444, "width_min": 1.6959309698545746, "width_q1": 1.9254651234535745, "width_q2": 1.9254651234535745, "width_q3": 1.9408630212520972, "width_max": 2.0373621300681237}