{"data_name": "IstanbulStock", "n_neighbors": 20, "level": 0.9, "random_state": 409, "test_size": 0.2, "n": 536, "d": 8, "oob_score": 0.8773034774908658, "test_score": 0.8497014634573776, "coverage": 0.7962962962962963, "width_mean": 0.9702036841553956, "width_sd": 0.2534189051168009, "width_min": 0.4787990705687153, "width_q1": 0.772500577577081, "width_q2": 0.9302645733686696, "width_q3": 1.1320201731285808, "width_max": 1.9331127054957618}