{"data_name": "IstanbulStock", "n_neighbors": 5, "level": 0.95, "random_state": 9674, "test_size": 0.2, "n": 536, "d": 8, "oob_score": 0.8774335659908999, "test_score": 0.8724020717859035, "coverage": 0.5925925925925926, "width_mean": 0.738716535290454, "width_sd": 0.27444794465477174, "width_min": 0.24672114547529328, "width_q1": 0.502949667808652, "width_q2": 0.7632715207748885, "width_q3": 0.9271815301742905, "width_max": 1.4364756232529967}