{"data_name": "IstanbulStock", "n_neighbors": 5, "level": 0.99, "random_state": 8935, "test_size": 0.2, "n": 536, "d": 8, "oob_score": 0.8741783721031524, "test_score": 0.866630580133159, "coverage": 0.6388888888888888, "width_mean": 0.7796189212457705, "width_sd": 0.33341013296381844, "width_min": 0.1521503765088701, "width_q1": 0.5217389891965265, "width_q2": 0.7281077858070372, "width_q3": 0.9764866873066923, "width_max": 1.6403095787966224}