{"data_name": "IstanbulStock", "n_neighbors": 20, "level": 0.99, "random_state": 1424, "test_size": 0.2, "n": 536, "d": 8, "oob_score": 0.8742457496653637, "test_score": 0.8442310554668329, "coverage": 0.9074074074074074, "width_mean": 1.2952493041041007, "width_sd": 0.3786276443217071, "width_min": 0.7268389102741517, "width_q1": 1.0045027036225411, "width_q2": 1.2483221994911022, "width_q3": 1.491237163821019, "width_max": 2.89036633009313}