{"data_name": "IstanbulStock", "n_neighbors": 20, "level": 0.8, "random_state": 8935, "test_size": 0.2, "n": 536, "d": 8, "oob_score": 0.8741783721031524, "test_score": 0.866630580133159, "coverage": 0.7222222222222222, "width_mean": 0.778619421664317, "width_sd": 0.20416707309605517, "width_min": 0.41440235627856026, "width_q1": 0.6359706771332905, "width_q2": 0.7440310414227871, "width_q3": 0.8836880473277355, "width_max": 1.4836094260264523}