{"data_name": "IstanbulStock", "n_neighbors": 200, "level": 0.99, "random_state": 3657, "test_size": 0.2, "n": 536, "d": 8, "oob_score": 0.868928487086016, "test_score": 0.8592861453040175, "coverage": 0.9907407407407407, "width_mean": 1.8277712999930051, "width_sd": 0.1330268431383652, "width_min": 1.684757710641891, "width_q1": 1.7664752779521264, "width_q2": 1.7664752779521264, "width_q3": 1.7994268777627123, "width_max": 2.2857668179273123}