{"data_name": "IstanbulStock", "n_neighbors": 200, "level": 0.95, "random_state": 4012, "test_size": 0.2, "n": 536, "d": 8, "oob_score": 0.8766114884717481, "test_score": 0.8639888622561565, "coverage": 0.9444444444444444, "width_mean": 1.4788105558291122, "width_sd": 0.06726079093613373, "width_min": 1.3522307647986387, "width_q1": 1.4222133571775837, "width_q2": 1.4959122750135454, "width_q3": 1.504752223683208, "width_max": 1.6315540019108625}