{"data_name": "IstanbulStock", "n_neighbors": 200, "level": 0.9, "random_state": 4506, "test_size": 0.2, "n": 536, "d": 8, "oob_score": 0.849901809127122, "test_score": 0.9321681191994197, "coverage": 0.9814814814814815, "width_mean": 1.2680960313308118, "width_sd": 0.01836851416075218, "width_min": 1.2075680409795524, "width_q1": 1.2573010635188333, "width_q2": 1.270698023855248, "width_q3": 1.2758299754698976, "width_max": 1.3295230138194503}