{"data_name": "IstanbulStock", "n_neighbors": 5, "level": 0.9, "random_state": 1824, "test_size": 0.2, "n": 536, "d": 8, "oob_score": 0.8647306770466805, "test_score": 0.8930792240867153, "coverage": 0.5833333333333334, "width_mean": 0.7255880209663687, "width_sd": 0.35900425841856143, "width_min": 0.16819489918353348, "width_q1": 0.48479458916239015, "width_q2": 0.6982419941178414, "width_q3": 0.8717308660606524, "width_max": 2.3418103370958088}