{"data_name": "IstanbulStock", "n_neighbors": "auto", "level": 0.8, "random_state": 9674, "test_size": 0.2, "n": 536, "d": 8, "oob_score": 0.8774335659908999, "test_score": 0.8724020717859035, "coverage": 0.7592592592592593, "width_mean": 0.7965406609796672, "width_sd": 0.19365834584780384, "width_min": 0.49990931682845013, "width_q1": 0.6686625353386916, "width_q2": 0.7669278302019422, "width_q3": 0.8818811086566164, "width_max": 1.4149158355024034}