{"data_name": "IstanbulStock", "n_neighbors": "auto", "level": 0.95, "random_state": 4012, "test_size": 0.2, "n": 536, "d": 8, "oob_score": 0.8766114884717481, "test_score": 0.8639888622561565, "coverage": 0.8518518518518519, "width_mean": 1.1953325575339036, "width_sd": 0.3645239591132427, "width_min": 0.7473721786595422, "width_q1": 0.9767203722623932, "width_q2": 1.0818372503521054, "width_q3": 1.2812851757392332, "width_max": 2.5519367124775476}