{"data_name": "IstanbulStock", "n_neighbors": "auto", "level": 0.9, "random_state": 1824, "test_size": 0.2, "n": 536, "d": 8, "oob_score": 0.8647306770466805, "test_score": 0.8930792240867153, "coverage": 0.8518518518518519, "width_mean": 1.0141873639839727, "width_sd": 0.21578657575688293, "width_min": 0.6242211640006418, "width_q1": 0.8730942703605022, "width_q2": 0.976714499790071, "width_q3": 1.0925707414020502, "width_max": 1.868639475588758}