{"data_name": "IstanbulStock", "n_neighbors": 20, "level": 0.8, "random_state": 2286, "test_size": 0.2, "n": 536, "d": 8, "oob_score": 0.8668646788311605, "test_score": 0.8905369482201488, "coverage": 0.7407407407407407, "width_mean": 0.792049441031948, "width_sd": 0.20533981818273725, "width_min": 0.4057632840981281, "width_q1": 0.6301372602174249, "width_q2": 0.7649923234689677, "width_q3": 0.9230483331121364, "width_max": 1.275092969944311}