{"data_name": "IstanbulStock", "n_neighbors": 5, "level": 0.8, "random_state": 1424, "test_size": 0.2, "n": 536, "d": 8, "oob_score": 0.8742457496653637, "test_score": 0.8442310554668329, "coverage": 0.5462962962962963, "width_mean": 0.6050592841528764, "width_sd": 0.2583763409118791, "width_min": 0.15302758091656155, "width_q1": 0.43727912423741566, "width_q2": 0.5637239686274514, "width_q3": 0.7409614446417463, "width_max": 1.4049228155555977}