{"data_name": "IstanbulStock", "n_neighbors": 10, "level": 0.99, "random_state": 409, "test_size": 0.2, "n": 536, "d": 8, "oob_score": 0.8773034774908658, "test_score": 0.8497014634573776, "coverage": 0.8148148148148148, "width_mean": 1.1508418161589917, "width_sd": 0.39086138730896547, "width_min": 0.4090966490110078, "width_q1": 0.8594734123778356, "width_q2": 1.1324657948593093, "width_q3": 1.4354576305241376, "width_max": 2.1398435385975945}