{"data_name": "IstanbulStock", "n_neighbors": 200, "level": 0.95, "random_state": 1824, "test_size": 0.2, "n": 536, "d": 8, "oob_score": 0.8647306770466805, "test_score": 0.8930792240867153, "coverage": 0.9074074074074074, "width_mean": 1.3094876001909574, "width_sd": 0.0307283471483899, "width_min": 1.2497933554449943, "width_q1": 1.2918617318572643, "width_q2": 1.3069262477780343, "width_q3": 1.3254379418646125, "width_max": 1.4297292352998052}