{"data_name": "IstanbulStock", "n_neighbors": 200, "level": 0.95, "random_state": 1679, "test_size": 0.2, "n": 536, "d": 8, "oob_score": 0.8790411288666127, "test_score": 0.8494646238425134, "coverage": 0.8888888888888888, "width_mean": 1.3428415602389487, "width_sd": 0.03622188502331554, "width_min": 1.28914124608101, "width_q1": 1.3177999233616082, "width_q2": 1.344009743000098, "width_q3": 1.3463937678750297, "width_max": 1.500507905984981}