{"data_name": "IstanbulStock", "n_neighbors": 100, "level": 0.8, "random_state": 1424, "test_size": 0.2, "n": 536, "d": 8, "oob_score": 0.8742457496653637, "test_score": 0.8442310554668329, "coverage": 0.7222222222222222, "width_mean": 0.7499603652590934, "width_sd": 0.07067517009549426, "width_min": 0.620639546203228, "width_q1": 0.6962149796572449, "width_q2": 0.7419791693307213, "width_q3": 0.7901134809892778, "width_max": 0.9793879823577865}