{"data_name": "IstanbulStock", "n_neighbors": 20, "level": 0.95, "random_state": 4012, "test_size": 0.2, "n": 536, "d": 8, "oob_score": 0.8766114884717481, "test_score": 0.8639888622561565, "coverage": 0.8333333333333334, "width_mean": 1.1292453410370162, "width_sd": 0.3725615995023009, "width_min": 0.6057764172820976, "width_q1": 0.8514670492454678, "width_q2": 1.0016779272587824, "width_q3": 1.2745086061078115, "width_max": 2.476231867733329}