{"data_name": "IstanbulStock", "n_neighbors": "all", "level": 0.99, "random_state": 9674, "test_size": 0.2, "n": 536, "d": 8, "oob_score": 0.8774335659908999, "test_score": 0.8724020717859035, "coverage": 0.9907407407407407, "width_mean": 2.043220643059047, "width_sd": 2.6342084691399295e-16, "width_min": 2.0432206430590467, "width_q1": 2.0432206430590467, "width_q2": 2.043220643059047, "width_q3": 2.043220643059047, "width_max": 2.043220643059047}