{"data_name": "IstanbulStock", "n_neighbors": 10, "level": 0.9, "random_state": 1824, "test_size": 0.2, "n": 536, "d": 8, "oob_score": 0.8647306770466805, "test_score": 0.8930792240867153, "coverage": 0.7407407407407407, "width_mean": 0.9088803511046625, "width_sd": 0.2891690838440007, "width_min": 0.34079836956437837, "width_q1": 0.7381704881312893, "width_q2": 0.8830007570220746, "width_q3": 1.048368546396324, "width_max": 2.1923571222401783}