{"data_name": "IstanbulStock", "n_neighbors": 5, "level": 0.95, "random_state": 4506, "test_size": 0.2, "n": 536, "d": 8, "oob_score": 0.849901809127122, "test_score": 0.9321681191994197, "coverage": 0.6944444444444444, "width_mean": 0.852247919015504, "width_sd": 0.43015035523425155, "width_min": 0.12792112723161642, "width_q1": 0.5431544748119727, "width_q2": 0.7568652364143538, "width_q3": 1.106972149170244, "width_max": 2.45952237776781}