{"data_name": "IstanbulStock", "n_neighbors": 50, "level": 0.8, "random_state": 1679, "test_size": 0.2, "n": 536, "d": 8, "oob_score": 0.8790411288666127, "test_score": 0.8494646238425134, "coverage": 0.7592592592592593, "width_mean": 0.8650635790972454, "width_sd": 0.14234170965582704, "width_min": 0.6075726284264942, "width_q1": 0.7456620334723338, "width_q2": 0.837560992537123, "width_q3": 0.9947611196634494, "width_max": 1.1495105761602082}