{"data_name": "IstanbulStock", "n_neighbors": 10, "level": 0.99, "random_state": 4506, "test_size": 0.2, "n": 536, "d": 8, "oob_score": 0.849901809127122, "test_score": 0.9321681191994197, "coverage": 0.8611111111111112, "width_mean": 1.1951851278103434, "width_sd": 0.4637873984775305, "width_min": 0.40640540473214115, "width_q1": 0.8313440713668419, "width_q2": 1.1519345004812744, "width_q3": 1.477023634671109, "width_max": 2.530596346618805}