{"data_name": "IstanbulStock", "n_neighbors": "all", "level": 0.95, "random_state": 1679, "test_size": 0.2, "n": 536, "d": 8, "oob_score": 0.8790411288666127, "test_score": 0.8494646238425134, "coverage": 0.8888888888888888, "width_mean": 1.3688654534586149, "width_sd": 1.9814247038438581e-16, "width_min": 1.3688654534586147, "width_q1": 1.368865453458615, "width_q2": 1.368865453458615, "width_q3": 1.368865453458615, "width_max": 1.368865453458615}