{"data_name": "IstanbulStock", "n_neighbors": 500, "level": 0.8, "random_state": 1679, "test_size": 0.2, "n": 536, "d": 8, "oob_score": 0.8790411288666127, "test_score": 0.8494646238425134, "coverage": 0.75, "width_mean": 0.8304676773825961, "width_sd": 2.2049723691007006e-16, "width_min": 0.8304676773825957, "width_q1": 0.8304676773825959, "width_q2": 0.8304676773825959, "width_q3": 0.8304676773825959, "width_max": 0.830467677382596}