{"data_name": "IstanbulStock", "n_neighbors": 5, "level": 0.99, "random_state": 409, "test_size": 0.2, "n": 536, "d": 8, "oob_score": 0.8773034774908658, "test_score": 0.8497014634573776, "coverage": 0.6018518518518519, "width_mean": 0.8305511976957883, "width_sd": 0.43419851283930033, "width_min": 0.19250617481018298, "width_q1": 0.5049595275196541, "width_q2": 0.7045376588334604, "width_q3": 1.1532731049131821, "width_max": 2.143463048963005}