{"data_name": "IstanbulStock", "n_neighbors": "auto", "level": 0.99, "random_state": 1679, "test_size": 0.2, "n": 536, "d": 8, "oob_score": 0.8790411288666127, "test_score": 0.8494646238425134, "coverage": 0.8981481481481481, "width_mean": 1.4316095182740216, "width_sd": 0.3281339147801926, "width_min": 0.7523190244004785, "width_q1": 1.243204985712456, "width_q2": 1.4326400347653054, "width_q3": 1.5773776862861806, "width_max": 2.456274624367503}