{"data_name": "IstanbulStock", "n_neighbors": 200, "level": 0.95, "random_state": 2286, "test_size": 0.2, "n": 536, "d": 8, "oob_score": 0.8668646788311605, "test_score": 0.8905369482201488, "coverage": 0.9722222222222222, "width_mean": 1.435944191482432, "width_sd": 0.014292387930842417, "width_min": 1.4060235164856885, "width_q1": 1.4213981565783702, "width_q2": 1.4362537718944237, "width_q3": 1.4480823192468766, "width_max": 1.464663140532345}