{"data_name": "IstanbulStock", "n_neighbors": 500, "level": 0.8, "random_state": 4506, "test_size": 0.2, "n": 536, "d": 8, "oob_score": 0.849901809127122, "test_score": 0.9321681191994197, "coverage": 0.8888888888888888, "width_mean": 0.9147442640068154, "width_sd": 1.598903897777272e-16, "width_min": 0.9147442640068153, "width_q1": 0.9147442640068155, "width_q2": 0.9147442640068155, "width_q3": 0.9147442640068155, "width_max": 0.9147442640068157}