{"data_name": "IstanbulStock", "n_neighbors": 50, "level": 0.9, "random_state": 1424, "test_size": 0.2, "n": 536, "d": 8, "oob_score": 0.8742457496653637, "test_score": 0.8442310554668329, "coverage": 0.8240740740740741, "width_mean": 0.9839708515895679, "width_sd": 0.16253801339918741, "width_min": 0.7143467831795629, "width_q1": 0.8707035437176951, "width_q2": 0.9472722041237498, "width_q3": 1.1043130833324328, "width_max": 1.4158013034648742}