{"data_name": "IstanbulStock", "n_neighbors": 100, "level": 0.8, "random_state": 1679, "test_size": 0.2, "n": 536, "d": 8, "oob_score": 0.8790411288666127, "test_score": 0.8494646238425134, "coverage": 0.7777777777777778, "width_mean": 0.8762167720956303, "width_sd": 0.08794786099610478, "width_min": 0.6657897182084176, "width_q1": 0.8079473400521697, "width_q2": 0.8814217409347556, "width_q3": 0.9535301576944268, "width_max": 1.0488455282147364}