{"data_name": "IstanbulStock", "n_neighbors": 200, "level": 0.99, "random_state": 4506, "test_size": 0.2, "n": 536, "d": 8, "oob_score": 0.849901809127122, "test_score": 0.9321681191994197, "coverage": 1.0, "width_mean": 2.1333834213297114, "width_sd": 0.027174947761332228, "width_min": 1.85719946953457, "width_q1": 2.133942184582043, "width_q2": 2.133942184582043, "width_q3": 2.1339421845820437, "width_max": 2.156986311834003}