{"data_name": "IstanbulStock", "n_neighbors": "auto", "level": 0.99, "random_state": 1424, "test_size": 0.2, "n": 536, "d": 8, "oob_score": 0.8742457496653637, "test_score": 0.8442310554668329, "coverage": 0.9259259259259259, "width_mean": 1.4241614076110134, "width_sd": 0.34905079372243913, "width_min": 0.7635111546150471, "width_q1": 1.161653134799621, "width_q2": 1.3868178963249904, "width_q3": 1.5716426396382621, "width_max": 2.9126401265950452}