{"data_name": "IstanbulStock", "n_neighbors": "auto", "level": 0.99, "random_state": 409, "test_size": 0.2, "n": 536, "d": 8, "oob_score": 0.8773034774908658, "test_score": 0.8497014634573776, "coverage": 0.9259259259259259, "width_mean": 1.4680845508506053, "width_sd": 0.3269174770786507, "width_min": 0.8086148801903121, "width_q1": 1.3086588260223788, "width_q2": 1.4090663429286818, "width_q3": 1.6452972801369277, "width_max": 2.4046397185577044}