{"data_name": "IstanbulStock", "n_neighbors": 100, "level": 0.95, "random_state": 1424, "test_size": 0.2, "n": 536, "d": 8, "oob_score": 0.8742457496653637, "test_score": 0.8442310554668329, "coverage": 0.9259259259259259, "width_mean": 1.3554972285982854, "width_sd": 0.09970603888715472, "width_min": 1.0830623215283404, "width_q1": 1.2699239812566763, "width_q2": 1.366479615388143, "width_q3": 1.4266959849370866, "width_max": 1.5645874869648972}