{"data_name": "IstanbulStock", "n_neighbors": 20, "level": 0.8, "random_state": 3657, "test_size": 0.2, "n": 536, "d": 8, "oob_score": 0.868928487086016, "test_score": 0.8592861453040175, "coverage": 0.7777777777777778, "width_mean": 0.7687600729463568, "width_sd": 0.19670856180098975, "width_min": 0.44975089896389675, "width_q1": 0.6421126913382627, "width_q2": 0.7481904838186326, "width_q3": 0.9146049282938814, "width_max": 1.5216163168643242}