{"data_name": "IstanbulStock", "n_neighbors": "auto", "level": 0.95, "random_state": 8935, "test_size": 0.2, "n": 536, "d": 8, "oob_score": 0.8741783721031524, "test_score": 0.866630580133159, "coverage": 0.9074074074074074, "width_mean": 1.2148798792757907, "width_sd": 0.2471768814426931, "width_min": 0.7075169196019019, "width_q1": 1.0239533999819508, "width_q2": 1.197641212740067, "width_q3": 1.3628539681248018, "width_max": 1.921747247907325}