{"data_name": "IstanbulStock", "n_neighbors": "auto", "level": 0.8, "random_state": 1679, "test_size": 0.2, "n": 536, "d": 8, "oob_score": 0.8790411288666127, "test_score": 0.8494646238425134, "coverage": 0.6944444444444444, "width_mean": 0.8055444305602398, "width_sd": 0.1810023574092495, "width_min": 0.4409021754869085, "width_q1": 0.6546223311281101, "width_q2": 0.7870148080012087, "width_q3": 0.9486557408332216, "width_max": 1.2880438951468027}