{"data_name": "IstanbulStock", "n_neighbors": 100, "level": 0.8, "random_state": 9674, "test_size": 0.2, "n": 536, "d": 8, "oob_score": 0.8774335659908999, "test_score": 0.8724020717859035, "coverage": 0.75, "width_mean": 0.7324686932448805, "width_sd": 0.036757601218100046, "width_min": 0.6480828626326419, "width_q1": 0.7126806250431912, "width_q2": 0.7303286405239334, "width_q3": 0.7503700767662425, "width_max": 0.8323208677785536}