{"data_name": "IstanbulStock", "n_neighbors": 50, "level": 0.95, "random_state": 8935, "test_size": 0.2, "n": 536, "d": 8, "oob_score": 0.8741783721031524, "test_score": 0.866630580133159, "coverage": 0.9259259259259259, "width_mean": 1.3125251749976354, "width_sd": 0.18631712518202384, "width_min": 0.9420905659088133, "width_q1": 1.1513180425870577, "width_q2": 1.2976625643956203, "width_q3": 1.4520543543344466, "width_max": 1.8889936337588793}