{"data_name": "IstanbulStock", "n_neighbors": 500, "level": 0.9, "random_state": 409, "test_size": 0.2, "n": 536, "d": 8, "oob_score": 0.8773034774908658, "test_score": 0.8497014634573776, "coverage": 0.8703703703703703, "width_mean": 1.1077653764110207, "width_sd": 1.1702778228589004e-16, "width_min": 1.1077653764110207, "width_q1": 1.1077653764110207, "width_q2": 1.1077653764110207, "width_q3": 1.1077653764110207, "width_max": 1.1077653764110211}