{"data_name": "IstanbulStock", "n_neighbors": 100, "level": 0.99, "random_state": 4012, "test_size": 0.2, "n": 536, "d": 8, "oob_score": 0.8766114884717481, "test_score": 0.8639888622561565, "coverage": 0.9814814814814815, "width_mean": 1.998927031913269, "width_sd": 0.1402501085419616, "width_min": 1.6907984483414706, "width_q1": 1.9683854770957776, "width_q2": 1.9683854770957778, "width_q3": 2.0086531619071173, "width_max": 2.4955159571024916}