{"data_name": "IstanbulStock", "n_neighbors": "auto", "level": 0.95, "random_state": 1424, "test_size": 0.2, "n": 536, "d": 8, "oob_score": 0.8742457496653637, "test_score": 0.8442310554668329, "coverage": 0.9074074074074074, "width_mean": 1.2138721745053662, "width_sd": 0.2884704193185602, "width_min": 0.7150675219690623, "width_q1": 0.9903923665602329, "width_q2": 1.1280086474435866, "width_q3": 1.3476216755103452, "width_max": 2.437465801220811}