{"data_name": "IstanbulStock", "n_neighbors": 20, "level": 0.99, "random_state": 4506, "test_size": 0.2, "n": 536, "d": 8, "oob_score": 0.849901809127122, "test_score": 0.9321681191994197, "coverage": 0.9444444444444444, "width_mean": 1.3954467586400139, "width_sd": 0.38208085566777283, "width_min": 0.5304315872556032, "width_q1": 1.1728918475216117, "width_q2": 1.3272040849194588, "width_q3": 1.549685759157815, "width_max": 2.50005709032344}