{"data_name": "IstanbulStock", "n_neighbors": 20, "level": 0.9, "random_state": 9674, "test_size": 0.2, "n": 536, "d": 8, "oob_score": 0.8774335659908999, "test_score": 0.8724020717859035, "coverage": 0.8333333333333334, "width_mean": 0.9322865766085364, "width_sd": 0.26665215810340587, "width_min": 0.44497058935102285, "width_q1": 0.7637317351788302, "width_q2": 0.8915504488688081, "width_q3": 1.023842564068807, "width_max": 2.0013661549241712}