{"data_name": "IstanbulStock", "n_neighbors": 500, "level": 0.9, "random_state": 4012, "test_size": 0.2, "n": 536, "d": 8, "oob_score": 0.8766114884717481, "test_score": 0.8639888622561565, "coverage": 0.8611111111111112, "width_mean": 1.0894994299384375, "width_sd": 1.3513204321084706e-16, "width_min": 1.0894994299384373, "width_q1": 1.0894994299384375, "width_q2": 1.0894994299384375, "width_q3": 1.0894994299384375, "width_max": 1.0894994299384377}