{"data_name": "IstanbulStock", "n_neighbors": 100, "level": 0.9, "random_state": 3657, "test_size": 0.2, "n": 536, "d": 8, "oob_score": 0.868928487086016, "test_score": 0.8592861453040175, "coverage": 0.8981481481481481, "width_mean": 1.0960983137585314, "width_sd": 0.0702985688911837, "width_min": 0.8515775422145524, "width_q1": 1.051319982644922, "width_q2": 1.0777023930710832, "width_q3": 1.1474380717524435, "width_max": 1.3181573583970858}