{"data_name": "IstanbulStock", "n_neighbors": 50, "level": 0.99, "random_state": 1679, "test_size": 0.2, "n": 536, "d": 8, "oob_score": 0.8790411288666127, "test_score": 0.8494646238425134, "coverage": 0.9351851851851852, "width_mean": 1.5648233567124237, "width_sd": 0.27982696173706345, "width_min": 0.9820180185407443, "width_q1": 1.3801536587967087, "width_q2": 1.552925645854268, "width_q3": 1.6961113851326788, "width_max": 2.3502441383694466}