{"data_name": "IstanbulStock", "n_neighbors": 10, "level": 0.95, "random_state": 1424, "test_size": 0.2, "n": 536, "d": 8, "oob_score": 0.8742457496653637, "test_score": 0.8442310554668329, "coverage": 0.7870370370370371, "width_mean": 0.9798012200350156, "width_sd": 0.339535009741737, "width_min": 0.5017173229675177, "width_q1": 0.7558710992599531, "width_q2": 0.9069764506304413, "width_q3": 1.1786167766120044, "width_max": 2.6785436713550785}