{"data_name": "IstanbulStock", "n_neighbors": "all", "level": 0.95, "random_state": 2286, "test_size": 0.2, "n": 536, "d": 8, "oob_score": 0.8668646788311605, "test_score": 0.8905369482201488, "coverage": 0.9629629629629629, "width_mean": 1.4567073413855747, "width_sd": 4.537499797563231e-16, "width_min": 1.456707341385575, "width_q1": 1.4567073413855751, "width_q2": 1.4567073413855751, "width_q3": 1.4567073413855751, "width_max": 1.4567073413855756}