{"data_name": "IstanbulStock", "n_neighbors": 500, "level": 0.8, "random_state": 3657, "test_size": 0.2, "n": 536, "d": 8, "oob_score": 0.868928487086016, "test_score": 0.8592861453040175, "coverage": 0.7870370370370371, "width_mean": 0.861974243019429, "width_sd": 6.671610070811202e-17, "width_min": 0.861974243019429, "width_q1": 0.861974243019429, "width_q2": 0.861974243019429, "width_q3": 0.861974243019429, "width_max": 0.8619742430194293}