{"data_name": "IstanbulStock", "n_neighbors": "auto", "level": 0.99, "random_state": 1824, "test_size": 0.2, "n": 536, "d": 8, "oob_score": 0.8647306770466805, "test_score": 0.8930792240867153, "coverage": 0.9259259259259259, "width_mean": 1.403576898015018, "width_sd": 0.3497165167123558, "width_min": 0.8450633216805019, "width_q1": 1.1934584047582573, "width_q2": 1.3341254490866805, "width_q3": 1.48184386026246, "width_max": 2.684407945150338}