{"data_name": "IstanbulStock", "n_neighbors": 500, "level": 0.9, "random_state": 4506, "test_size": 0.2, "n": 536, "d": 8, "oob_score": 0.849901809127122, "test_score": 0.9321681191994197, "coverage": 0.9722222222222222, "width_mean": 1.2291114843923534, "width_sd": 2.7858184378192613e-16, "width_min": 1.2291114843923534, "width_q1": 1.2291114843923536, "width_q2": 1.2291114843923536, "width_q3": 1.2291114843923536, "width_max": 1.2291114843923538}