{"data_name": "IstanbulStock", "n_neighbors": 5, "level": 0.95, "random_state": 1824, "test_size": 0.2, "n": 536, "d": 8, "oob_score": 0.8647306770466805, "test_score": 0.8930792240867153, "coverage": 0.6481481481481481, "width_mean": 0.7769452877867993, "width_sd": 0.3909523068410674, "width_min": 0.17968858367256652, "width_q1": 0.5119921944236187, "width_q2": 0.7480566482301448, "width_q3": 0.9192834263370186, "width_max": 2.558429611654273}