{"data_name": "IstanbulStock", "n_neighbors": 5, "level": 0.9, "random_state": 409, "test_size": 0.2, "n": 536, "d": 8, "oob_score": 0.8773034774908658, "test_score": 0.8497014634573776, "coverage": 0.6018518518518519, "width_mean": 0.7376727455300403, "width_sd": 0.3821122004423909, "width_min": 0.1635408629176916, "width_q1": 0.44432439413884683, "width_q2": 0.6094552569044627, "width_q3": 1.045410676908817, "width_max": 1.8919421986499934}