{"data_name": "IstanbulStock", "n_neighbors": 10, "level": 0.95, "random_state": 2286, "test_size": 0.2, "n": 536, "d": 8, "oob_score": 0.8668646788311605, "test_score": 0.8905369482201488, "coverage": 0.7962962962962963, "width_mean": 1.0211714544732702, "width_sd": 0.32859339444823316, "width_min": 0.30188956990991367, "width_q1": 0.764334991416218, "width_q2": 0.9625947733382156, "width_q3": 1.192041039438734, "width_max": 2.0268151762903237}