{"data_name": "IstanbulStock", "n_neighbors": 100, "level": 0.9, "random_state": 9674, "test_size": 0.2, "n": 536, "d": 8, "oob_score": 0.8774335659908999, "test_score": 0.8724020717859035, "coverage": 0.8888888888888888, "width_mean": 1.0028427680923542, "width_sd": 0.11172129049373448, "width_min": 0.7841027489112785, "width_q1": 0.9242016242362607, "width_q2": 0.9876420563068409, "width_q3": 1.0768584582384715, "width_max": 1.2870960059202217}