{"data_name": "Naval Propulsion Plants", "n_neighbors": 200, "level": 0.95, "random_state": 3657, "test_size": 0.2, "n": 11934, "d": 16, "oob_score": 0.9954921138588113, "test_score": 0.9961089720931325, "coverage": 0.9761206535400084, "width_mean": 0.19959485637389196, "width_sd": 0.06396995117172863, "width_min": 0.14393160807742322, "width_q1": 0.17424821634646948, "width_q2": 0.17632083020302303, "width_q3": 0.18750359860288635, "width_max": 0.7755671627148912}