{"data_name": "Naval Propulsion Plants", "n_neighbors": 1000, "level": 0.99, "random_state": 1424, "test_size": 0.2, "n": 11934, "d": 16, "oob_score": 0.9952499805037233, "test_score": 0.9959731624886963, "coverage": 0.9912023460410557, "width_mean": 0.5722906029258777, "width_sd": 0.02019762321771121, "width_min": 0.5565731394337674, "width_q1": 0.5661959115771578, "width_q2": 0.5661959115771578, "width_q3": 0.566195911577158, "width_max": 0.8239706268018705}