{"data_name": "Naval Propulsion Plants", "n_neighbors": 1000, "level": 0.95, "random_state": 2286, "test_size": 0.2, "n": 11934, "d": 16, "oob_score": 0.9955870123430656, "test_score": 0.9965198481742943, "coverage": 0.961038961038961, "width_mean": 0.2365288284941303, "width_sd": 0.008565391571743144, "width_min": 0.22719687275585831, "width_q1": 0.23199332602796968, "width_q2": 0.23199332602796974, "width_q3": 0.237023635710574, "width_max": 0.2966698861255417}