{"data_name": "Naval Propulsion Plants", "n_neighbors": 500, "level": 0.95, "random_state": 3657, "test_size": 0.2, "n": 11934, "d": 16, "oob_score": 0.9954921138588113, "test_score": 0.9961089720931325, "coverage": 0.9715123586091328, "width_mean": 0.23290528188482967, "width_sd": 0.02995229507055313, "width_min": 0.19163074010311565, "width_q1": 0.21351835865913849, "width_q2": 0.2275689651002839, "width_q3": 0.23499996196646794, "width_max": 0.38726730414364263}