{"data_name": "Naval Propulsion Plants", "n_neighbors": 10000, "level": 0.9, "random_state": 3657, "test_size": 0.2, "n": 11934, "d": 16, "oob_score": 0.9954921138588113, "test_score": 0.9961089720931325, "coverage": 0.9040636782572267, "width_mean": 0.128984426014284, "width_sd": 5.071695717985211e-17, "width_min": 0.12898442601428395, "width_q1": 0.12898442601428395, "width_q2": 0.128984426014284, "width_q3": 0.12898442601428406, "width_max": 0.12898442601428406}