{"data_name": "Naval Propulsion Plants", "n_neighbors": 100, "level": 0.8, "random_state": 1424, "test_size": 0.2, "n": 11934, "d": 16, "oob_score": 0.9952499805037233, "test_score": 0.9959731624886963, "coverage": 0.8475073313782991, "width_mean": 0.09171711746734613, "width_sd": 0.03573251646125533, "width_min": 0.057489963553642554, "width_q1": 0.07408862717293441, "width_q2": 0.07980461922064808, "width_q3": 0.08855028119532712, "width_max": 0.34882065131062145}