{"data_name": "Naval Propulsion Plants", "n_neighbors": 1000, "level": 0.9, "random_state": 4506, "test_size": 0.2, "n": 11934, "d": 16, "oob_score": 0.995906450565537, "test_score": 0.9949755356897787, "coverage": 0.8973607038123167, "width_mean": 0.12596419977006335, "width_sd": 0.004656455968951337, "width_min": 0.12255849554270482, "width_q1": 0.12375355848757369, "width_q2": 0.12406612612549917, "width_q3": 0.1254392556331474, "width_max": 0.15002398968623676}