{"data_name": "Naval Propulsion Plants", "n_neighbors": 10000, "level": 0.99, "random_state": 2286, "test_size": 0.2, "n": 11934, "d": 16, "oob_score": 0.9955870123430656, "test_score": 0.9965198481742943, "coverage": 0.99329702555509, "width_mean": 0.5867255659837153, "width_sd": 1.9695264152557822e-16, "width_min": 0.586725565983715, "width_q1": 0.5867255659837151, "width_q2": 0.5867255659837152, "width_q3": 0.5867255659837152, "width_max": 0.5867255659837152}