{"data_name": "Naval Propulsion Plants", "n_neighbors": 20, "level": 0.95, "random_state": 4506, "test_size": 0.2, "n": 11934, "d": 16, "oob_score": 0.995906450565537, "test_score": 0.9949755356897787, "coverage": 0.9392542940930038, "width_mean": 0.14524672087244742, "width_sd": 0.1649865282585516, "width_min": 0.029429230325121125, "width_q1": 0.06947149308683964, "width_q2": 0.08726801655717897, "width_q3": 0.12179726158188892, "width_max": 1.481045057079355}