{"data_name": "Naval Propulsion Plants", "n_neighbors": 1000, "level": 0.95, "random_state": 8935, "test_size": 0.2, "n": 11934, "d": 16, "oob_score": 0.9957229261351038, "test_score": 0.9958644961895352, "coverage": 0.9564306661080855, "width_mean": 0.24919684129458033, "width_sd": 0.01122595678394398, "width_min": 0.23828176173985605, "width_q1": 0.24316946455874305, "width_q2": 0.24577552256181023, "width_q3": 0.24762054215025842, "width_max": 0.31933171981667874}