{"data_name": "Naval Propulsion Plants", "n_neighbors": 20, "level": 0.99, "random_state": 1824, "test_size": 0.2, "n": 11934, "d": 16, "oob_score": 0.9958604979962914, "test_score": 0.995188357548978, "coverage": 0.9585253456221198, "width_mean": 0.15779857880174594, "width_sd": 0.18145605224677064, "width_min": 0.02933326199356112, "width_q1": 0.07495160891340097, "width_q2": 0.0945131201647782, "width_q3": 0.12946689777437465, "width_max": 1.304514586474833}