{"data_name": "Naval Propulsion Plants", "n_neighbors": 50, "level": 0.8, "random_state": 1679, "test_size": 0.2, "n": 11934, "d": 16, "oob_score": 0.9951486733475422, "test_score": 0.9956867572685494, "coverage": 0.8382907415165479, "width_mean": 0.08940408427782268, "width_sd": 0.06698638572417015, "width_min": 0.035142542990845405, "width_q1": 0.059736763259725656, "width_q2": 0.07016478259159663, "width_q3": 0.08364504437910464, "width_max": 0.6466161683506366}