{"data_name": "Naval Propulsion Plants", "n_neighbors": "auto", "level": 0.99, "random_state": 1824, "test_size": 0.2, "n": 11934, "d": 16, "oob_score": 0.9958604979962914, "test_score": 0.995188357548978, "coverage": 0.967322999581064, "width_mean": 0.1717499461796007, "width_sd": 0.19455174663356994, "width_min": 0.03816104327397685, "width_q1": 0.08388842504863325, "width_q2": 0.10188695752513688, "width_q3": 0.13605433720287236, "width_max": 1.3048808585102527}