{"data_name": "Naval Propulsion Plants", "n_neighbors": 200, "level": 0.9, "random_state": 8935, "test_size": 0.2, "n": 11934, "d": 16, "oob_score": 0.9957229261351038, "test_score": 0.9958644961895352, "coverage": 0.9388353581901969, "width_mean": 0.14946534887467394, "width_sd": 0.04120518959383217, "width_min": 0.11935351089190138, "width_q1": 0.13236628148485385, "width_q2": 0.13385756614807764, "width_q3": 0.1379191178452744, "width_max": 0.3961521514018549}