{"data_name": "Naval Propulsion Plants", "n_neighbors": 5, "level": 0.99, "random_state": 409, "test_size": 0.2, "n": 11934, "d": 16, "oob_score": 0.9953033988352631, "test_score": 0.9959555384801096, "coverage": 0.7796397151235861, "width_mean": 0.0837786510104379, "width_sd": 0.10444519511377487, "width_min": 0.006144609497453546, "width_q1": 0.03885474559991767, "width_q2": 0.05549546986000853, "width_q3": 0.08118299001003132, "width_max": 1.258882998636029}