{"data_name": "Naval Propulsion Plants", "n_neighbors": 5, "level": 0.9, "random_state": 8935, "test_size": 0.2, "n": 11934, "d": 16, "oob_score": 0.9957229261351038, "test_score": 0.9958644961895352, "coverage": 0.7369082530372852, "width_mean": 0.07720541732642315, "width_sd": 0.09108896501959513, "width_min": 0.003874433736826499, "width_q1": 0.03458920564939741, "width_q2": 0.04967763301103237, "width_q3": 0.07398764100932698, "width_max": 0.9440197223552786}