{"data_name": "Naval Propulsion Plants", "n_neighbors": 200, "level": 0.95, "random_state": 8935, "test_size": 0.2, "n": 11934, "d": 16, "oob_score": 0.9957229261351038, "test_score": 0.9958644961895352, "coverage": 0.9824046920821115, "width_mean": 0.2846044724991452, "width_sd": 0.052168831069230585, "width_min": 0.180210050251998, "width_q1": 0.2596151506265686, "width_q2": 0.2750236887106785, "width_q3": 0.2750236887106787, "width_max": 0.6386405874166143}