{"data_name": "Naval Propulsion Plants", "n_neighbors": "auto", "level": 0.9, "random_state": 409, "test_size": 0.2, "n": 11934, "d": 16, "oob_score": 0.9953033988352631, "test_score": 0.9959555384801096, "coverage": 0.9090909090909091, "width_mean": 0.12058858443849683, "width_sd": 0.13042983606517322, "width_min": 0.03391818977371985, "width_q1": 0.06373821404938973, "width_q2": 0.0768966861819742, "width_q3": 0.10049183715695353, "width_max": 1.0016114708604906}