{"data_name": "Naval Propulsion Plants", "n_neighbors": "auto", "level": 0.8, "random_state": 409, "test_size": 0.2, "n": 11934, "d": 16, "oob_score": 0.9953033988352631, "test_score": 0.9959555384801096, "coverage": 0.8148303309593632, "width_mean": 0.09174746436266995, "width_sd": 0.0944427868575019, "width_min": 0.025308661513518405, "width_q1": 0.0496487018247109, "width_q2": 0.060509584446438114, "width_q3": 0.08101857570060494, "width_max": 0.7386704401999736}