{"data_name": "Naval Propulsion Plants", "n_neighbors": 5, "level": 0.95, "random_state": 1679, "test_size": 0.2, "n": 11934, "d": 16, "oob_score": 0.9951486733475422, "test_score": 0.9956867572685494, "coverage": 0.7880184331797235, "width_mean": 0.08369047999998078, "width_sd": 0.11246245659415618, "width_min": 0.0055802744276989835, "width_q1": 0.037478799338751756, "width_q2": 0.05307284891128483, "width_q3": 0.07710833884737184, "width_max": 1.1778182564595372}