{"data_name": "Naval Propulsion Plants", "n_neighbors": 5, "level": 0.8, "random_state": 8935, "test_size": 0.2, "n": 11934, "d": 16, "oob_score": 0.9957229261351038, "test_score": 0.9958644961895352, "coverage": 0.6816087138667783, "width_mean": 0.06709039047975615, "width_sd": 0.07916480819071456, "width_min": 0.0034356118773645195, "width_q1": 0.03005609702975731, "width_q2": 0.042833278273443576, "width_q3": 0.06396698797914513, "width_max": 0.7919187944941968}