{"data_name": "Naval Propulsion Plants", "n_neighbors": 10000, "level": 0.8, "random_state": 4506, "test_size": 0.2, "n": 11934, "d": 16, "oob_score": 0.995906450565537, "test_score": 0.9949755356897787, "coverage": 0.8035190615835777, "width_mean": 0.08546271403620898, "width_sd": 3.1809739843533677e-17, "width_min": 0.08546271403620886, "width_q1": 0.08546271403620898, "width_q2": 0.08546271403620898, "width_q3": 0.085462714036209, "width_max": 0.08546271403620909}