{"data_name": "Naval Propulsion Plants", "n_neighbors": "auto", "level": 0.95, "random_state": 1824, "test_size": 0.2, "n": 11934, "d": 16, "oob_score": 0.9958604979962914, "test_score": 0.995188357548978, "coverage": 0.941767909509845, "width_mean": 0.1459859050975598, "width_sd": 0.16227227925321144, "width_min": 0.03319166652368877, "width_q1": 0.07290414739674944, "width_q2": 0.08853520775466484, "width_q3": 0.11855912412436509, "width_max": 1.193470324927127}