{"data_name": "Naval Propulsion Plants", "n_neighbors": 5, "level": 0.95, "random_state": 2286, "test_size": 0.2, "n": 11934, "d": 16, "oob_score": 0.9955870123430656, "test_score": 0.9965198481742943, "coverage": 0.7662337662337663, "width_mean": 0.07851923449232362, "width_sd": 0.08882539649559991, "width_min": 0.0036977395763877485, "width_q1": 0.037941488674463786, "width_q2": 0.053146195202297575, "width_q3": 0.07675594469545266, "width_max": 0.8801649948482304}