{"data_name": "Naval Propulsion Plants", "n_neighbors": 20, "level": 0.95, "random_state": 1824, "test_size": 0.2, "n": 11934, "d": 16, "oob_score": 0.9958604979962914, "test_score": 0.995188357548978, "coverage": 0.9392542940930038, "width_mean": 0.13994882846145726, "width_sd": 0.15779377156341237, "width_min": 0.027354048546929133, "width_q1": 0.06864897125828845, "width_q2": 0.08513751636573708, "width_q3": 0.11572018116833427, "width_max": 1.2063824483629064}