{"data_name": "Naval Propulsion Plants", "n_neighbors": 20, "level": 0.9, "random_state": 1679, "test_size": 0.2, "n": 11934, "d": 16, "oob_score": 0.9951486733475422, "test_score": 0.9956867572685494, "coverage": 0.9019689987431923, "width_mean": 0.11879376317893084, "width_sd": 0.13812277806599974, "width_min": 0.028157520122007895, "width_q1": 0.05890689213534678, "width_q2": 0.07370066344445414, "width_q3": 0.09898222329103046, "width_max": 1.1462787917046757}