{"data_name": "Naval Propulsion Plants", "n_neighbors": 10, "level": 0.99, "random_state": 1824, "test_size": 0.2, "n": 11934, "d": 16, "oob_score": 0.9958604979962914, "test_score": 0.995188357548978, "coverage": 0.9145370758273984, "width_mean": 0.12281515401900424, "width_sd": 0.14886062234446085, "width_min": 0.015834025786434724, "width_q1": 0.057332569679602485, "width_q2": 0.07653890311773681, "width_q3": 0.10561215250831268, "width_max": 1.3052536637544945}