{"data_name": "Naval Propulsion Plants", "n_neighbors": 200, "level": 0.95, "random_state": 4506, "test_size": 0.2, "n": 11934, "d": 16, "oob_score": 0.995906450565537, "test_score": 0.9949755356897787, "coverage": 0.9777963971512359, "width_mean": 0.3321066390784286, "width_sd": 0.0382064205175628, "width_min": 0.19430936644265073, "width_q1": 0.3236510164136329, "width_q2": 0.3236510164136329, "width_q3": 0.32365101641363303, "width_max": 0.5787768251137224}