{"data_name": "Naval Propulsion Plants", "n_neighbors": 10000, "level": 0.8, "random_state": 4012, "test_size": 0.2, "n": 11934, "d": 16, "oob_score": 0.9956296690613009, "test_score": 0.9960146037604426, "coverage": 0.8177628822790113, "width_mean": 0.08881410722048554, "width_sd": 2.302553696478078e-17, "width_min": 0.08881410722048544, "width_q1": 0.08881410722048555, "width_q2": 0.08881410722048555, "width_q3": 0.08881410722048555, "width_max": 0.08881410722048566}