{"data_name": "Naval Propulsion Plants", "n_neighbors": 50, "level": 0.95, "random_state": 4506, "test_size": 0.2, "n": 11934, "d": 16, "oob_score": 0.995906450565537, "test_score": 0.9949755356897787, "coverage": 0.9669040636782572, "width_mean": 0.19139048761897082, "width_sd": 0.13919711025237347, "width_min": 0.06712529456920832, "width_q1": 0.1260417872985519, "width_q2": 0.14225866482947547, "width_q3": 0.1649272663428637, "width_max": 1.0798054967086166}