{"data_name": "Naval Propulsion Plants", "n_neighbors": 500, "level": 0.8, "random_state": 1679, "test_size": 0.2, "n": 11934, "d": 16, "oob_score": 0.9951486733475422, "test_score": 0.9956867572685494, "coverage": 0.8290741516547968, "width_mean": 0.08726490725690005, "width_sd": 0.003408066504119999, "width_min": 0.08333368165819444, "width_q1": 0.08545116873548309, "width_q2": 0.08574036872856206, "width_q3": 0.08732536151652537, "width_max": 0.10885036240532242}