{"data_name": "Naval Propulsion Plants", "n_neighbors": 50, "level": 0.95, "random_state": 1824, "test_size": 0.2, "n": 11934, "d": 16, "oob_score": 0.9958604979962914, "test_score": 0.995188357548978, "coverage": 0.9669040636782572, "width_mean": 0.15902352355206767, "width_sd": 0.1411853828702441, "width_min": 0.05113674517522249, "width_q1": 0.09970625101585706, "width_q2": 0.10934648979610251, "width_q3": 0.13175418330022437, "width_max": 1.0761922232291412}