{"data_name": "Naval Propulsion Plants", "n_neighbors": 10, "level": 0.9, "random_state": 3657, "test_size": 0.2, "n": 11934, "d": 16, "oob_score": 0.9954921138588113, "test_score": 0.9961089720931325, "coverage": 0.8470883954754922, "width_mean": 0.09848045794729142, "width_sd": 0.11129164089765198, "width_min": 0.015752592507831897, "width_q1": 0.0483698051412107, "width_q2": 0.06375825257120282, "width_q3": 0.08635181919495327, "width_max": 1.6348612676622605}