{"data_name": "Naval Propulsion Plants", "n_neighbors": 5, "level": 0.9, "random_state": 4012, "test_size": 0.2, "n": 11934, "d": 16, "oob_score": 0.9956296690613009, "test_score": 0.9960146037604426, "coverage": 0.7381650607457059, "width_mean": 0.076804100690147, "width_sd": 0.09473861682921045, "width_min": 0.006827687551852812, "width_q1": 0.035380650237938405, "width_q2": 0.050888573753306576, "width_q3": 0.07197102402360897, "width_max": 1.4685202276067912}