{"data_name": "Naval Propulsion Plants", "n_neighbors": 200, "level": 0.8, "random_state": 1824, "test_size": 0.2, "n": 11934, "d": 16, "oob_score": 0.9958604979962914, "test_score": 0.995188357548978, "coverage": 0.7691663175534144, "width_mean": 0.07097352214638607, "width_sd": 0.011009427691379156, "width_min": 0.05708694972435685, "width_q1": 0.06487512672657014, "width_q2": 0.06709207977780973, "width_q3": 0.07228368927392151, "width_max": 0.14770925317486983}