{"data_name": "Naval Propulsion Plants", "n_neighbors": 20, "level": 0.8, "random_state": 2286, "test_size": 0.2, "n": 11934, "d": 16, "oob_score": 0.9955870123430656, "test_score": 0.9965198481742943, "coverage": 0.8236279849183075, "width_mean": 0.08946889675100898, "width_sd": 0.09329748452798241, "width_min": 0.0188697944104681, "width_q1": 0.04734239552149977, "width_q2": 0.05967626994196196, "width_q3": 0.0785946185785758, "width_max": 0.7893163341517804}