{"data_name": "Naval Propulsion Plants", "n_neighbors": 50, "level": 0.99, "random_state": 8935, "test_size": 0.2, "n": 11934, "d": 16, "oob_score": 0.9957229261351038, "test_score": 0.9958644961895352, "coverage": 0.9832425638877251, "width_mean": 0.33751554437615017, "width_sd": 0.15747500825197405, "width_min": 0.07514545436995915, "width_q1": 0.240149095780812, "width_q2": 0.33743532982077107, "width_q3": 0.34547785777466844, "width_max": 1.3880134867587803}