{"data_name": "Naval Propulsion Plants", "n_neighbors": 2000, "level": 0.9, "random_state": 1679, "test_size": 0.2, "n": 11934, "d": 16, "oob_score": 0.9951486733475422, "test_score": 0.9956867572685494, "coverage": 0.9090909090909091, "width_mean": 0.1313223587415887, "width_sd": 0.0021433998189317634, "width_min": 0.1298435535691258, "width_q1": 0.1301767298100974, "width_q2": 0.1303881535180733, "width_q3": 0.13077522679322318, "width_max": 0.14459809514560545}