{"data_name": "Naval Propulsion Plants", "n_neighbors": 100, "level": 0.99, "random_state": 3657, "test_size": 0.2, "n": 11934, "d": 16, "oob_score": 0.9954921138588113, "test_score": 0.9961089720931325, "coverage": 0.9949727691663176, "width_mean": 0.34424042361448254, "width_sd": 0.116303052621406, "width_min": 0.21889438488954507, "width_q1": 0.2895336718717161, "width_q2": 0.29053573037104363, "width_q3": 0.32635706183536783, "width_max": 1.5952970595469305}