{"data_name": "Naval Propulsion Plants", "n_neighbors": 5, "level": 0.95, "random_state": 9674, "test_size": 0.2, "n": 11934, "d": 16, "oob_score": 0.9952388605360517, "test_score": 0.9961005922277909, "coverage": 0.7687473816506074, "width_mean": 0.07939482400399141, "width_sd": 0.10123903370783884, "width_min": 0.005056899127010683, "width_q1": 0.03786896244149174, "width_q2": 0.05276794479960112, "width_q3": 0.07515763286020238, "width_max": 1.5135079098140318}