{"data_name": "Naval Propulsion Plants", "n_neighbors": 10000, "level": 0.95, "random_state": 8935, "test_size": 0.2, "n": 11934, "d": 16, "oob_score": 0.9957229261351038, "test_score": 0.9958644961895352, "coverage": 0.9434436531210725, "width_mean": 0.22306013854741844, "width_sd": 4.520583359862371e-17, "width_min": 0.22306013854741835, "width_q1": 0.22306013854741846, "width_q2": 0.22306013854741846, "width_q3": 0.22306013854741846, "width_max": 0.22306013854741857}