{"data_name": "Naval Propulsion Plants", "n_neighbors": 10, "level": 0.9, "random_state": 409, "test_size": 0.2, "n": 11934, "d": 16, "oob_score": 0.9953033988352631, "test_score": 0.9959555384801096, "coverage": 0.8692919983242564, "width_mean": 0.10146119054685604, "width_sd": 0.12122723601779324, "width_min": 0.018230953773228392, "width_q1": 0.050066926150978325, "width_q2": 0.0654686030254667, "width_q3": 0.08891004280990761, "width_max": 1.0747302485198087}