{"data_name": "Naval Propulsion Plants", "n_neighbors": 1000, "level": 0.8, "random_state": 409, "test_size": 0.2, "n": 11934, "d": 16, "oob_score": 0.9953033988352631, "test_score": 0.9959555384801096, "coverage": 0.8190196899874319, "width_mean": 0.08226710323479328, "width_sd": 0.0016383883590755713, "width_min": 0.07930775518484715, "width_q1": 0.08121969235819892, "width_q2": 0.08197873512169446, "width_q3": 0.08283711015846518, "width_max": 0.08941597060181494}