{"data_name": "Naval Propulsion Plants", "n_neighbors": 5000, "level": 0.95, "random_state": 8935, "test_size": 0.2, "n": 11934, "d": 16, "oob_score": 0.9957229261351038, "test_score": 0.9958644961895352, "coverage": 0.9430247172182656, "width_mean": 0.21819521100215536, "width_sd": 0.0015013170933121872, "width_min": 0.21659877531553706, "width_q1": 0.21767445565788623, "width_q2": 0.21767445565788632, "width_q3": 0.21767445565788635, "width_max": 0.22941935648336576}