{"data_name": "Naval Propulsion Plants", "n_neighbors": 1000, "level": 0.9, "random_state": 8935, "test_size": 0.2, "n": 11934, "d": 16, "oob_score": 0.9957229261351038, "test_score": 0.9958644961895352, "coverage": 0.9153749476330122, "width_mean": 0.14660252942052698, "width_sd": 0.0050837099344169315, "width_min": 0.13745333098775525, "width_q1": 0.14338092195202667, "width_q2": 0.14468681108513637, "width_q3": 0.14859644958689913, "width_max": 0.1766272079424417}