{"data_name": "Naval Propulsion Plants", "n_neighbors": 10, "level": 0.8, "random_state": 4506, "test_size": 0.2, "n": 11934, "d": 16, "oob_score": 0.995906450565537, "test_score": 0.9949755356897787, "coverage": 0.7863426895684961, "width_mean": 0.08284929080535523, "width_sd": 0.09613071593826564, "width_min": 0.011948393620230036, "width_q1": 0.04089590076068228, "width_q2": 0.054122987756588053, "width_q3": 0.07385754786740893, "width_max": 1.2248309790964063}