{"data_name": "Naval Propulsion Plants", "n_neighbors": 50, "level": 0.8, "random_state": 4012, "test_size": 0.2, "n": 11934, "d": 16, "oob_score": 0.9956296690613009, "test_score": 0.9960146037604426, "coverage": 0.8186007540846251, "width_mean": 0.08745376126600314, "width_sd": 0.054560199300669604, "width_min": 0.03438716982571299, "width_q1": 0.06163628092114205, "width_q2": 0.07307125357058508, "width_q3": 0.0852186344805882, "width_max": 0.5278536137493336}