{"data_name": "Naval Propulsion Plants", "n_neighbors": 10, "level": 0.9, "random_state": 8935, "test_size": 0.2, "n": 11934, "d": 16, "oob_score": 0.9957229261351038, "test_score": 0.9958644961895352, "coverage": 0.8638458315877671, "width_mean": 0.10459832000846629, "width_sd": 0.12313635058310402, "width_min": 0.015634883365772678, "width_q1": 0.04830962552428981, "width_q2": 0.06621424580085333, "width_q3": 0.09158288023945227, "width_max": 1.2712233625053404}