{"data_name": "Naval Propulsion Plants", "n_neighbors": 20, "level": 0.9, "random_state": 409, "test_size": 0.2, "n": 11934, "d": 16, "oob_score": 0.9953033988352631, "test_score": 0.9959555384801096, "coverage": 0.899874319229158, "width_mean": 0.11557430437219288, "width_sd": 0.1283543428366125, "width_min": 0.025090692179908475, "width_q1": 0.059212773468001134, "width_q2": 0.07398716029246644, "width_q3": 0.09778812700157874, "width_max": 1.0016114708604906}