{"data_name": "Naval Propulsion Plants", "n_neighbors": 5, "level": 0.8, "random_state": 2286, "test_size": 0.2, "n": 11934, "d": 16, "oob_score": 0.9955870123430656, "test_score": 0.9965198481742943, "coverage": 0.6920821114369502, "width_mean": 0.0639753933002714, "width_sd": 0.07179820705167342, "width_min": 0.0034980709261769327, "width_q1": 0.03082124891101909, "width_q2": 0.0432048520083943, "width_q3": 0.06307460890695371, "width_max": 0.724084604316457}