{"data_name": "Naval Propulsion Plants", "n_neighbors": 50, "level": 0.8, "random_state": 409, "test_size": 0.2, "n": 11934, "d": 16, "oob_score": 0.9953033988352631, "test_score": 0.9959555384801096, "coverage": 0.8630079597821533, "width_mean": 0.09596605985005281, "width_sd": 0.0633052786216071, "width_min": 0.032906874649213935, "width_q1": 0.06523477942466926, "width_q2": 0.07751594532945122, "width_q3": 0.09453863205693103, "width_max": 0.523512243435341}