{"data_name": "Naval Propulsion Plants", "n_neighbors": 50, "level": 0.99, "random_state": 409, "test_size": 0.2, "n": 11934, "d": 16, "oob_score": 0.9953033988352631, "test_score": 0.9959555384801096, "coverage": 0.9907834101382489, "width_mean": 0.26893768087923786, "width_sd": 0.19180135489335248, "width_min": 0.06054403556669513, "width_q1": 0.12434081738423564, "width_q2": 0.21853366120643924, "width_q3": 0.3277558264197158, "width_max": 1.7560525728951932}