{"data_name": "Naval Propulsion Plants", "n_neighbors": 2000, "level": 0.9, "random_state": 9674, "test_size": 0.2, "n": 11934, "d": 16, "oob_score": 0.9952388605360517, "test_score": 0.9961005922277909, "coverage": 0.9166317553414327, "width_mean": 0.13835239246718287, "width_sd": 0.002092598506936711, "width_min": 0.13416920689206147, "width_q1": 0.1375780267055038, "width_q2": 0.13757802670550393, "width_q3": 0.13781137066175164, "width_max": 0.1524149337957883}