{"data_name": "Naval Propulsion Plants", "n_neighbors": 20, "level": 0.9, "random_state": 2286, "test_size": 0.2, "n": 11934, "d": 16, "oob_score": 0.9955870123430656, "test_score": 0.9965198481742943, "coverage": 0.893171344784248, "width_mean": 0.11425348881480513, "width_sd": 0.124588135539974, "width_min": 0.024542159310982053, "width_q1": 0.05891044646180332, "width_q2": 0.0742176498883933, "width_q3": 0.09745471220094895, "width_max": 0.9898638319845088}