{"data_name": "Naval Propulsion Plants", "n_neighbors": 5000, "level": 0.8, "random_state": 8935, "test_size": 0.2, "n": 11934, "d": 16, "oob_score": 0.9957229261351038, "test_score": 0.9958644961895352, "coverage": 0.796397151235861, "width_mean": 0.08401313913999937, "width_sd": 0.00022734379403696402, "width_min": 0.0836305950132716, "width_q1": 0.08383994293156305, "width_q2": 0.08389364685128242, "width_q3": 0.08417569066831931, "width_max": 0.08505687859402633}