{"data_name": "Naval Propulsion Plants", "n_neighbors": 10000, "level": 0.99, "random_state": 1824, "test_size": 0.2, "n": 11934, "d": 16, "oob_score": 0.9958604979962914, "test_score": 0.995188357548978, "coverage": 0.9886887306242145, "width_mean": 0.5876375166572371, "width_sd": 1.3724970988863748e-16, "width_min": 0.5876375166572367, "width_q1": 0.587637516657237, "width_q2": 0.587637516657237, "width_q3": 0.587637516657237, "width_max": 0.587637516657237}