{"data_name": "Naval Propulsion Plants", "n_neighbors": 5000, "level": 0.9, "random_state": 1424, "test_size": 0.2, "n": 11934, "d": 16, "oob_score": 0.9952499805037233, "test_score": 0.9959731624886963, "coverage": 0.8981985756179305, "width_mean": 0.12923817036104318, "width_sd": 0.0004598385830376663, "width_min": 0.1286532104631306, "width_q1": 0.12901708651252297, "width_q2": 0.12904741409093434, "width_q3": 0.12905026845125578, "width_max": 0.13249360085932893}