{"data_name": "Naval Propulsion Plants", "n_neighbors": 1000, "level": 0.8, "random_state": 8935, "test_size": 0.2, "n": 11934, "d": 16, "oob_score": 0.9957229261351038, "test_score": 0.9958644961895352, "coverage": 0.8240469208211144, "width_mean": 0.09043602939131802, "width_sd": 0.0019133155705345639, "width_min": 0.08639568259766894, "width_q1": 0.08893233209225482, "width_q2": 0.09015132156196892, "width_q3": 0.09136318502637525, "width_max": 0.09805068958862617}