{"data_name": "Naval Propulsion Plants", "n_neighbors": 5000, "level": 0.9, "random_state": 9674, "test_size": 0.2, "n": 11934, "d": 16, "oob_score": 0.9952388605360517, "test_score": 0.9961005922277909, "coverage": 0.9107666527021365, "width_mean": 0.1328565621399944, "width_sd": 0.0008390500313831177, "width_min": 0.1324863019954854, "width_q1": 0.1324863019954856, "width_q2": 0.13248630199548572, "width_q3": 0.13282447672906916, "width_max": 0.1377035992734111}