{"data_name": "Naval Propulsion Plants", "n_neighbors": 200, "level": 0.9, "random_state": 4506, "test_size": 0.2, "n": 11934, "d": 16, "oob_score": 0.995906450565537, "test_score": 0.9949755356897787, "coverage": 0.948051948051948, "width_mean": 0.16048742682848785, "width_sd": 0.03832070375890213, "width_min": 0.1157005175471928, "width_q1": 0.14575901315294099, "width_q2": 0.14637102914971145, "width_q3": 0.14964386245713543, "width_max": 0.3802830604360382}