{"data_name": "Naval Propulsion Plants", "n_neighbors": 500, "level": 0.8, "random_state": 4506, "test_size": 0.2, "n": 11934, "d": 16, "oob_score": 0.995906450565537, "test_score": 0.9949755356897787, "coverage": 0.8169250104733976, "width_mean": 0.08870433695271834, "width_sd": 0.003240493588059371, "width_min": 0.08452969192280554, "width_q1": 0.08715191692802643, "width_q2": 0.08748570494138375, "width_q3": 0.08878782422345285, "width_max": 0.10822640249223325}