{"data_name": "Naval Propulsion Plants", "n_neighbors": 5000, "level": 0.95, "random_state": 1679, "test_size": 0.2, "n": 11934, "d": 16, "oob_score": 0.9951486733475422, "test_score": 0.9956867572685494, "coverage": 0.9530791788856305, "width_mean": 0.23199939915904152, "width_sd": 0.0016494083752559656, "width_min": 0.22646807250921608, "width_q1": 0.23216239936854555, "width_q2": 0.23216239936854563, "width_q3": 0.23216239936854566, "width_max": 0.24223596494358035}