{"data_name": "Naval Propulsion Plants", "n_neighbors": "all", "level": 0.8, "random_state": 3657, "test_size": 0.2, "n": 11934, "d": 16, "oob_score": 0.9954921138588113, "test_score": 0.9961089720931325, "coverage": 0.8081273565144533, "width_mean": 0.08441701604708056, "width_sd": 4.242144048082376e-17, "width_min": 0.08441701604708052, "width_q1": 0.08441701604708052, "width_q2": 0.08441701604708052, "width_q3": 0.08441701604708057, "width_max": 0.08441701604708074}