{"data_name": "Naval Propulsion Plants", "n_neighbors": 500, "level": 0.8, "random_state": 8935, "test_size": 0.2, "n": 11934, "d": 16, "oob_score": 0.9957229261351038, "test_score": 0.9958644961895352, "coverage": 0.8194386258902387, "width_mean": 0.08863975027413212, "width_sd": 0.004186288382590102, "width_min": 0.07961595467258176, "width_q1": 0.08631288603163023, "width_q2": 0.08786565804629509, "width_q3": 0.08922000306132286, "width_max": 0.11309475105149523}