{"data_name": "Naval Propulsion Plants", "n_neighbors": 2000, "level": 0.95, "random_state": 3657, "test_size": 0.2, "n": 11934, "d": 16, "oob_score": 0.9954921138588113, "test_score": 0.9961089720931325, "coverage": 0.9585253456221198, "width_mean": 0.22404121879130834, "width_sd": 0.005712949850514647, "width_min": 0.21868048184747346, "width_q1": 0.22094827112256588, "width_q2": 0.22319857744069194, "width_q3": 0.22319857744069205, "width_max": 0.26366816102734536}