{"data_name": "Naval Propulsion Plants", "n_neighbors": 20, "level": 0.99, "random_state": 3657, "test_size": 0.2, "n": 11934, "d": 16, "oob_score": 0.9954921138588113, "test_score": 0.9961089720931325, "coverage": 0.9526602429828236, "width_mean": 0.1520133187705623, "width_sd": 0.17956847832285017, "width_min": 0.029099479972291425, "width_q1": 0.0727108582714916, "width_q2": 0.09199119930659472, "width_q3": 0.12173877303423547, "width_max": 1.946978909460957}