{"data_name": "Naval Propulsion Plants", "n_neighbors": 200, "level": 0.95, "random_state": 1424, "test_size": 0.2, "n": 11934, "d": 16, "oob_score": 0.9952499805037233, "test_score": 0.9959731624886963, "coverage": 0.9815668202764977, "width_mean": 0.3286678102132152, "width_sd": 0.046705197049421276, "width_min": 0.21855408824411726, "width_q1": 0.32628766433700984, "width_q2": 0.32628766433701006, "width_q3": 0.32628766433701006, "width_max": 0.6774935196121259}