{"data_name": "Naval Propulsion Plants", "n_neighbors": 50, "level": 0.9, "random_state": 9674, "test_size": 0.2, "n": 11934, "d": 16, "oob_score": 0.9952388605360517, "test_score": 0.9961005922277909, "coverage": 0.9233347297863427, "width_mean": 0.11733149529848368, "width_sd": 0.09452952493706673, "width_min": 0.04152615338435062, "width_q1": 0.07563333027032892, "width_q2": 0.08633390627885773, "width_q3": 0.10608507654877508, "width_max": 0.754327275777408}