{"data_name": "Naval Propulsion Plants", "n_neighbors": 500, "level": 0.95, "random_state": 2286, "test_size": 0.2, "n": 11934, "d": 16, "oob_score": 0.9955870123430656, "test_score": 0.9965198481742943, "coverage": 0.967741935483871, "width_mean": 0.2504622904539241, "width_sd": 0.017879126474722406, "width_min": 0.23189496302522583, "width_q1": 0.2439147799410725, "width_q2": 0.24439177245296886, "width_q3": 0.2475994519399144, "width_max": 0.40353770346987816}