{"data_name": "Naval Propulsion Plants", "n_neighbors": 5000, "level": 0.99, "random_state": 3657, "test_size": 0.2, "n": 11934, "d": 16, "oob_score": 0.9954921138588113, "test_score": 0.9961089720931325, "coverage": 0.9916212819438626, "width_mean": 0.5755266387016654, "width_sd": 0.006570679028069159, "width_min": 0.568290057178297, "width_q1": 0.5691776754116786, "width_q2": 0.5733693511158471, "width_q3": 0.5815823479612668, "width_max": 0.6033900860675447}