{"data_name": "Naval Propulsion Plants", "n_neighbors": 100, "level": 0.99, "random_state": 1824, "test_size": 0.2, "n": 11934, "d": 16, "oob_score": 0.9958604979962914, "test_score": 0.995188357548978, "coverage": 0.9891076665270213, "width_mean": 0.39649461169165395, "width_sd": 0.13042468740143637, "width_min": 0.12545845930509694, "width_q1": 0.33735912983593574, "width_q2": 0.34884676724071895, "width_q3": 0.38103350565768584, "width_max": 1.2751381628776572}