{"data_name": "Naval Propulsion Plants", "n_neighbors": 50, "level": 0.8, "random_state": 1424, "test_size": 0.2, "n": 11934, "d": 16, "oob_score": 0.9952499805037233, "test_score": 0.9959731624886963, "coverage": 0.8521156263091747, "width_mean": 0.09638306357831182, "width_sd": 0.06847999412507122, "width_min": 0.03175086626241419, "width_q1": 0.06407254042956545, "width_q2": 0.07352681087779767, "width_q3": 0.08859824787404738, "width_max": 0.5400116326194306}