{"data_name": "Naval Propulsion Plants", "n_neighbors": 500, "level": 0.8, "random_state": 1424, "test_size": 0.2, "n": 11934, "d": 16, "oob_score": 0.9952499805037233, "test_score": 0.9959731624886963, "coverage": 0.8399664851277755, "width_mean": 0.09313020064174826, "width_sd": 0.004360154502701748, "width_min": 0.08746608617378193, "width_q1": 0.09021700086418322, "width_q2": 0.09181491160020328, "width_q3": 0.09390544185299504, "width_max": 0.12850254982788067}