{"data_name": "Naval Propulsion Plants", "n_neighbors": 200, "level": 0.8, "random_state": 8935, "test_size": 0.2, "n": 11934, "d": 16, "oob_score": 0.9957229261351038, "test_score": 0.9958644961895352, "coverage": 0.844574780058651, "width_mean": 0.09349161623144776, "width_sd": 0.014211364562493865, "width_min": 0.07930731986869599, "width_q1": 0.08590718300747988, "width_q2": 0.08836775827812171, "width_q3": 0.09509492166925297, "width_max": 0.20346852240009006}