{"data_name": "Naval Propulsion Plants", "n_neighbors": 500, "level": 0.9, "random_state": 4506, "test_size": 0.2, "n": 11934, "d": 16, "oob_score": 0.995906450565537, "test_score": 0.9949755356897787, "coverage": 0.9082530372852954, "width_mean": 0.1338140143599725, "width_sd": 0.0107068779797329, "width_min": 0.12679439147303867, "width_q1": 0.12984500726399023, "width_q2": 0.13006331615192912, "width_q3": 0.13078516535544926, "width_max": 0.2247036883889939}