{"data_name": "Naval Propulsion Plants", "n_neighbors": "auto", "level": 0.8, "random_state": 4506, "test_size": 0.2, "n": 11934, "d": 16, "oob_score": 0.995906450565537, "test_score": 0.9949755356897787, "coverage": 0.8244658567239213, "width_mean": 0.09658365111192191, "width_sd": 0.0985075652423099, "width_min": 0.023252293293715365, "width_q1": 0.051803135504636444, "width_q2": 0.06327545959755754, "width_q3": 0.08322794219238613, "width_max": 0.8530379038280475}