{"data_name": "Naval Propulsion Plants", "n_neighbors": 100, "level": 0.95, "random_state": 3657, "test_size": 0.2, "n": 11934, "d": 16, "oob_score": 0.9954921138588113, "test_score": 0.9961089720931325, "coverage": 0.9706744868035191, "width_mean": 0.16157506375369207, "width_sd": 0.08518544152106232, "width_min": 0.10383915009790212, "width_q1": 0.1257539706594421, "width_q2": 0.13331988453346533, "width_q3": 0.14546606204589418, "width_max": 0.80858752043828}