{"data_name": "Naval Propulsion Plants", "n_neighbors": 1000, "level": 0.9, "random_state": 409, "test_size": 0.2, "n": 11934, "d": 16, "oob_score": 0.9953033988352631, "test_score": 0.9959555384801096, "coverage": 0.9082530372852954, "width_mean": 0.12216100334089361, "width_sd": 0.004296595610307451, "width_min": 0.11793535918739506, "width_q1": 0.11889647085376243, "width_q2": 0.12087307754189569, "width_q3": 0.12374762994918864, "width_max": 0.14915440712669992}