{"data_name": "Naval Propulsion Plants", "n_neighbors": 100, "level": 0.99, "random_state": 1679, "test_size": 0.2, "n": 11934, "d": 16, "oob_score": 0.9951486733475422, "test_score": 0.9956867572685494, "coverage": 0.9958106409719313, "width_mean": 0.26854921442851737, "width_sd": 0.15247307857810322, "width_min": 0.1317772275793272, "width_q1": 0.20706525119109476, "width_q2": 0.20986751943630932, "width_q3": 0.24896223097558545, "width_max": 1.4067002830462516}