{"data_name": "Naval Propulsion Plants", "n_neighbors": 5, "level": 0.9, "random_state": 409, "test_size": 0.2, "n": 11934, "d": 16, "oob_score": 0.9953033988352631, "test_score": 0.9959555384801096, "coverage": 0.7482195224130708, "width_mean": 0.07507219326340639, "width_sd": 0.0934905056023282, "width_min": 0.005705561114798474, "width_q1": 0.03515579112964845, "width_q2": 0.05008594626087848, "width_q3": 0.07268520554790697, "width_max": 1.1342690435271223}