{"data_name": "Naval Propulsion Plants", "n_neighbors": 5, "level": 0.8, "random_state": 1424, "test_size": 0.2, "n": 11934, "d": 16, "oob_score": 0.9952499805037233, "test_score": 0.9959731624886963, "coverage": 0.669878508588186, "width_mean": 0.06851179922400429, "width_sd": 0.08164128177060481, "width_min": 0.0038101866185451527, "width_q1": 0.03196913071185514, "width_q2": 0.044289292690984666, "width_q3": 0.06574098417780044, "width_max": 1.3351799225781982}