{"data_name": "Naval Propulsion Plants", "n_neighbors": 1000, "level": 0.9, "random_state": 1679, "test_size": 0.2, "n": 11934, "d": 16, "oob_score": 0.9951486733475422, "test_score": 0.9956867572685494, "coverage": 0.9053204859656473, "width_mean": 0.1263873699826717, "width_sd": 0.0035610948078519766, "width_min": 0.12142689883576563, "width_q1": 0.12460085590326209, "width_q2": 0.125499350840865, "width_q3": 0.12644691858874157, "width_max": 0.15505357138753362}