{"data_name": "Naval Propulsion Plants", "n_neighbors": 100, "level": 0.99, "random_state": 4012, "test_size": 0.2, "n": 11934, "d": 16, "oob_score": 0.9956296690613009, "test_score": 0.9960146037604426, "coverage": 0.9966485127775451, "width_mean": 0.3731671393260477, "width_sd": 0.13986696390603107, "width_min": 0.1759306867322788, "width_q1": 0.3551989819956378, "width_q2": 0.36715532650855065, "width_q3": 0.39883927061154917, "width_max": 1.4435455922780656}