{"data_name": "Naval Propulsion Plants", "n_neighbors": 100, "level": 0.9, "random_state": 8935, "test_size": 0.2, "n": 11934, "d": 16, "oob_score": 0.9957229261351038, "test_score": 0.9958644961895352, "coverage": 0.9245915374947633, "width_mean": 0.13085932776726852, "width_sd": 0.06101728874945131, "width_min": 0.08683658541686207, "width_q1": 0.10514451962955984, "width_q2": 0.11083027651741983, "width_q3": 0.12103808080106931, "width_max": 0.5294425905715714}