{"data_name": "Naval Propulsion Plants", "n_neighbors": 200, "level": 0.8, "random_state": 3657, "test_size": 0.2, "n": 11934, "d": 16, "oob_score": 0.9954921138588113, "test_score": 0.9961089720931325, "coverage": 0.8144113950565564, "width_mean": 0.0814184673839319, "width_sd": 0.012393383514428718, "width_min": 0.06761340613142156, "width_q1": 0.07450243577192817, "width_q2": 0.07776079068656305, "width_q3": 0.08205550438601078, "width_max": 0.2011474061283457}