{"data_name": "Naval Propulsion Plants", "n_neighbors": 500, "level": 0.8, "random_state": 3657, "test_size": 0.2, "n": 11934, "d": 16, "oob_score": 0.9954921138588113, "test_score": 0.9961089720931325, "coverage": 0.8253037285295349, "width_mean": 0.0876958952089529, "width_sd": 0.003571707665702332, "width_min": 0.08240577806646004, "width_q1": 0.08550360784805389, "width_q2": 0.08633231884062448, "width_q3": 0.08890083617503544, "width_max": 0.10747285053578001}