{"data_name": "Naval Propulsion Plants", "n_neighbors": 500, "level": 0.8, "random_state": 9674, "test_size": 0.2, "n": 11934, "d": 16, "oob_score": 0.9952388605360517, "test_score": 0.9961005922277909, "coverage": 0.8521156263091747, "width_mean": 0.0903428644990923, "width_sd": 0.004210057774339541, "width_min": 0.08408868990396148, "width_q1": 0.0876978309912469, "width_q2": 0.08895179047542001, "width_q3": 0.09226148865805911, "width_max": 0.11235362448493214}