{"data_name": "Naval Propulsion Plants", "n_neighbors": 10, "level": 0.95, "random_state": 8935, "test_size": 0.2, "n": 11934, "d": 16, "oob_score": 0.9957229261351038, "test_score": 0.9958644961895352, "coverage": 0.889819857561793, "width_mean": 0.11531526976142076, "width_sd": 0.13846657547176877, "width_min": 0.01580748467162152, "width_q1": 0.052527892403238644, "width_q2": 0.07204934895533599, "width_q3": 0.10047867759505036, "width_max": 1.3994076452225297}