{"data_name": "Naval Propulsion Plants", "n_neighbors": 10000, "level": 0.95, "random_state": 9674, "test_size": 0.2, "n": 11934, "d": 16, "oob_score": 0.9952388605360517, "test_score": 0.9961005922277909, "coverage": 0.9539170506912442, "width_mean": 0.2268646093808274, "width_sd": 8.771750349633193e-17, "width_min": 0.2268646093808272, "width_q1": 0.2268646093808273, "width_q2": 0.22686460938082734, "width_q3": 0.22686460938082736, "width_max": 0.22686460938082753}