{"data_name": "Naval Propulsion Plants", "n_neighbors": 100, "level": 0.9, "random_state": 9674, "test_size": 0.2, "n": 11934, "d": 16, "oob_score": 0.9952388605360517, "test_score": 0.9961005922277909, "coverage": 0.954754922496858, "width_mean": 0.1379278902525903, "width_sd": 0.0639578460966125, "width_min": 0.07042586840182719, "width_q1": 0.10651921022239672, "width_q2": 0.11759623830391153, "width_q3": 0.1350785580282638, "width_max": 0.5356091622991533}