{"data_name": "Naval Propulsion Plants", "n_neighbors": 500, "level": 0.9, "random_state": 9674, "test_size": 0.2, "n": 11934, "d": 16, "oob_score": 0.9952388605360517, "test_score": 0.9961005922277909, "coverage": 0.922077922077922, "width_mean": 0.13402266307387917, "width_sd": 0.012433704827858794, "width_min": 0.11960768723064172, "width_q1": 0.12840373801339, "width_q2": 0.13019006422736673, "width_q3": 0.1338526063091141, "width_max": 0.21954563041513742}