{"data_name": "Naval Propulsion Plants", "n_neighbors": 2000, "level": 0.8, "random_state": 2286, "test_size": 0.2, "n": 11934, "d": 16, "oob_score": 0.9955870123430656, "test_score": 0.9965198481742943, "coverage": 0.8261416003351487, "width_mean": 0.08633078097603135, "width_sd": 0.0008250317738395323, "width_min": 0.08482030349091035, "width_q1": 0.08571896050770722, "width_q2": 0.08608520376472184, "width_q3": 0.08649547898603371, "width_max": 0.09063026137845909}