{"data_name": "Naval Propulsion Plants", "n_neighbors": 10, "level": 0.9, "random_state": 4506, "test_size": 0.2, "n": 11934, "d": 16, "oob_score": 0.995906450565537, "test_score": 0.9949755356897787, "coverage": 0.8613322161709258, "width_mean": 0.1025261206548582, "width_sd": 0.11938028273349269, "width_min": 0.013786721484029707, "width_q1": 0.05128510959051685, "width_q2": 0.06563273263580022, "width_q3": 0.09177582487716213, "width_max": 1.4961164734312935}