{"data_name": "Naval Propulsion Plants", "n_neighbors": 50, "level": 0.8, "random_state": 2286, "test_size": 0.2, "n": 11934, "d": 16, "oob_score": 0.9955870123430656, "test_score": 0.9965198481742943, "coverage": 0.8424801005446166, "width_mean": 0.08914325386040034, "width_sd": 0.06172205742436607, "width_min": 0.030036329337748392, "width_q1": 0.05982195389520323, "width_q2": 0.06994090992186863, "width_q3": 0.08517018232924897, "width_max": 0.5537435957344716}