{"data_name": "Naval Propulsion Plants", "n_neighbors": 5, "level": 0.95, "random_state": 1824, "test_size": 0.2, "n": 11934, "d": 16, "oob_score": 0.9958604979962914, "test_score": 0.995188357548978, "coverage": 0.7649769585253456, "width_mean": 0.08249575585077443, "width_sd": 0.10435186361501973, "width_min": 0.007672558100418447, "width_q1": 0.03727259946860206, "width_q2": 0.05354411770891976, "width_q3": 0.07781214606834119, "width_max": 1.2490027924977654}