{"data_name": "Naval Propulsion Plants", "n_neighbors": 10, "level": 0.9, "random_state": 1424, "test_size": 0.2, "n": 11934, "d": 16, "oob_score": 0.9952499805037233, "test_score": 0.9959731624886963, "coverage": 0.8697109342270632, "width_mean": 0.10546847140857005, "width_sd": 0.11627344969249835, "width_min": 0.02013065254811308, "width_q1": 0.05086747219021054, "width_q2": 0.06690202281169977, "width_q3": 0.09064673874120799, "width_max": 1.4098745089649332}