{"data_name": "Naval Propulsion Plants", "n_neighbors": 200, "level": 0.9, "random_state": 1424, "test_size": 0.2, "n": 11934, "d": 16, "oob_score": 0.9952499805037233, "test_score": 0.9959731624886963, "coverage": 0.9526602429828236, "width_mean": 0.16812560707177868, "width_sd": 0.04163035641272164, "width_min": 0.12700290615392806, "width_q1": 0.14888031162821014, "width_q2": 0.1524959178570539, "width_q3": 0.16233449757716323, "width_max": 0.4084958203032347}