{"data_name": "Naval Propulsion Plants", "n_neighbors": 20, "level": 0.8, "random_state": 9674, "test_size": 0.2, "n": 11934, "d": 16, "oob_score": 0.9952388605360517, "test_score": 0.9961005922277909, "coverage": 0.8236279849183075, "width_mean": 0.09064192312910453, "width_sd": 0.09748548421774209, "width_min": 0.018142033616913134, "width_q1": 0.04800005290041673, "width_q2": 0.05900397372148397, "width_q3": 0.08142703540159757, "width_max": 0.8871925709756587}