{"data_name": "Naval Propulsion Plants", "n_neighbors": 2000, "level": 0.9, "random_state": 1824, "test_size": 0.2, "n": 11934, "d": 16, "oob_score": 0.9958604979962914, "test_score": 0.995188357548978, "coverage": 0.8889819857561793, "width_mean": 0.12296731862434755, "width_sd": 0.0017944266667782637, "width_min": 0.12081769394620512, "width_q1": 0.12219379305653977, "width_q2": 0.1222688289333006, "width_q3": 0.1230507727587129, "width_max": 0.1327726264273228}