{"data_name": "Naval Propulsion Plants", "n_neighbors": 20, "level": 0.95, "random_state": 9674, "test_size": 0.2, "n": 11934, "d": 16, "oob_score": 0.9952388605360517, "test_score": 0.9961005922277909, "coverage": 0.9354838709677419, "width_mean": 0.1354996635430831, "width_sd": 0.15526490429918535, "width_min": 0.037667219993977596, "width_q1": 0.06823459977829599, "width_q2": 0.08469478028958183, "width_q3": 0.11288033785543007, "width_max": 1.5662660610973267}