{"data_name": "Naval Propulsion Plants", "n_neighbors": 1000, "level": 0.8, "random_state": 4012, "test_size": 0.2, "n": 11934, "d": 16, "oob_score": 0.9956296690613009, "test_score": 0.9960146037604426, "coverage": 0.7989107666527021, "width_mean": 0.0826221280617493, "width_sd": 0.0012079374116452026, "width_min": 0.08047074333069248, "width_q1": 0.0816102268805563, "width_q2": 0.08229250549305966, "width_q3": 0.0831479056272475, "width_max": 0.08920824235298253}