{"data_name": "Naval Propulsion Plants", "n_neighbors": 500, "level": 0.99, "random_state": 1424, "test_size": 0.2, "n": 11934, "d": 16, "oob_score": 0.9952499805037233, "test_score": 0.9959731624886963, "coverage": 0.9907834101382489, "width_mean": 0.5533960976256117, "width_sd": 0.03283906712671782, "width_min": 0.5354529201015151, "width_q1": 0.5402401283537548, "width_q2": 0.547355258521373, "width_q3": 0.547355258521373, "width_max": 1.1054743279633614}