{"data_name": "Naval Propulsion Plants", "n_neighbors": 50, "level": 0.95, "random_state": 409, "test_size": 0.2, "n": 11934, "d": 16, "oob_score": 0.9953033988352631, "test_score": 0.9959555384801096, "coverage": 0.9736070381231672, "width_mean": 0.18427628286043832, "width_sd": 0.1305807933469573, "width_min": 0.048721898030193556, "width_q1": 0.10576360518299038, "width_q2": 0.12222599243662524, "width_q3": 0.21985657280601045, "width_max": 1.0591824697324372}