{"data_name": "Naval Propulsion Plants", "n_neighbors": 5, "level": 0.8, "random_state": 3657, "test_size": 0.2, "n": 11934, "d": 16, "oob_score": 0.9954921138588113, "test_score": 0.9961089720931325, "coverage": 0.6744868035190615, "width_mean": 0.06515605723521302, "width_sd": 0.07839116745440253, "width_min": 0.0032147233116091023, "width_q1": 0.02977189109889089, "width_q2": 0.04222120679657615, "width_q3": 0.06135976057840048, "width_max": 1.2765724778075287}