{"data_name": "Naval Propulsion Plants", "n_neighbors": 5, "level": 0.99, "random_state": 8935, "test_size": 0.2, "n": 11934, "d": 16, "oob_score": 0.9957229261351038, "test_score": 0.9958644961895352, "coverage": 0.7716799329702555, "width_mean": 0.08630894148842345, "width_sd": 0.10223649006916868, "width_min": 0.004269373410342225, "width_q1": 0.03840989442211007, "width_q2": 0.055808160242724725, "width_q3": 0.08239365572153098, "width_max": 1.0809105574302522}