{"data_name": "Naval Propulsion Plants", "n_neighbors": 10, "level": 0.8, "random_state": 2286, "test_size": 0.2, "n": 11934, "d": 16, "oob_score": 0.9955870123430656, "test_score": 0.9965198481742943, "coverage": 0.7850858818600754, "width_mean": 0.07937452058642186, "width_sd": 0.0880161170797699, "width_min": 0.010601473172769937, "width_q1": 0.03974341260999226, "width_q2": 0.05298302463407367, "width_q3": 0.07435575701469749, "width_max": 0.9639686802610243}