{"data_name": "Naval Propulsion Plants", "n_neighbors": "auto", "level": 0.9, "random_state": 4506, "test_size": 0.2, "n": 11934, "d": 16, "oob_score": 0.995906450565537, "test_score": 0.9949755356897787, "coverage": 0.9015500628403854, "width_mean": 0.1237459624064, "width_sd": 0.13239657644750827, "width_min": 0.03174935008127355, "width_q1": 0.06412027729732639, "width_q2": 0.0788189970929778, "width_q3": 0.10398711318214693, "width_max": 1.2803018884924882}