{"data_name": "Naval Propulsion Plants", "n_neighbors": 100, "level": 0.9, "random_state": 4012, "test_size": 0.2, "n": 11934, "d": 16, "oob_score": 0.9956296690613009, "test_score": 0.9960146037604426, "coverage": 0.9262672811059908, "width_mean": 0.1255458046736143, "width_sd": 0.051738145408593346, "width_min": 0.06754605341941988, "width_q1": 0.10412709022772071, "width_q2": 0.11201495639943387, "width_q3": 0.1204331569524173, "width_max": 0.5666970865184139}