{"data_name": "Naval Propulsion Plants", "n_neighbors": 2000, "level": 0.99, "random_state": 8935, "test_size": 0.2, "n": 11934, "d": 16, "oob_score": 0.9957229261351038, "test_score": 0.9958644961895352, "coverage": 0.9920402178466695, "width_mean": 0.6376423820856124, "width_sd": 0.008625317064084956, "width_min": 0.6251675445905445, "width_q1": 0.6269814270045382, "width_q2": 0.6407753135468138, "width_q3": 0.6407753135468139, "width_max": 0.7363495476326996}