{"data_name": "Naval Propulsion Plants", "n_neighbors": 5000, "level": 0.99, "random_state": 2286, "test_size": 0.2, "n": 11934, "d": 16, "oob_score": 0.9955870123430656, "test_score": 0.9965198481742943, "coverage": 0.9928780896522832, "width_mean": 0.5952217867139566, "width_sd": 0.0016226877223410013, "width_min": 0.5883884114291233, "width_q1": 0.5948716979068029, "width_q2": 0.5949744548783631, "width_q3": 0.5949744548783632, "width_max": 0.6195046304684028}