{"data_name": "Naval Propulsion Plants", "n_neighbors": 1000, "level": 0.9, "random_state": 2286, "test_size": 0.2, "n": 11934, "d": 16, "oob_score": 0.9955870123430656, "test_score": 0.9965198481742943, "coverage": 0.9229157938835358, "width_mean": 0.13363552222909142, "width_sd": 0.006412788431769258, "width_min": 0.12773976026884237, "width_q1": 0.1303830481556465, "width_q2": 0.13076007602653172, "width_q3": 0.13410323110744482, "width_max": 0.17176008071416615}