{"data_name": "Naval Propulsion Plants", "n_neighbors": 5000, "level": 0.8, "random_state": 9674, "test_size": 0.2, "n": 11934, "d": 16, "oob_score": 0.9952388605360517, "test_score": 0.9961005922277909, "coverage": 0.8320067029744449, "width_mean": 0.08606661538919153, "width_sd": 0.00025946659795058507, "width_min": 0.08581108502090534, "width_q1": 0.08591056259260899, "width_q2": 0.08593878008790036, "width_q3": 0.0861163073761626, "width_max": 0.0871099537883313}