{"data_name": "Naval Propulsion Plants", "n_neighbors": 500, "level": 0.9, "random_state": 409, "test_size": 0.2, "n": 11934, "d": 16, "oob_score": 0.9953033988352631, "test_score": 0.9959555384801096, "coverage": 0.9053204859656473, "width_mean": 0.11723930753204144, "width_sd": 0.009640788552422013, "width_min": 0.10528834290805816, "width_q1": 0.11218381017016843, "width_q2": 0.11516527231328677, "width_q3": 0.11719438159712886, "width_max": 0.21008247031714755}