{"data_name": "Naval Propulsion Plants", "n_neighbors": "all", "level": 0.8, "random_state": 8935, "test_size": 0.2, "n": 11934, "d": 16, "oob_score": 0.9957229261351038, "test_score": 0.9958644961895352, "coverage": 0.8060326770004189, "width_mean": 0.08591796658841613, "width_sd": 6.970334033608289e-17, "width_min": 0.085917966588416, "width_q1": 0.08591796658841608, "width_q2": 0.0859179665884161, "width_q3": 0.08591796658841622, "width_max": 0.08591796658841622}