{"data_name": "Naval Propulsion Plants", "n_neighbors": 10000, "level": 0.9, "random_state": 9674, "test_size": 0.2, "n": 11934, "d": 16, "oob_score": 0.9952388605360517, "test_score": 0.9961005922277909, "coverage": 0.9103477167993297, "width_mean": 0.13270784078814432, "width_sd": 4.165370711555577e-17, "width_min": 0.13270784078814413, "width_q1": 0.1327078407881443, "width_q2": 0.13270784078814435, "width_q3": 0.13270784078814435, "width_max": 0.13270784078814435}