{"data_name": "Naval Propulsion Plants", "n_neighbors": 5000, "level": 0.9, "random_state": 4012, "test_size": 0.2, "n": 11934, "d": 16, "oob_score": 0.9956296690613009, "test_score": 0.9960146037604426, "coverage": 0.9032258064516129, "width_mean": 0.13070324519253304, "width_sd": 0.00039788335477933587, "width_min": 0.13050107332269745, "width_q1": 0.13058636324429762, "width_q2": 0.13058636324429768, "width_q3": 0.13063481451070835, "width_max": 0.13398050195972208}