{"data_name": "Naval Propulsion Plants", "n_neighbors": 5000, "level": 0.95, "random_state": 9674, "test_size": 0.2, "n": 11934, "d": 16, "oob_score": 0.9952388605360517, "test_score": 0.9961005922277909, "coverage": 0.9585253456221198, "width_mean": 0.23394278721734021, "width_sd": 0.002899818260839943, "width_min": 0.23220851341185406, "width_q1": 0.2322691685686773, "width_q2": 0.2322691685686774, "width_q3": 0.23467111277885921, "width_max": 0.25203545516014564}