{"data_name": "Naval Propulsion Plants", "n_neighbors": 5000, "level": 0.99, "random_state": 9674, "test_size": 0.2, "n": 11934, "d": 16, "oob_score": 0.9952388605360517, "test_score": 0.9961005922277909, "coverage": 0.9924591537494764, "width_mean": 0.6095263773124918, "width_sd": 0.001665317971049421, "width_min": 0.6091915528236298, "width_q1": 0.6091915528236298, "width_q2": 0.6091915528236298, "width_q3": 0.6091915528236298, "width_max": 0.6426967937653385}