{"data_name": "Naval Propulsion Plants", "n_neighbors": 20, "level": 0.8, "random_state": 3657, "test_size": 0.2, "n": 11934, "d": 16, "oob_score": 0.9954921138588113, "test_score": 0.9961089720931325, "coverage": 0.8110599078341014, "width_mean": 0.09000300338884133, "width_sd": 0.09492967595820499, "width_min": 0.020614997997651985, "width_q1": 0.04621941966371736, "width_q2": 0.05943554435245346, "width_q3": 0.07958059067650891, "width_max": 0.8638999436286618}