{"data_name": "Naval Propulsion Plants", "n_neighbors": 1000, "level": 0.99, "random_state": 9674, "test_size": 0.2, "n": 11934, "d": 16, "oob_score": 0.9952388605360517, "test_score": 0.9961005922277909, "coverage": 0.9924591537494764, "width_mean": 0.546265909258229, "width_sd": 0.024602779802968697, "width_min": 0.5352359600354628, "width_q1": 0.5373454825422277, "width_q2": 0.5373454825422277, "width_q3": 0.5439400295435317, "width_max": 0.7456920095629658}