{"data_name": "Naval Propulsion Plants", "n_neighbors": "auto", "level": 0.95, "random_state": 4506, "test_size": 0.2, "n": 11934, "d": 16, "oob_score": 0.995906450565537, "test_score": 0.9949755356897787, "coverage": 0.9426057813154587, "width_mean": 0.14751714143036784, "width_sd": 0.16319871983802164, "width_min": 0.040821151062833905, "width_q1": 0.07430538563908934, "width_q2": 0.0908334194213859, "width_q3": 0.12131070708162472, "width_max": 1.5238519281293343}