{"data_name": "Naval Propulsion Plants", "n_neighbors": 10, "level": 0.9, "random_state": 4012, "test_size": 0.2, "n": 11934, "d": 16, "oob_score": 0.9956296690613009, "test_score": 0.9960146037604426, "coverage": 0.8659405111018014, "width_mean": 0.10005792755185997, "width_sd": 0.11389348644505765, "width_min": 0.01799701851345481, "width_q1": 0.05027387117401083, "width_q2": 0.064922172293434, "width_q3": 0.088888673442018, "width_max": 1.3033287734068884}