{"data_name": "Naval Propulsion Plants", "n_neighbors": 20, "level": 0.95, "random_state": 8935, "test_size": 0.2, "n": 11934, "d": 16, "oob_score": 0.9957229261351038, "test_score": 0.9958644961895352, "coverage": 0.9367406786761625, "width_mean": 0.14226500822445287, "width_sd": 0.16068908602643625, "width_min": 0.029687645298828058, "width_q1": 0.06717130242556729, "width_q2": 0.08793990998708123, "width_q3": 0.11716514422260393, "width_max": 1.2569806644256527}