{"data_name": "Naval Propulsion Plants", "n_neighbors": 5, "level": 0.9, "random_state": 9674, "test_size": 0.2, "n": 11934, "d": 16, "oob_score": 0.9952388605360517, "test_score": 0.9961005922277909, "coverage": 0.754084625052367, "width_mean": 0.07454957966478659, "width_sd": 0.0944534656991272, "width_min": 0.005042614706500248, "width_q1": 0.0357498768951337, "width_q2": 0.0496506120450233, "width_q3": 0.07031304382972306, "width_max": 1.36533410115777}