{"data_name": "Naval Propulsion Plants", "n_neighbors": 50, "level": 0.99, "random_state": 2286, "test_size": 0.2, "n": 11934, "d": 16, "oob_score": 0.9955870123430656, "test_score": 0.9965198481742943, "coverage": 0.9945538332635107, "width_mean": 0.4020361194742777, "width_sd": 0.1782759763597248, "width_min": 0.06182055013276766, "width_q1": 0.31579265760287206, "width_q2": 0.43209342328034855, "width_q3": 0.48143461195200143, "width_max": 1.6112458768409228}