{"data_name": "Naval Propulsion Plants", "n_neighbors": 200, "level": 0.95, "random_state": 9674, "test_size": 0.2, "n": 11934, "d": 16, "oob_score": 0.9952388605360517, "test_score": 0.9961005922277909, "coverage": 0.9757017176372015, "width_mean": 0.20409118676212887, "width_sd": 0.051254909230674696, "width_min": 0.15795616344518892, "width_q1": 0.1828777073582317, "width_q2": 0.19563626850773264, "width_q3": 0.19563626850773275, "width_max": 0.5477733879654094}