{"data_name": "Naval Propulsion Plants", "n_neighbors": 10000, "level": 0.8, "random_state": 1824, "test_size": 0.2, "n": 11934, "d": 16, "oob_score": 0.9958604979962914, "test_score": 0.995188357548978, "coverage": 0.8081273565144533, "width_mean": 0.08343441255537529, "width_sd": 6.883264410589353e-17, "width_min": 0.0834344125553752, "width_q1": 0.0834344125553752, "width_q2": 0.08343441255537531, "width_q3": 0.08343441255537533, "width_max": 0.08343441255537543}