{"data_name": "Naval Propulsion Plants", "n_neighbors": 100, "level": 0.99, "random_state": 8935, "test_size": 0.2, "n": 11934, "d": 16, "oob_score": 0.9957229261351038, "test_score": 0.9958644961895352, "coverage": 0.9958106409719313, "width_mean": 0.4788385689221044, "width_sd": 0.10021565512929301, "width_min": 0.2542204582079477, "width_q1": 0.45626457538176723, "width_q2": 0.45626457538176735, "width_q3": 0.46751676018178023, "width_max": 1.2455865059619011}