{"data_name": "Naval Propulsion Plants", "n_neighbors": 500, "level": 0.9, "random_state": 1679, "test_size": 0.2, "n": 11934, "d": 16, "oob_score": 0.9951486733475422, "test_score": 0.9956867572685494, "coverage": 0.9116045245077503, "width_mean": 0.1237932304901662, "width_sd": 0.010512553251933707, "width_min": 0.11704325730883203, "width_q1": 0.11919829317105424, "width_q2": 0.1201785741942808, "width_q3": 0.12217616325030317, "width_max": 0.23014549414040436}