{"data_name": "Naval Propulsion Plants", "n_neighbors": 500, "level": 0.99, "random_state": 3657, "test_size": 0.2, "n": 11934, "d": 16, "oob_score": 0.9954921138588113, "test_score": 0.9961089720931325, "coverage": 0.9941348973607038, "width_mean": 0.685273241353026, "width_sd": 0.035153266633870826, "width_min": 0.5364391997814326, "width_q1": 0.6804992909892286, "width_q2": 0.6804992909892287, "width_q3": 0.6804992909892288, "width_max": 0.9744262285911367}