{"data_name": "Naval Propulsion Plants", "n_neighbors": 10000, "level": 0.99, "random_state": 3657, "test_size": 0.2, "n": 11934, "d": 16, "oob_score": 0.9954921138588113, "test_score": 0.9961089720931325, "coverage": 0.9920402178466695, "width_mean": 0.6065947837313174, "width_sd": 1.1102230246251565e-16, "width_min": 0.6065947837313175, "width_q1": 0.6065947837313175, "width_q2": 0.6065947837313175, "width_q3": 0.6065947837313175, "width_max": 0.6065947837313175}