{"data_name": "Naval Propulsion Plants", "n_neighbors": 2000, "level": 0.99, "random_state": 1679, "test_size": 0.2, "n": 11934, "d": 16, "oob_score": 0.9951486733475422, "test_score": 0.9956867572685494, "coverage": 0.9928780896522832, "width_mean": 0.619631664085587, "width_sd": 0.014719929056928772, "width_min": 0.6142564171486273, "width_q1": 0.6142564171486276, "width_q2": 0.6142564171486276, "width_q3": 0.6142564171486278, "width_max": 0.7714146582672874}