{"data_name": "Naval Propulsion Plants", "n_neighbors": 5, "level": 0.95, "random_state": 1424, "test_size": 0.2, "n": 11934, "d": 16, "oob_score": 0.9952499805037233, "test_score": 0.9959731624886963, "coverage": 0.750733137829912, "width_mean": 0.08381715999065004, "width_sd": 0.10082959741045333, "width_min": 0.004015873407703652, "width_q1": 0.039192326909546105, "width_q2": 0.05435882367889211, "width_q3": 0.08018807789048363, "width_max": 1.9224546297620462}