{"data_name": "Naval Propulsion Plants", "n_neighbors": 50, "level": 0.8, "random_state": 3657, "test_size": 0.2, "n": 11934, "d": 16, "oob_score": 0.9954921138588113, "test_score": 0.9961089720931325, "coverage": 0.8391286133221617, "width_mean": 0.08867070324808068, "width_sd": 0.06007346166175721, "width_min": 0.03207044463594633, "width_q1": 0.058904159302288206, "width_q2": 0.06924476392147966, "width_q3": 0.08649627897447669, "width_max": 0.48693147502493095}