{"data_name": "Naval Propulsion Plants", "n_neighbors": 2000, "level": 0.8, "random_state": 1679, "test_size": 0.2, "n": 11934, "d": 16, "oob_score": 0.9951486733475422, "test_score": 0.9956867572685494, "coverage": 0.8257226644323419, "width_mean": 0.08723506904109499, "width_sd": 0.0008768275682374578, "width_min": 0.08569891228896354, "width_q1": 0.08668743467705697, "width_q2": 0.08698962649177883, "width_q3": 0.08741920942405046, "width_max": 0.09131738437531058}