{"data_name": "Naval Propulsion Plants", "n_neighbors": "all", "level": 0.8, "random_state": 2286, "test_size": 0.2, "n": 11934, "d": 16, "oob_score": 0.9955870123430656, "test_score": 0.9965198481742943, "coverage": 0.8177628822790113, "width_mean": 0.08471741432946263, "width_sd": 4.836104409981757e-17, "width_min": 0.08471741432946245, "width_q1": 0.08471741432946256, "width_q2": 0.08471741432946261, "width_q3": 0.08471741432946267, "width_max": 0.08471741432946267}