{"data_name": "Naval Propulsion Plants", "n_neighbors": "auto", "level": 0.99, "random_state": 4012, "test_size": 0.2, "n": 11934, "d": 16, "oob_score": 0.9956296690613009, "test_score": 0.9960146037604426, "coverage": 0.9622957687473817, "width_mean": 0.16628024074428874, "width_sd": 0.18236058382665915, "width_min": 0.03910966965926699, "width_q1": 0.08427733138570057, "width_q2": 0.10260169996771618, "width_q3": 0.13420459119318529, "width_max": 1.5825190492340566}