{"data_name": "Naval Propulsion Plants", "n_neighbors": 50, "level": 0.95, "random_state": 9674, "test_size": 0.2, "n": 11934, "d": 16, "oob_score": 0.9952388605360517, "test_score": 0.9961005922277909, "coverage": 0.954754922496858, "width_mean": 0.14740195559693578, "width_sd": 0.12514592007569914, "width_min": 0.04388955851389764, "width_q1": 0.08710342209228483, "width_q2": 0.10520860515293218, "width_q3": 0.13776954934334013, "width_max": 1.1584901948591322}