{"data_name": "Naval Propulsion Plants", "n_neighbors": 5000, "level": 0.99, "random_state": 1679, "test_size": 0.2, "n": 11934, "d": 16, "oob_score": 0.9951486733475422, "test_score": 0.9956867572685494, "coverage": 0.9916212819438626, "width_mean": 0.6401934848767169, "width_sd": 0.0016723000770701615, "width_min": 0.6390064318575401, "width_q1": 0.6397544619553275, "width_q2": 0.6397544619553275, "width_q3": 0.6397544619553275, "width_max": 0.6600553600199539}