{"data_name": "Naval Propulsion Plants", "n_neighbors": 5, "level": 0.8, "random_state": 9674, "test_size": 0.2, "n": 11934, "d": 16, "oob_score": 0.9952388605360517, "test_score": 0.9961005922277909, "coverage": 0.7046501885211562, "width_mean": 0.06485909098637696, "width_sd": 0.08127943230240756, "width_min": 0.004587367890859784, "width_q1": 0.030746339885663887, "width_q2": 0.04333064829743838, "width_q3": 0.06151951172286718, "width_max": 1.1740760634115353}