{"data_name": "Naval Propulsion Plants", "n_neighbors": "auto", "level": 0.9, "random_state": 3657, "test_size": 0.2, "n": 11934, "d": 16, "oob_score": 0.9954921138588113, "test_score": 0.9961089720931325, "coverage": 0.9044826141600335, "width_mean": 0.11793112479062644, "width_sd": 0.12613456765414116, "width_min": 0.03145139997273243, "width_q1": 0.06203563709836222, "width_q2": 0.07536316988974179, "width_q3": 0.10008975879448263, "width_max": 1.0724647555867954}