{"data_name": "Naval Propulsion Plants", "n_neighbors": 200, "level": 0.8, "random_state": 9674, "test_size": 0.2, "n": 11934, "d": 16, "oob_score": 0.9952388605360517, "test_score": 0.9961005922277909, "coverage": 0.8424801005446166, "width_mean": 0.08405436989557744, "width_sd": 0.012856835922570907, "width_min": 0.06615800466099292, "width_q1": 0.0767338774628191, "width_q2": 0.08177853959761261, "width_q3": 0.08617884681385068, "width_max": 0.18772329187449133}