{"data_name": "Naval Propulsion Plants", "n_neighbors": 10, "level": 0.8, "random_state": 8935, "test_size": 0.2, "n": 11934, "d": 16, "oob_score": 0.9957229261351038, "test_score": 0.9958644961895352, "coverage": 0.7884373690825304, "width_mean": 0.08316442050255743, "width_sd": 0.09615051582080326, "width_min": 0.012439423840856723, "width_q1": 0.038975025731147306, "width_q2": 0.053536158849778914, "width_q3": 0.07630132697718733, "width_max": 1.0195572164867224}