{"data_name": "Naval Propulsion Plants", "n_neighbors": 100, "level": 0.9, "random_state": 3657, "test_size": 0.2, "n": 11934, "d": 16, "oob_score": 0.9954921138588113, "test_score": 0.9961089720931325, "coverage": 0.9283619606200252, "width_mean": 0.11940876912693799, "width_sd": 0.05725830982884311, "width_min": 0.06904174317284623, "width_q1": 0.09191786170306504, "width_q2": 0.10119255195085852, "width_q3": 0.11248773144795632, "width_max": 0.5069494441557234}