{"data_name": "Naval Propulsion Plants", "n_neighbors": 20, "level": 0.99, "random_state": 409, "test_size": 0.2, "n": 11934, "d": 16, "oob_score": 0.9953033988352631, "test_score": 0.9959555384801096, "coverage": 0.9618768328445748, "width_mean": 0.15955661683116992, "width_sd": 0.19614785871888427, "width_min": 0.034976635319153404, "width_q1": 0.07656721399154137, "width_q2": 0.09569197975222718, "width_q3": 0.1264443822873289, "width_max": 1.9010237813656834}