{"data_name": "Naval Propulsion Plants", "n_neighbors": 50, "level": 0.95, "random_state": 1679, "test_size": 0.2, "n": 11934, "d": 16, "oob_score": 0.9951486733475422, "test_score": 0.9956867572685494, "coverage": 0.9656472559698366, "width_mean": 0.15151771816982876, "width_sd": 0.13414198966152763, "width_min": 0.0544700174943481, "width_q1": 0.09659703795150865, "width_q2": 0.10716286790009555, "width_q3": 0.1278361893225443, "width_max": 1.1387354362360917}