{"data_name": "Naval Propulsion Plants", "n_neighbors": 10, "level": 0.95, "random_state": 4506, "test_size": 0.2, "n": 11934, "d": 16, "oob_score": 0.995906450565537, "test_score": 0.9949755356897787, "coverage": 0.88353581901969, "width_mean": 0.11236453557960975, "width_sd": 0.13198666057758018, "width_min": 0.014563303153158236, "width_q1": 0.055711620953622226, "width_q2": 0.07130746269084498, "width_q3": 0.10026423922870609, "width_max": 1.6317592205987375}