{"data_name": "Naval Propulsion Plants", "n_neighbors": 200, "level": 0.9, "random_state": 1824, "test_size": 0.2, "n": 11934, "d": 16, "oob_score": 0.9958604979962914, "test_score": 0.995188357548978, "coverage": 0.8940092165898618, "width_mean": 0.11461164244804113, "width_sd": 0.02386076512847609, "width_min": 0.08357493732473414, "width_q1": 0.10435085990932763, "width_q2": 0.10790131771059384, "width_q3": 0.11319735243615625, "width_max": 0.288084339550144}