{"data_name": "Naval Propulsion Plants", "n_neighbors": 5000, "level": 0.99, "random_state": 1824, "test_size": 0.2, "n": 11934, "d": 16, "oob_score": 0.9958604979962914, "test_score": 0.995188357548978, "coverage": 0.9882697947214076, "width_mean": 0.5520366841144742, "width_sd": 0.0033221101544795026, "width_min": 0.5464395826171153, "width_q1": 0.5517880904982198, "width_q2": 0.5517880904982198, "width_q3": 0.5517880904982199, "width_max": 0.5866652837428543}