{"data_name": "Naval Propulsion Plants", "n_neighbors": 1000, "level": 0.8, "random_state": 1824, "test_size": 0.2, "n": 11934, "d": 16, "oob_score": 0.9958604979962914, "test_score": 0.995188357548978, "coverage": 0.8098031001256808, "width_mean": 0.08239458818893068, "width_sd": 0.0014822850588233087, "width_min": 0.08050407319882458, "width_q1": 0.08144541206334244, "width_q2": 0.0818435543277394, "width_q3": 0.0826669132338107, "width_max": 0.09234081608864952}