{"data_name": "Naval Propulsion Plants", "n_neighbors": 20, "level": 0.8, "random_state": 8935, "test_size": 0.2, "n": 11934, "d": 16, "oob_score": 0.9957229261351038, "test_score": 0.9958644961895352, "coverage": 0.8169250104733976, "width_mean": 0.09413598063318943, "width_sd": 0.09847118091042044, "width_min": 0.015809191030677794, "width_q1": 0.04727571841201322, "width_q2": 0.06069081940909038, "width_q3": 0.08357863457479964, "width_max": 0.6966948745159958}