{"data_name": "Naval Propulsion Plants", "n_neighbors": "auto", "level": 0.9, "random_state": 1424, "test_size": 0.2, "n": 11934, "d": 16, "oob_score": 0.9952499805037233, "test_score": 0.9959731624886963, "coverage": 0.9069962295768748, "width_mean": 0.12884304588808804, "width_sd": 0.13510334818431072, "width_min": 0.02585767586356269, "width_q1": 0.06580223705635721, "width_q2": 0.0794531017317488, "width_q3": 0.10444076619656395, "width_max": 1.1624813562955356}