{"data_name": "Naval Propulsion Plants", "n_neighbors": 100, "level": 0.95, "random_state": 4506, "test_size": 0.2, "n": 11934, "d": 16, "oob_score": 0.995906450565537, "test_score": 0.9949755356897787, "coverage": 0.977377461248429, "width_mean": 0.2508430765005345, "width_sd": 0.07908321417425339, "width_min": 0.14621174464987152, "width_q1": 0.21611526139957216, "width_q2": 0.2239659358299429, "width_q3": 0.23894557276853934, "width_max": 0.763870618717964}