{"data_name": "Naval Propulsion Plants", "n_neighbors": 5000, "level": 0.9, "random_state": 3657, "test_size": 0.2, "n": 11934, "d": 16, "oob_score": 0.9954921138588113, "test_score": 0.9961089720931325, "coverage": 0.9086719731881022, "width_mean": 0.13204226276348263, "width_sd": 0.0011129719554595497, "width_min": 0.1308652336858664, "width_q1": 0.1311234961339622, "width_q2": 0.13124697622557563, "width_q3": 0.13268113371134072, "width_max": 0.13588035931018178}