{"data_name": "Naval Propulsion Plants", "n_neighbors": "all", "level": 0.99, "random_state": 1424, "test_size": 0.2, "n": 11934, "d": 16, "oob_score": 0.9952499805037233, "test_score": 0.9959731624886963, "coverage": 0.9903644742354419, "width_mean": 0.632034395797727, "width_sd": 5.106574936670094e-17, "width_min": 0.6320343957977268, "width_q1": 0.632034395797727, "width_q2": 0.632034395797727, "width_q3": 0.632034395797727, "width_max": 0.632034395797727}