{"data_name": "Naval Propulsion Plants", "n_neighbors": 1000, "level": 0.9, "random_state": 9674, "test_size": 0.2, "n": 11934, "d": 16, "oob_score": 0.9952388605360517, "test_score": 0.9961005922277909, "coverage": 0.9166317553414327, "width_mean": 0.13407955784887954, "width_sd": 0.005082517514522431, "width_min": 0.1284162875262671, "width_q1": 0.1305458536140373, "width_q2": 0.13262166787131846, "width_q3": 0.13416230885461689, "width_max": 0.16209518071888573}