{"data_name": "Naval Propulsion Plants", "n_neighbors": 500, "level": 0.8, "random_state": 409, "test_size": 0.2, "n": 11934, "d": 16, "oob_score": 0.9953033988352631, "test_score": 0.9959555384801096, "coverage": 0.8152492668621701, "width_mean": 0.08085577411242158, "width_sd": 0.0034651024195564988, "width_min": 0.07223569402664093, "width_q1": 0.07863886375097731, "width_q2": 0.07992853431981639, "width_q3": 0.08206505211338017, "width_max": 0.09603923454300003}