{"data_name": "Naval Propulsion Plants", "n_neighbors": 5, "level": 0.99, "random_state": 1824, "test_size": 0.2, "n": 11934, "d": 16, "oob_score": 0.9958604979962914, "test_score": 0.995188357548978, "coverage": 0.7788018433179723, "width_mean": 0.08656216812920736, "width_sd": 0.10974587270243698, "width_min": 0.008036744431489273, "width_q1": 0.03900121684564045, "width_q2": 0.05619021572484706, "width_q3": 0.08168884412445487, "width_max": 1.3130386553018043}