{"data_name": "Naval Propulsion Plants", "n_neighbors": 50, "level": 0.9, "random_state": 3657, "test_size": 0.2, "n": 11934, "d": 16, "oob_score": 0.9954921138588113, "test_score": 0.9961089720931325, "coverage": 0.9388353581901969, "width_mean": 0.12394766912078975, "width_sd": 0.09033668612318613, "width_min": 0.038686307312782525, "width_q1": 0.07943659910471496, "width_q2": 0.09657009413280404, "width_q3": 0.11758839976646204, "width_max": 0.7674596083010048}