{"data_name": "Naval Propulsion Plants", "n_neighbors": 5000, "level": 0.8, "random_state": 1424, "test_size": 0.2, "n": 11934, "d": 16, "oob_score": 0.9952499805037233, "test_score": 0.9959731624886963, "coverage": 0.8202764976958525, "width_mean": 0.08824706074512048, "width_sd": 0.00023426551068930627, "width_min": 0.08789339411687935, "width_q1": 0.08804228123427353, "width_q2": 0.08816613924458738, "width_q3": 0.08839015800317807, "width_max": 0.08902264000343485}