{"data_name": "Naval Propulsion Plants", "n_neighbors": 20, "level": 0.99, "random_state": 4012, "test_size": 0.2, "n": 11934, "d": 16, "oob_score": 0.9956296690613009, "test_score": 0.9960146037604426, "coverage": 0.9509844993715961, "width_mean": 0.1537397806808689, "width_sd": 0.17351864649330406, "width_min": 0.03397415291558992, "width_q1": 0.0759118859534133, "width_q2": 0.09551607115159472, "width_q3": 0.12639398757463513, "width_max": 1.5937871673656239}