{"data_name": "Naval Propulsion Plants", "n_neighbors": 50, "level": 0.95, "random_state": 8935, "test_size": 0.2, "n": 11934, "d": 16, "oob_score": 0.9957229261351038, "test_score": 0.9958644961895352, "coverage": 0.9702555509007121, "width_mean": 0.215819643105821, "width_sd": 0.12327069733093658, "width_min": 0.056419296131576646, "width_q1": 0.11863568882601894, "width_q2": 0.22801421384443066, "width_q3": 0.23794158238504082, "width_max": 0.9414662811382488}