{"data_name": "Naval Propulsion Plants", "n_neighbors": 10, "level": 0.9, "random_state": 1824, "test_size": 0.2, "n": 11934, "d": 16, "oob_score": 0.9958604979962914, "test_score": 0.995188357548978, "coverage": 0.873900293255132, "width_mean": 0.10369418756892401, "width_sd": 0.12184973524982663, "width_min": 0.013534051891568422, "width_q1": 0.04987032641375122, "width_q2": 0.06596319791285188, "width_q3": 0.08945808590523135, "width_max": 1.0911080485196165}