{"data_name": "Naval Propulsion Plants", "n_neighbors": 200, "level": 0.99, "random_state": 409, "test_size": 0.2, "n": 11934, "d": 16, "oob_score": 0.9953033988352631, "test_score": 0.9959555384801096, "coverage": 0.99329702555509, "width_mean": 0.3094785143960115, "width_sd": 0.09999460065385353, "width_min": 0.27012983627035736, "width_q1": 0.27012983627035747, "width_q2": 0.2772566062225803, "width_q3": 0.2939864799312797, "width_max": 1.1220706384927666}