{"data_name": "Naval Propulsion Plants", "n_neighbors": 20, "level": 0.95, "random_state": 1679, "test_size": 0.2, "n": 11934, "d": 16, "oob_score": 0.9951486733475422, "test_score": 0.9956867572685494, "coverage": 0.9484708839547549, "width_mean": 0.14248949251232407, "width_sd": 0.17331332817711137, "width_min": 0.03254462981556183, "width_q1": 0.0683831796054575, "width_q2": 0.08552590038088947, "width_q3": 0.11379700823042214, "width_max": 1.4181473815667616}