{"data_name": "Naval Propulsion Plants", "n_neighbors": 10, "level": 0.8, "random_state": 1824, "test_size": 0.2, "n": 11934, "d": 16, "oob_score": 0.9958604979962914, "test_score": 0.995188357548978, "coverage": 0.7905320485965647, "width_mean": 0.08244866929105714, "width_sd": 0.09477430625577124, "width_min": 0.010978525341716894, "width_q1": 0.0394366333435342, "width_q2": 0.05323477144146199, "width_q3": 0.07455784513852759, "width_max": 0.8772187670476159}