{"data_name": "Naval Propulsion Plants", "n_neighbors": 500, "level": 0.99, "random_state": 4506, "test_size": 0.2, "n": 11934, "d": 16, "oob_score": 0.995906450565537, "test_score": 0.9949755356897787, "coverage": 0.9928780896522832, "width_mean": 0.5692259337040523, "width_sd": 0.03376925362484924, "width_min": 0.5478754597509993, "width_q1": 0.5587265033737457, "width_q2": 0.5587265033737459, "width_q3": 0.5587265033737459, "width_max": 0.9411516218966292}