{"data_name": "Naval Propulsion Plants", "n_neighbors": 500, "level": 0.99, "random_state": 1824, "test_size": 0.2, "n": 11934, "d": 16, "oob_score": 0.9958604979962914, "test_score": 0.995188357548978, "coverage": 0.9882697947214076, "width_mean": 0.4213949019545667, "width_sd": 0.049505753557026126, "width_min": 0.3971930523041516, "width_q1": 0.40288603915526056, "width_q2": 0.40288603915526056, "width_q3": 0.40288603915526067, "width_max": 0.803400944858019}