{"data_name": "Naval Propulsion Plants", "n_neighbors": 500, "level": 0.99, "random_state": 4012, "test_size": 0.2, "n": 11934, "d": 16, "oob_score": 0.9956296690613009, "test_score": 0.9960146037604426, "coverage": 0.9958106409719313, "width_mean": 0.43425821116702423, "width_sd": 0.05674188676556031, "width_min": 0.40770786835547623, "width_q1": 0.4077078683554763, "width_q2": 0.40770786835547645, "width_q3": 0.4213017744075387, "width_max": 0.8672483555861348}