{"data_name": "Naval Propulsion Plants", "n_neighbors": 100, "level": 0.99, "random_state": 409, "test_size": 0.2, "n": 11934, "d": 16, "oob_score": 0.9953033988352631, "test_score": 0.9959555384801096, "coverage": 0.99329702555509, "width_mean": 0.32858119268102964, "width_sd": 0.13546960203629738, "width_min": 0.19659395819755832, "width_q1": 0.2610881958505791, "width_q2": 0.3061240594579059, "width_q3": 0.3131357242276145, "width_max": 1.5061485834689325}