{"data_name": "Naval Propulsion Plants", "n_neighbors": 1000, "level": 0.95, "random_state": 1824, "test_size": 0.2, "n": 11934, "d": 16, "oob_score": 0.9958604979962914, "test_score": 0.995188357548978, "coverage": 0.9455383326351068, "width_mean": 0.1929136716856002, "width_sd": 0.013330290492429243, "width_min": 0.17958280837318913, "width_q1": 0.18613935527901915, "width_q2": 0.18926022882232774, "width_q3": 0.1927935634913025, "width_max": 0.2736853137974592}