{"data_name": "Naval Propulsion Plants", "n_neighbors": 10000, "level": 0.8, "random_state": 9674, "test_size": 0.2, "n": 11934, "d": 16, "oob_score": 0.9952388605360517, "test_score": 0.9961005922277909, "coverage": 0.834939254294093, "width_mean": 0.08627902565350713, "width_sd": 8.48043574125312e-17, "width_min": 0.08627902565350698, "width_q1": 0.08627902565350709, "width_q2": 0.08627902565350709, "width_q3": 0.08627902565350715, "width_max": 0.08627902565350731}