{"data_name": "Naval Propulsion Plants", "n_neighbors": 20, "level": 0.9, "random_state": 3657, "test_size": 0.2, "n": 11934, "d": 16, "oob_score": 0.9954921138588113, "test_score": 0.9961089720931325, "coverage": 0.8952660242982824, "width_mean": 0.11380459473054849, "width_sd": 0.1253575657170073, "width_min": 0.02545109145510116, "width_q1": 0.05796698258575611, "width_q2": 0.0722287907157706, "width_q3": 0.09785292631683118, "width_max": 1.1952589552697332}