{"data_name": "Naval Propulsion Plants", "n_neighbors": "auto", "level": 0.9, "random_state": 1824, "test_size": 0.2, "n": 11934, "d": 16, "oob_score": 0.9958604979962914, "test_score": 0.995188357548978, "coverage": 0.902806870548806, "width_mean": 0.12294462083823064, "width_sd": 0.13448315906908745, "width_min": 0.029637123672688115, "width_q1": 0.06298947933816881, "width_q2": 0.07684979108707707, "width_q3": 0.10197893979401251, "width_max": 1.052224917542939}