{"data_name": "Naval Propulsion Plants", "n_neighbors": 10, "level": 0.99, "random_state": 9674, "test_size": 0.2, "n": 11934, "d": 16, "oob_score": 0.9952388605360517, "test_score": 0.9961005922277909, "coverage": 0.899874319229158, "width_mean": 0.11580106175519356, "width_sd": 0.13796417793586407, "width_min": 0.02235738151631772, "width_q1": 0.05866150168886433, "width_q2": 0.07468522484399065, "width_q3": 0.10162327239911584, "width_max": 1.6047515018664822}