{"data_name": "Naval Propulsion Plants", "n_neighbors": 200, "level": 0.99, "random_state": 4506, "test_size": 0.2, "n": 11934, "d": 16, "oob_score": 0.995906450565537, "test_score": 0.9949755356897787, "coverage": 0.9949727691663176, "width_mean": 0.5714035471185048, "width_sd": 0.07041367778064125, "width_min": 0.5088368601742925, "width_q1": 0.5506576158129474, "width_q2": 0.5506576158129475, "width_q3": 0.5506576158129475, "width_max": 1.221417474423983}