{"data_name": "Naval Propulsion Plants", "n_neighbors": "auto", "level": 0.8, "random_state": 1424, "test_size": 0.2, "n": 11934, "d": 16, "oob_score": 0.9952499805037233, "test_score": 0.9959731624886963, "coverage": 0.8324256388772517, "width_mean": 0.10002114948598469, "width_sd": 0.10155775558030576, "width_min": 0.01991194045493483, "width_q1": 0.05282642215450166, "width_q2": 0.06353320717893884, "width_q3": 0.08491109641618311, "width_max": 0.7242173983526963}