{"data_name": "Naval Propulsion Plants", "n_neighbors": 5000, "level": 0.9, "random_state": 1824, "test_size": 0.2, "n": 11934, "d": 16, "oob_score": 0.9958604979962914, "test_score": 0.995188357548978, "coverage": 0.8969417679095099, "width_mean": 0.12879000835923626, "width_sd": 0.0006444503226949807, "width_min": 0.12765736886520374, "width_q1": 0.12842601914110063, "width_q2": 0.12879911165790714, "width_q3": 0.1290213259330688, "width_max": 0.13174942292987013}