{"data_name": "Naval Propulsion Plants", "n_neighbors": 1000, "level": 0.99, "random_state": 1824, "test_size": 0.2, "n": 11934, "d": 16, "oob_score": 0.9958604979962914, "test_score": 0.995188357548978, "coverage": 0.9907834101382489, "width_mean": 0.5263504136631199, "width_sd": 0.022625399775954572, "width_min": 0.5032465262975971, "width_q1": 0.5199717391062229, "width_q2": 0.5199717391062231, "width_q3": 0.5340058724169257, "width_max": 0.7161226711264693}