{"data_name": "Naval Propulsion Plants", "n_neighbors": 5000, "level": 0.95, "random_state": 3657, "test_size": 0.2, "n": 11934, "d": 16, "oob_score": 0.9954921138588113, "test_score": 0.9961089720931325, "coverage": 0.9555927943024717, "width_mean": 0.23312697708213762, "width_sd": 0.0022394896611295017, "width_min": 0.23022181749896764, "width_q1": 0.23182598942854282, "width_q2": 0.23182598942854293, "width_q3": 0.23387610047811402, "width_max": 0.24723090813233717}