{"data_name": "Naval Propulsion Plants", "n_neighbors": 200, "level": 0.8, "random_state": 4506, "test_size": 0.2, "n": 11934, "d": 16, "oob_score": 0.995906450565537, "test_score": 0.9949755356897787, "coverage": 0.8625890238793464, "width_mean": 0.09943652536506209, "width_sd": 0.014074769985630791, "width_min": 0.07504916574999393, "width_q1": 0.09190280271983742, "width_q2": 0.09510820182103685, "width_q3": 0.10173195326081741, "width_max": 0.21414037840330513}