{"data_name": "Naval Propulsion Plants", "n_neighbors": 5000, "level": 0.99, "random_state": 4012, "test_size": 0.2, "n": 11934, "d": 16, "oob_score": 0.9956296690613009, "test_score": 0.9960146037604426, "coverage": 0.9886887306242145, "width_mean": 0.5358626231225294, "width_sd": 0.003392261561986017, "width_min": 0.5334580824372288, "width_q1": 0.5353621152045158, "width_q2": 0.5353621152045158, "width_q3": 0.5353621152045159, "width_max": 0.5855132584697028}