{"data_name": "Naval Propulsion Plants", "n_neighbors": 100, "level": 0.99, "random_state": 2286, "test_size": 0.2, "n": 11934, "d": 16, "oob_score": 0.9955870123430656, "test_score": 0.9965198481742943, "coverage": 0.9974863845831587, "width_mean": 0.5456214788961167, "width_sd": 0.08995256643591995, "width_min": 0.3326727906909428, "width_q1": 0.5121933362592486, "width_q2": 0.5407651118134911, "width_q3": 0.5553692405529715, "width_max": 1.4357196179125884}