{"data_name": "Naval Propulsion Plants", "n_neighbors": "auto", "level": 0.9, "random_state": 8935, "test_size": 0.2, "n": 11934, "d": 16, "oob_score": 0.9957229261351038, "test_score": 0.9958644961895352, "coverage": 0.8994553833263511, "width_mean": 0.12359169768956754, "width_sd": 0.1305892503881836, "width_min": 0.03297848820566496, "width_q1": 0.06230272819844268, "width_q2": 0.08056799351254784, "width_q3": 0.1043354040754002, "width_max": 1.014854797070963}