{"data_name": "Naval Propulsion Plants", "n_neighbors": 2000, "level": 0.99, "random_state": 9674, "test_size": 0.2, "n": 11934, "d": 16, "oob_score": 0.9952388605360517, "test_score": 0.9961005922277909, "coverage": 0.9912023460410557, "width_mean": 0.5814504200602224, "width_sd": 0.007227259447685631, "width_min": 0.5796046659276111, "width_q1": 0.5796046659276112, "width_q2": 0.5796046659276113, "width_q3": 0.5796046659276113, "width_max": 0.6495526162744202}