{"data_name": "Naval Propulsion Plants", "n_neighbors": 10000, "level": 0.99, "random_state": 1679, "test_size": 0.2, "n": 11934, "d": 16, "oob_score": 0.9951486733475422, "test_score": 0.9956867572685494, "coverage": 0.9903644742354419, "width_mean": 0.6030072200105151, "width_sd": 9.710339334759373e-17, "width_min": 0.603007220010515, "width_q1": 0.603007220010515, "width_q2": 0.603007220010515, "width_q3": 0.6030072200105151, "width_max": 0.6030072200105152}