{"data_name": "Naval Propulsion Plants", "n_neighbors": 100, "level": 0.8, "random_state": 2286, "test_size": 0.2, "n": 11934, "d": 16, "oob_score": 0.9955870123430656, "test_score": 0.9965198481742943, "coverage": 0.8558860494344366, "width_mean": 0.08863133712210042, "width_sd": 0.0346381532740234, "width_min": 0.054189554968860444, "width_q1": 0.0720861870473917, "width_q2": 0.07741140518441095, "width_q3": 0.08811737313693416, "width_max": 0.3146260181871594}