{"data_name": "Naval Propulsion Plants", "n_neighbors": 100, "level": 0.8, "random_state": 8935, "test_size": 0.2, "n": 11934, "d": 16, "oob_score": 0.9957229261351038, "test_score": 0.9958644961895352, "coverage": 0.8424801005446166, "width_mean": 0.09258790876056255, "width_sd": 0.026789683493991207, "width_min": 0.06156234320899612, "width_q1": 0.08048460972971494, "width_q2": 0.08357865601215786, "width_q3": 0.09188496813643987, "width_max": 0.31794454350521784}