{"data_name": "Naval Propulsion Plants", "n_neighbors": 100, "level": 0.95, "random_state": 1824, "test_size": 0.2, "n": 11934, "d": 16, "oob_score": 0.9958604979962914, "test_score": 0.995188357548978, "coverage": 0.9509844993715961, "width_mean": 0.14100089728904244, "width_sd": 0.09781465773356578, "width_min": 0.08207007468731708, "width_q1": 0.09990874331422916, "width_q2": 0.10764522660055009, "width_q3": 0.1221475162365423, "width_max": 0.7546464605201286}