{"data_name": "Naval Propulsion Plants", "n_neighbors": 200, "level": 0.95, "random_state": 1824, "test_size": 0.2, "n": 11934, "d": 16, "oob_score": 0.9958604979962914, "test_score": 0.995188357548978, "coverage": 0.9476330121491412, "width_mean": 0.15321910383879456, "width_sd": 0.0540715028595274, "width_min": 0.12450114250151545, "width_q1": 0.13068924082227873, "width_q2": 0.13292547599653637, "width_q3": 0.14217933522434822, "width_max": 0.4996229041445396}