{"data_name": "Naval Propulsion Plants", "n_neighbors": 20, "level": 0.9, "random_state": 1424, "test_size": 0.2, "n": 11934, "d": 16, "oob_score": 0.9952499805037233, "test_score": 0.9959731624886963, "coverage": 0.9044826141600335, "width_mean": 0.12166531058399722, "width_sd": 0.12811388848689806, "width_min": 0.026982756702596866, "width_q1": 0.060859558453516205, "width_q2": 0.0763615663599374, "width_q3": 0.10115267848855763, "width_max": 1.234887668414269}