{"data_name": "Naval Propulsion Plants", "n_neighbors": 5, "level": 0.9, "random_state": 1424, "test_size": 0.2, "n": 11934, "d": 16, "oob_score": 0.9952499805037233, "test_score": 0.9959731624886963, "coverage": 0.731462086300796, "width_mean": 0.07871537306843478, "width_sd": 0.09428710169606844, "width_min": 0.003947311144650856, "width_q1": 0.036963353638589345, "width_q2": 0.051188689477488225, "width_q3": 0.07497714044529513, "width_max": 1.726696394034097}