{"data_name": "Naval Propulsion Plants", "n_neighbors": 10, "level": 0.9, "random_state": 2286, "test_size": 0.2, "n": 11934, "d": 16, "oob_score": 0.9955870123430656, "test_score": 0.9965198481742943, "coverage": 0.8625890238793464, "width_mean": 0.09836164089120991, "width_sd": 0.10823564891580668, "width_min": 0.012233400549804818, "width_q1": 0.049791395060334115, "width_q2": 0.06534085509542242, "width_q3": 0.0894321489909713, "width_max": 1.1659122165217917}