{"data_name": "Naval Propulsion Plants", "n_neighbors": 20, "level": 0.8, "random_state": 409, "test_size": 0.2, "n": 11934, "d": 16, "oob_score": 0.9953033988352631, "test_score": 0.9959555384801096, "coverage": 0.8152492668621701, "width_mean": 0.08970746291214599, "width_sd": 0.09568776779289138, "width_min": 0.02018627786942309, "width_q1": 0.04692785993219861, "width_q2": 0.059411805972669526, "width_q3": 0.08022920594850355, "width_max": 0.8309346796241015}