{"data_name": "Naval Propulsion Plants", "n_neighbors": 5000, "level": 0.8, "random_state": 2286, "test_size": 0.2, "n": 11934, "d": 16, "oob_score": 0.9955870123430656, "test_score": 0.9965198481742943, "coverage": 0.8248847926267281, "width_mean": 0.0866703383845285, "width_sd": 0.0002930602163734437, "width_min": 0.08626790199839784, "width_q1": 0.08643915395932766, "width_q2": 0.08654604276715357, "width_q3": 0.08693099447503591, "width_max": 0.08774779353700168}