{"data_name": "Naval Propulsion Plants", "n_neighbors": 100, "level": 0.8, "random_state": 9674, "test_size": 0.2, "n": 11934, "d": 16, "oob_score": 0.9952388605360517, "test_score": 0.9961005922277909, "coverage": 0.8667783829074152, "width_mean": 0.0895985647994072, "width_sd": 0.03457481715255643, "width_min": 0.05990529369581271, "width_q1": 0.07218399069503897, "width_q2": 0.07934161472681112, "width_q3": 0.08929046842851018, "width_max": 0.34996617366065796}