{"data_name": "Naval Propulsion Plants", "n_neighbors": 10, "level": 0.95, "random_state": 409, "test_size": 0.2, "n": 11934, "d": 16, "oob_score": 0.9953033988352631, "test_score": 0.9959555384801096, "coverage": 0.8902387934645999, "width_mean": 0.11202254211533837, "width_sd": 0.1365804158012882, "width_min": 0.018631597045926346, "width_q1": 0.05474779865104884, "width_q2": 0.07196437027826556, "width_q3": 0.097929917351011, "width_max": 1.224422627907399}