{"data_name": "Naval Propulsion Plants", "n_neighbors": 200, "level": 0.95, "random_state": 2286, "test_size": 0.2, "n": 11934, "d": 16, "oob_score": 0.9955870123430656, "test_score": 0.9965198481742943, "coverage": 0.977377461248429, "width_mean": 0.2587118490680192, "width_sd": 0.044072053273948426, "width_min": 0.20850616051993498, "width_q1": 0.22547020330208128, "width_q2": 0.2557069773757713, "width_q3": 0.2723657377996373, "width_max": 0.6036542123027226}