{"data_name": "Naval Propulsion Plants", "n_neighbors": 1000, "level": 0.8, "random_state": 4506, "test_size": 0.2, "n": 11934, "d": 16, "oob_score": 0.995906450565537, "test_score": 0.9949755356897787, "coverage": 0.8064516129032258, "width_mean": 0.08616978877950271, "width_sd": 0.0015671171541913277, "width_min": 0.08373266001869117, "width_q1": 0.0851663974934791, "width_q2": 0.08554803318289422, "width_q3": 0.08670297872780797, "width_max": 0.09386959988920651}