{"data_name": "Naval Propulsion Plants", "n_neighbors": "auto", "level": 0.99, "random_state": 9674, "test_size": 0.2, "n": 11934, "d": 16, "oob_score": 0.9952388605360517, "test_score": 0.9961005922277909, "coverage": 0.9652283200670297, "width_mean": 0.16473960911051458, "width_sd": 0.19395589530089108, "width_min": 0.03677201042631012, "width_q1": 0.08227879484145617, "width_q2": 0.10128781221728433, "width_q3": 0.1305238910463875, "width_max": 1.7512655386730072}