{"data_name": "Naval Propulsion Plants", "n_neighbors": 2000, "level": 0.99, "random_state": 4506, "test_size": 0.2, "n": 11934, "d": 16, "oob_score": 0.995906450565537, "test_score": 0.9949755356897787, "coverage": 0.9882697947214076, "width_mean": 0.5489082735096633, "width_sd": 0.012004165707080927, "width_min": 0.5387756172052698, "width_q1": 0.5448951053358693, "width_q2": 0.5458181226542779, "width_q3": 0.545818122654278, "width_max": 0.6173758042051183}