{"data_name": "Naval Propulsion Plants", "n_neighbors": 20, "level": 0.8, "random_state": 1824, "test_size": 0.2, "n": 11934, "d": 16, "oob_score": 0.9958604979962914, "test_score": 0.995188357548978, "coverage": 0.8223711772098868, "width_mean": 0.09227142700644035, "width_sd": 0.09796510542382081, "width_min": 0.01691859973246468, "width_q1": 0.04707611236546455, "width_q2": 0.05998177769976232, "width_q3": 0.0819369422225294, "width_max": 0.8014899603814715}