{"data_name": "Naval Propulsion Plants", "n_neighbors": 20, "level": 0.95, "random_state": 1424, "test_size": 0.2, "n": 11934, "d": 16, "oob_score": 0.9952499805037233, "test_score": 0.9959731624886963, "coverage": 0.9421868454126519, "width_mean": 0.1461647741398251, "width_sd": 0.15901099449796624, "width_min": 0.03186041791871008, "width_q1": 0.07079487542449225, "width_q2": 0.08767151103794968, "width_q3": 0.11694523750529864, "width_max": 1.6765502669521313}