{"data_name": "Naval Propulsion Plants", "n_neighbors": "all", "level": 0.95, "random_state": 409, "test_size": 0.2, "n": 11934, "d": 16, "oob_score": 0.9953033988352631, "test_score": 0.9959555384801096, "coverage": 0.9518223711772099, "width_mean": 0.22413832706115233, "width_sd": 4.5191552810524943e-17, "width_min": 0.22413832706115222, "width_q1": 0.22413832706115228, "width_q2": 0.22413832706115233, "width_q3": 0.22413832706115233, "width_max": 0.22413832706115233}