{"data_name": "Naval Propulsion Plants", "n_neighbors": 10, "level": 0.99, "random_state": 3657, "test_size": 0.2, "n": 11934, "d": 16, "oob_score": 0.9954921138588113, "test_score": 0.9961089720931325, "coverage": 0.8986175115207373, "width_mean": 0.11524158420557337, "width_sd": 0.1323343914976023, "width_min": 0.018713098105810344, "width_q1": 0.05617541212544802, "width_q2": 0.07307411790655613, "width_q3": 0.10303138389751085, "width_max": 1.9909391407002088}