{"data_name": "Naval Propulsion Plants", "n_neighbors": 2000, "level": 0.8, "random_state": 4012, "test_size": 0.2, "n": 11934, "d": 16, "oob_score": 0.9956296690613009, "test_score": 0.9960146037604426, "coverage": 0.8039379974863846, "width_mean": 0.08427828503516369, "width_sd": 0.0005013047126741715, "width_min": 0.08349507056186645, "width_q1": 0.08398586940201314, "width_q2": 0.08411970207061592, "width_q3": 0.08436284744762101, "width_max": 0.08668752111277445}