{"data_name": "Naval Propulsion Plants", "n_neighbors": 5, "level": 0.99, "random_state": 9674, "test_size": 0.2, "n": 11934, "d": 16, "oob_score": 0.9952388605360517, "test_score": 0.9961005922277909, "coverage": 0.782991202346041, "width_mean": 0.08327101947535527, "width_sd": 0.10673990719164773, "width_min": 0.005068326663419054, "width_q1": 0.03965098469308431, "width_q2": 0.0554616019941605, "width_q3": 0.0786758049046497, "width_max": 1.6320469567390412}