{"data_name": "Naval Propulsion Plants", "n_neighbors": 10, "level": 0.95, "random_state": 3657, "test_size": 0.2, "n": 11934, "d": 16, "oob_score": 0.9954921138588113, "test_score": 0.9961089720931325, "coverage": 0.8755760368663594, "width_mean": 0.10779219475744806, "width_sd": 0.12279990156346396, "width_min": 0.01739731784004217, "width_q1": 0.05311972876076396, "width_q2": 0.06890566883057403, "width_q3": 0.0950713277505098, "width_max": 1.832682308238899}