{"data_name": "Naval Propulsion Plants", "n_neighbors": 100, "level": 0.8, "random_state": 4012, "test_size": 0.2, "n": 11934, "d": 16, "oob_score": 0.9956296690613009, "test_score": 0.9960146037604426, "coverage": 0.8194386258902387, "width_mean": 0.08357509293443718, "width_sd": 0.025981551756284114, "width_min": 0.05003047778784242, "width_q1": 0.06872441492997486, "width_q2": 0.07722059732629516, "width_q3": 0.08734066653983566, "width_max": 0.37917232001032974}