{"data_name": "Naval Propulsion Plants", "n_neighbors": 50, "level": 0.99, "random_state": 9674, "test_size": 0.2, "n": 11934, "d": 16, "oob_score": 0.9952388605360517, "test_score": 0.9961005922277909, "coverage": 0.9828236279849183, "width_mean": 0.22879217707283173, "width_sd": 0.17158913843684617, "width_min": 0.06384620538714525, "width_q1": 0.1582034758665533, "width_q2": 0.1783755674413532, "width_q3": 0.2177967964731452, "width_max": 1.7117725879983017}