{"data_name": "Naval Propulsion Plants", "n_neighbors": 200, "level": 0.99, "random_state": 1824, "test_size": 0.2, "n": 11934, "d": 16, "oob_score": 0.9958604979962914, "test_score": 0.995188357548978, "coverage": 0.9903644742354419, "width_mean": 0.40728170119266155, "width_sd": 0.09196673296594238, "width_min": 0.21936495457965405, "width_q1": 0.37858117180788864, "width_q2": 0.3882785417376444, "width_q3": 0.38827854173764464, "width_max": 1.1438297923284741}