{"data_name": "Naval Propulsion Plants", "n_neighbors": 5000, "level": 0.99, "random_state": 409, "test_size": 0.2, "n": 11934, "d": 16, "oob_score": 0.9953033988352631, "test_score": 0.9959555384801096, "coverage": 0.9924591537494764, "width_mean": 0.6476279099729956, "width_sd": 0.0025032866723545223, "width_min": 0.6463780232650782, "width_q1": 0.6463780232650782, "width_q2": 0.6463780232650783, "width_q3": 0.6463780232650784, "width_max": 0.662921418847522}