{"data_name": "Naval Propulsion Plants", "n_neighbors": "auto", "level": 0.95, "random_state": 3657, "test_size": 0.2, "n": 11934, "d": 16, "oob_score": 0.9954921138588113, "test_score": 0.9961089720931325, "coverage": 0.9388353581901969, "width_mean": 0.1396342415354533, "width_sd": 0.15393505424982015, "width_min": 0.033900994609108115, "width_q1": 0.07081055430374639, "width_q2": 0.08718381401246186, "width_q3": 0.11355238600225359, "width_max": 1.3930799958463695}