{"data_name": "Naval Propulsion Plants", "n_neighbors": "auto", "level": 0.8, "random_state": 1824, "test_size": 0.2, "n": 11934, "d": 16, "oob_score": 0.9958604979962914, "test_score": 0.995188357548978, "coverage": 0.8273984080435693, "width_mean": 0.09517994171288263, "width_sd": 0.09839777321295672, "width_min": 0.02507445251632323, "width_q1": 0.04985314977313188, "width_q2": 0.061952529854208516, "width_q3": 0.08234759135927774, "width_max": 0.6994405727966165}