{"data_name": "Naval Propulsion Plants", "n_neighbors": 1000, "level": 0.95, "random_state": 1424, "test_size": 0.2, "n": 11934, "d": 16, "oob_score": 0.9952499805037233, "test_score": 0.9959731624886963, "coverage": 0.9589442815249267, "width_mean": 0.27266050831597505, "width_sd": 0.009649076089207228, "width_min": 0.2592593477270265, "width_q1": 0.2684383163953592, "width_q2": 0.2695400628849305, "width_q3": 0.27129802864203534, "width_max": 0.3587111922483266}