{"data_name": "Naval Propulsion Plants", "n_neighbors": 20, "level": 0.9, "random_state": 4506, "test_size": 0.2, "n": 11934, "d": 16, "oob_score": 0.995906450565537, "test_score": 0.9949755356897787, "coverage": 0.896522832006703, "width_mean": 0.1195979387071661, "width_sd": 0.13295663654720313, "width_min": 0.024550592488409517, "width_q1": 0.05974058762316575, "width_q2": 0.07554678709668972, "width_q3": 0.1021646445727456, "width_max": 1.1946881463925303}