{"data_name": "Naval Propulsion Plants", "n_neighbors": 50, "level": 0.95, "random_state": 1424, "test_size": 0.2, "n": 11934, "d": 16, "oob_score": 0.9952499805037233, "test_score": 0.9959731624886963, "coverage": 0.9752827817343946, "width_mean": 0.19248041814088132, "width_sd": 0.13579281947720467, "width_min": 0.048750231389890875, "width_q1": 0.10459452533211633, "width_q2": 0.12678533353648613, "width_q3": 0.24537055102393562, "width_max": 1.1321448580312414}