{"data_name": "Naval Propulsion Plants", "n_neighbors": "auto", "level": 0.95, "random_state": 1679, "test_size": 0.2, "n": 11934, "d": 16, "oob_score": 0.9951486733475422, "test_score": 0.9956867572685494, "coverage": 0.9505655634687893, "width_mean": 0.14858894410743123, "width_sd": 0.1763707315418197, "width_min": 0.03926461486329791, "width_q1": 0.07387002744084534, "width_q2": 0.08912169509506518, "width_q3": 0.11657747386867731, "width_max": 1.4181473815667616}