{"data_name": "Naval Propulsion Plants", "n_neighbors": 20, "level": 0.95, "random_state": 409, "test_size": 0.2, "n": 11934, "d": 16, "oob_score": 0.9953033988352631, "test_score": 0.9959555384801096, "coverage": 0.9472140762463344, "width_mean": 0.14000892240495785, "width_sd": 0.16440315296533892, "width_min": 0.03457550925766517, "width_q1": 0.0691241375442464, "width_q2": 0.08647845079424477, "width_q3": 0.11353773241813925, "width_max": 1.5012849766967078}