{"data_name": "Naval Propulsion Plants", "n_neighbors": 500, "level": 0.8, "random_state": 1824, "test_size": 0.2, "n": 11934, "d": 16, "oob_score": 0.9958604979962914, "test_score": 0.995188357548978, "coverage": 0.7993297025555091, "width_mean": 0.0787206612299378, "width_sd": 0.0027954205582333995, "width_min": 0.07265051961666191, "width_q1": 0.0770743524699366, "width_q2": 0.07788503116848877, "width_q3": 0.07961242676082203, "width_max": 0.09549105414425763}