{"data_name": "Naval Propulsion Plants", "n_neighbors": 50, "level": 0.95, "random_state": 2286, "test_size": 0.2, "n": 11934, "d": 16, "oob_score": 0.9955870123430656, "test_score": 0.9965198481742943, "coverage": 0.9761206535400084, "width_mean": 0.20008567781974276, "width_sd": 0.13842244474901108, "width_min": 0.05270126857515961, "width_q1": 0.09969300244752641, "width_q2": 0.14303637151765525, "width_q3": 0.2814430510101631, "width_max": 1.0246259165914555}