{"data_name": "Naval Propulsion Plants", "n_neighbors": 20, "level": 0.8, "random_state": 4012, "test_size": 0.2, "n": 11934, "d": 16, "oob_score": 0.9956296690613009, "test_score": 0.9960146037604426, "coverage": 0.8135735232509426, "width_mean": 0.09077196779534791, "width_sd": 0.09453179176501023, "width_min": 0.021037831311851385, "width_q1": 0.048396221140777046, "width_q2": 0.06164305046490415, "width_q3": 0.08065546274013946, "width_max": 0.7964024292724138}