{"data_name": "Naval Propulsion Plants", "n_neighbors": 5, "level": 0.9, "random_state": 1679, "test_size": 0.2, "n": 11934, "d": 16, "oob_score": 0.9951486733475422, "test_score": 0.9956867572685494, "coverage": 0.7666527021365731, "width_mean": 0.07849789121862819, "width_sd": 0.10466889049872066, "width_min": 0.005172735204079015, "width_q1": 0.03524774403400399, "width_q2": 0.049899903299631676, "width_q3": 0.07218348012456222, "width_max": 1.059458002526604}