{"data_name": "Naval Propulsion Plants", "n_neighbors": 20, "level": 0.8, "random_state": 1679, "test_size": 0.2, "n": 11934, "d": 16, "oob_score": 0.9951486733475422, "test_score": 0.9956867572685494, "coverage": 0.828236279849183, "width_mean": 0.09393356348271965, "width_sd": 0.10462140705267603, "width_min": 0.01624611390647323, "width_q1": 0.04776115936979179, "width_q2": 0.06086555847432917, "width_q3": 0.0807873343447067, "width_max": 0.801870111852272}