{"data_name": "Naval Propulsion Plants", "n_neighbors": 1000, "level": 0.95, "random_state": 9674, "test_size": 0.2, "n": 11934, "d": 16, "oob_score": 0.9952388605360517, "test_score": 0.9961005922277909, "coverage": 0.9635525764558023, "width_mean": 0.2241911661135508, "width_sd": 0.0137810476871484, "width_min": 0.19874872039199865, "width_q1": 0.2176104842946434, "width_q2": 0.22007287083653732, "width_q3": 0.22422075040695794, "width_max": 0.3239638945407829}