{"data_name": "Naval Propulsion Plants", "n_neighbors": 100, "level": 0.99, "random_state": 4506, "test_size": 0.2, "n": 11934, "d": 16, "oob_score": 0.995906450565537, "test_score": 0.9949755356897787, "coverage": 0.99329702555509, "width_mean": 0.5882314827130847, "width_sd": 0.09610684314968714, "width_min": 0.2366328991210172, "width_q1": 0.5324553812062758, "width_q2": 0.5638419498757876, "width_q3": 0.5778957777001699, "width_max": 1.4689879239978036}