{"data_name": "Naval Propulsion Plants", "n_neighbors": 5, "level": 0.8, "random_state": 1679, "test_size": 0.2, "n": 11934, "d": 16, "oob_score": 0.9951486733475422, "test_score": 0.9956867572685494, "coverage": 0.7201508169250105, "width_mean": 0.06811271365592299, "width_sd": 0.08944455259264154, "width_min": 0.0043371403042418155, "width_q1": 0.030407901689703587, "width_q2": 0.043801144866925545, "width_q3": 0.0632301209112226, "width_max": 0.8476826325628747}