{"data_name": "Naval Propulsion Plants", "n_neighbors": 10000, "level": 0.95, "random_state": 4012, "test_size": 0.2, "n": 11934, "d": 16, "oob_score": 0.9956296690613009, "test_score": 0.9960146037604426, "coverage": 0.9459572685379137, "width_mean": 0.2193393930559972, "width_sd": 4.992488192297986e-17, "width_min": 0.21933939305599714, "width_q1": 0.2193393930559972, "width_q2": 0.21933939305599726, "width_q3": 0.21933939305599726, "width_max": 0.21933939305599726}