{"data_name": "Naval Propulsion Plants", "n_neighbors": 1000, "level": 0.99, "random_state": 3657, "test_size": 0.2, "n": 11934, "d": 16, "oob_score": 0.9954921138588113, "test_score": 0.9961089720931325, "coverage": 0.99329702555509, "width_mean": 0.5739770703606729, "width_sd": 0.023578611597082424, "width_min": 0.5360271228536555, "width_q1": 0.5721276559402144, "width_q2": 0.5721276559402144, "width_q3": 0.5721276559402144, "width_max": 0.8172509604739788}