{"data_name": "Naval Propulsion Plants", "n_neighbors": 100, "level": 0.9, "random_state": 409, "test_size": 0.2, "n": 11934, "d": 16, "oob_score": 0.9953033988352631, "test_score": 0.9959555384801096, "coverage": 0.9476330121491412, "width_mean": 0.16257073004041608, "width_sd": 0.0562488748264746, "width_min": 0.07255427141128706, "width_q1": 0.13496853157688243, "width_q2": 0.15674064497737983, "width_q3": 0.16663248529896496, "width_max": 0.5518519783606768}