{"data_name": "Naval Propulsion Plants", "n_neighbors": "auto", "level": 0.95, "random_state": 8935, "test_size": 0.2, "n": 11934, "d": 16, "oob_score": 0.9957229261351038, "test_score": 0.9958644961895352, "coverage": 0.9459572685379137, "width_mean": 0.1472303592167818, "width_sd": 0.16080811302135894, "width_min": 0.03979367518529442, "width_q1": 0.07240531548077889, "width_q2": 0.09244856819077163, "width_q3": 0.11953951721864278, "width_max": 1.2712233625053413}