{"data_name": "Naval Propulsion Plants", "n_neighbors": 50, "level": 0.9, "random_state": 4012, "test_size": 0.2, "n": 11934, "d": 16, "oob_score": 0.9956296690613009, "test_score": 0.9960146037604426, "coverage": 0.915793883535819, "width_mean": 0.12186773503981228, "width_sd": 0.08740440791042255, "width_min": 0.043175178505520995, "width_q1": 0.08379032523906463, "width_q2": 0.09476420541304242, "width_q3": 0.11421321494336185, "width_max": 0.7370288815370749}