{"data_name": "Naval Propulsion Plants", "n_neighbors": 2000, "level": 0.9, "random_state": 4012, "test_size": 0.2, "n": 11934, "d": 16, "oob_score": 0.9956296690613009, "test_score": 0.9960146037604426, "coverage": 0.896522832006703, "width_mean": 0.12396363767751459, "width_sd": 0.0014864548406347193, "width_min": 0.12235113162956934, "width_q1": 0.12280360842700655, "width_q2": 0.1236999568556103, "width_q3": 0.12398226643398447, "width_max": 0.13383195521988944}