{"data_name": "Naval Propulsion Plants", "n_neighbors": 500, "level": 0.8, "random_state": 4012, "test_size": 0.2, "n": 11934, "d": 16, "oob_score": 0.9956296690613009, "test_score": 0.9960146037604426, "coverage": 0.8022622538751571, "width_mean": 0.08309579563296883, "width_sd": 0.0029904214437699384, "width_min": 0.07563864560156763, "width_q1": 0.08135325023209661, "width_q2": 0.08239982138807794, "width_q3": 0.08417150470401301, "width_max": 0.10043605468544015}