{"data_name": "Naval Propulsion Plants", "n_neighbors": 5000, "level": 0.8, "random_state": 409, "test_size": 0.2, "n": 11934, "d": 16, "oob_score": 0.9953033988352631, "test_score": 0.9959555384801096, "coverage": 0.8240469208211144, "width_mean": 0.08476330475021984, "width_sd": 0.00017603755394113546, "width_min": 0.08445148309288286, "width_q1": 0.08463073275344923, "width_q2": 0.08468771355314875, "width_q3": 0.08491721955193668, "width_max": 0.08548333434894917}