{"data_name": "Naval Propulsion Plants", "n_neighbors": 5000, "level": 0.8, "random_state": 4506, "test_size": 0.2, "n": 11934, "d": 16, "oob_score": 0.995906450565537, "test_score": 0.9949755356897787, "coverage": 0.8072894847088395, "width_mean": 0.0873519332645271, "width_sd": 9.531834464109383e-05, "width_min": 0.08676144506246133, "width_q1": 0.08729212772444761, "width_q2": 0.0873242336855784, "width_q3": 0.08737823509705755, "width_max": 0.08786029647758409}