{"data_name": "Naval Propulsion Plants", "n_neighbors": "all", "level": 0.95, "random_state": 3657, "test_size": 0.2, "n": 11934, "d": 16, "oob_score": 0.9954921138588113, "test_score": 0.9961089720931325, "coverage": 0.9560117302052786, "width_mean": 0.2342743684238602, "width_sd": 3.2827078863536705e-17, "width_min": 0.23427436842386018, "width_q1": 0.23427436842386018, "width_q2": 0.23427436842386018, "width_q3": 0.23427436842386024, "width_max": 0.2342743684238603}