{"data_name": "Naval Propulsion Plants", "n_neighbors": 20, "level": 0.99, "random_state": 4506, "test_size": 0.2, "n": 11934, "d": 16, "oob_score": 0.995906450565537, "test_score": 0.9949755356897787, "coverage": 0.9543359865940511, "width_mean": 0.16576574660467258, "width_sd": 0.19458449776150205, "width_min": 0.033332140594490633, "width_q1": 0.07580324993029824, "width_q2": 0.09677239230284407, "width_q3": 0.13863912286130828, "width_max": 1.7101305856288163}