{"data_name": "Naval Propulsion Plants", "n_neighbors": 500, "level": 0.95, "random_state": 1679, "test_size": 0.2, "n": 11934, "d": 16, "oob_score": 0.9951486733475422, "test_score": 0.9956867572685494, "coverage": 0.9572685379136993, "width_mean": 0.1914404374343184, "width_sd": 0.024509297956035157, "width_min": 0.17418061895358883, "width_q1": 0.18258034725426797, "width_q2": 0.18258034725426803, "width_q3": 0.18765664868777665, "width_max": 0.4265098083714045}