{"data_name": "Naval Propulsion Plants", "n_neighbors": 10, "level": 0.95, "random_state": 9674, "test_size": 0.2, "n": 11934, "d": 16, "oob_score": 0.9952388605360517, "test_score": 0.9961005922277909, "coverage": 0.8860494344365312, "width_mean": 0.10803910539626833, "width_sd": 0.12708327068702024, "width_min": 0.02120854005952233, "width_q1": 0.05537622033589196, "width_q2": 0.06981434694769839, "width_q3": 0.09543768676606196, "width_max": 1.40802288821314}