{"data_name": "Naval Propulsion Plants", "n_neighbors": 2000, "level": 0.8, "random_state": 3657, "test_size": 0.2, "n": 11934, "d": 16, "oob_score": 0.9954921138588113, "test_score": 0.9961089720931325, "coverage": 0.8131545873481357, "width_mean": 0.0851406565451971, "width_sd": 0.000742898635255778, "width_min": 0.08413614435993944, "width_q1": 0.08461348633828492, "width_q2": 0.08498361235872931, "width_q3": 0.08516741586425391, "width_max": 0.08861610252402485}