{"data_name": "Naval Propulsion Plants", "n_neighbors": 500, "level": 0.99, "random_state": 2286, "test_size": 0.2, "n": 11934, "d": 16, "oob_score": 0.9955870123430656, "test_score": 0.9965198481742943, "coverage": 0.9962295768747381, "width_mean": 0.6626503210187774, "width_sd": 0.021946753611058543, "width_min": 0.6550788848485443, "width_q1": 0.6550788848485443, "width_q2": 0.6550788848485444, "width_q3": 0.6550788848485445, "width_max": 0.9169818849175784}