{"data_name": "Naval Propulsion Plants", "n_neighbors": 500, "level": 0.99, "random_state": 409, "test_size": 0.2, "n": 11934, "d": 16, "oob_score": 0.9953033988352631, "test_score": 0.9959555384801096, "coverage": 0.99329702555509, "width_mean": 0.45079606769945224, "width_sd": 0.06843679489826622, "width_min": 0.37295812661650085, "width_q1": 0.40648409188394496, "width_q2": 0.42040866431199164, "width_q3": 0.5009211872489981, "width_max": 0.9381344407746639}