{"data_name": "Naval Propulsion Plants", "n_neighbors": 50, "level": 0.99, "random_state": 4506, "test_size": 0.2, "n": 11934, "d": 16, "oob_score": 0.995906450565537, "test_score": 0.9949755356897787, "coverage": 0.9849183074989527, "width_mean": 0.47496672159815667, "width_sd": 0.2043597715994188, "width_min": 0.07851688740399454, "width_q1": 0.4922664767335614, "width_q2": 0.505852737334284, "width_q3": 0.5374430894300416, "width_max": 1.6197020875171875}