{"data_name": "Naval Propulsion Plants", "n_neighbors": 5, "level": 0.95, "random_state": 3657, "test_size": 0.2, "n": 11934, "d": 16, "oob_score": 0.9954921138588113, "test_score": 0.9961089720931325, "coverage": 0.7536656891495601, "width_mean": 0.07947491472174997, "width_sd": 0.09770525862296638, "width_min": 0.0034573439389005145, "width_q1": 0.036694256110710644, "width_q2": 0.05179045377110188, "width_q3": 0.073092703582459, "width_max": 1.8420206310635345}