{"data_name": "Naval Propulsion Plants", "n_neighbors": 1000, "level": 0.8, "random_state": 3657, "test_size": 0.2, "n": 11934, "d": 16, "oob_score": 0.9954921138588113, "test_score": 0.9961089720931325, "coverage": 0.8173439463762044, "width_mean": 0.08557223711285648, "width_sd": 0.0017439430806587075, "width_min": 0.08215403529303394, "width_q1": 0.08429934459635757, "width_q2": 0.08506161320461658, "width_q3": 0.08641801759073153, "width_max": 0.09273766606670963}