{"data_name": "Naval Propulsion Plants", "n_neighbors": 10, "level": 0.95, "random_state": 1824, "test_size": 0.2, "n": 11934, "d": 16, "oob_score": 0.9958604979962914, "test_score": 0.995188357548978, "coverage": 0.8986175115207373, "width_mean": 0.1143169467078575, "width_sd": 0.13664486629415049, "width_min": 0.014811815166494102, "width_q1": 0.05391794374553706, "width_q2": 0.07209206359847065, "width_q3": 0.09844578438893722, "width_max": 1.2100778347612158}