{"data_name": "Naval Propulsion Plants", "n_neighbors": 200, "level": 0.9, "random_state": 409, "test_size": 0.2, "n": 11934, "d": 16, "oob_score": 0.9953033988352631, "test_score": 0.9959555384801096, "coverage": 0.9199832425638877, "width_mean": 0.12719586831759397, "width_sd": 0.02963281168202495, "width_min": 0.10700497330648479, "width_q1": 0.11120512301558155, "width_q2": 0.1184426146792052, "width_q3": 0.12823553413402133, "width_max": 0.3970656774036947}