{"data_name": "Naval Propulsion Plants", "n_neighbors": 100, "level": 0.9, "random_state": 2286, "test_size": 0.2, "n": 11934, "d": 16, "oob_score": 0.9955870123430656, "test_score": 0.9965198481742943, "coverage": 0.9614578969417679, "width_mean": 0.1468469184887341, "width_sd": 0.06139217659521729, "width_min": 0.07746337472460074, "width_q1": 0.11250722855207362, "width_q2": 0.13185659118556203, "width_q3": 0.152355545774981, "width_max": 0.6047106740072489}