{"data_name": "Naval Propulsion Plants", "n_neighbors": "all", "level": 0.8, "random_state": 409, "test_size": 0.2, "n": 11934, "d": 16, "oob_score": 0.9953033988352631, "test_score": 0.9959555384801096, "coverage": 0.8232090490155006, "width_mean": 0.08446149207670234, "width_sd": 4.732813686830652e-17, "width_min": 0.08446149207670228, "width_q1": 0.08446149207670228, "width_q2": 0.08446149207670234, "width_q3": 0.0844614920767024, "width_max": 0.0844614920767024}