{"data_name": "Naval Propulsion Plants", "n_neighbors": "auto", "level": 0.9, "random_state": 4012, "test_size": 0.2, "n": 11934, "d": 16, "oob_score": 0.9956296690613009, "test_score": 0.9960146037604426, "coverage": 0.9007121910347716, "width_mean": 0.12067540812211729, "width_sd": 0.12566087002332946, "width_min": 0.03108604109311852, "width_q1": 0.0646790769509448, "width_q2": 0.07897927343781697, "width_q3": 0.10380052508120641, "width_max": 1.1267924997140228}