{"data_name": "Naval Propulsion Plants", "n_neighbors": 5000, "level": 0.95, "random_state": 2286, "test_size": 0.2, "n": 11934, "d": 16, "oob_score": 0.9955870123430656, "test_score": 0.9965198481742943, "coverage": 0.9568496020108923, "width_mean": 0.242840574509474, "width_sd": 0.0013288785865483471, "width_min": 0.24100327226984405, "width_q1": 0.24113626431739585, "width_q2": 0.24358942843778641, "width_q3": 0.24358942843778653, "width_max": 0.2509510529769374}