{"data_name": "Naval Propulsion Plants", "n_neighbors": 200, "level": 0.99, "random_state": 3657, "test_size": 0.2, "n": 11934, "d": 16, "oob_score": 0.9954921138588113, "test_score": 0.9961089720931325, "coverage": 0.9949727691663176, "width_mean": 0.5347207672276265, "width_sd": 0.07516462657438855, "width_min": 0.43480119635380166, "width_q1": 0.523052894396753, "width_q2": 0.523052894396753, "width_q3": 0.5306778393670084, "width_max": 1.1771448893935417}