{"data_name": "Naval Propulsion Plants", "n_neighbors": 2000, "level": 0.95, "random_state": 9674, "test_size": 0.2, "n": 11934, "d": 16, "oob_score": 0.9952388605360517, "test_score": 0.9961005922277909, "coverage": 0.961038961038961, "width_mean": 0.22970524491431377, "width_sd": 0.007185525180745765, "width_min": 0.2225581392103484, "width_q1": 0.22743954787992343, "width_q2": 0.22745742518930268, "width_q3": 0.22796692850661449, "width_max": 0.2823959984120509}