{"data_name": "Naval Propulsion Plants", "n_neighbors": 1000, "level": 0.9, "random_state": 3657, "test_size": 0.2, "n": 11934, "d": 16, "oob_score": 0.9954921138588113, "test_score": 0.9961089720931325, "coverage": 0.9132802681189778, "width_mean": 0.13655565765045893, "width_sd": 0.004939159938558022, "width_min": 0.12465264927039299, "width_q1": 0.13448756449895233, "width_q2": 0.13523968844355472, "width_q3": 0.13544959816090946, "width_max": 0.17646422008427698}