{"data_name": "Naval Propulsion Plants", "n_neighbors": 2000, "level": 0.9, "random_state": 8935, "test_size": 0.2, "n": 11934, "d": 16, "oob_score": 0.9957229261351038, "test_score": 0.9958644961895352, "coverage": 0.9078341013824884, "width_mean": 0.138657533951346, "width_sd": 0.0026577423949826575, "width_min": 0.13421627852152396, "width_q1": 0.1374741866909066, "width_q2": 0.1379190434760854, "width_q3": 0.14069636003921537, "width_max": 0.14875288807785525}