{"data_name": "Naval Propulsion Plants", "n_neighbors": 200, "level": 0.8, "random_state": 2286, "test_size": 0.2, "n": 11934, "d": 16, "oob_score": 0.9955870123430656, "test_score": 0.9965198481742943, "coverage": 0.867616254713029, "width_mean": 0.09521922126569299, "width_sd": 0.01271541962474135, "width_min": 0.07305856893319074, "width_q1": 0.08928905662447384, "width_q2": 0.0917096168307302, "width_q3": 0.09751639844506954, "width_max": 0.2065686688434305}