{"data_name": "Naval Propulsion Plants", "n_neighbors": 5, "level": 0.95, "random_state": 409, "test_size": 0.2, "n": 11934, "d": 16, "oob_score": 0.9953033988352631, "test_score": 0.9959555384801096, "coverage": 0.7649769585253456, "width_mean": 0.07990911423397945, "width_sd": 0.09954716511920417, "width_min": 0.00594947688294023, "width_q1": 0.037054069385816304, "width_q2": 0.05303408383657571, "width_q3": 0.0777410514237109, "width_max": 1.203499018587626}