{"data_name": "Naval Propulsion Plants", "n_neighbors": 20, "level": 0.9, "random_state": 4012, "test_size": 0.2, "n": 11934, "d": 16, "oob_score": 0.9956296690613009, "test_score": 0.9960146037604426, "coverage": 0.889819857561793, "width_mean": 0.11541945220406674, "width_sd": 0.12409324130496321, "width_min": 0.027194942748758055, "width_q1": 0.059718208392125716, "width_q2": 0.07610982989887005, "width_q3": 0.09963818637153593, "width_max": 1.2726458006159713}