{"data_name": "Naval Propulsion Plants", "n_neighbors": 50, "level": 0.8, "random_state": 4506, "test_size": 0.2, "n": 11934, "d": 16, "oob_score": 0.995906450565537, "test_score": 0.9949755356897787, "coverage": 0.8399664851277755, "width_mean": 0.09578058284890371, "width_sd": 0.06368492342913554, "width_min": 0.037589671986179476, "width_q1": 0.0655517123829058, "width_q2": 0.07481141215223719, "width_q3": 0.09212437979193888, "width_max": 0.5063517273799324}