{"data_name": "Naval Propulsion Plants", "n_neighbors": 10, "level": 0.9, "random_state": 1679, "test_size": 0.2, "n": 11934, "d": 16, "oob_score": 0.9951486733475422, "test_score": 0.9956867572685494, "coverage": 0.8797653958944281, "width_mean": 0.10442737290913398, "width_sd": 0.1336679338575529, "width_min": 0.01587973948055224, "width_q1": 0.049975398974421256, "width_q2": 0.06517760063511358, "width_q3": 0.08930474614815903, "width_max": 1.4324562547173978}