{"data_name": "OpticalNetwork", "n_neighbors": 50, "level": 0.8, "random_state": 1424, "test_size": 0.2, "n": 630, "d": 9, "oob_score": 0.9729714335053344, "test_score": 0.9771817877770106, "coverage": 0.8174603174603174, "width_mean": 0.3145642736285249, "width_sd": 0.05096914905840173, "width_min": 0.2024550150951272, "width_q1": 0.2757387738042645, "width_q2": 0.31078641059903245, "width_q3": 0.3512612509308309, "width_max": 0.45061806584242325}