{"data_name": "OpticalNetwork", "n_neighbors": 5, "level": 0.8, "random_state": 8935, "test_size": 0.2, "n": 630, "d": 9, "oob_score": 0.9712027267592281, "test_score": 0.9749702535737668, "coverage": 0.6825396825396826, "width_mean": 0.2534367398562217, "width_sd": 0.1698061300922628, "width_min": 0.03234783218734516, "width_q1": 0.11705887048286773, "width_q2": 0.2088114392489417, "width_q3": 0.3440980904615881, "width_max": 0.8648463667569385}