{"data_name": "OpticalNetwork", "n_neighbors": 50, "level": 0.8, "random_state": 1824, "test_size": 0.2, "n": 630, "d": 9, "oob_score": 0.97516548378324, "test_score": 0.9789233685790045, "coverage": 0.8412698412698413, "width_mean": 0.37232628848185706, "width_sd": 0.07491647021022023, "width_min": 0.19894555955073778, "width_q1": 0.31771152410325354, "width_q2": 0.3589749870164694, "width_q3": 0.4212451915993316, "width_max": 0.5879440058852026}