{"data_name": "OpticalNetwork", "n_neighbors": "auto", "level": 0.9, "random_state": 1424, "test_size": 0.2, "n": 630, "d": 9, "oob_score": 0.9729714335053344, "test_score": 0.9771817877770106, "coverage": 0.9047619047619048, "width_mean": 0.45569498060641583, "width_sd": 0.2056514158218229, "width_min": 0.07786130274017444, "width_q1": 0.3357327605341724, "width_q2": 0.4374223548196832, "width_q3": 0.5510329479661051, "width_max": 1.2709199204079358}