{"data_name": "OpticalNetwork", "n_neighbors": 5, "level": 0.95, "random_state": 409, "test_size": 0.2, "n": 630, "d": 9, "oob_score": 0.9735159216546482, "test_score": 0.9704296608748642, "coverage": 0.6349206349206349, "width_mean": 0.2850257684487515, "width_sd": 0.21236719777983698, "width_min": 0.03447319869168841, "width_q1": 0.1325939680327541, "width_q2": 0.2416613874302437, "width_q3": 0.37651044622530533, "width_max": 1.1339418736932607}