{"data_name": "OpticalNetwork", "n_neighbors": 10, "level": 0.9, "random_state": 1424, "test_size": 0.2, "n": 630, "d": 9, "oob_score": 0.9729714335053344, "test_score": 0.9771817877770106, "coverage": 0.873015873015873, "width_mean": 0.39368386375054587, "width_sd": 0.2073795255385552, "width_min": 0.07635224224302628, "width_q1": 0.25084207962188015, "width_q2": 0.36865799660324705, "width_q3": 0.47586869183140146, "width_max": 1.2324437761797595}