{"data_name": "OpticalNetwork", "n_neighbors": 20, "level": 0.8, "random_state": 1424, "test_size": 0.2, "n": 630, "d": 9, "oob_score": 0.9729714335053344, "test_score": 0.9771817877770106, "coverage": 0.8333333333333334, "width_mean": 0.3221634970926428, "width_sd": 0.13009313357598437, "width_min": 0.06012361487992779, "width_q1": 0.23334053488263828, "width_q2": 0.32391217973911374, "width_q3": 0.38592034333506, "width_max": 0.7139834705397712}