{"data_name": "OpticalNetwork", "n_neighbors": "all", "level": 0.8, "random_state": 9674, "test_size": 0.2, "n": 630, "d": 9, "oob_score": 0.9760694737170872, "test_score": 0.9710087067497309, "coverage": 0.7619047619047619, "width_mean": 0.3523725181845117, "width_sd": 1.0062250667963354e-16, "width_min": 0.35237251818451165, "width_q1": 0.3523725181845117, "width_q2": 0.35237251818451176, "width_q3": 0.3523725181845119, "width_max": 0.3523725181845119}