{"data_name": "OpticalNetwork", "n_neighbors": 200, "level": 0.99, "random_state": 9674, "test_size": 0.2, "n": 630, "d": 9, "oob_score": 0.9760694737170872, "test_score": 0.9710087067497309, "coverage": 0.9603174603174603, "width_mean": 0.8856851064999783, "width_sd": 0.1474342489244316, "width_min": 0.7610138015510489, "width_q1": 0.8001822690190117, "width_q2": 0.8001822690190118, "width_q3": 1.040676675952874, "width_max": 1.1931884658496852}