{"data_name": "OpticalNetwork", "n_neighbors": 500, "level": 0.95, "random_state": 8935, "test_size": 0.2, "n": 630, "d": 9, "oob_score": 0.9712027267592281, "test_score": 0.9749702535737668, "coverage": 0.9603174603174603, "width_mean": 0.6928119830110102, "width_sd": 0.0003267964594506684, "width_min": 0.6902387851160963, "width_q1": 0.6928534862028635, "width_q2": 0.6928534862028635, "width_q3": 0.6928534862028635, "width_max": 0.6928534862028637}