{"data_name": "OpticalNetwork", "n_neighbors": 500, "level": 0.95, "random_state": 1824, "test_size": 0.2, "n": 630, "d": 9, "oob_score": 0.97516548378324, "test_score": 0.9789233685790045, "coverage": 0.9444444444444444, "width_mean": 0.6360654717061167, "width_sd": 0.0014813953552581733, "width_min": 0.6310200209330405, "width_q1": 0.636500424358968, "width_q2": 0.636500424358968, "width_q3": 0.636500424358968, "width_max": 0.6365004243589683}