{"data_name": "OpticalNetwork", "n_neighbors": 20, "level": 0.95, "random_state": 1679, "test_size": 0.2, "n": 630, "d": 9, "oob_score": 0.9693972197735393, "test_score": 0.9682791965783949, "coverage": 0.9047619047619048, "width_mean": 0.5830890956199645, "width_sd": 0.23462687808337634, "width_min": 0.12374989931233338, "width_q1": 0.4560565500823798, "width_q2": 0.5484630248383324, "width_q3": 0.6632979954453255, "width_max": 1.3805693700119483}