{"data_name": "OpticalNetwork", "n_neighbors": 200, "level": 0.95, "random_state": 8935, "test_size": 0.2, "n": 630, "d": 9, "oob_score": 0.9712027267592281, "test_score": 0.9749702535737668, "coverage": 0.9365079365079365, "width_mean": 0.60502434403339, "width_sd": 0.013966531911014476, "width_min": 0.5833787966346977, "width_q1": 0.5972845120588777, "width_q2": 0.6019862001059354, "width_q3": 0.6192036872263366, "width_max": 0.6398991270057396}