{"data_name": "OpticalNetwork", "n_neighbors": 50, "level": 0.9, "random_state": 8935, "test_size": 0.2, "n": 630, "d": 9, "oob_score": 0.9712027267592281, "test_score": 0.9749702535737668, "coverage": 0.8650793650793651, "width_mean": 0.3907210590664527, "width_sd": 0.09956977297564051, "width_min": 0.22429055560381506, "width_q1": 0.31247046421074676, "width_q2": 0.39123979631405736, "width_q3": 0.46404694762688053, "width_max": 0.5898539551646756}