{"data_name": "OpticalNetwork", "n_neighbors": "all", "level": 0.95, "random_state": 4506, "test_size": 0.2, "n": 630, "d": 9, "oob_score": 0.9750518221563754, "test_score": 0.9629196261185595, "coverage": 0.9126984126984127, "width_mean": 0.6606319049547575, "width_sd": 1.7665270776976144e-16, "width_min": 0.6606319049547575, "width_q1": 0.6606319049547577, "width_q2": 0.6606319049547578, "width_q3": 0.6606319049547578, "width_max": 0.6606319049547578}