{"data_name": "OpticalNetwork", "n_neighbors": "all", "level": 0.99, "random_state": 4506, "test_size": 0.2, "n": 630, "d": 9, "oob_score": 0.9750518221563754, "test_score": 0.9629196261185595, "coverage": 0.9761904761904762, "width_mean": 1.0156347566748993, "width_sd": 2.2292399294043293e-16, "width_min": 1.0156347566748993, "width_q1": 1.0156347566748996, "width_q2": 1.0156347566748996, "width_q3": 1.0156347566748996, "width_max": 1.0156347566748998}