{"data_name": "OpticalNetwork", "n_neighbors": 10, "level": 0.99, "random_state": 1679, "test_size": 0.2, "n": 630, "d": 9, "oob_score": 0.9693972197735393, "test_score": 0.9682791965783949, "coverage": 0.8253968253968254, "width_mean": 0.5133777060684391, "width_sd": 0.3499505834954201, "width_min": 0.05354765059818156, "width_q1": 0.2762354493458097, "width_q2": 0.43685404727686744, "width_q3": 0.6148967765565995, "width_max": 1.4900958869137035}