{"data_name": "OpticalNetwork", "n_neighbors": 10, "level": 0.95, "random_state": 8935, "test_size": 0.2, "n": 630, "d": 9, "oob_score": 0.9712027267592281, "test_score": 0.9749702535737668, "coverage": 0.8571428571428571, "width_mean": 0.4447982788974004, "width_sd": 0.23693885573525256, "width_min": 0.11386118657856703, "width_q1": 0.2585361600887125, "width_q2": 0.41183390061680863, "width_q3": 0.5841479876800694, "width_max": 1.363349177531584}