{"data_name": "OpticalNetwork", "n_neighbors": "auto", "level": 0.9, "random_state": 1824, "test_size": 0.2, "n": 630, "d": 9, "oob_score": 0.97516548378324, "test_score": 0.9789233685790045, "coverage": 0.8412698412698413, "width_mean": 0.41506199153310475, "width_sd": 0.17152197112223047, "width_min": 0.07822047311340419, "width_q1": 0.3011412589224386, "width_q2": 0.3979704775151206, "width_q3": 0.5048353016152152, "width_max": 0.806292213825317}