{"data_name": "OpticalNetwork", "n_neighbors": 20, "level": 0.95, "random_state": 1824, "test_size": 0.2, "n": 630, "d": 9, "oob_score": 0.97516548378324, "test_score": 0.9789233685790045, "coverage": 0.9206349206349206, "width_mean": 0.5358879031710446, "width_sd": 0.15243628737588139, "width_min": 0.13696111720032866, "width_q1": 0.43216559410040534, "width_q2": 0.5124524521353359, "width_q3": 0.6473316196639423, "width_max": 0.8546355540133147}