{"data_name": "OpticalNetwork", "n_neighbors": 100, "level": 0.95, "random_state": 9674, "test_size": 0.2, "n": 630, "d": 9, "oob_score": 0.9760694737170872, "test_score": 0.9710087067497309, "coverage": 0.8968253968253969, "width_mean": 0.5342769449861844, "width_sd": 0.04017050900784047, "width_min": 0.46425044984776487, "width_q1": 0.5097917850184459, "width_q2": 0.526014390379082, "width_q3": 0.549468231159506, "width_max": 0.7118841844168842}