{"data_name": "OpticalNetwork", "n_neighbors": 20, "level": 0.9, "random_state": 4012, "test_size": 0.2, "n": 630, "d": 9, "oob_score": 0.9739119213753198, "test_score": 0.9763253354944904, "coverage": 0.8650793650793651, "width_mean": 0.506338874091076, "width_sd": 0.1834479490357917, "width_min": 0.13258378612120592, "width_q1": 0.34799969344863035, "width_q2": 0.5334369699381505, "width_q3": 0.648428496627197, "width_max": 0.9038653043002192}