{"data_name": "OpticalNetwork", "n_neighbors": 500, "level": 0.95, "random_state": 1679, "test_size": 0.2, "n": 630, "d": 9, "oob_score": 0.9693972197735393, "test_score": 0.9682791965783949, "coverage": 0.9444444444444444, "width_mean": 0.7204575062459168, "width_sd": 0.001614706063112686, "width_min": 0.7149346641926564, "width_q1": 0.7210264759978995, "width_q2": 0.7210264759978995, "width_q3": 0.7210264759978995, "width_max": 0.7210264759978997}