{"data_name": "OpticalNetwork", "n_neighbors": "auto", "level": 0.9, "random_state": 2286, "test_size": 0.2, "n": 630, "d": 9, "oob_score": 0.9688044983417028, "test_score": 0.9801453028768407, "coverage": 0.8888888888888888, "width_mean": 0.4378914761815475, "width_sd": 0.22105600161717276, "width_min": 0.10553037106712715, "width_q1": 0.29760111473062645, "width_q2": 0.393365191117712, "width_q3": 0.5333820842521044, "width_max": 1.3249915323793293}