{"data_name": "OpticalNetwork", "n_neighbors": "all", "level": 0.9, "random_state": 8935, "test_size": 0.2, "n": 630, "d": 9, "oob_score": 0.9712027267592281, "test_score": 0.9749702535737668, "coverage": 0.9285714285714286, "width_mean": 0.541407320996055, "width_sd": 2.9357083727015517e-16, "width_min": 0.5414073209960546, "width_q1": 0.5414073209960547, "width_q2": 0.5414073209960548, "width_q3": 0.5414073209960548, "width_max": 0.541407320996055}