{"data_name": "OpticalNetwork", "n_neighbors": 5, "level": 0.99, "random_state": 2286, "test_size": 0.2, "n": 630, "d": 9, "oob_score": 0.9688044983417028, "test_score": 0.9801453028768407, "coverage": 0.7222222222222222, "width_mean": 0.3582019461649419, "width_sd": 0.2711128836263971, "width_min": 0.028968415431247507, "width_q1": 0.16598367466760905, "width_q2": 0.28586908576656134, "width_q3": 0.4465097882900091, "width_max": 1.4672836322082972}