{"data_name": "OpticalNetwork", "n_neighbors": 500, "level": 0.9, "random_state": 1679, "test_size": 0.2, "n": 630, "d": 9, "oob_score": 0.9693972197735393, "test_score": 0.9682791965783949, "coverage": 0.873015873015873, "width_mean": 0.5314617383854138, "width_sd": 0.0006174744757573437, "width_min": 0.5269575375515845, "width_q1": 0.5311750199123555, "width_q2": 0.531687220973584, "width_q3": 0.5316872209735841, "width_max": 0.5316872209735841}