{"data_name": "OpticalNetwork", "n_neighbors": "auto", "level": 0.99, "random_state": 409, "test_size": 0.2, "n": 630, "d": 9, "oob_score": 0.9735159216546482, "test_score": 0.9704296608748642, "coverage": 0.9047619047619048, "width_mean": 0.555804897281276, "width_sd": 0.2839193355198784, "width_min": 0.07338512119616214, "width_q1": 0.3404277502330211, "width_q2": 0.5068308446269776, "width_q3": 0.717356070352177, "width_max": 1.6994858495368452}