{"data_name": "OpticalNetwork", "n_neighbors": 5, "level": 0.8, "random_state": 1824, "test_size": 0.2, "n": 630, "d": 9, "oob_score": 0.97516548378324, "test_score": 0.9789233685790045, "coverage": 0.6031746031746031, "width_mean": 0.26872933065792204, "width_sd": 0.16708792835158448, "width_min": 0.02723134761370183, "width_q1": 0.1367502864987071, "width_q2": 0.23458555098337291, "width_q3": 0.35452937320017797, "width_max": 0.7028168719645871}