{"data_name": "OpticalNetwork", "n_neighbors": 100, "level": 0.8, "random_state": 4506, "test_size": 0.2, "n": 630, "d": 9, "oob_score": 0.9750518221563754, "test_score": 0.9629196261185595, "coverage": 0.7777777777777778, "width_mean": 0.3152950924420979, "width_sd": 0.036800323773088846, "width_min": 0.23726515620424915, "width_q1": 0.2921508482811148, "width_q2": 0.3177362451774508, "width_q3": 0.34377601337892205, "width_max": 0.408385659488153}