{"data_name": "OpticalNetwork", "n_neighbors": 10, "level": 0.9, "random_state": 8935, "test_size": 0.2, "n": 630, "d": 9, "oob_score": 0.9712027267592281, "test_score": 0.9749702535737668, "coverage": 0.8253968253968254, "width_mean": 0.3936197092735513, "width_sd": 0.21138090280351343, "width_min": 0.09652098636146178, "width_q1": 0.22718445482391855, "width_q2": 0.3629051830359858, "width_q3": 0.5047383425085594, "width_max": 1.2707067885045313}