{"data_name": "OpticalNetwork", "n_neighbors": 10, "level": 0.99, "random_state": 1824, "test_size": 0.2, "n": 630, "d": 9, "oob_score": 0.97516548378324, "test_score": 0.9789233685790045, "coverage": 0.8492063492063492, "width_mean": 0.46661612281597625, "width_sd": 0.22467585123628875, "width_min": 0.08412738643262951, "width_q1": 0.3098504059279389, "width_q2": 0.4084017665867432, "width_q3": 0.6140515937872653, "width_max": 1.0704932381314498}