{"data_name": "OpticalNetwork", "n_neighbors": 5, "level": 0.9, "random_state": 1424, "test_size": 0.2, "n": 630, "d": 9, "oob_score": 0.9729714335053344, "test_score": 0.9771817877770106, "coverage": 0.7380952380952381, "width_mean": 0.3030454535601813, "width_sd": 0.1932386975414984, "width_min": 0.03408441093410164, "width_q1": 0.15353033409809436, "width_q2": 0.2644815439502435, "width_q3": 0.3831884851014672, "width_max": 0.9697445878000355}