{"data_name": "OpticalNetwork", "n_neighbors": "all", "level": 0.99, "random_state": 409, "test_size": 0.2, "n": 630, "d": 9, "oob_score": 0.9735159216546482, "test_score": 0.9704296608748642, "coverage": 0.9841269841269841, "width_mean": 1.0508479062149898, "width_sd": 5.244844484745496e-16, "width_min": 1.0508479062149902, "width_q1": 1.0508479062149902, "width_q2": 1.0508479062149902, "width_q3": 1.0508479062149905, "width_max": 1.0508479062149907}