{"data_name": "OpticalNetwork", "n_neighbors": 200, "level": 0.8, "random_state": 4506, "test_size": 0.2, "n": 630, "d": 9, "oob_score": 0.9750518221563754, "test_score": 0.9629196261185595, "coverage": 0.7857142857142857, "width_mean": 0.33952590608937677, "width_sd": 0.015355646166792905, "width_min": 0.3088590664374824, "width_q1": 0.32949916024554693, "width_q2": 0.33703943899322364, "width_q3": 0.34982947397750386, "width_max": 0.3873222034536261}