{"data_name": "OpticalNetwork", "n_neighbors": 20, "level": 0.8, "random_state": 2286, "test_size": 0.2, "n": 630, "d": 9, "oob_score": 0.9688044983417028, "test_score": 0.9801453028768407, "coverage": 0.7857142857142857, "width_mean": 0.3363412567608884, "width_sd": 0.17366246817109374, "width_min": 0.0751899981642663, "width_q1": 0.24012695515402555, "width_q2": 0.30518550780208625, "width_q3": 0.40056827077348117, "width_max": 1.1348220023122375}