{"data_name": "OpticalNetwork", "n_neighbors": 5, "level": 0.99, "random_state": 1679, "test_size": 0.2, "n": 630, "d": 9, "oob_score": 0.9693972197735393, "test_score": 0.9682791965783949, "coverage": 0.6984126984126984, "width_mean": 0.35579274115594123, "width_sd": 0.32073784668064576, "width_min": 0.0413088161640871, "width_q1": 0.14865504792949583, "width_q2": 0.2724521841869856, "width_q3": 0.4432528360151434, "width_max": 1.4807939040043567}