{"data_name": "OpticalNetwork", "n_neighbors": 5, "level": 0.9, "random_state": 1679, "test_size": 0.2, "n": 630, "d": 9, "oob_score": 0.9693972197735393, "test_score": 0.9682791965783949, "coverage": 0.6825396825396826, "width_mean": 0.3142652385229386, "width_sd": 0.2789536672211914, "width_min": 0.03639998673599332, "width_q1": 0.13286238097258468, "width_q2": 0.2365529577847319, "width_q3": 0.3864274277767327, "width_max": 1.3151249004854337}