{"data_name": "OpticalNetwork", "n_neighbors": "all", "level": 0.9, "random_state": 409, "test_size": 0.2, "n": 630, "d": 9, "oob_score": 0.9735159216546482, "test_score": 0.9704296608748642, "coverage": 0.873015873015873, "width_mean": 0.5130880058490018, "width_sd": 1.5032490816276445e-16, "width_min": 0.5130880058490019, "width_q1": 0.5130880058490019, "width_q2": 0.5130880058490019, "width_q3": 0.5130880058490019, "width_max": 0.5130880058490022}