{"data_name": "OpticalNetwork", "n_neighbors": "auto", "level": 0.95, "random_state": 4506, "test_size": 0.2, "n": 630, "d": 9, "oob_score": 0.9750518221563754, "test_score": 0.9629196261185595, "coverage": 0.873015873015873, "width_mean": 0.48962164424221727, "width_sd": 0.18349548376723146, "width_min": 0.12466841429344666, "width_q1": 0.37959831073137384, "width_q2": 0.49149527069375976, "width_q3": 0.6159394978317669, "width_max": 0.9635555889501877}