{"data_name": "OpticalNetwork", "n_neighbors": 500, "level": 0.95, "random_state": 1424, "test_size": 0.2, "n": 630, "d": 9, "oob_score": 0.9729714335053344, "test_score": 0.9771817877770106, "coverage": 0.9682539682539683, "width_mean": 0.6949819116926768, "width_sd": 0.0020727172111104706, "width_min": 0.6847854912118879, "width_q1": 0.6954032513819657, "width_q2": 0.6954032513819657, "width_q3": 0.6954032513819658, "width_max": 0.6954032513819659}