{"data_name": "OpticalNetwork", "n_neighbors": 500, "level": 0.99, "random_state": 3657, "test_size": 0.2, "n": 630, "d": 9, "oob_score": 0.9710795417212036, "test_score": 0.9793991504344087, "coverage": 0.9920634920634921, "width_mean": 1.3188936754440117, "width_sd": 0.008447146663207271, "width_min": 1.288437055018453, "width_q1": 1.3212364923998234, "width_q2": 1.3212364923998234, "width_q3": 1.3212364923998237, "width_max": 1.3212364923998237}