{"data_name": "OpticalNetwork", "n_neighbors": 200, "level": 0.9, "random_state": 409, "test_size": 0.2, "n": 630, "d": 9, "oob_score": 0.9735159216546482, "test_score": 0.9704296608748642, "coverage": 0.873015873015873, "width_mean": 0.5243807405474263, "width_sd": 0.014557163304907883, "width_min": 0.49545060251877593, "width_q1": 0.5131059262498867, "width_q2": 0.5150283741435688, "width_q3": 0.5305472459939039, "width_max": 0.5776071083348988}