{"data_name": "OpticalNetwork", "n_neighbors": 200, "level": 0.9, "random_state": 9674, "test_size": 0.2, "n": 630, "d": 9, "oob_score": 0.9760694737170872, "test_score": 0.9710087067497309, "coverage": 0.8571428571428571, "width_mean": 0.4519415565887595, "width_sd": 0.012982142247596008, "width_min": 0.42661112427317505, "width_q1": 0.4458356303284166, "width_q2": 0.4475637601536106, "width_q3": 0.45624238642374926, "width_max": 0.4880761212785606}