{"data_name": "OpticalNetwork", "n_neighbors": 500, "level": 0.99, "random_state": 8935, "test_size": 0.2, "n": 630, "d": 9, "oob_score": 0.9712027267592281, "test_score": 0.9749702535737668, "coverage": 0.9920634920634921, "width_mean": 1.1454931790524752, "width_sd": 0.0, "width_min": 1.1454931790524752, "width_q1": 1.1454931790524752, "width_q2": 1.1454931790524752, "width_q3": 1.1454931790524752, "width_max": 1.1454931790524752}