{"data_name": "OpticalNetwork", "n_neighbors": 10, "level": 0.8, "random_state": 1824, "test_size": 0.2, "n": 630, "d": 9, "oob_score": 0.97516548378324, "test_score": 0.9789233685790045, "coverage": 0.7142857142857143, "width_mean": 0.2953668125023264, "width_sd": 0.15592591232629174, "width_min": 0.06380285818564602, "width_q1": 0.17961182000853143, "width_q2": 0.2833627586769269, "width_q3": 0.38101071153814986, "width_max": 0.7712292239545471}