{"data_name": "OpticalNetwork", "n_neighbors": 200, "level": 0.95, "random_state": 1424, "test_size": 0.2, "n": 630, "d": 9, "oob_score": 0.9729714335053344, "test_score": 0.9771817877770106, "coverage": 0.9761904761904762, "width_mean": 0.7229721459727828, "width_sd": 0.040567834942133556, "width_min": 0.6423785263069531, "width_q1": 0.7023521165054036, "width_q2": 0.7098025032204136, "width_q3": 0.7383553529177538, "width_max": 0.9014232996739959}