{"data_name": "OpticalNetwork", "n_neighbors": 100, "level": 0.95, "random_state": 1824, "test_size": 0.2, "n": 630, "d": 9, "oob_score": 0.97516548378324, "test_score": 0.9789233685790045, "coverage": 0.9523809523809523, "width_mean": 0.752948895483564, "width_sd": 0.06558516302238278, "width_min": 0.6547384030809911, "width_q1": 0.7055893558245097, "width_q2": 0.7156554737685983, "width_q3": 0.8131030909251402, "width_max": 0.9162831160327366}