{"data_name": "OpticalNetwork", "n_neighbors": 5, "level": 0.99, "random_state": 4012, "test_size": 0.2, "n": 630, "d": 9, "oob_score": 0.9739119213753198, "test_score": 0.9763253354944904, "coverage": 0.7857142857142857, "width_mean": 0.35973571363647516, "width_sd": 0.21558961485927006, "width_min": 0.01960774337138993, "width_q1": 0.18928671468264474, "width_q2": 0.3077803329247056, "width_q3": 0.5198340222236953, "width_max": 1.1135678774283582}