{"data_name": "OpticalNetwork", "n_neighbors": 50, "level": 0.95, "random_state": 4012, "test_size": 0.2, "n": 630, "d": 9, "oob_score": 0.9739119213753198, "test_score": 0.9763253354944904, "coverage": 0.9682539682539683, "width_mean": 0.812132313575032, "width_sd": 0.11165604370121565, "width_min": 0.4753419900181325, "width_q1": 0.7528274773863683, "width_q2": 0.8364858277498557, "width_q3": 0.8604148098951951, "width_max": 1.124693971029055}