{"data_name": "OpticalNetwork", "n_neighbors": "all", "level": 0.9, "random_state": 2286, "test_size": 0.2, "n": 630, "d": 9, "oob_score": 0.9688044983417028, "test_score": 0.9801453028768407, "coverage": 0.8888888888888888, "width_mean": 0.502946408426607, "width_sd": 1.1320369565221584e-16, "width_min": 0.5029464084266067, "width_q1": 0.5029464084266069, "width_q2": 0.5029464084266069, "width_q3": 0.5029464084266069, "width_max": 0.502946408426607}