{"data_name": "OpticalNetwork", "n_neighbors": 500, "level": 0.9, "random_state": 8935, "test_size": 0.2, "n": 630, "d": 9, "oob_score": 0.9712027267592281, "test_score": 0.9749702535737668, "coverage": 0.9365079365079365, "width_mean": 0.5440102409228713, "width_sd": 0.0012935975705856537, "width_min": 0.5338244434662773, "width_q1": 0.5441745279786228, "width_q2": 0.5441745279786228, "width_q3": 0.5441745279786229, "width_max": 0.544174527978623}