{"data_name": "OpticalNetwork", "n_neighbors": "auto", "level": 0.9, "random_state": 8935, "test_size": 0.2, "n": 630, "d": 9, "oob_score": 0.9712027267592281, "test_score": 0.9749702535737668, "coverage": 0.8809523809523809, "width_mean": 0.43098005983698, "width_sd": 0.19704092080924138, "width_min": 0.1196167997401405, "width_q1": 0.28201268912255073, "width_q2": 0.4154676480276668, "width_q3": 0.5542112941648913, "width_max": 1.1733813343077448}