{"data_name": "OpticalNetwork", "n_neighbors": 50, "level": 0.99, "random_state": 1424, "test_size": 0.2, "n": 630, "d": 9, "oob_score": 0.9729714335053344, "test_score": 0.9771817877770106, "coverage": 0.9603174603174603, "width_mean": 0.8814817818772805, "width_sd": 0.1626121302395434, "width_min": 0.5960879846894984, "width_q1": 0.7577634254520613, "width_q2": 0.8265115633937712, "width_q3": 1.007701869358008, "width_max": 1.4749506062297266}