{"data_name": "OpticalNetwork", "n_neighbors": 20, "level": 0.8, "random_state": 4012, "test_size": 0.2, "n": 630, "d": 9, "oob_score": 0.9739119213753198, "test_score": 0.9763253354944904, "coverage": 0.8174603174603174, "width_mean": 0.36199461717377324, "width_sd": 0.13681389599843966, "width_min": 0.1096830520329719, "width_q1": 0.2578365155457284, "width_q2": 0.37371197555292224, "width_q3": 0.4561841445090875, "width_max": 0.8101987366564134}