{"data_name": "OpticalNetwork", "n_neighbors": 20, "level": 0.9, "random_state": 1424, "test_size": 0.2, "n": 630, "d": 9, "oob_score": 0.9729714335053344, "test_score": 0.9771817877770106, "coverage": 0.9126984126984127, "width_mean": 0.4409599489756213, "width_sd": 0.18463721236932187, "width_min": 0.0796998228817607, "width_q1": 0.32000123568824707, "width_q2": 0.4327900758631453, "width_q3": 0.5255290458259866, "width_max": 0.9838249848470095}