{"data_name": "OpticalNetwork", "n_neighbors": 500, "level": 0.95, "random_state": 409, "test_size": 0.2, "n": 630, "d": 9, "oob_score": 0.9735159216546482, "test_score": 0.9704296608748642, "coverage": 0.9444444444444444, "width_mean": 0.6778709838122795, "width_sd": 1.660923046971287e-16, "width_min": 0.6778709838122792, "width_q1": 0.6778709838122793, "width_q2": 0.6778709838122794, "width_q3": 0.6778709838122794, "width_max": 0.6778709838122796}