{"data_name": "OpticalNetwork", "n_neighbors": 200, "level": 0.8, "random_state": 8935, "test_size": 0.2, "n": 630, "d": 9, "oob_score": 0.9712027267592281, "test_score": 0.9749702535737668, "coverage": 0.7936507936507936, "width_mean": 0.3337556490330349, "width_sd": 0.028986193130684776, "width_min": 0.28589478646019717, "width_q1": 0.313786905189368, "width_q2": 0.3252506092927283, "width_q3": 0.3427001364186991, "width_max": 0.4172790199800682}