{"data_name": "OpticalNetwork", "n_neighbors": 20, "level": 0.8, "random_state": 4506, "test_size": 0.2, "n": 630, "d": 9, "oob_score": 0.9750518221563754, "test_score": 0.9629196261185595, "coverage": 0.8095238095238095, "width_mean": 0.2934588566662787, "width_sd": 0.11244110917608681, "width_min": 0.06436162298387038, "width_q1": 0.19824726042232416, "width_q2": 0.29552200214245705, "width_q3": 0.38699168281411833, "width_max": 0.5762850566378073}