{"data_name": "OpticalNetwork", "n_neighbors": "all", "level": 0.8, "random_state": 1824, "test_size": 0.2, "n": 630, "d": 9, "oob_score": 0.97516548378324, "test_score": 0.9789233685790045, "coverage": 0.7936507936507936, "width_mean": 0.3389930798363986, "width_sd": 8.777083671441753e-17, "width_min": 0.3389930798363985, "width_q1": 0.3389930798363986, "width_q2": 0.33899307983639865, "width_q3": 0.3389930798363987, "width_max": 0.3389930798363987}