{"data_name": "OpticalNetwork", "n_neighbors": 100, "level": 0.95, "random_state": 4506, "test_size": 0.2, "n": 630, "d": 9, "oob_score": 0.9750518221563754, "test_score": 0.9629196261185595, "coverage": 0.9126984126984127, "width_mean": 0.6032011848866027, "width_sd": 0.057258427671605175, "width_min": 0.5211640581274166, "width_q1": 0.553178775238343, "width_q2": 0.5950831078734163, "width_q3": 0.6449890592662038, "width_max": 0.7924383049059365}