{"data_name": "OpticalNetwork", "n_neighbors": "auto", "level": 0.95, "random_state": 8935, "test_size": 0.2, "n": 630, "d": 9, "oob_score": 0.9712027267592281, "test_score": 0.9749702535737668, "coverage": 0.9206349206349206, "width_mean": 0.5444505737834744, "width_sd": 0.22257094691304677, "width_min": 0.1349708910146119, "width_q1": 0.3838510456693849, "width_q2": 0.5357100742709185, "width_q3": 0.7024176194282237, "width_max": 1.3146864504331908}