{"data_name": "OpticalNetwork", "n_neighbors": 500, "level": 0.8, "random_state": 1824, "test_size": 0.2, "n": 630, "d": 9, "oob_score": 0.97516548378324, "test_score": 0.9789233685790045, "coverage": 0.8015873015873016, "width_mean": 0.3401962031544334, "width_sd": 0.0016916459416455132, "width_min": 0.3355696776283482, "width_q1": 0.3408866493951127, "width_q2": 0.3408866493951127, "width_q3": 0.3408866493951128, "width_max": 0.34088664939511304}