{"data_name": "OpticalNetwork", "n_neighbors": "auto", "level": 0.95, "random_state": 9674, "test_size": 0.2, "n": 630, "d": 9, "oob_score": 0.9760694737170872, "test_score": 0.9710087067497309, "coverage": 0.8809523809523809, "width_mean": 0.4858262847889718, "width_sd": 0.21477379863552143, "width_min": 0.09634597467025952, "width_q1": 0.34231044666827165, "width_q2": 0.4636321864211919, "width_q3": 0.6083131304926599, "width_max": 1.1140309077811361}