{"data_name": "OpticalNetwork", "n_neighbors": "auto", "level": 0.9, "random_state": 4012, "test_size": 0.2, "n": 630, "d": 9, "oob_score": 0.9739119213753198, "test_score": 0.9763253354944904, "coverage": 0.8253968253968254, "width_mean": 0.42484826899128164, "width_sd": 0.17490810728094905, "width_min": 0.09941525846724725, "width_q1": 0.2911174004160291, "width_q2": 0.42895366005375846, "width_q3": 0.547756978277236, "width_max": 0.9700422890207694}