{"data_name": "OpticalNetwork", "n_neighbors": 200, "level": 0.99, "random_state": 2286, "test_size": 0.2, "n": 630, "d": 9, "oob_score": 0.9688044983417028, "test_score": 0.9801453028768407, "coverage": 0.9841269841269841, "width_mean": 0.8973509042875938, "width_sd": 0.12312043082504687, "width_min": 0.7182868161797807, "width_q1": 0.8443287544458582, "width_q2": 0.8748629053274369, "width_q3": 0.8931247141875218, "width_max": 1.4601618356968455}