{"data_name": "OpticalNetwork", "n_neighbors": "auto", "level": 0.8, "random_state": 2286, "test_size": 0.2, "n": 630, "d": 9, "oob_score": 0.9688044983417028, "test_score": 0.9801453028768407, "coverage": 0.753968253968254, "width_mean": 0.33239619944372606, "width_sd": 0.19157894526454525, "width_min": 0.07259043681650307, "width_q1": 0.20747348422787254, "width_q2": 0.29119366381026607, "width_q3": 0.4076212991886134, "width_max": 1.196954655652493}