{"data_name": "OpticalNetwork", "n_neighbors": 20, "level": 0.9, "random_state": 2286, "test_size": 0.2, "n": 630, "d": 9, "oob_score": 0.9688044983417028, "test_score": 0.9801453028768407, "coverage": 0.873015873015873, "width_mean": 0.4329747133070447, "width_sd": 0.20295087212416085, "width_min": 0.1254050171660568, "width_q1": 0.30906957397349644, "width_q2": 0.3861992886106444, "width_q3": 0.5207296270545638, "width_max": 1.2509908312181017}