{"data_name": "OpticalNetwork", "n_neighbors": 10, "level": 0.8, "random_state": 1679, "test_size": 0.2, "n": 630, "d": 9, "oob_score": 0.9693972197735393, "test_score": 0.9682791965783949, "coverage": 0.6746031746031746, "width_mean": 0.2946912381151164, "width_sd": 0.18695674727129313, "width_min": 0.04983039113979637, "width_q1": 0.14606768189523187, "width_q2": 0.2566454983585005, "width_q3": 0.40513187662346534, "width_max": 1.0653104685391588}