{"data_name": "OpticalNetwork", "n_neighbors": 100, "level": 0.95, "random_state": 3657, "test_size": 0.2, "n": 630, "d": 9, "oob_score": 0.9710795417212036, "test_score": 0.9793991504344087, "coverage": 0.9761904761904762, "width_mean": 0.6840267862679841, "width_sd": 0.04322250076090964, "width_min": 0.6025264401741615, "width_q1": 0.6636958076500714, "width_q2": 0.6779309114499784, "width_q3": 0.715044113434196, "width_max": 0.7921308850987894}