{"data_name": "OpticalNetwork", "n_neighbors": 50, "level": 0.95, "random_state": 9674, "test_size": 0.2, "n": 630, "d": 9, "oob_score": 0.9760694737170872, "test_score": 0.9710087067497309, "coverage": 0.9047619047619048, "width_mean": 0.5366316413249771, "width_sd": 0.08742520244937205, "width_min": 0.3851635151785411, "width_q1": 0.4788535844469296, "width_q2": 0.5165296690515673, "width_q3": 0.560773507431584, "width_max": 0.85473490391318}