{"data_name": "OpticalNetwork", "n_neighbors": 50, "level": 0.95, "random_state": 2286, "test_size": 0.2, "n": 630, "d": 9, "oob_score": 0.9688044983417028, "test_score": 0.9801453028768407, "coverage": 0.9126984126984127, "width_mean": 0.5507722331177906, "width_sd": 0.1507865484716438, "width_min": 0.3883025355290275, "width_q1": 0.46562306804026093, "width_q2": 0.5053710648060747, "width_q3": 0.5852261912304242, "width_max": 1.3019367762898613}