{"data_name": "OpticalNetwork", "n_neighbors": "all", "level": 0.99, "random_state": 9674, "test_size": 0.2, "n": 630, "d": 9, "oob_score": 0.9760694737170872, "test_score": 0.9710087067497309, "coverage": 0.9603174603174603, "width_mean": 1.0542535523776917, "width_sd": 1.2032498465048563e-16, "width_min": 1.0542535523776917, "width_q1": 1.0542535523776917, "width_q2": 1.0542535523776917, "width_q3": 1.054253552377692, "width_max": 1.0542535523776921}