{"data_name": "OpticalNetwork", "n_neighbors": 20, "level": 0.95, "random_state": 4012, "test_size": 0.2, "n": 630, "d": 9, "oob_score": 0.9739119213753198, "test_score": 0.9763253354944904, "coverage": 0.9126984126984127, "width_mean": 0.6216198244798492, "width_sd": 0.19373328626355646, "width_min": 0.1535834426512861, "width_q1": 0.5053327305176256, "width_q2": 0.6496012325609118, "width_q3": 0.761759626234723, "width_max": 1.072094614251847}