{"data_name": "OpticalNetwork", "n_neighbors": 5, "level": 0.95, "random_state": 4506, "test_size": 0.2, "n": 630, "d": 9, "oob_score": 0.9750518221563754, "test_score": 0.9629196261185595, "coverage": 0.6904761904761905, "width_mean": 0.30639259861104895, "width_sd": 0.19207860192655776, "width_min": 0.03190330549392617, "width_q1": 0.1528011629135954, "width_q2": 0.2602697411416935, "width_q3": 0.4459397457114034, "width_max": 1.1269419902935964}