{"data_name": "OpticalNetwork", "n_neighbors": "auto", "level": 0.95, "random_state": 4012, "test_size": 0.2, "n": 630, "d": 9, "oob_score": 0.9739119213753198, "test_score": 0.9763253354944904, "coverage": 0.8809523809523809, "width_mean": 0.5068440422417763, "width_sd": 0.20596533829976454, "width_min": 0.10687269090247986, "width_q1": 0.3505510055872094, "width_q2": 0.5130651937696249, "width_q3": 0.619749405312479, "width_max": 1.0469309970962635}