{"data_name": "OpticalNetwork", "n_neighbors": 20, "level": 0.95, "random_state": 4506, "test_size": 0.2, "n": 630, "d": 9, "oob_score": 0.9750518221563754, "test_score": 0.9629196261185595, "coverage": 0.8809523809523809, "width_mean": 0.4991828688023337, "width_sd": 0.17326299048344215, "width_min": 0.14365979471338552, "width_q1": 0.37015899774023514, "width_q2": 0.4991386123150256, "width_q3": 0.6210346778209286, "width_max": 0.9557510586598748}