{"data_name": "OpticalNetwork", "n_neighbors": 10, "level": 0.99, "random_state": 8935, "test_size": 0.2, "n": 630, "d": 9, "oob_score": 0.9712027267592281, "test_score": 0.9749702535737668, "coverage": 0.8650793650793651, "width_mean": 0.48574113459647955, "width_sd": 0.2595008781358693, "width_min": 0.11675608009363136, "width_q1": 0.2832481003078908, "width_q2": 0.45340626658568217, "width_q3": 0.6253495853150711, "width_max": 1.4374630887532263}