{"data_name": "OpticalNetwork", "n_neighbors": "all", "level": 0.8, "random_state": 3657, "test_size": 0.2, "n": 630, "d": 9, "oob_score": 0.9710795417212036, "test_score": 0.9793991504344087, "coverage": 0.8571428571428571, "width_mean": 0.3500533571773885, "width_sd": 2.6168207644729584e-17, "width_min": 0.3500533571773884, "width_q1": 0.3500533571773885, "width_q2": 0.3500533571773885, "width_q3": 0.3500533571773885, "width_max": 0.3500533571773886}