{"data_name": "OpticalNetwork", "n_neighbors": 10, "level": 0.9, "random_state": 4506, "test_size": 0.2, "n": 630, "d": 9, "oob_score": 0.9750518221563754, "test_score": 0.9629196261185595, "coverage": 0.8174603174603174, "width_mean": 0.37151607129886643, "width_sd": 0.1688395644973943, "width_min": 0.04870610100898176, "width_q1": 0.23673454571450478, "width_q2": 0.3712827605546992, "width_q3": 0.48243140326878503, "width_max": 0.8688090710344302}