{"data_name": "OpticalNetwork", "n_neighbors": 200, "level": 0.95, "random_state": 4012, "test_size": 0.2, "n": 630, "d": 9, "oob_score": 0.9739119213753198, "test_score": 0.9763253354944904, "coverage": 0.9682539682539683, "width_mean": 0.6980632789170697, "width_sd": 0.02039058403197644, "width_min": 0.6494671102575769, "width_q1": 0.6943091490999085, "width_q2": 0.6943091490999085, "width_q3": 0.6952048959230077, "width_max": 0.747787217207815}