{"data_name": "OpticalNetwork", "n_neighbors": "auto", "level": 0.95, "random_state": 2286, "test_size": 0.2, "n": 630, "d": 9, "oob_score": 0.9688044983417028, "test_score": 0.9801453028768407, "coverage": 0.9126984126984127, "width_mean": 0.5259400116035315, "width_sd": 0.2489749833121683, "width_min": 0.10767232722453501, "width_q1": 0.3469155425542884, "width_q2": 0.4776509183308897, "width_q3": 0.6839615503834382, "width_max": 1.4000742939726722}