{"data_name": "OpticalNetwork", "n_neighbors": "auto", "level": 0.99, "random_state": 8935, "test_size": 0.2, "n": 630, "d": 9, "oob_score": 0.9712027267592281, "test_score": 0.9749702535737668, "coverage": 0.9365079365079365, "width_mean": 0.6426028776823619, "width_sd": 0.27667405227959624, "width_min": 0.14519466237361112, "width_q1": 0.45266643649702965, "width_q2": 0.6127087925849215, "width_q3": 0.7964026989487629, "width_max": 1.4277305433335474}