{"data_name": "OpticalNetwork", "n_neighbors": 50, "level": 0.8, "random_state": 1679, "test_size": 0.2, "n": 630, "d": 9, "oob_score": 0.9693972197735393, "test_score": 0.9682791965783949, "coverage": 0.7936507936507936, "width_mean": 0.3625551286067441, "width_sd": 0.055543278604381775, "width_min": 0.2652761904755454, "width_q1": 0.32141974290822906, "width_q2": 0.3412205741545453, "width_q3": 0.39713897202404186, "width_max": 0.5312929472094423}