{"data_name": "OpticalNetwork", "n_neighbors": "auto", "level": 0.99, "random_state": 9674, "test_size": 0.2, "n": 630, "d": 9, "oob_score": 0.9760694737170872, "test_score": 0.9710087067497309, "coverage": 0.8888888888888888, "width_mean": 0.5561832638842633, "width_sd": 0.24923949362916897, "width_min": 0.10339941468307368, "width_q1": 0.363585191937587, "width_q2": 0.5309558064078526, "width_q3": 0.708288926592081, "width_max": 1.3022152813915089}