{"data_name": "OpticalNetwork", "n_neighbors": 200, "level": 0.95, "random_state": 409, "test_size": 0.2, "n": 630, "d": 9, "oob_score": 0.9735159216546482, "test_score": 0.9704296608748642, "coverage": 0.9444444444444444, "width_mean": 0.6942121873425472, "width_sd": 0.006155081314992705, "width_min": 0.6811829807192857, "width_q1": 0.691012913644059, "width_q2": 0.6910129136440593, "width_q3": 0.6950435460754638, "width_max": 0.7130489969915619}