{"data_name": "OpticalNetwork", "n_neighbors": 10, "level": 0.95, "random_state": 409, "test_size": 0.2, "n": 630, "d": 9, "oob_score": 0.9735159216546482, "test_score": 0.9704296608748642, "coverage": 0.7698412698412699, "width_mean": 0.37933200800082495, "width_sd": 0.21851062066623742, "width_min": 0.10192315090627058, "width_q1": 0.18961368818334162, "width_q2": 0.3280869175016492, "width_q3": 0.5094433540914618, "width_max": 1.0225897499618786}