{"data_name": "OpticalNetwork", "n_neighbors": "all", "level": 0.95, "random_state": 3657, "test_size": 0.2, "n": 630, "d": 9, "oob_score": 0.9710795417212036, "test_score": 0.9793991504344087, "coverage": 0.9761904761904762, "width_mean": 0.7257320732352841, "width_sd": 2.264073913044317e-16, "width_min": 0.7257320732352842, "width_q1": 0.7257320732352843, "width_q2": 0.7257320732352843, "width_q3": 0.7257320732352843, "width_max": 0.7257320732352844}