{"data_name": "OpticalNetwork", "n_neighbors": 50, "level": 0.99, "random_state": 8935, "test_size": 0.2, "n": 630, "d": 9, "oob_score": 0.9712027267592281, "test_score": 0.9749702535737668, "coverage": 0.9523809523809523, "width_mean": 0.7159859334904329, "width_sd": 0.2044637109445255, "width_min": 0.4698706410986948, "width_q1": 0.5653805049403504, "width_q2": 0.6595069425516893, "width_q3": 0.7854547361969959, "width_max": 1.4023412254472314}