{"data_name": "OpticalNetwork", "n_neighbors": "all", "level": 0.8, "random_state": 1424, "test_size": 0.2, "n": 630, "d": 9, "oob_score": 0.9729714335053344, "test_score": 0.9771817877770106, "coverage": 0.8412698412698413, "width_mean": 0.3564025129213872, "width_sd": 1.6944509827569106e-16, "width_min": 0.35640251292138725, "width_q1": 0.35640251292138736, "width_q2": 0.35640251292138736, "width_q3": 0.35640251292138736, "width_max": 0.35640251292138747}