{"data_name": "OpticalNetwork", "n_neighbors": "auto", "level": 0.8, "random_state": 4012, "test_size": 0.2, "n": 630, "d": 9, "oob_score": 0.9739119213753198, "test_score": 0.9763253354944904, "coverage": 0.7857142857142857, "width_mean": 0.32305371673330685, "width_sd": 0.14446945980270506, "width_min": 0.08249233730813649, "width_q1": 0.212216275665691, "width_q2": 0.3012829335257462, "width_q3": 0.40574908956374955, "width_max": 0.8162648728697818}