{"data_name": "OpticalNetwork", "n_neighbors": 200, "level": 0.8, "random_state": 3657, "test_size": 0.2, "n": 630, "d": 9, "oob_score": 0.9710795417212036, "test_score": 0.9793991504344087, "coverage": 0.8492063492063492, "width_mean": 0.3411327761926881, "width_sd": 0.00783386774371528, "width_min": 0.33239532993204046, "width_q1": 0.33592558749377355, "width_q2": 0.33965551022399765, "width_q3": 0.34539575745387685, "width_max": 0.3745489031954161}