{"data_name": "OpticalNetwork", "n_neighbors": 20, "level": 0.95, "random_state": 9674, "test_size": 0.2, "n": 630, "d": 9, "oob_score": 0.9760694737170872, "test_score": 0.9710087067497309, "coverage": 0.8968253968253969, "width_mean": 0.4902842526086658, "width_sd": 0.2015938216176781, "width_min": 0.1367301757785544, "width_q1": 0.34562705466659793, "width_q2": 0.4759030781469476, "width_q3": 0.6047094037990836, "width_max": 1.0699251952162048}