{"data_name": "OpticalNetwork", "n_neighbors": 20, "level": 0.9, "random_state": 3657, "test_size": 0.2, "n": 630, "d": 9, "oob_score": 0.9710795417212036, "test_score": 0.9793991504344087, "coverage": 0.9047619047619048, "width_mean": 0.4367699006295244, "width_sd": 0.17297934019910918, "width_min": 0.11981683185525371, "width_q1": 0.2889711883456479, "width_q2": 0.4356468525576208, "width_q3": 0.5615197803867967, "width_max": 0.8688099994684587}