{"data_name": "OpticalNetwork", "n_neighbors": 50, "level": 0.99, "random_state": 2286, "test_size": 0.2, "n": 630, "d": 9, "oob_score": 0.9688044983417028, "test_score": 0.9801453028768407, "coverage": 0.9603174603174603, "width_mean": 0.7030318337103759, "width_sd": 0.19703096078153604, "width_min": 0.41410287355780295, "width_q1": 0.5721201827932633, "width_q2": 0.6407685788068678, "width_q3": 0.7929251769405306, "width_max": 1.4999024995156898}