{"data_name": "OpticalNetwork", "n_neighbors": 200, "level": 0.8, "random_state": 2286, "test_size": 0.2, "n": 630, "d": 9, "oob_score": 0.9688044983417028, "test_score": 0.9801453028768407, "coverage": 0.8412698412698413, "width_mean": 0.3538728080209138, "width_sd": 0.01337051250515898, "width_min": 0.3304596019569891, "width_q1": 0.34326359713613575, "width_q2": 0.35179420906856373, "width_q3": 0.3671153079770408, "width_max": 0.382113204019223}