{"data_name": "OpticalNetwork", "n_neighbors": 20, "level": 0.8, "random_state": 1824, "test_size": 0.2, "n": 630, "d": 9, "oob_score": 0.97516548378324, "test_score": 0.9789233685790045, "coverage": 0.7857142857142857, "width_mean": 0.3350935277414516, "width_sd": 0.12237217109871415, "width_min": 0.0929958394503998, "width_q1": 0.24664724717048023, "width_q2": 0.3198833074086709, "width_q3": 0.40946775510422057, "width_max": 0.6817557970591939}