{"data_name": "OpticalNetwork", "n_neighbors": 100, "level": 0.99, "random_state": 4506, "test_size": 0.2, "n": 630, "d": 9, "oob_score": 0.9750518221563754, "test_score": 0.9629196261185595, "coverage": 0.9761904761904762, "width_mean": 0.9711283764932016, "width_sd": 0.05796153187180703, "width_min": 0.9394145696233434, "width_q1": 0.9394145696233436, "width_q2": 0.9405154096175449, "width_q3": 0.9883463956817409, "width_max": 1.1809634276471692}