{"data_name": "OpticalNetwork", "n_neighbors": 200, "level": 0.9, "random_state": 2286, "test_size": 0.2, "n": 630, "d": 9, "oob_score": 0.9688044983417028, "test_score": 0.9801453028768407, "coverage": 0.8809523809523809, "width_mean": 0.4517775545756945, "width_sd": 0.012910887605302564, "width_min": 0.4214760325068846, "width_q1": 0.44365311001187213, "width_q2": 0.44843692287656567, "width_q3": 0.4551752575462833, "width_max": 0.5022084607816014}