{"data_name": "OpticalNetwork", "n_neighbors": "all", "level": 0.9, "random_state": 9674, "test_size": 0.2, "n": 630, "d": 9, "oob_score": 0.9760694737170872, "test_score": 0.9710087067497309, "coverage": 0.8571428571428571, "width_mean": 0.481927353496558, "width_sd": 9.265066052102979e-17, "width_min": 0.4819273534965578, "width_q1": 0.4819273534965579, "width_q2": 0.48192735349655796, "width_q3": 0.481927353496558, "width_max": 0.481927353496558}