{"data_name": "OpticalNetwork", "n_neighbors": 200, "level": 0.9, "random_state": 3657, "test_size": 0.2, "n": 630, "d": 9, "oob_score": 0.9710795417212036, "test_score": 0.9793991504344087, "coverage": 0.9126984126984127, "width_mean": 0.47417641969310503, "width_sd": 0.025500387290292588, "width_min": 0.4437813334638254, "width_q1": 0.44378133346382564, "width_q2": 0.4689631561676959, "width_q3": 0.49618797250564006, "width_max": 0.5302572279236855}