{"data_name": "OpticalNetwork", "n_neighbors": 20, "level": 0.99, "random_state": 4012, "test_size": 0.2, "n": 630, "d": 9, "oob_score": 0.9739119213753198, "test_score": 0.9763253354944904, "coverage": 0.9365079365079365, "width_mean": 0.7138445847908682, "width_sd": 0.21718433401968215, "width_min": 0.15818230900531938, "width_q1": 0.573877622499998, "width_q2": 0.744444778507821, "width_q3": 0.8532913867913372, "width_max": 1.2066780622131499}