{"data_name": "OpticalNetwork", "n_neighbors": 100, "level": 0.99, "random_state": 1424, "test_size": 0.2, "n": 630, "d": 9, "oob_score": 0.9729714335053344, "test_score": 0.9771817877770106, "coverage": 0.9920634920634921, "width_mean": 1.27952741173002, "width_sd": 0.05839058383209113, "width_min": 1.0944366508766423, "width_q1": 1.263747590777879, "width_q2": 1.263747590777879, "width_q3": 1.309670741843334, "width_max": 1.4028925030720214}