{"data_name": "OpticalNetwork", "n_neighbors": 100, "level": 0.9, "random_state": 4506, "test_size": 0.2, "n": 630, "d": 9, "oob_score": 0.9750518221563754, "test_score": 0.9629196261185595, "coverage": 0.8888888888888888, "width_mean": 0.4626909455436951, "width_sd": 0.037719704642449295, "width_min": 0.3679014547186893, "width_q1": 0.4378845863519889, "width_q2": 0.4642043154433474, "width_q3": 0.4833318794994312, "width_max": 0.5817996567836152}