{"data_name": "OpticalNetwork", "n_neighbors": 50, "level": 0.99, "random_state": 4506, "test_size": 0.2, "n": 630, "d": 9, "oob_score": 0.9750518221563754, "test_score": 0.9629196261185595, "coverage": 0.9603174603174603, "width_mean": 0.8395456896404462, "width_sd": 0.15961424625037277, "width_min": 0.42663111294671485, "width_q1": 0.7076939255075998, "width_q2": 0.810113217775115, "width_q3": 0.9676255293174821, "width_max": 1.175626040081582}