{"data_name": "OpticalNetwork", "n_neighbors": 500, "level": 0.99, "random_state": 4012, "test_size": 0.2, "n": 630, "d": 9, "oob_score": 0.9739119213753198, "test_score": 0.9763253354944904, "coverage": 0.9920634920634921, "width_mean": 1.0999848401662295, "width_sd": 3.4433111363114944e-16, "width_min": 1.0999848401662298, "width_q1": 1.0999848401662298, "width_q2": 1.0999848401662298, "width_q3": 1.09998484016623, "width_max": 1.09998484016623}