{"data_name": "OpticalNetwork", "n_neighbors": 50, "level": 0.9, "random_state": 1424, "test_size": 0.2, "n": 630, "d": 9, "oob_score": 0.9729714335053344, "test_score": 0.9771817877770106, "coverage": 0.8888888888888888, "width_mean": 0.4481945101531092, "width_sd": 0.09912580946015694, "width_min": 0.27536104424543417, "width_q1": 0.3758272829348557, "width_q2": 0.44280078075323664, "width_q3": 0.49432512325942163, "width_max": 0.8088782196870856}