{"data_name": "OpticalNetwork", "n_neighbors": 100, "level": 0.8, "random_state": 409, "test_size": 0.2, "n": 630, "d": 9, "oob_score": 0.9735159216546482, "test_score": 0.9704296608748642, "coverage": 0.7777777777777778, "width_mean": 0.38476365127821816, "width_sd": 0.024930252042742844, "width_min": 0.2956589263331807, "width_q1": 0.36978426922948837, "width_q2": 0.391609716466607, "width_q3": 0.3978050233129149, "width_max": 0.4428395222808144}