{"data_name": "OpticalNetwork", "n_neighbors": 200, "level": 0.9, "random_state": 1679, "test_size": 0.2, "n": 630, "d": 9, "oob_score": 0.9693972197735393, "test_score": 0.9682791965783949, "coverage": 0.873015873015873, "width_mean": 0.5325131559651822, "width_sd": 0.015598015804334404, "width_min": 0.5209778317349596, "width_q1": 0.52417702905981, "width_q2": 0.5242439062315093, "width_q3": 0.5326038734127931, "width_max": 0.5986652447404925}