{"data_name": "OpticalNetwork", "n_neighbors": 500, "level": 0.99, "random_state": 1824, "test_size": 0.2, "n": 630, "d": 9, "oob_score": 0.97516548378324, "test_score": 0.9789233685790045, "coverage": 0.9841269841269841, "width_mean": 0.9725034106772086, "width_sd": 1.423017136263151e-16, "width_min": 0.9725034106772084, "width_q1": 0.9725034106772084, "width_q2": 0.9725034106772085, "width_q3": 0.9725034106772086, "width_max": 0.9725034106772088}