{"data_name": "OpticalNetwork", "n_neighbors": 500, "level": 0.99, "random_state": 2286, "test_size": 0.2, "n": 630, "d": 9, "oob_score": 0.9688044983417028, "test_score": 0.9801453028768407, "coverage": 0.9920634920634921, "width_mean": 1.3043763382208486, "width_sd": 0.0013563720426331, "width_min": 1.2994858692725295, "width_q1": 1.3047525281399506, "width_q2": 1.3047525281399506, "width_q3": 1.3047525281399506, "width_max": 1.3047525281399508}