{"data_name": "OpticalNetwork", "n_neighbors": 100, "level": 0.95, "random_state": 2286, "test_size": 0.2, "n": 630, "d": 9, "oob_score": 0.9688044983417028, "test_score": 0.9801453028768407, "coverage": 0.9603174603174603, "width_mean": 0.6152609774539365, "width_sd": 0.08286538160237424, "width_min": 0.5043327743868837, "width_q1": 0.5615828084530803, "width_q2": 0.5852052707418505, "width_q3": 0.650751598161108, "width_max": 1.0225318467627706}