{"data_name": "OpticalNetwork", "n_neighbors": 200, "level": 0.95, "random_state": 9674, "test_size": 0.2, "n": 630, "d": 9, "oob_score": 0.9760694737170872, "test_score": 0.9710087067497309, "coverage": 0.9285714285714286, "width_mean": 0.6156604201174888, "width_sd": 0.03321919451607552, "width_min": 0.536894675784708, "width_q1": 0.617863007993983, "width_q2": 0.6235283269245403, "width_q3": 0.6322130669758379, "width_max": 0.6855261441815774}