{"data_name": "OpticalNetwork", "n_neighbors": 10, "level": 0.8, "random_state": 2286, "test_size": 0.2, "n": 630, "d": 9, "oob_score": 0.9688044983417028, "test_score": 0.9801453028768407, "coverage": 0.7222222222222222, "width_mean": 0.31112719245928006, "width_sd": 0.20739387520197855, "width_min": 0.050719945514461795, "width_q1": 0.17976953251075867, "width_q2": 0.2732455907816663, "width_q3": 0.3929157337933248, "width_max": 1.2499087707859864}