{"data_name": "OpticalNetwork", "n_neighbors": 50, "level": 0.99, "random_state": 409, "test_size": 0.2, "n": 630, "d": 9, "oob_score": 0.9735159216546482, "test_score": 0.9704296608748642, "coverage": 0.9603174603174603, "width_mean": 0.7343349364122256, "width_sd": 0.16745555253793923, "width_min": 0.5624308101695976, "width_q1": 0.6228557330386224, "width_q2": 0.6761343038532321, "width_q3": 0.8066583869638629, "width_max": 1.5542777771305942}