{"data_name": "OpticalNetwork", "n_neighbors": "all", "level": 0.99, "random_state": 1679, "test_size": 0.2, "n": 630, "d": 9, "oob_score": 0.9693972197735393, "test_score": 0.9682791965783949, "coverage": 0.9841269841269841, "width_mean": 1.191566998994678, "width_sd": 9.890652812036248e-17, "width_min": 1.1915669989946778, "width_q1": 1.191566998994678, "width_q2": 1.191566998994678, "width_q3": 1.191566998994678, "width_max": 1.191566998994678}