{"data_name": "OpticalNetwork", "n_neighbors": 100, "level": 0.8, "random_state": 2286, "test_size": 0.2, "n": 630, "d": 9, "oob_score": 0.9688044983417028, "test_score": 0.9801453028768407, "coverage": 0.8492063492063492, "width_mean": 0.36882169856591057, "width_sd": 0.025891264189872084, "width_min": 0.3136536073992038, "width_q1": 0.35003218698615, "width_q2": 0.3696872383838364, "width_q3": 0.38398737866569843, "width_max": 0.4256902980845562}