{"data_name": "OpticalNetwork", "n_neighbors": 100, "level": 0.8, "random_state": 1424, "test_size": 0.2, "n": 630, "d": 9, "oob_score": 0.9729714335053344, "test_score": 0.9771817877770106, "coverage": 0.8174603174603174, "width_mean": 0.31536686382698975, "width_sd": 0.026573594862827808, "width_min": 0.2575686489115385, "width_q1": 0.29044497383083223, "width_q2": 0.3185545394150652, "width_q3": 0.331048071881286, "width_max": 0.38524340722472583}