{"data_name": "OpticalNetwork", "n_neighbors": 200, "level": 0.8, "random_state": 4012, "test_size": 0.2, "n": 630, "d": 9, "oob_score": 0.9739119213753198, "test_score": 0.9763253354944904, "coverage": 0.8174603174603174, "width_mean": 0.3628170821196634, "width_sd": 0.014829893945650104, "width_min": 0.3239940579641134, "width_q1": 0.35331977735608555, "width_q2": 0.3622031063086866, "width_q3": 0.3667687163313571, "width_max": 0.4030593395107116}