{"data_name": "OpticalNetwork", "n_neighbors": 200, "level": 0.8, "random_state": 1424, "test_size": 0.2, "n": 630, "d": 9, "oob_score": 0.9729714335053344, "test_score": 0.9771817877770106, "coverage": 0.8333333333333334, "width_mean": 0.34007802873523174, "width_sd": 0.008938153947310734, "width_min": 0.3239506818155148, "width_q1": 0.3325615320511772, "width_q2": 0.3396178754899429, "width_q3": 0.34598902491894123, "width_max": 0.36891194636323243}