{"data_name": "OpticalNetwork", "n_neighbors": "all", "level": 0.9, "random_state": 4506, "test_size": 0.2, "n": 630, "d": 9, "oob_score": 0.9750518221563754, "test_score": 0.9629196261185595, "coverage": 0.8888888888888888, "width_mean": 0.53840805642954, "width_sd": 3.3070888193081985e-16, "width_min": 0.5384080564295397, "width_q1": 0.5384080564295397, "width_q2": 0.5384080564295397, "width_q3": 0.5384080564295397, "width_max": 0.5384080564295399}