{"data_name": "OpticalNetwork", "n_neighbors": 50, "level": 0.95, "random_state": 3657, "test_size": 0.2, "n": 630, "d": 9, "oob_score": 0.9710795417212036, "test_score": 0.9793991504344087, "coverage": 0.9761904761904762, "width_mean": 0.626145988988146, "width_sd": 0.08643473021660862, "width_min": 0.5007291983622429, "width_q1": 0.5669892879452723, "width_q2": 0.5925501632184853, "width_q3": 0.7009734085332422, "width_max": 0.8509830238184063}