{"data_name": "OpticalNetwork", "n_neighbors": "auto", "level": 0.8, "random_state": 3657, "test_size": 0.2, "n": 630, "d": 9, "oob_score": 0.9710795417212036, "test_score": 0.9793991504344087, "coverage": 0.8015873015873016, "width_mean": 0.31445972797827404, "width_sd": 0.1573261476923543, "width_min": 0.08068492346703782, "width_q1": 0.18377581573303753, "width_q2": 0.29567618368659415, "width_q3": 0.431210787815685, "width_max": 0.9268512681091003}