{"data_name": "OpticalNetwork", "n_neighbors": "auto", "level": 0.95, "random_state": 3657, "test_size": 0.2, "n": 630, "d": 9, "oob_score": 0.9710795417212036, "test_score": 0.9793991504344087, "coverage": 0.9285714285714286, "width_mean": 0.5100550199585675, "width_sd": 0.2457196452576823, "width_min": 0.1160129870331843, "width_q1": 0.3071914138747278, "width_q2": 0.5294878464627606, "width_q3": 0.6675764190362645, "width_max": 1.3978929453572588}