{"data_name": "OpticalNetwork", "n_neighbors": 20, "level": 0.8, "random_state": 8935, "test_size": 0.2, "n": 630, "d": 9, "oob_score": 0.9712027267592281, "test_score": 0.9749702535737668, "coverage": 0.7936507936507936, "width_mean": 0.3028167030915743, "width_sd": 0.135408844995141, "width_min": 0.07886515010440243, "width_q1": 0.18282183576686967, "width_q2": 0.28573493465028654, "width_q3": 0.37950904330728447, "width_max": 0.7777707581835059}