{"data_name": "OpticalNetwork", "n_neighbors": 5, "level": 0.9, "random_state": 3657, "test_size": 0.2, "n": 630, "d": 9, "oob_score": 0.9710795417212036, "test_score": 0.9793991504344087, "coverage": 0.7142857142857143, "width_mean": 0.29187655483359154, "width_sd": 0.21220569209036202, "width_min": 0.032554724475113206, "width_q1": 0.14363390395532588, "width_q2": 0.22373238945265, "width_q3": 0.40388609424439903, "width_max": 1.3455549812185748}