{"data_name": "OpticalNetwork", "n_neighbors": 500, "level": 0.8, "random_state": 409, "test_size": 0.2, "n": 630, "d": 9, "oob_score": 0.9735159216546482, "test_score": 0.9704296608748642, "coverage": 0.746031746031746, "width_mean": 0.3494573253746581, "width_sd": 0.0003506816214580816, "width_min": 0.3483995889654199, "width_q1": 0.3495758036221337, "width_q2": 0.3495758036221338, "width_q3": 0.3495758036221338, "width_max": 0.3495758036221339}