{"data_name": "OpticalNetwork", "n_neighbors": 50, "level": 0.9, "random_state": 1679, "test_size": 0.2, "n": 630, "d": 9, "oob_score": 0.9693972197735393, "test_score": 0.9682791965783949, "coverage": 0.8650793650793651, "width_mean": 0.4961358662302539, "width_sd": 0.057146013541429966, "width_min": 0.3701984696653975, "width_q1": 0.4608646489299345, "width_q2": 0.4792203559739271, "width_q3": 0.5239769378663186, "width_max": 0.7029118126098916}