{"data_name": "OpticalNetwork", "n_neighbors": 100, "level": 0.99, "random_state": 1679, "test_size": 0.2, "n": 630, "d": 9, "oob_score": 0.9693972197735393, "test_score": 0.9682791965783949, "coverage": 0.9920634920634921, "width_mean": 1.4851362977651381, "width_sd": 0.041199822738379396, "width_min": 1.4012689320973228, "width_q1": 1.4827786339517965, "width_q2": 1.4827786339517968, "width_q3": 1.4866941582516942, "width_max": 1.5955499341721524}