{"data_name": "OpticalNetwork", "n_neighbors": "all", "level": 0.99, "random_state": 4012, "test_size": 0.2, "n": 630, "d": 9, "oob_score": 0.9739119213753198, "test_score": 0.9763253354944904, "coverage": 0.9920634920634921, "width_mean": 1.0991018740441398, "width_sd": 6.820965929085353e-16, "width_min": 1.099101874044139, "width_q1": 1.0991018740441392, "width_q2": 1.0991018740441392, "width_q3": 1.0991018740441392, "width_max": 1.0991018740441394}