{"data_name": "OpticalNetwork", "n_neighbors": 500, "level": 0.8, "random_state": 3657, "test_size": 0.2, "n": 630, "d": 9, "oob_score": 0.9710795417212036, "test_score": 0.9793991504344087, "coverage": 0.8571428571428571, "width_mean": 0.3494369111129271, "width_sd": 0.001195569498155963, "width_min": 0.3462832661106259, "width_q1": 0.3492246951208311, "width_q2": 0.3495689613729729, "width_q3": 0.35074583987128527, "width_max": 0.3507458398712855}