{"data_name": "OpticalNetwork", "n_neighbors": 500, "level": 0.9, "random_state": 2286, "test_size": 0.2, "n": 630, "d": 9, "oob_score": 0.9688044983417028, "test_score": 0.9801453028768407, "coverage": 0.8888888888888888, "width_mean": 0.5044506508890776, "width_sd": 0.0046471446786726526, "width_min": 0.4764714661296775, "width_q1": 0.5058476558660242, "width_q2": 0.5058476558660243, "width_q3": 0.5058476558660243, "width_max": 0.5058476558660244}