{"data_name": "OpticalNetwork", "n_neighbors": 10, "level": 0.8, "random_state": 8935, "test_size": 0.2, "n": 630, "d": 9, "oob_score": 0.9712027267592281, "test_score": 0.9749702535737668, "coverage": 0.7619047619047619, "width_mean": 0.2912625700258536, "width_sd": 0.17390040115767685, "width_min": 0.05795851123877638, "width_q1": 0.1567961189429005, "width_q2": 0.2469605154402054, "width_q3": 0.3873861315899075, "width_max": 1.0854220104504264}