{"data_name": "OpticalNetwork", "n_neighbors": 20, "level": 0.8, "random_state": 3657, "test_size": 0.2, "n": 630, "d": 9, "oob_score": 0.9710795417212036, "test_score": 0.9793991504344087, "coverage": 0.8253968253968254, "width_mean": 0.32295178231957167, "width_sd": 0.13317621532750812, "width_min": 0.09799570390797041, "width_q1": 0.2221470255445661, "width_q2": 0.30650793690509526, "width_q3": 0.4155622677696329, "width_max": 0.6766947177622052}