{"data_name": "OpticalNetwork", "n_neighbors": "all", "level": 0.9, "random_state": 1679, "test_size": 0.2, "n": 630, "d": 9, "oob_score": 0.9693972197735393, "test_score": 0.9682791965783949, "coverage": 0.873015873015873, "width_mean": 0.5298523726548656, "width_sd": 1.652064727559399e-16, "width_min": 0.5298523726548654, "width_q1": 0.5298523726548654, "width_q2": 0.5298523726548654, "width_q3": 0.5298523726548656, "width_max": 0.5298523726548656}