{"data_name": "OpticalNetwork", "n_neighbors": 100, "level": 0.9, "random_state": 1679, "test_size": 0.2, "n": 630, "d": 9, "oob_score": 0.9693972197735393, "test_score": 0.9682791965783949, "coverage": 0.9047619047619048, "width_mean": 0.5712579498867077, "width_sd": 0.0226387372767672, "width_min": 0.5551656515859187, "width_q1": 0.5588882122822201, "width_q2": 0.5627004442081799, "width_q3": 0.5743186566038022, "width_max": 0.6976306287396924}