{"data_name": "OpticalNetwork", "n_neighbors": 20, "level": 0.95, "random_state": 1424, "test_size": 0.2, "n": 630, "d": 9, "oob_score": 0.9729714335053344, "test_score": 0.9771817877770106, "coverage": 0.9365079365079365, "width_mean": 0.548784379661683, "width_sd": 0.2179427770607252, "width_min": 0.09432518200852291, "width_q1": 0.40617539066578073, "width_q2": 0.5260332730677431, "width_q3": 0.6797589180637373, "width_max": 1.2132057040656714}