{"data_name": "OpticalNetwork", "n_neighbors": 200, "level": 0.8, "random_state": 1679, "test_size": 0.2, "n": 630, "d": 9, "oob_score": 0.9693972197735393, "test_score": 0.9682791965783949, "coverage": 0.8095238095238095, "width_mean": 0.3852334133206993, "width_sd": 0.009536282474071763, "width_min": 0.3731088540214381, "width_q1": 0.3761288569361001, "width_q2": 0.3819080391846572, "width_q3": 0.3928677601174995, "width_max": 0.42038887011763193}