{"data_name": "OpticalNetwork", "n_neighbors": 50, "level": 0.9, "random_state": 4506, "test_size": 0.2, "n": 630, "d": 9, "oob_score": 0.9750518221563754, "test_score": 0.9629196261185595, "coverage": 0.8650793650793651, "width_mean": 0.40666175480815137, "width_sd": 0.07997651881497839, "width_min": 0.254100357022627, "width_q1": 0.33954349714600873, "width_q2": 0.4037960683066588, "width_q3": 0.4611058241136146, "width_max": 0.6348519656503584}