{"data_name": "OpticalNetwork", "n_neighbors": "all", "level": 0.8, "random_state": 409, "test_size": 0.2, "n": 630, "d": 9, "oob_score": 0.9735159216546482, "test_score": 0.9704296608748642, "coverage": 0.746031746031746, "width_mean": 0.3487918919084759, "width_sd": 1.117906320624082e-16, "width_min": 0.3487918919084758, "width_q1": 0.3487918919084758, "width_q2": 0.34879189190847587, "width_q3": 0.3487918919084759, "width_max": 0.34879189190847626}