{"data_name": "OpticalNetwork", "n_neighbors": 10, "level": 0.95, "random_state": 2286, "test_size": 0.2, "n": 630, "d": 9, "oob_score": 0.9688044983417028, "test_score": 0.9801453028768407, "coverage": 0.8492063492063492, "width_mean": 0.4405475898211314, "width_sd": 0.25158740043953337, "width_min": 0.07868296888789295, "width_q1": 0.2704565657563506, "width_q2": 0.36673945650861406, "width_q3": 0.5703401242787545, "width_max": 1.4188449843710083}