{"data_name": "OpticalNetwork", "n_neighbors": 50, "level": 0.99, "random_state": 1824, "test_size": 0.2, "n": 630, "d": 9, "oob_score": 0.97516548378324, "test_score": 0.9789233685790045, "coverage": 0.9761904761904762, "width_mean": 0.9396462908618916, "width_sd": 0.11712309062438199, "width_min": 0.6723618529969795, "width_q1": 0.872501447706347, "width_q2": 0.9024801357605123, "width_q3": 1.046746005782139, "width_max": 1.3460645730467111}