{"data_name": "OpticalNetwork", "n_neighbors": 20, "level": 0.95, "random_state": 409, "test_size": 0.2, "n": 630, "d": 9, "oob_score": 0.9735159216546482, "test_score": 0.9704296608748642, "coverage": 0.9126984126984127, "width_mean": 0.5155960781518278, "width_sd": 0.2010566756411437, "width_min": 0.12211060809763352, "width_q1": 0.3369054365384559, "width_q2": 0.5178730902397581, "width_q3": 0.6432796749798604, "width_max": 1.261116587322443}