{"data_name": "OpticalNetwork", "n_neighbors": 50, "level": 0.99, "random_state": 3657, "test_size": 0.2, "n": 630, "d": 9, "oob_score": 0.9710795417212036, "test_score": 0.9793991504344087, "coverage": 0.9841269841269841, "width_mean": 0.789446416050157, "width_sd": 0.1712319545901672, "width_min": 0.6093620314683397, "width_q1": 0.6506148953408825, "width_q2": 0.7544491119795151, "width_q3": 0.8399885117663521, "width_max": 1.371886248999751}