{"data_name": "OpticalNetwork", "n_neighbors": 20, "level": 0.9, "random_state": 409, "test_size": 0.2, "n": 630, "d": 9, "oob_score": 0.9735159216546482, "test_score": 0.9704296608748642, "coverage": 0.8412698412698413, "width_mean": 0.4115322750183208, "width_sd": 0.16057683900882355, "width_min": 0.11109549206370062, "width_q1": 0.27009912269845215, "width_q2": 0.4066176430426699, "width_q3": 0.5261100174974036, "width_max": 0.7564734853067188}