{"data_name": "OpticalNetwork", "n_neighbors": 50, "level": 0.95, "random_state": 409, "test_size": 0.2, "n": 630, "d": 9, "oob_score": 0.9735159216546482, "test_score": 0.9704296608748642, "coverage": 0.9285714285714286, "width_mean": 0.5887328060068532, "width_sd": 0.05412625481224011, "width_min": 0.4948185524227555, "width_q1": 0.5557039603756606, "width_q2": 0.5771965722896513, "width_q3": 0.6133950909657762, "width_max": 0.7297643698157974}