{"data_name": "OpticalNetwork", "n_neighbors": 200, "level": 0.99, "random_state": 1824, "test_size": 0.2, "n": 630, "d": 9, "oob_score": 0.97516548378324, "test_score": 0.9789233685790045, "coverage": 0.9841269841269841, "width_mean": 1.0455073682976914, "width_sd": 0.03745156322192556, "width_min": 0.9527374692522943, "width_q1": 1.0244192139220964, "width_q2": 1.0744549361159637, "width_q3": 1.0744549361159637, "width_max": 1.0979659366222343}