{"data_name": "OpticalNetwork", "n_neighbors": 100, "level": 0.99, "random_state": 8935, "test_size": 0.2, "n": 630, "d": 9, "oob_score": 0.9712027267592281, "test_score": 0.9749702535737668, "coverage": 0.9523809523809523, "width_mean": 0.7038850273187228, "width_sd": 0.15254406614665297, "width_min": 0.5602162087480902, "width_q1": 0.5949573959323642, "width_q2": 0.6503556900437434, "width_q3": 0.747309599553301, "width_max": 1.3290709350606638}