{"data_name": "OpticalNetwork", "n_neighbors": 5, "level": 0.8, "random_state": 1424, "test_size": 0.2, "n": 630, "d": 9, "oob_score": 0.9729714335053344, "test_score": 0.9771817877770106, "coverage": 0.6904761904761905, "width_mean": 0.2598588028075125, "width_sd": 0.16569862692309906, "width_min": 0.02675997191565438, "width_q1": 0.1286175575821101, "width_q2": 0.2316000026216553, "width_q3": 0.3453131690831128, "width_max": 0.8075634195991725}