{"data_name": "OpticalNetwork", "n_neighbors": 10, "level": 0.9, "random_state": 2286, "test_size": 0.2, "n": 630, "d": 9, "oob_score": 0.9688044983417028, "test_score": 0.9801453028768407, "coverage": 0.8253968253968254, "width_mean": 0.3974074573671809, "width_sd": 0.23307602210084344, "width_min": 0.07666096876737027, "width_q1": 0.2420440246573378, "width_q2": 0.3347195796323693, "width_q3": 0.5042284132097795, "width_max": 1.3625329131760007}