{"data_name": "OpticalNetwork", "n_neighbors": "auto", "level": 0.8, "random_state": 9674, "test_size": 0.2, "n": 630, "d": 9, "oob_score": 0.9760694737170872, "test_score": 0.9710087067497309, "coverage": 0.7380952380952381, "width_mean": 0.30137109722028865, "width_sd": 0.136078016538886, "width_min": 0.06621779001707861, "width_q1": 0.2047293685082296, "width_q2": 0.28587576552419997, "width_q3": 0.3639423086065623, "width_max": 0.748196731813985}