{"data_name": "OpticalNetwork", "n_neighbors": 5, "level": 0.95, "random_state": 1679, "test_size": 0.2, "n": 630, "d": 9, "oob_score": 0.9693972197735393, "test_score": 0.9682791965783949, "coverage": 0.6825396825396826, "width_mean": 0.33733607331905097, "width_sd": 0.3020391967758185, "width_min": 0.039711530799714456, "width_q1": 0.14293572309905747, "width_q2": 0.25602671081289896, "width_q3": 0.4170109657567854, "width_max": 1.4071632357737243}