{"data_name": "OpticalNetwork", "n_neighbors": 10, "level": 0.95, "random_state": 1424, "test_size": 0.2, "n": 630, "d": 9, "oob_score": 0.9729714335053344, "test_score": 0.9771817877770106, "coverage": 0.8888888888888888, "width_mean": 0.44005901388518887, "width_sd": 0.2320729852334491, "width_min": 0.08177810107537486, "width_q1": 0.2811153686165101, "width_q2": 0.4100081761860694, "width_q3": 0.5502694093643978, "width_max": 1.4055864252065524}