{"data_name": "OpticalNetwork", "n_neighbors": 100, "level": 0.9, "random_state": 2286, "test_size": 0.2, "n": 630, "d": 9, "oob_score": 0.9688044983417028, "test_score": 0.9801453028768407, "coverage": 0.8809523809523809, "width_mean": 0.47676994091418323, "width_sd": 0.038057547367725916, "width_min": 0.41777300533362316, "width_q1": 0.447954661246474, "width_q2": 0.46754535204961045, "width_q3": 0.503009764575544, "width_max": 0.6150433075657414}