{"data_name": "OpticalNetwork", "n_neighbors": 10, "level": 0.95, "random_state": 1679, "test_size": 0.2, "n": 630, "d": 9, "oob_score": 0.9693972197735393, "test_score": 0.9682791965783949, "coverage": 0.8253968253968254, "width_mean": 0.46733844965721333, "width_sd": 0.3098526980714701, "width_min": 0.05276506965957406, "width_q1": 0.25963949815224624, "width_q2": 0.40195552803601253, "width_q3": 0.5726352376178908, "width_max": 1.390728795431301}