{"data_name": "OpticalNetwork", "n_neighbors": 20, "level": 0.9, "random_state": 4506, "test_size": 0.2, "n": 630, "d": 9, "oob_score": 0.9750518221563754, "test_score": 0.9629196261185595, "coverage": 0.8492063492063492, "width_mean": 0.39423051028023703, "width_sd": 0.15022361376409948, "width_min": 0.08521667594607885, "width_q1": 0.2886519060772586, "width_q2": 0.3916820567037767, "width_q3": 0.4966809648006407, "width_max": 0.7608354266096352}