{"data_name": "OpticalNetwork", "n_neighbors": "all", "level": 0.95, "random_state": 4012, "test_size": 0.2, "n": 630, "d": 9, "oob_score": 0.9739119213753198, "test_score": 0.9763253354944904, "coverage": 0.9682539682539683, "width_mean": 0.6852502668091031, "width_sd": 1.0834667307208314e-16, "width_min": 0.6852502668091027, "width_q1": 0.685250266809103, "width_q2": 0.685250266809103, "width_q3": 0.6852502668091031, "width_max": 0.6852502668091032}