{"data_name": "OpticalNetwork", "n_neighbors": 200, "level": 0.9, "random_state": 8935, "test_size": 0.2, "n": 630, "d": 9, "oob_score": 0.9712027267592281, "test_score": 0.9749702535737668, "coverage": 0.8968253968253969, "width_mean": 0.522482950240142, "width_sd": 0.015953426905510285, "width_min": 0.4761591361387335, "width_q1": 0.515289206256855, "width_q2": 0.5219154236587955, "width_q3": 0.5325586334882306, "width_max": 0.561972932131819}