{"data_name": "OpticalNetwork", "n_neighbors": 20, "level": 0.99, "random_state": 4506, "test_size": 0.2, "n": 630, "d": 9, "oob_score": 0.9750518221563754, "test_score": 0.9629196261185595, "coverage": 0.9047619047619048, "width_mean": 0.5831447556200114, "width_sd": 0.21288500946797298, "width_min": 0.17825324862830905, "width_q1": 0.4221084534208499, "width_q2": 0.5772907420184982, "width_q3": 0.7371563425817724, "width_max": 1.1517056140832331}