{"data_name": "OpticalNetwork", "n_neighbors": 5, "level": 0.95, "random_state": 8935, "test_size": 0.2, "n": 630, "d": 9, "oob_score": 0.9712027267592281, "test_score": 0.9749702535737668, "coverage": 0.7380952380952381, "width_mean": 0.31574474321398166, "width_sd": 0.2123827162282397, "width_min": 0.033160317940581496, "width_q1": 0.1482857158693906, "width_q2": 0.26391201702498984, "width_q3": 0.4221591660089896, "width_max": 1.064318919711659}