{"data_name": "OpticalNetwork", "n_neighbors": "auto", "level": 0.8, "random_state": 1824, "test_size": 0.2, "n": 630, "d": 9, "oob_score": 0.97516548378324, "test_score": 0.9789233685790045, "coverage": 0.7777777777777778, "width_mean": 0.32568362233004255, "width_sd": 0.14872499566242298, "width_min": 0.06380285818564602, "width_q1": 0.21022091847754204, "width_q2": 0.30973533185867197, "width_q3": 0.41419379501496334, "width_max": 0.6806292292846199}