{"data_name": "OpticalNetwork", "n_neighbors": "auto", "level": 0.99, "random_state": 4506, "test_size": 0.2, "n": 630, "d": 9, "oob_score": 0.9750518221563754, "test_score": 0.9629196261185595, "coverage": 0.9047619047619048, "width_mean": 0.5697425962556842, "width_sd": 0.22210391195444962, "width_min": 0.12873992098902454, "width_q1": 0.430963824765244, "width_q2": 0.5521084279038077, "width_q3": 0.7083011886773067, "width_max": 1.1532665201412955}