{"data_name": "OpticalNetwork", "n_neighbors": 50, "level": 0.8, "random_state": 2286, "test_size": 0.2, "n": 630, "d": 9, "oob_score": 0.9688044983417028, "test_score": 0.9801453028768407, "coverage": 0.8015873015873016, "width_mean": 0.35427847574801735, "width_sd": 0.04765904890040805, "width_min": 0.267791716068317, "width_q1": 0.31461222806361455, "width_q2": 0.34659462439090716, "width_q3": 0.39362649713617204, "width_max": 0.4682201648609454}