{"data_name": "OpticalNetwork", "n_neighbors": 20, "level": 0.9, "random_state": 1824, "test_size": 0.2, "n": 630, "d": 9, "oob_score": 0.97516548378324, "test_score": 0.9789233685790045, "coverage": 0.8650793650793651, "width_mean": 0.4257894944038898, "width_sd": 0.1364531121297801, "width_min": 0.11909752887084901, "width_q1": 0.3457772981111775, "width_q2": 0.3948740380291602, "width_q3": 0.5062290635574134, "width_max": 0.7614167145358686}