{"data_name": "OpticalNetwork", "n_neighbors": "all", "level": 0.8, "random_state": 8935, "test_size": 0.2, "n": 630, "d": 9, "oob_score": 0.9712027267592281, "test_score": 0.9749702535737668, "coverage": 0.8095238095238095, "width_mean": 0.3498106512783064, "width_sd": 8.200896077299441e-17, "width_min": 0.34981065127830635, "width_q1": 0.34981065127830646, "width_q2": 0.34981065127830646, "width_q3": 0.34981065127830646, "width_max": 0.3498106512783066}