{"data_name": "OpticalNetwork", "n_neighbors": 10, "level": 0.99, "random_state": 409, "test_size": 0.2, "n": 630, "d": 9, "oob_score": 0.9735159216546482, "test_score": 0.9704296608748642, "coverage": 0.7936507936507936, "width_mean": 0.4100418003228923, "width_sd": 0.24372204935125935, "width_min": 0.10907218968312038, "width_q1": 0.20132736283597777, "width_q2": 0.34667648514861676, "width_q3": 0.5283591089156486, "width_max": 1.2296475032298857}