{"data_name": "OpticalNetwork", "n_neighbors": 100, "level": 0.95, "random_state": 1679, "test_size": 0.2, "n": 630, "d": 9, "oob_score": 0.9693972197735393, "test_score": 0.9682791965783949, "coverage": 0.9285714285714286, "width_mean": 0.6897500669038479, "width_sd": 0.05569903109390817, "width_min": 0.6080622913621264, "width_q1": 0.6605487357789285, "width_q2": 0.6718208759998259, "width_q3": 0.7084382518714321, "width_max": 0.882666124465541}