{"data_name": "OpticalNetwork", "n_neighbors": 200, "level": 0.99, "random_state": 1679, "test_size": 0.2, "n": 630, "d": 9, "oob_score": 0.9693972197735393, "test_score": 0.9682791965783949, "coverage": 0.9920634920634921, "width_mean": 1.3413114865202513, "width_sd": 0.02341742288426338, "width_min": 1.3317227692636182, "width_q1": 1.3317227692636182, "width_q2": 1.3317227692636182, "width_q3": 1.3317227692636182, "width_max": 1.4281990552823634}