{"data_name": "OpticalNetwork", "n_neighbors": "auto", "level": 0.99, "random_state": 1824, "test_size": 0.2, "n": 630, "d": 9, "oob_score": 0.97516548378324, "test_score": 0.9789233685790045, "coverage": 0.9126984126984127, "width_mean": 0.5770588185809705, "width_sd": 0.22219102771071367, "width_min": 0.08406247529725364, "width_q1": 0.4191871742044143, "width_q2": 0.5681945685316975, "width_q3": 0.7668578472578877, "width_max": 1.0397531482314748}