{"data_name": "OpticalNetwork", "n_neighbors": 10, "level": 0.8, "random_state": 3657, "test_size": 0.2, "n": 630, "d": 9, "oob_score": 0.9710795417212036, "test_score": 0.9793991504344087, "coverage": 0.7777777777777778, "width_mean": 0.2778818045491104, "width_sd": 0.15459994016194592, "width_min": 0.06978042346676272, "width_q1": 0.1523074364567838, "width_q2": 0.25539560015588775, "width_q3": 0.36339920367833767, "width_max": 0.8953814810465857}