{"data_name": "OpticalNetwork", "n_neighbors": 10, "level": 0.9, "random_state": 4012, "test_size": 0.2, "n": 630, "d": 9, "oob_score": 0.9739119213753198, "test_score": 0.9763253354944904, "coverage": 0.8015873015873016, "width_mean": 0.40839204479831953, "width_sd": 0.18812925738963146, "width_min": 0.09152234301845308, "width_q1": 0.27451323936713584, "width_q2": 0.39930658003773095, "width_q3": 0.5280963788736655, "width_max": 1.027693010014064}