{"data_name": "OpticalNetwork", "n_neighbors": 20, "level": 0.9, "random_state": 8935, "test_size": 0.2, "n": 630, "d": 9, "oob_score": 0.9712027267592281, "test_score": 0.9749702535737668, "coverage": 0.8809523809523809, "width_mean": 0.4151182720564333, "width_sd": 0.1805646134350937, "width_min": 0.12997537302957518, "width_q1": 0.2607616082451153, "width_q2": 0.40270196518971313, "width_q3": 0.5308974667524058, "width_max": 1.072449108503855}