{"data_name": "OpticalNetwork", "n_neighbors": 200, "level": 0.95, "random_state": 2286, "test_size": 0.2, "n": 630, "d": 9, "oob_score": 0.9688044983417028, "test_score": 0.9801453028768407, "coverage": 0.9206349206349206, "width_mean": 0.5710149482647884, "width_sd": 0.03951202553766282, "width_min": 0.5279088735057236, "width_q1": 0.5313105785490141, "width_q2": 0.5587786647880928, "width_q3": 0.59781810882929, "width_max": 0.6642976021890765}