{"data_name": "OpticalNetwork", "n_neighbors": 50, "level": 0.9, "random_state": 2286, "test_size": 0.2, "n": 630, "d": 9, "oob_score": 0.9688044983417028, "test_score": 0.9801453028768407, "coverage": 0.8809523809523809, "width_mean": 0.46136718339335825, "width_sd": 0.09370703399608483, "width_min": 0.3454561498930262, "width_q1": 0.4071652191885933, "width_q2": 0.4415858154520975, "width_q3": 0.48141234344764483, "width_max": 0.9503410408558212}