{"data_name": "OpticalNetwork", "n_neighbors": 500, "level": 0.8, "random_state": 4506, "test_size": 0.2, "n": 630, "d": 9, "oob_score": 0.9750518221563754, "test_score": 0.9629196261185595, "coverage": 0.7857142857142857, "width_mean": 0.34840830790867716, "width_sd": 0.0008335855729292373, "width_min": 0.3444542000947035, "width_q1": 0.3479447850648676, "width_q2": 0.3490682675596012, "width_q3": 0.34906826755960135, "width_max": 0.3490682675596014}