{"data_name": "OpticalNetwork", "n_neighbors": 100, "level": 0.9, "random_state": 9674, "test_size": 0.2, "n": 630, "d": 9, "oob_score": 0.9760694737170872, "test_score": 0.9710087067497309, "coverage": 0.8650793650793651, "width_mean": 0.45229728310592476, "width_sd": 0.031112423707566852, "width_min": 0.35096963533074477, "width_q1": 0.43050494942945194, "width_q2": 0.46316798828793115, "width_q3": 0.4711823401087389, "width_max": 0.521544531663549}