{"data_name": "OpticalNetwork", "n_neighbors": 100, "level": 0.8, "random_state": 1824, "test_size": 0.2, "n": 630, "d": 9, "oob_score": 0.97516548378324, "test_score": 0.9789233685790045, "coverage": 0.8333333333333334, "width_mean": 0.3655047866255197, "width_sd": 0.02911077547634053, "width_min": 0.29147546966260474, "width_q1": 0.34869171572912044, "width_q2": 0.3605670647388849, "width_q3": 0.38114186696467034, "width_max": 0.4453424046690575}