{"data_name": "OpticalNetwork", "n_neighbors": "auto", "level": 0.8, "random_state": 1679, "test_size": 0.2, "n": 630, "d": 9, "oob_score": 0.9693972197735393, "test_score": 0.9682791965783949, "coverage": 0.7063492063492064, "width_mean": 0.2995625517774956, "width_sd": 0.16921849885474718, "width_min": 0.04898240571280321, "width_q1": 0.16487234406524837, "width_q2": 0.25952018102376506, "width_q3": 0.4055389636695893, "width_max": 1.0653104685391588}