{"data_name": "OpticalNetwork", "n_neighbors": 50, "level": 0.8, "random_state": 4506, "test_size": 0.2, "n": 630, "d": 9, "oob_score": 0.9750518221563754, "test_score": 0.9629196261185595, "coverage": 0.7301587301587301, "width_mean": 0.284834317026776, "width_sd": 0.05859510251249604, "width_min": 0.16042685221781805, "width_q1": 0.24643541447973655, "width_q2": 0.28714520553100586, "width_q3": 0.3241438147592709, "width_max": 0.4997292279522397}