{"data_name": "OpticalNetwork", "n_neighbors": 50, "level": 0.9, "random_state": 3657, "test_size": 0.2, "n": 630, "d": 9, "oob_score": 0.9710795417212036, "test_score": 0.9793991504344087, "coverage": 0.9126984126984127, "width_mean": 0.5129770010757733, "width_sd": 0.08162856601322845, "width_min": 0.32259990917521797, "width_q1": 0.44889217220245536, "width_q2": 0.5076450782131984, "width_q3": 0.5738196453722002, "width_max": 0.6942096258773581}