{"data_name": "OpticalNetwork", "n_neighbors": "auto", "level": 0.8, "random_state": 1424, "test_size": 0.2, "n": 630, "d": 9, "oob_score": 0.9729714335053344, "test_score": 0.9771817877770106, "coverage": 0.8412698412698413, "width_mean": 0.3347291442995852, "width_sd": 0.1534762514872069, "width_min": 0.05815276067323372, "width_q1": 0.23132742290723052, "width_q2": 0.3274679282777913, "width_q3": 0.4011772340638682, "width_max": 0.9631107665825273}