{"data_name": "OpticalNetwork", "n_neighbors": "auto", "level": 0.95, "random_state": 1679, "test_size": 0.2, "n": 630, "d": 9, "oob_score": 0.9693972197735393, "test_score": 0.9682791965783949, "coverage": 0.8571428571428571, "width_mean": 0.5102456009868486, "width_sd": 0.2890384555545391, "width_min": 0.05254768606551674, "width_q1": 0.3169366915916605, "width_q2": 0.45544291708737455, "width_q3": 0.6509584788594727, "width_max": 1.390728795431301}