{"data_name": "OpticalNetwork", "n_neighbors": 10, "level": 0.99, "random_state": 4012, "test_size": 0.2, "n": 630, "d": 9, "oob_score": 0.9739119213753198, "test_score": 0.9763253354944904, "coverage": 0.8412698412698413, "width_mean": 0.49572785232521127, "width_sd": 0.229055748464634, "width_min": 0.10582927410986298, "width_q1": 0.34586052091437347, "width_q2": 0.4603563623978062, "width_q3": 0.6400440166161103, "width_max": 1.214623804557327}