{"data_name": "OpticalNetwork", "n_neighbors": 20, "level": 0.99, "random_state": 1424, "test_size": 0.2, "n": 630, "d": 9, "oob_score": 0.9729714335053344, "test_score": 0.9771817877770106, "coverage": 0.9523809523809523, "width_mean": 0.6350439242105329, "width_sd": 0.2603945530924811, "width_min": 0.10447040350350045, "width_q1": 0.4746107379894337, "width_q2": 0.6044859958542508, "width_q3": 0.8181538499384458, "width_max": 1.5056244001998107}