{"data_name": "OpticalNetwork", "n_neighbors": 100, "level": 0.8, "random_state": 3657, "test_size": 0.2, "n": 630, "d": 9, "oob_score": 0.9710795417212036, "test_score": 0.9793991504344087, "coverage": 0.8571428571428571, "width_mean": 0.3426642609201367, "width_sd": 0.019540118929616858, "width_min": 0.2960686589340147, "width_q1": 0.3258144656613433, "width_q2": 0.34145026910262866, "width_q3": 0.3568001940191177, "width_max": 0.41314430268318936}