{"data_name": "OpticalNetwork", "n_neighbors": "auto", "level": 0.9, "random_state": 409, "test_size": 0.2, "n": 630, "d": 9, "oob_score": 0.9735159216546482, "test_score": 0.9704296608748642, "coverage": 0.8412698412698413, "width_mean": 0.3774235922610329, "width_sd": 0.1686435786879029, "width_min": 0.06411828177593892, "width_q1": 0.22550022595545066, "width_q2": 0.36249528439051604, "width_q3": 0.49648844179799034, "width_max": 0.816643596040971}