{"data_name": "OpticalNetwork", "n_neighbors": "auto", "level": 0.8, "random_state": 8935, "test_size": 0.2, "n": 630, "d": 9, "oob_score": 0.9712027267592281, "test_score": 0.9749702535737668, "coverage": 0.8095238095238095, "width_mean": 0.3196216210778277, "width_sd": 0.16040586795289982, "width_min": 0.08128352619110113, "width_q1": 0.1880884065098273, "width_q2": 0.3012199731000377, "width_q3": 0.41128425049460915, "width_max": 0.9302662610499342}