{"data_name": "OpticalNetwork", "n_neighbors": 200, "level": 0.99, "random_state": 4506, "test_size": 0.2, "n": 630, "d": 9, "oob_score": 0.9750518221563754, "test_score": 0.9629196261185595, "coverage": 0.9841269841269841, "width_mean": 1.1321550121630826, "width_sd": 0.0059629570496328626, "width_min": 1.1303735799872494, "width_q1": 1.1303735799872494, "width_q2": 1.1303735799872496, "width_q3": 1.1303735799872499, "width_max": 1.1536493855902528}