{"data_name": "OpticalNetwork", "n_neighbors": 100, "level": 0.9, "random_state": 409, "test_size": 0.2, "n": 630, "d": 9, "oob_score": 0.9735159216546482, "test_score": 0.9704296608748642, "coverage": 0.873015873015873, "width_mean": 0.5455796751905604, "width_sd": 0.040924534787028406, "width_min": 0.43864871512784886, "width_q1": 0.5152137686424452, "width_q2": 0.5416088651021614, "width_q3": 0.5785496720490428, "width_max": 0.6294695763960849}