{"data_name": "OpticalNetwork", "n_neighbors": 10, "level": 0.9, "random_state": 409, "test_size": 0.2, "n": 630, "d": 9, "oob_score": 0.9735159216546482, "test_score": 0.9704296608748642, "coverage": 0.7380952380952381, "width_mean": 0.3409447675982406, "width_sd": 0.1893810801511017, "width_min": 0.08939783736484486, "width_q1": 0.17729322315975066, "width_q2": 0.30013729810060114, "width_q3": 0.461654111537489, "width_max": 0.8510585391996862}