{"data_name": "OpticalNetwork", "n_neighbors": 20, "level": 0.99, "random_state": 9674, "test_size": 0.2, "n": 630, "d": 9, "oob_score": 0.9760694737170872, "test_score": 0.9710087067497309, "coverage": 0.9126984126984127, "width_mean": 0.5658147453749425, "width_sd": 0.23903033446073327, "width_min": 0.15232714392143176, "width_q1": 0.3841220247158017, "width_q2": 0.5367536662586476, "width_q3": 0.7002431428011219, "width_max": 1.2933941388785228}