{"data_name": "OpticalNetwork", "n_neighbors": 200, "level": 0.95, "random_state": 1824, "test_size": 0.2, "n": 630, "d": 9, "oob_score": 0.97516548378324, "test_score": 0.9789233685790045, "coverage": 0.9523809523809523, "width_mean": 0.7548393455087083, "width_sd": 0.016503257099171068, "width_min": 0.7361475670997613, "width_q1": 0.7439231873186396, "width_q2": 0.7545787656429503, "width_q3": 0.7545787656429503, "width_max": 0.7927000044743123}