{"data_name": "Parkinsons", "n_neighbors": 200, "level": 0.8, "random_state": 1679, "test_size": 0.2, "n": 5875, "d": 21, "oob_score": 0.8496223319792495, "test_score": 0.8467933003083639, "coverage": 0.8068085106382978, "width_mean": 0.8743189242214114, "width_sd": 0.08925110071943376, "width_min": 0.663585444184327, "width_q1": 0.81267683462296, "width_q2": 0.8685977514302992, "width_q3": 0.927832725928629, "width_max": 1.315022286831593}