{"data_name": "Parkinsons", "n_neighbors": 1000, "level": 0.95, "random_state": 2286, "test_size": 0.2, "n": 5875, "d": 21, "oob_score": 0.8417877189867189, "test_score": 0.8740627978522048, "coverage": 0.9514893617021276, "width_mean": 1.5928859205582842, "width_sd": 0.02421593332929159, "width_min": 1.5680750779803705, "width_q1": 1.5732174895803237, "width_q2": 1.588727290869068, "width_q3": 1.6034438626028016, "width_max": 1.7486423076332716}