{"data_name": "Parkinsons", "n_neighbors": 500, "level": 0.99, "random_state": 4506, "test_size": 0.2, "n": 5875, "d": 21, "oob_score": 0.8521871479998288, "test_score": 0.8377074602696372, "coverage": 0.9889361702127659, "width_mean": 2.3403445925267636, "width_sd": 0.13900606584449995, "width_min": 2.089851476052753, "width_q1": 2.251785177373379, "width_q2": 2.2832934135135488, "width_q3": 2.413157397892415, "width_max": 3.047581415676433}