{"data_name": "Parkinsons", "n_neighbors": "all", "level": 0.8, "random_state": 4506, "test_size": 0.2, "n": 5875, "d": 21, "oob_score": 0.8521871479998288, "test_score": 0.8377074602696372, "coverage": 0.7948936170212766, "width_mean": 0.8873126080388045, "width_sd": 1.6268590282206206e-16, "width_min": 0.8873126080388043, "width_q1": 0.8873126080388043, "width_q2": 0.8873126080388044, "width_q3": 0.8873126080388044, "width_max": 0.8873126080388045}