{"data_name": "Parkinsons", "n_neighbors": 10, "level": 0.99, "random_state": 9674, "test_size": 0.2, "n": 5875, "d": 21, "oob_score": 0.8480017972459125, "test_score": 0.8520983202782938, "coverage": 0.8340425531914893, "width_mean": 1.1164201189670975, "width_sd": 0.5203672575372719, "width_min": 0.2574615953851407, "width_q1": 0.7334922337974684, "width_q2": 1.0183870531791683, "width_q3": 1.4013801780440447, "width_max": 3.983565559205357}