{"data_name": "Parkinsons", "n_neighbors": 50, "level": 0.99, "random_state": 409, "test_size": 0.2, "n": 5875, "d": 21, "oob_score": 0.8434174781739138, "test_score": 0.8542140644571252, "coverage": 0.9770212765957447, "width_mean": 1.7622825351925775, "width_sd": 0.5708183439094662, "width_min": 0.5448094410258055, "width_q1": 1.3713187041451935, "width_q2": 1.6772157565215946, "width_q3": 2.0744579718858316, "width_max": 4.341744481891914}