{"data_name": "Parkinsons", "n_neighbors": "auto", "level": 0.99, "random_state": 1424, "test_size": 0.2, "n": 5875, "d": 21, "oob_score": 0.8438405110842117, "test_score": 0.8535213298055409, "coverage": 0.9693617021276596, "width_mean": 1.777807378049605, "width_sd": 0.5793093923285746, "width_min": 0.7162380657842076, "width_q1": 1.347666042341468, "width_q2": 1.6753391043161787, "width_q3": 2.133787398434359, "width_max": 3.8944681639627396}