{"data_name": "Parkinsons", "n_neighbors": 100, "level": 0.99, "random_state": 8935, "test_size": 0.2, "n": 5875, "d": 21, "oob_score": 0.8455661774667971, "test_score": 0.8491779221606622, "coverage": 0.9812765957446808, "width_mean": 2.0000857685810174, "width_sd": 0.39023674512576134, "width_min": 1.042219419494533, "width_q1": 1.773230833374386, "width_q2": 1.9265328805906825, "width_q3": 2.2073615693102058, "width_max": 3.7116803368503075}