{"data_name": "Parkinsons", "n_neighbors": 200, "level": 0.9, "random_state": 4506, "test_size": 0.2, "n": 5875, "d": 21, "oob_score": 0.8521871479998288, "test_score": 0.8377074602696372, "coverage": 0.8893617021276595, "width_mean": 1.1865012724697344, "width_sd": 0.125593941397581, "width_min": 0.8514910366505325, "width_q1": 1.0953074342064992, "width_q2": 1.1734597656383454, "width_q3": 1.2670980240964962, "width_max": 1.7047807310581002}