{"data_name": "Parkinsons", "n_neighbors": 5, "level": 0.8, "random_state": 3657, "test_size": 0.2, "n": 5875, "d": 21, "oob_score": 0.8484733483392964, "test_score": 0.851710328233098, "coverage": 0.5821276595744681, "width_mean": 0.6412628112381422, "width_sd": 0.37666362653412194, "width_min": 0.08331304206277895, "width_q1": 0.37400100205799636, "width_q2": 0.550766225325722, "width_q3": 0.8163176010670528, "width_max": 2.7334343530061855}