{"data_name": "Parkinsons", "n_neighbors": 5, "level": 0.9, "random_state": 4506, "test_size": 0.2, "n": 5875, "d": 21, "oob_score": 0.8521871479998288, "test_score": 0.8377074602696372, "coverage": 0.6204255319148936, "width_mean": 0.7416093484858812, "width_sd": 0.43312605910736257, "width_min": 0.06060396661613454, "width_q1": 0.42924951665408584, "width_q2": 0.6460011149381966, "width_q3": 0.9493428471179177, "width_max": 3.287323863780616}