{"data_name": "Parkinsons", "n_neighbors": 50, "level": 0.99, "random_state": 1424, "test_size": 0.2, "n": 5875, "d": 21, "oob_score": 0.8438405110842117, "test_score": 0.8535213298055409, "coverage": 0.9668085106382979, "width_mean": 1.7423864673557856, "width_sd": 0.5813365577261331, "width_min": 0.6612675981510456, "width_q1": 1.3069380976121245, "width_q2": 1.6423197619808974, "width_q3": 2.109785072970401, "width_max": 3.854139091904209}