{"data_name": "Parkinsons", "n_neighbors": 200, "level": 0.95, "random_state": 2286, "test_size": 0.2, "n": 5875, "d": 21, "oob_score": 0.8417877189867189, "test_score": 0.8740627978522048, "coverage": 0.9548936170212766, "width_mean": 1.5781050780937005, "width_sd": 0.18696513249439578, "width_min": 1.1848343094339824, "width_q1": 1.4226333973837928, "width_q2": 1.5644691021738284, "width_q3": 1.69836238323979, "width_max": 2.2746740980036586}