{"data_name": "Parkinsons", "n_neighbors": 5, "level": 0.9, "random_state": 1679, "test_size": 0.2, "n": 5875, "d": 21, "oob_score": 0.8496223319792495, "test_score": 0.8467933003083639, "coverage": 0.6085106382978723, "width_mean": 0.7514769287249947, "width_sd": 0.4389369485255308, "width_min": 0.05569430621188537, "width_q1": 0.43475460199576466, "width_q2": 0.652412830018751, "width_q3": 0.9540195024367968, "width_max": 2.7336963854181247}