{"data_name": "Parkinsons", "n_neighbors": 2000, "level": 0.99, "random_state": 2286, "test_size": 0.2, "n": 5875, "d": 21, "oob_score": 0.8417877189867189, "test_score": 0.8740627978522048, "coverage": 0.9897872340425532, "width_mean": 2.470673043255747, "width_sd": 0.015996903676264888, "width_min": 2.464329153214474, "width_q1": 2.4643291532144747, "width_q2": 2.4643291532144747, "width_q3": 2.464329153214475, "width_max": 2.6129613893610735}