{"data_name": "Parkinsons", "n_neighbors": 200, "level": 0.8, "random_state": 3657, "test_size": 0.2, "n": 5875, "d": 21, "oob_score": 0.8484733483392964, "test_score": 0.851710328233098, "coverage": 0.7821276595744681, "width_mean": 0.9239448292082117, "width_sd": 0.0928902286996199, "width_min": 0.6679501591123704, "width_q1": 0.8624408519947564, "width_q2": 0.9118140179542429, "width_q3": 0.9760323809579641, "width_max": 1.3869512314594945}