{"data_name": "Parkinsons", "n_neighbors": 5, "level": 0.95, "random_state": 4506, "test_size": 0.2, "n": 5875, "d": 21, "oob_score": 0.8521871479998288, "test_score": 0.8377074602696372, "coverage": 0.6493617021276595, "width_mean": 0.7920648841413831, "width_sd": 0.46419093362109404, "width_min": 0.06772308404056515, "width_q1": 0.45749111964493017, "width_q2": 0.6853160960493687, "width_q3": 1.0145340533566491, "width_max": 3.4813987796471935}