{"data_name": "Parkinsons", "n_neighbors": 10, "level": 0.95, "random_state": 1424, "test_size": 0.2, "n": 5875, "d": 21, "oob_score": 0.8438405110842117, "test_score": 0.8535213298055409, "coverage": 0.8068085106382978, "width_mean": 1.0475033279632255, "width_sd": 0.514132477482513, "width_min": 0.21474059909218712, "width_q1": 0.6823204027387682, "width_q2": 0.9480974675095047, "width_q3": 1.2944343363840312, "width_max": 3.5588249095310514}