{"data_name": "Parkinsons", "n_neighbors": 500, "level": 0.99, "random_state": 1679, "test_size": 0.2, "n": 5875, "d": 21, "oob_score": 0.8496223319792495, "test_score": 0.8467933003083639, "coverage": 0.9880851063829788, "width_mean": 2.295506019622622, "width_sd": 0.10215571896055824, "width_min": 2.1635049823259394, "width_q1": 2.2433923614808546, "width_q2": 2.263223954425854, "width_q3": 2.2972766301588994, "width_max": 3.173371498405246}