{"data_name": "Parkinsons", "n_neighbors": 2000, "level": 0.99, "random_state": 4012, "test_size": 0.2, "n": 5875, "d": 21, "oob_score": 0.8466727355796215, "test_score": 0.8549052709955552, "coverage": 0.9914893617021276, "width_mean": 2.4414133923300003, "width_sd": 0.03521558360767016, "width_min": 2.4112969250014453, "width_q1": 2.4112969250014458, "width_q2": 2.425632455615428, "width_q3": 2.4651611018279658, "width_max": 2.6300172627051808}