{"data_name": "Parkinsons", "n_neighbors": 1000, "level": 0.8, "random_state": 9674, "test_size": 0.2, "n": 5875, "d": 21, "oob_score": 0.8480017972459125, "test_score": 0.8520983202782938, "coverage": 0.8331914893617022, "width_mean": 0.9296550596506282, "width_sd": 0.019661234071479235, "width_min": 0.9002743022908639, "width_q1": 0.9146943660297915, "width_q2": 0.9245587785443479, "width_q3": 0.9415468436314194, "width_max": 1.0050251201080762}