{"data_name": "Parkinsons", "n_neighbors": 1000, "level": 0.9, "random_state": 4012, "test_size": 0.2, "n": 5875, "d": 21, "oob_score": 0.8466727355796215, "test_score": 0.8549052709955552, "coverage": 0.902127659574468, "width_mean": 1.2459751647306483, "width_sd": 0.019329916570050485, "width_min": 1.2023297279315646, "width_q1": 1.2312901241344028, "width_q2": 1.2431088891200102, "width_q3": 1.2584706765809461, "width_max": 1.3377671910437372}