{"data_name": "Parkinsons", "n_neighbors": 20, "level": 0.9, "random_state": 4506, "test_size": 0.2, "n": 5875, "d": 21, "oob_score": 0.8521871479998288, "test_score": 0.8377074602696372, "coverage": 0.8280851063829787, "width_mean": 1.0368206963616027, "width_sd": 0.41935812835336994, "width_min": 0.3395908604393081, "width_q1": 0.7369497232782565, "width_q2": 0.963579209038804, "width_q3": 1.2577980604505643, "width_max": 3.0811400800079425}