{"data_name": "Parkinsons", "n_neighbors": 20, "level": 0.95, "random_state": 3657, "test_size": 0.2, "n": 5875, "d": 21, "oob_score": 0.8484733483392964, "test_score": 0.851710328233098, "coverage": 0.88, "width_mean": 1.2368446384558938, "width_sd": 0.4818184219365867, "width_min": 0.4006658755519267, "width_q1": 0.8876627602373598, "width_q2": 1.1512503763037765, "width_q3": 1.4890823020407264, "width_max": 3.585476802217743}