{"data_name": "Parkinsons", "n_neighbors": "auto", "level": 0.8, "random_state": 9674, "test_size": 0.2, "n": 5875, "d": 21, "oob_score": 0.8480017972459125, "test_score": 0.8520983202782938, "coverage": 0.8170212765957446, "width_mean": 0.8817535111142895, "width_sd": 0.3101467747450127, "width_min": 0.3632337623030053, "width_q1": 0.6614085634405049, "width_q2": 0.821265265839989, "width_q3": 1.0477906522046458, "width_max": 2.7269681535910753}