{"data_name": "Parkinsons", "n_neighbors": 1000, "level": 0.99, "random_state": 1824, "test_size": 0.2, "n": 5875, "d": 21, "oob_score": 0.8466515924001756, "test_score": 0.844366024889738, "coverage": 0.9923404255319149, "width_mean": 2.610354611448724, "width_sd": 0.033860975273657196, "width_min": 2.518578909726152, "width_q1": 2.598263902714545, "width_q2": 2.598263902714545, "width_q3": 2.598263902714545, "width_max": 2.7899080890994292}