{"data_name": "Parkinsons", "n_neighbors": 10, "level": 0.99, "random_state": 409, "test_size": 0.2, "n": 5875, "d": 21, "oob_score": 0.8434174781739138, "test_score": 0.8542140644571252, "coverage": 0.8331914893617022, "width_mean": 1.150169630291428, "width_sd": 0.580850618463178, "width_min": 0.2510220683863189, "width_q1": 0.7356583557777545, "width_q2": 1.046116498522929, "width_q3": 1.407230614346492, "width_max": 4.4823871234559345}