{"data_name": "Parkinsons", "n_neighbors": 500, "level": 0.99, "random_state": 1424, "test_size": 0.2, "n": 5875, "d": 21, "oob_score": 0.8438405110842117, "test_score": 0.8535213298055409, "coverage": 0.9795744680851064, "width_mean": 2.3241060893506416, "width_sd": 0.1366463939335465, "width_min": 1.8298610908160706, "width_q1": 2.258626308002963, "width_q2": 2.2586263080029636, "width_q3": 2.3701640118638037, "width_max": 3.1941810703889857}