{"data_name": "Parkinsons", "n_neighbors": "auto", "level": 0.99, "random_state": 4012, "test_size": 0.2, "n": 5875, "d": 21, "oob_score": 0.8466727355796215, "test_score": 0.8549052709955552, "coverage": 0.9753191489361702, "width_mean": 1.8000682111245898, "width_sd": 0.5408676005071834, "width_min": 0.6357986413603673, "width_q1": 1.3871561343699539, "width_q2": 1.7353603521125662, "width_q3": 2.1879911895879447, "width_max": 3.529309497885781}