{"data_name": "Parkinsons", "n_neighbors": 10, "level": 0.9, "random_state": 8935, "test_size": 0.2, "n": 5875, "d": 21, "oob_score": 0.8455661774667971, "test_score": 0.8491779221606622, "coverage": 0.7829787234042553, "width_mean": 0.965415907172474, "width_sd": 0.4671638863618219, "width_min": 0.1857539291432989, "width_q1": 0.6242149415148092, "width_q2": 0.8809179126718432, "width_q3": 1.1687652472681838, "width_max": 3.591847047936099}