{"data_name": "Parkinsons", "n_neighbors": 50, "level": 0.99, "random_state": 1824, "test_size": 0.2, "n": 5875, "d": 21, "oob_score": 0.8466515924001756, "test_score": 0.844366024889738, "coverage": 0.96, "width_mean": 1.724134286954022, "width_sd": 0.531847565428578, "width_min": 0.5696343413345387, "width_q1": 1.3309910037058867, "width_q2": 1.6719282511369458, "width_q3": 2.0324076724865, "width_max": 3.7922998601594173}