{"data_name": "Parkinsons", "n_neighbors": 1000, "level": 0.8, "random_state": 1824, "test_size": 0.2, "n": 5875, "d": 21, "oob_score": 0.8466515924001756, "test_score": 0.844366024889738, "coverage": 0.8136170212765957, "width_mean": 0.9364534538994419, "width_sd": 0.011300400294182975, "width_min": 0.9037788505264901, "width_q1": 0.929078680894903, "width_q2": 0.9350845386230888, "width_q3": 0.9429876057326849, "width_max": 0.9838985054859963}