{"data_name": "Parkinsons", "n_neighbors": 100, "level": 0.9, "random_state": 2286, "test_size": 0.2, "n": 5875, "d": 21, "oob_score": 0.8417877189867189, "test_score": 0.8740627978522048, "coverage": 0.902127659574468, "width_mean": 1.1883801161034373, "width_sd": 0.2258474159323321, "width_min": 0.7359298009828088, "width_q1": 1.0232997501552474, "width_q2": 1.1515583220192789, "width_q3": 1.3077330922546166, "width_max": 2.0941230886636912}