{"data_name": "Parkinsons", "n_neighbors": 1000, "level": 0.99, "random_state": 2286, "test_size": 0.2, "n": 5875, "d": 21, "oob_score": 0.8417877189867189, "test_score": 0.8740627978522048, "coverage": 0.9923404255319149, "width_mean": 2.522697894271185, "width_sd": 0.03764830718912448, "width_min": 2.464476362975833, "width_q1": 2.5092196411526873, "width_q2": 2.5092196411526873, "width_q3": 2.5092196411526873, "width_max": 2.9577434225491874}