{"data_name": "Parkinsons", "n_neighbors": 1000, "level": 0.9, "random_state": 3657, "test_size": 0.2, "n": 5875, "d": 21, "oob_score": 0.8484733483392964, "test_score": 0.851710328233098, "coverage": 0.9123404255319149, "width_mean": 1.289771235952505, "width_sd": 0.015145554799425589, "width_min": 1.2569004540766908, "width_q1": 1.2809423130845534, "width_q2": 1.286953760724229, "width_q3": 1.3009486201708875, "width_max": 1.361422375299243}