{"data_name": "Parkinsons", "n_neighbors": 5000, "level": 0.9, "random_state": 3657, "test_size": 0.2, "n": 5875, "d": 21, "oob_score": 0.8484733483392964, "test_score": 0.851710328233098, "coverage": 0.9055319148936171, "width_mean": 1.2593750500747423, "width_sd": 1.4441073770540506e-16, "width_min": 1.259375050074742, "width_q1": 1.2593750500747423, "width_q2": 1.2593750500747423, "width_q3": 1.2593750500747423, "width_max": 1.2593750500747425}