{"data_name": "Parkinsons", "n_neighbors": 2000, "level": 0.8, "random_state": 4012, "test_size": 0.2, "n": 5875, "d": 21, "oob_score": 0.8466727355796215, "test_score": 0.8549052709955552, "coverage": 0.7821276595744681, "width_mean": 0.872465460902395, "width_sd": 0.006000137407092899, "width_min": 0.858432162993654, "width_q1": 0.8676166188798617, "width_q2": 0.8719055491666363, "width_q3": 0.8769801433360676, "width_max": 0.8947670009626596}