{"data_name": "Parkinsons", "n_neighbors": 200, "level": 0.99, "random_state": 1824, "test_size": 0.2, "n": 5875, "d": 21, "oob_score": 0.8466515924001756, "test_score": 0.844366024889738, "coverage": 0.9880851063829788, "width_mean": 2.366885312476896, "width_sd": 0.15989767826542142, "width_min": 1.9642156766688839, "width_q1": 2.2753198950430047, "width_q2": 2.285011117036621, "width_q3": 2.413842204064407, "width_max": 3.447295224423198}