{"data_name": "Parkinsons", "n_neighbors": 50, "level": 0.8, "random_state": 1824, "test_size": 0.2, "n": 5875, "d": 21, "oob_score": 0.8466515924001756, "test_score": 0.844366024889738, "coverage": 0.7863829787234042, "width_mean": 0.8716133153415924, "width_sd": 0.2881536374783081, "width_min": 0.37342763339766316, "width_q1": 0.6576500100254289, "width_q2": 0.8375059870559514, "width_q3": 1.0167697251549446, "width_max": 2.2971420568028487}