{"data_name": "Parkinsons", "n_neighbors": 50, "level": 0.99, "random_state": 3657, "test_size": 0.2, "n": 5875, "d": 21, "oob_score": 0.8484733483392964, "test_score": 0.851710328233098, "coverage": 0.9651063829787234, "width_mean": 1.7452113670127392, "width_sd": 0.5525355809132044, "width_min": 0.5565879403031203, "width_q1": 1.3361574880249647, "width_q2": 1.6466845037878461, "width_q3": 2.0773022084605914, "width_max": 3.7567524229888316}