{"data_name": "Parkinsons", "n_neighbors": 20, "level": 0.95, "random_state": 409, "test_size": 0.2, "n": 5875, "d": 21, "oob_score": 0.8434174781739138, "test_score": 0.8542140644571252, "coverage": 0.9063829787234042, "width_mean": 1.2666085129269489, "width_sd": 0.5326487652987084, "width_min": 0.38224863057131575, "width_q1": 0.8926185241044143, "width_q2": 1.1754088596568946, "width_q3": 1.5462777180784548, "width_max": 4.143341445072236}