{"data_name": "Parkinsons", "n_neighbors": 20, "level": 0.99, "random_state": 4506, "test_size": 0.2, "n": 5875, "d": 21, "oob_score": 0.8521871479998288, "test_score": 0.8377074602696372, "coverage": 0.894468085106383, "width_mean": 1.3890423414142996, "width_sd": 0.5449526943543271, "width_min": 0.38238915900778236, "width_q1": 0.9966974983898856, "width_q2": 1.2785706444312561, "width_q3": 1.703416025420975, "width_max": 3.635606677678842}