{"data_name": "Parkinsons", "n_neighbors": 50, "level": 0.8, "random_state": 409, "test_size": 0.2, "n": 5875, "d": 21, "oob_score": 0.8434174781739138, "test_score": 0.8542140644571252, "coverage": 0.7931914893617021, "width_mean": 0.8781500955331548, "width_sd": 0.30743284939619914, "width_min": 0.34308676633466195, "width_q1": 0.6437956377478089, "width_q2": 0.8415198579445797, "width_q3": 1.042175922082139, "width_max": 2.6250007401253876}