{"data_name": "Parkinsons", "n_neighbors": 1000, "level": 0.9, "random_state": 2286, "test_size": 0.2, "n": 5875, "d": 21, "oob_score": 0.8417877189867189, "test_score": 0.8740627978522048, "coverage": 0.9114893617021277, "width_mean": 1.2676720124239849, "width_sd": 0.01890392111582757, "width_min": 1.2301812986412042, "width_q1": 1.2510838446400867, "width_q2": 1.2672322713674826, "width_q3": 1.2835429099631999, "width_max": 1.3324024974786783}