{"data_name": "Parkinsons", "n_neighbors": 500, "level": 0.8, "random_state": 8935, "test_size": 0.2, "n": 5875, "d": 21, "oob_score": 0.8455661774667971, "test_score": 0.8491779221606622, "coverage": 0.7948936170212766, "width_mean": 0.8736891527338023, "width_sd": 0.029564704421338104, "width_min": 0.8146107889156244, "width_q1": 0.8487347287452824, "width_q2": 0.8727350610036707, "width_q3": 0.8911797760337791, "width_max": 0.9697763620384146}