{"data_name": "Parkinsons", "n_neighbors": "auto", "level": 0.9, "random_state": 1679, "test_size": 0.2, "n": 5875, "d": 21, "oob_score": 0.8496223319792495, "test_score": 0.8467933003083639, "coverage": 0.8919148936170213, "width_mean": 1.160655751548422, "width_sd": 0.3872141170460076, "width_min": 0.44728125327775425, "width_q1": 0.8708674308870176, "width_q2": 1.1209071518764973, "width_q3": 1.3617330217495944, "width_max": 2.9336599308891946}