{"data_name": "Parkinsons", "n_neighbors": "auto", "level": 0.9, "random_state": 1424, "test_size": 0.2, "n": 5875, "d": 21, "oob_score": 0.8438405110842117, "test_score": 0.8535213298055409, "coverage": 0.8782978723404256, "width_mean": 1.1435430738381058, "width_sd": 0.39307400727935715, "width_min": 0.43862580887684977, "width_q1": 0.8536060436132276, "width_q2": 1.092759741410455, "width_q3": 1.3480663626695724, "width_max": 3.2049610892615545}