{"data_name": "Parkinsons", "n_neighbors": 50, "level": 0.99, "random_state": 4506, "test_size": 0.2, "n": 5875, "d": 21, "oob_score": 0.8521871479998288, "test_score": 0.8377074602696372, "coverage": 0.9548936170212766, "width_mean": 1.7145553631448625, "width_sd": 0.5275007902338066, "width_min": 0.6238288296293035, "width_q1": 1.3220233503220205, "width_q2": 1.653702419475412, "width_q3": 2.0226669610757897, "width_max": 3.679619091774388}