{"data_name": "Parkinsons", "n_neighbors": "auto", "level": 0.95, "random_state": 409, "test_size": 0.2, "n": 5875, "d": 21, "oob_score": 0.8434174781739138, "test_score": 0.8542140644571252, "coverage": 0.9497872340425532, "width_mean": 1.4294088322239242, "width_sd": 0.48877138974534895, "width_min": 0.49607237709868346, "width_q1": 1.1000710973020869, "width_q2": 1.3751642924562555, "width_q3": 1.6573427130166891, "width_max": 3.867374032434342}