{"data_name": "Parkinsons", "n_neighbors": 50, "level": 0.95, "random_state": 9674, "test_size": 0.2, "n": 5875, "d": 21, "oob_score": 0.8480017972459125, "test_score": 0.8520983202782938, "coverage": 0.9378723404255319, "width_mean": 1.3827567485016141, "width_sd": 0.44197798191078, "width_min": 0.48625356796739805, "width_q1": 1.06052743198625, "width_q2": 1.3132079111609056, "width_q3": 1.6237292920846138, "width_max": 3.4867441498667713}