{"data_name": "Parkinsons", "n_neighbors": 10, "level": 0.95, "random_state": 3657, "test_size": 0.2, "n": 5875, "d": 21, "oob_score": 0.8484733483392964, "test_score": 0.851710328233098, "coverage": 0.8017021276595745, "width_mean": 1.041613472294313, "width_sd": 0.4974540444033894, "width_min": 0.16123754449471378, "width_q1": 0.6828010851961968, "width_q2": 0.9557290269723954, "width_q3": 1.2908555580938286, "width_max": 3.6721547507591183}