{"data_name": "Parkinsons", "n_neighbors": 5000, "level": 0.9, "random_state": 1824, "test_size": 0.2, "n": 5875, "d": 21, "oob_score": 0.8466515924001756, "test_score": 0.844366024889738, "coverage": 0.8987234042553192, "width_mean": 1.245015512556783, "width_sd": 2.220446049250313e-16, "width_min": 1.2450155125567828, "width_q1": 1.2450155125567828, "width_q2": 1.2450155125567828, "width_q3": 1.2450155125567828, "width_max": 1.2450155125567832}