{"data_name": "Parkinsons", "n_neighbors": 10, "level": 0.95, "random_state": 9674, "test_size": 0.2, "n": 5875, "d": 21, "oob_score": 0.8480017972459125, "test_score": 0.8520983202782938, "coverage": 0.8229787234042554, "width_mean": 1.038774204294302, "width_sd": 0.48005463495520284, "width_min": 0.23734252903044384, "width_q1": 0.6866369280765429, "width_q2": 0.9468292333326729, "width_q3": 1.299421166752551, "width_max": 3.6847715176085547}