{"data_name": "Parkinsons", "n_neighbors": 100, "level": 0.99, "random_state": 1824, "test_size": 0.2, "n": 5875, "d": 21, "oob_score": 0.8466515924001756, "test_score": 0.844366024889738, "coverage": 0.9804255319148936, "width_mean": 2.0606046254164965, "width_sd": 0.37223017492392585, "width_min": 1.1910336985627805, "width_q1": 1.845612825707955, "width_q2": 2.033278521755111, "width_q3": 2.2540510221416774, "width_max": 3.6772983149140095}