{"data_name": "Parkinsons", "n_neighbors": 20, "level": 0.95, "random_state": 1679, "test_size": 0.2, "n": 5875, "d": 21, "oob_score": 0.8496223319792495, "test_score": 0.8467933003083639, "coverage": 0.8910638297872341, "width_mean": 1.2506658136497277, "width_sd": 0.49952707371299765, "width_min": 0.3792937885449472, "width_q1": 0.8771834749028078, "width_q2": 1.172065979951169, "width_q3": 1.51483834903324, "width_max": 3.3903339186566184}