{"data_name": "Parkinsons", "n_neighbors": 200, "level": 0.95, "random_state": 4506, "test_size": 0.2, "n": 5875, "d": 21, "oob_score": 0.8521871479998288, "test_score": 0.8377074602696372, "coverage": 0.9370212765957446, "width_mean": 1.4840641680845519, "width_sd": 0.1440426307447551, "width_min": 1.2176052097814156, "width_q1": 1.3819972968227812, "width_q2": 1.4564372936608563, "width_q3": 1.544990113709903, "width_max": 2.4738772726001157}