{"data_name": "Parkinsons", "n_neighbors": 200, "level": 0.95, "random_state": 1824, "test_size": 0.2, "n": 5875, "d": 21, "oob_score": 0.8466515924001756, "test_score": 0.844366024889738, "coverage": 0.9531914893617022, "width_mean": 1.581559848931902, "width_sd": 0.1721012724061334, "width_min": 1.2731040511719087, "width_q1": 1.4565962667524277, "width_q2": 1.530280866814881, "width_q3": 1.6602444721624519, "width_max": 2.5744067732419555}