{"data_name": "Parkinsons", "n_neighbors": 2000, "level": 0.95, "random_state": 3657, "test_size": 0.2, "n": 5875, "d": 21, "oob_score": 0.8484733483392964, "test_score": 0.851710328233098, "coverage": 0.9523404255319149, "width_mean": 1.6558267376461038, "width_sd": 0.01127969166851163, "width_min": 1.5965915981855408, "width_q1": 1.644851287780527, "width_q2": 1.661164029568892, "width_q3": 1.6649188321976072, "width_max": 1.6834991192030877}