{"data_name": "Parkinsons", "n_neighbors": 200, "level": 0.9, "random_state": 2286, "test_size": 0.2, "n": 5875, "d": 21, "oob_score": 0.8417877189867189, "test_score": 0.8740627978522048, "coverage": 0.908936170212766, "width_mean": 1.2071626950180434, "width_sd": 0.12750848625927136, "width_min": 0.9542458421861629, "width_q1": 1.1100552114663307, "width_q2": 1.1784716052224242, "width_q3": 1.2859471562157934, "width_max": 1.8214681581155632}