{"data_name": "Parkinsons", "n_neighbors": 5, "level": 0.99, "random_state": 1824, "test_size": 0.2, "n": 5875, "d": 21, "oob_score": 0.8466515924001756, "test_score": 0.844366024889738, "coverage": 0.6587234042553192, "width_mean": 0.8163229725999787, "width_sd": 0.4568673411809956, "width_min": 0.09233108046904026, "width_q1": 0.49587431041500796, "width_q2": 0.717163600869928, "width_q3": 1.0607445862887013, "width_max": 3.270779514907917}