{"data_name": "Parkinsons", "n_neighbors": "auto", "level": 0.95, "random_state": 1679, "test_size": 0.2, "n": 5875, "d": 21, "oob_score": 0.8496223319792495, "test_score": 0.8467933003083639, "coverage": 0.9421276595744681, "width_mean": 1.4038729126275706, "width_sd": 0.451820743583322, "width_min": 0.5431504147416952, "width_q1": 1.0859228476987701, "width_q2": 1.3575021713489317, "width_q3": 1.6432012626664698, "width_max": 3.485495358949072}