{"data_name": "Parkinsons", "n_neighbors": "auto", "level": 0.9, "random_state": 4012, "test_size": 0.2, "n": 5875, "d": 21, "oob_score": 0.8466727355796215, "test_score": 0.8549052709955552, "coverage": 0.8978723404255319, "width_mean": 1.1711740994764799, "width_sd": 0.37713175061638216, "width_min": 0.4672846062585656, "width_q1": 0.8784584941742786, "width_q2": 1.1250446656228033, "width_q3": 1.3883313913338657, "width_max": 2.6199725980339448}