{"data_name": "Parkinsons", "n_neighbors": "auto", "level": 0.99, "random_state": 1824, "test_size": 0.2, "n": 5875, "d": 21, "oob_score": 0.8466515924001756, "test_score": 0.844366024889738, "coverage": 0.9651063829787234, "width_mean": 1.7746213267041202, "width_sd": 0.5284807636847905, "width_min": 0.6817978464234768, "width_q1": 1.3863756617894412, "width_q2": 1.7188928241954409, "width_q3": 2.088118727860894, "width_max": 3.799199952874142}