{"data_name": "Parkinsons", "n_neighbors": 200, "level": 0.8, "random_state": 8935, "test_size": 0.2, "n": 5875, "d": 21, "oob_score": 0.8455661774667971, "test_score": 0.8491779221606622, "coverage": 0.7906382978723404, "width_mean": 0.8522442569827573, "width_sd": 0.09598826785905633, "width_min": 0.624892982834463, "width_q1": 0.7795994879574328, "width_q2": 0.8431893416767584, "width_q3": 0.9245945830117273, "width_max": 1.1288582053401783}