{"data_name": "Parkinsons", "n_neighbors": 200, "level": 0.8, "random_state": 4506, "test_size": 0.2, "n": 5875, "d": 21, "oob_score": 0.8521871479998288, "test_score": 0.8377074602696372, "coverage": 0.7906382978723404, "width_mean": 0.8262998250672616, "width_sd": 0.10360119064925294, "width_min": 0.6394208613657457, "width_q1": 0.7478047449384073, "width_q2": 0.8016464968831597, "width_q3": 0.8969091334160828, "width_max": 1.2358296648443445}