{"data_name": "Parkinsons", "n_neighbors": 50, "level": 0.9, "random_state": 2286, "test_size": 0.2, "n": 5875, "d": 21, "oob_score": 0.8417877189867189, "test_score": 0.8740627978522048, "coverage": 0.8885106382978724, "width_mean": 1.1243404519755487, "width_sd": 0.36113117797255784, "width_min": 0.48281111528663034, "width_q1": 0.8384194541313805, "width_q2": 1.0662370456533674, "width_q3": 1.3409280583599918, "width_max": 2.875465351140705}