{"data_name": "Parkinsons", "n_neighbors": 5, "level": 0.95, "random_state": 3657, "test_size": 0.2, "n": 5875, "d": 21, "oob_score": 0.8484733483392964, "test_score": 0.851710328233098, "coverage": 0.6663829787234042, "width_mean": 0.7917309510510762, "width_sd": 0.462660293981513, "width_min": 0.11109666159931164, "width_q1": 0.45454828281934223, "width_q2": 0.6943596020046333, "width_q3": 1.0093603941577936, "width_max": 3.059412441122769}