{"data_name": "Parkinsons", "n_neighbors": 500, "level": 0.8, "random_state": 1679, "test_size": 0.2, "n": 5875, "d": 21, "oob_score": 0.8496223319792495, "test_score": 0.8467933003083639, "coverage": 0.8229787234042554, "width_mean": 0.90222109678967, "width_sd": 0.035419924711688526, "width_min": 0.7945348675841153, "width_q1": 0.8792464830698161, "width_q2": 0.9006375033435902, "width_q3": 0.9270920145659358, "width_max": 1.0106232911489463}