{"data_name": "Parkinsons", "n_neighbors": 1000, "level": 0.95, "random_state": 1824, "test_size": 0.2, "n": 5875, "d": 21, "oob_score": 0.8466515924001756, "test_score": 0.844366024889738, "coverage": 0.9591489361702128, "width_mean": 1.6584848969517454, "width_sd": 0.02029090731459663, "width_min": 1.5584085267971373, "width_q1": 1.6516882533517712, "width_q2": 1.6530022216323694, "width_q3": 1.6619452401090111, "width_max": 1.7773303353414207}