{"data_name": "Parkinsons", "n_neighbors": 500, "level": 0.95, "random_state": 1824, "test_size": 0.2, "n": 5875, "d": 21, "oob_score": 0.8466515924001756, "test_score": 0.844366024889738, "coverage": 0.9693617021276596, "width_mean": 1.7103175039951475, "width_sd": 0.0798686463446523, "width_min": 1.5927746911637497, "width_q1": 1.6446855579330824, "width_q2": 1.7037089148976015, "width_q3": 1.7596313075277144, "width_max": 2.066413091247459}