{"data_name": "Parkinsons", "n_neighbors": 20, "level": 0.99, "random_state": 1679, "test_size": 0.2, "n": 5875, "d": 21, "oob_score": 0.8496223319792495, "test_score": 0.8467933003083639, "coverage": 0.9097872340425532, "width_mean": 1.408877947153577, "width_sd": 0.5730587620125297, "width_min": 0.40321998006858184, "width_q1": 0.989159534577267, "width_q2": 1.3037290204351177, "width_q3": 1.710995536157303, "width_max": 3.828620727728225}