{"data_name": "Parkinsons", "n_neighbors": 100, "level": 0.8, "random_state": 1679, "test_size": 0.2, "n": 5875, "d": 21, "oob_score": 0.8496223319792495, "test_score": 0.8467933003083639, "coverage": 0.8068085106382978, "width_mean": 0.8637082509395051, "width_sd": 0.2004319440960837, "width_min": 0.46567580488683924, "width_q1": 0.703810224132406, "width_q2": 0.8429896765390736, "width_q3": 0.9959185411935767, "width_max": 1.8064473035741846}