{"data_name": "Parkinsons", "n_neighbors": 2000, "level": 0.99, "random_state": 409, "test_size": 0.2, "n": 5875, "d": 21, "oob_score": 0.8434174781739138, "test_score": 0.8542140644571252, "coverage": 0.9914893617021276, "width_mean": 2.56925078254518, "width_sd": 0.012781773942105449, "width_min": 2.558614279889561, "width_q1": 2.5646052968844097, "width_q2": 2.5646052968844097, "width_q3": 2.5646052968844097, "width_max": 2.6486758968181974}