{"data_name": "Parkinsons", "n_neighbors": 200, "level": 0.9, "random_state": 1424, "test_size": 0.2, "n": 5875, "d": 21, "oob_score": 0.8438405110842117, "test_score": 0.8535213298055409, "coverage": 0.8621276595744681, "width_mean": 1.0803285220024403, "width_sd": 0.1298374926767892, "width_min": 0.8467905417138462, "width_q1": 0.975092189830995, "width_q2": 1.056388879001695, "width_q3": 1.1620378247519594, "width_max": 1.6319773100253685}