{"data_name": "Parkinsons", "n_neighbors": 100, "level": 0.95, "random_state": 4506, "test_size": 0.2, "n": 5875, "d": 21, "oob_score": 0.8521871479998288, "test_score": 0.8377074602696372, "coverage": 0.9217021276595745, "width_mean": 1.3430266180942338, "width_sd": 0.29853115617850473, "width_min": 0.7607940672994853, "width_q1": 1.1366256693908567, "width_q2": 1.2848175556778596, "width_q3": 1.4897368596447829, "width_max": 2.797621786275898}