{"data_name": "Parkinsons", "n_neighbors": 10, "level": 0.95, "random_state": 2286, "test_size": 0.2, "n": 5875, "d": 21, "oob_score": 0.8417877189867189, "test_score": 0.8740627978522048, "coverage": 0.8238297872340425, "width_mean": 1.0433914682179075, "width_sd": 0.5010655536446358, "width_min": 0.21225367661456795, "width_q1": 0.6733362172919772, "width_q2": 0.9429918988200621, "width_q3": 1.3246242123693608, "width_max": 4.042222430124411}