{"data_name": "Parkinsons", "n_neighbors": 1000, "level": 0.95, "random_state": 4506, "test_size": 0.2, "n": 5875, "d": 21, "oob_score": 0.8521871479998288, "test_score": 0.8377074602696372, "coverage": 0.9336170212765957, "width_mean": 1.5028459951184958, "width_sd": 0.030772713302024784, "width_min": 1.4763102981978884, "width_q1": 1.485588527508665, "width_q2": 1.4890018658004032, "width_q3": 1.4990727019189822, "width_max": 1.6835590884947218}