{"data_name": "Parkinsons", "n_neighbors": "all", "level": 0.99, "random_state": 409, "test_size": 0.2, "n": 5875, "d": 21, "oob_score": 0.8434174781739138, "test_score": 0.8542140644571252, "coverage": 0.9906382978723405, "width_mean": 2.5227759011627273, "width_sd": 4.440892098500626e-16, "width_min": 2.522775901162727, "width_q1": 2.522775901162727, "width_q2": 2.522775901162727, "width_q3": 2.522775901162727, "width_max": 2.522775901162727}