{"data_name": "Parkinsons", "n_neighbors": 5, "level": 0.95, "random_state": 8935, "test_size": 0.2, "n": 5875, "d": 21, "oob_score": 0.8455661774667971, "test_score": 0.8491779221606622, "coverage": 0.6672340425531915, "width_mean": 0.806993265815049, "width_sd": 0.49662060627717103, "width_min": 0.04406005130756985, "width_q1": 0.45560093715971384, "width_q2": 0.6926422154779937, "width_q3": 1.0323504081184713, "width_max": 3.652149385587596}