{"data_name": "Parkinsons", "n_neighbors": 10, "level": 0.95, "random_state": 1679, "test_size": 0.2, "n": 5875, "d": 21, "oob_score": 0.8496223319792495, "test_score": 0.8467933003083639, "coverage": 0.8076595744680851, "width_mean": 1.0517122698278012, "width_sd": 0.4947479693407669, "width_min": 0.1787307163425611, "width_q1": 0.6680097683373798, "width_q2": 0.9703887641434521, "width_q3": 1.320792874493359, "width_max": 3.1629115326751673}