{"data_name": "Parkinsons", "n_neighbors": 1000, "level": 0.8, "random_state": 8935, "test_size": 0.2, "n": 5875, "d": 21, "oob_score": 0.8455661774667971, "test_score": 0.8491779221606622, "coverage": 0.8119148936170213, "width_mean": 0.9091384388995285, "width_sd": 0.013203117111362388, "width_min": 0.8791462760648583, "width_q1": 0.8974955908594273, "width_q2": 0.9074990780877386, "width_q3": 0.9192969246676728, "width_max": 0.9464857143868327}