{"data_name": "Parkinsons", "n_neighbors": 10, "level": 0.99, "random_state": 1824, "test_size": 0.2, "n": 5875, "d": 21, "oob_score": 0.8466515924001756, "test_score": 0.844366024889738, "coverage": 0.8263829787234043, "width_mean": 1.11121750675166, "width_sd": 0.49648298568313454, "width_min": 0.18809106012535462, "width_q1": 0.7509433792534662, "width_q2": 1.014152506487001, "width_q3": 1.3934475456894506, "width_max": 3.2966107434596306}