{"data_name": "Parkinsons", "n_neighbors": 10, "level": 0.8, "random_state": 8935, "test_size": 0.2, "n": 5875, "d": 21, "oob_score": 0.8455661774667971, "test_score": 0.8491779221606622, "coverage": 0.6825531914893617, "width_mean": 0.7656967404172593, "width_sd": 0.3951434138356601, "width_min": 0.15026993159636678, "width_q1": 0.48769864366465715, "width_q2": 0.6765217313035298, "width_q3": 0.9553651140517245, "width_max": 3.3973166821443153}