{"data_name": "Parkinsons", "n_neighbors": 5, "level": 0.95, "random_state": 1824, "test_size": 0.2, "n": 5875, "d": 21, "oob_score": 0.8466515924001756, "test_score": 0.844366024889738, "coverage": 0.6417021276595745, "width_mean": 0.7774582125403937, "width_sd": 0.4334669162469139, "width_min": 0.09013184292544846, "width_q1": 0.47627372129360657, "width_q2": 0.6863576032990546, "width_q3": 1.0125557519332111, "width_max": 3.1953459659239742}