{"data_name": "Parkinsons", "n_neighbors": 500, "level": 0.8, "random_state": 1424, "test_size": 0.2, "n": 5875, "d": 21, "oob_score": 0.8438405110842117, "test_score": 0.8535213298055409, "coverage": 0.7591489361702127, "width_mean": 0.8029963726702095, "width_sd": 0.02538463422575994, "width_min": 0.7379978729786396, "width_q1": 0.7826917280920448, "width_q2": 0.8011830928176521, "width_q3": 0.8178108553514185, "width_max": 0.8828227459007341}