{"data_name": "Parkinsons", "n_neighbors": 20, "level": 0.99, "random_state": 8935, "test_size": 0.2, "n": 5875, "d": 21, "oob_score": 0.8455661774667971, "test_score": 0.8491779221606622, "coverage": 0.9174468085106383, "width_mean": 1.411553929251027, "width_sd": 0.5758309677150241, "width_min": 0.33123181633524745, "width_q1": 0.9995236680649935, "width_q2": 1.322506608709773, "width_q3": 1.7261243552030088, "width_max": 3.756570528225551}