{"data_name": "Parkinsons", "n_neighbors": 1000, "level": 0.99, "random_state": 3657, "test_size": 0.2, "n": 5875, "d": 21, "oob_score": 0.8484733483392964, "test_score": 0.851710328233098, "coverage": 0.9872340425531915, "width_mean": 2.3632260439585733, "width_sd": 0.0461711116107134, "width_min": 2.278267498812643, "width_q1": 2.3466889354191016, "width_q2": 2.352702947106576, "width_q3": 2.3739533747416597, "width_max": 2.68457042360986}