{"data_name": "Parkinsons", "n_neighbors": 2000, "level": 0.95, "random_state": 8935, "test_size": 0.2, "n": 5875, "d": 21, "oob_score": 0.8455661774667971, "test_score": 0.8491779221606622, "coverage": 0.9514893617021276, "width_mean": 1.6374857988703777, "width_sd": 0.012155811620524556, "width_min": 1.589344753309403, "width_q1": 1.6289380932205035, "width_q2": 1.6366676729462728, "width_q3": 1.6421096110081792, "width_max": 1.7052006813404614}