{"data_name": "Parkinsons", "n_neighbors": 20, "level": 0.8, "random_state": 8935, "test_size": 0.2, "n": 5875, "d": 21, "oob_score": 0.8455661774667971, "test_score": 0.8491779221606622, "coverage": 0.7548936170212766, "width_mean": 0.8280498324088995, "width_sd": 0.3545646104732715, "width_min": 0.17334402913802105, "width_q1": 0.567156601295569, "width_q2": 0.7524184952744328, "width_q3": 1.015024480510887, "width_max": 2.6275182862186894}