{"data_name": "Parkinsons", "n_neighbors": 2000, "level": 0.9, "random_state": 3657, "test_size": 0.2, "n": 5875, "d": 21, "oob_score": 0.8484733483392964, "test_score": 0.851710328233098, "coverage": 0.9072340425531915, "width_mean": 1.2628759161885488, "width_sd": 0.01019042827476634, "width_min": 1.2394340027853281, "width_q1": 1.2569424708724963, "width_q2": 1.2608958851663827, "width_q3": 1.2693672186016807, "width_max": 1.298543991777056}