{"data_name": "Parkinsons", "n_neighbors": 10, "level": 0.95, "random_state": 4012, "test_size": 0.2, "n": 5875, "d": 21, "oob_score": 0.8466727355796215, "test_score": 0.8549052709955552, "coverage": 0.7948936170212766, "width_mean": 1.0448140244315445, "width_sd": 0.4836705618633927, "width_min": 0.23154842228365724, "width_q1": 0.6686559640016778, "width_q2": 0.9499814288165546, "width_q3": 1.3216597819812144, "width_max": 3.056581864297244}