{"data_name": "Parkinsons", "n_neighbors": 10, "level": 0.99, "random_state": 1679, "test_size": 0.2, "n": 5875, "d": 21, "oob_score": 0.8496223319792495, "test_score": 0.8467933003083639, "coverage": 0.8221276595744681, "width_mean": 1.1317798068999605, "width_sd": 0.5388904019707523, "width_min": 0.18875624506894373, "width_q1": 0.7192053996989394, "width_q2": 1.0421345632245347, "width_q3": 1.4311380219632408, "width_max": 3.5806190650583014}