{"data_name": "Parkinsons", "n_neighbors": 2000, "level": 0.95, "random_state": 2286, "test_size": 0.2, "n": 5875, "d": 21, "oob_score": 0.8417877189867189, "test_score": 0.8740627978522048, "coverage": 0.9506382978723404, "width_mean": 1.5981226385959864, "width_sd": 0.009489060856833547, "width_min": 1.5820502542461596, "width_q1": 1.5906794354114824, "width_q2": 1.5958218470114356, "width_q3": 1.6028240159088476, "width_max": 1.6579197823682792}