{"data_name": "Parkinsons", "n_neighbors": 500, "level": 0.95, "random_state": 4506, "test_size": 0.2, "n": 5875, "d": 21, "oob_score": 0.8521871479998288, "test_score": 0.8377074602696372, "coverage": 0.9387234042553192, "width_mean": 1.5502228601334682, "width_sd": 0.05758829364521346, "width_min": 1.4335660258787897, "width_q1": 1.511096798867688, "width_q2": 1.5386889686460123, "width_q3": 1.5612293977750995, "width_max": 1.9023464301879411}