{"data_name": "Parkinsons", "n_neighbors": "all", "level": 0.9, "random_state": 8935, "test_size": 0.2, "n": 5875, "d": 21, "oob_score": 0.8455661774667971, "test_score": 0.8491779221606622, "coverage": 0.8868085106382979, "width_mean": 1.2580759696062391, "width_sd": 2.519653122866564e-16, "width_min": 1.2580759696062391, "width_q1": 1.2580759696062394, "width_q2": 1.2580759696062394, "width_q3": 1.2580759696062394, "width_max": 1.2580759696062396}