{"data_name": "Parkinsons", "n_neighbors": "auto", "level": 0.8, "random_state": 2286, "test_size": 0.2, "n": 5875, "d": 21, "oob_score": 0.8417877189867189, "test_score": 0.8740627978522048, "coverage": 0.8042553191489362, "width_mean": 0.8645763535096956, "width_sd": 0.30946078012901684, "width_min": 0.32132851012297087, "width_q1": 0.6321714028226941, "width_q2": 0.798829196030703, "width_q3": 1.034073566579317, "width_max": 2.5590251006246074}