{"data_name": "Parkinsons", "n_neighbors": 5000, "level": 0.9, "random_state": 1679, "test_size": 0.2, "n": 5875, "d": 21, "oob_score": 0.8496223319792495, "test_score": 0.8467933003083639, "coverage": 0.916595744680851, "width_mean": 1.2665622825720964, "width_sd": 2.506295026778481e-16, "width_min": 1.2665622825720964, "width_q1": 1.2665622825720966, "width_q2": 1.2665622825720966, "width_q3": 1.2665622825720966, "width_max": 1.2665622825720968}