{"data_name": "Parkinsons", "n_neighbors": "all", "level": 0.95, "random_state": 409, "test_size": 0.2, "n": 5875, "d": 21, "oob_score": 0.8434174781739138, "test_score": 0.8542140644571252, "coverage": 0.9591489361702128, "width_mean": 1.6215881584675131, "width_sd": 3.2774892418845707e-16, "width_min": 1.6215881584675125, "width_q1": 1.6215881584675127, "width_q2": 1.621588158467513, "width_q3": 1.621588158467513, "width_max": 1.621588158467513}