{"data_name": "Parkinsons", "n_neighbors": 50, "level": 0.9, "random_state": 9674, "test_size": 0.2, "n": 5875, "d": 21, "oob_score": 0.8480017972459125, "test_score": 0.8520983202782938, "coverage": 0.8961702127659574, "width_mean": 1.1551221266875222, "width_sd": 0.37835419185190483, "width_min": 0.4166070098423489, "width_q1": 0.8723048526067507, "width_q2": 1.090523209504171, "width_q3": 1.3692433663435484, "width_max": 3.1499602418065074}