{"data_name": "Parkinsons", "n_neighbors": 200, "level": 0.95, "random_state": 1679, "test_size": 0.2, "n": 5875, "d": 21, "oob_score": 0.8496223319792495, "test_score": 0.8467933003083639, "coverage": 0.945531914893617, "width_mean": 1.495108591383838, "width_sd": 0.16761965005728247, "width_min": 1.21805984595182, "width_q1": 1.375164081832766, "width_q2": 1.4748380161696404, "width_q3": 1.5749381270819527, "width_max": 2.516984540951471}