{"data_name": "Parkinsons", "n_neighbors": "auto", "level": 0.99, "random_state": 2286, "test_size": 0.2, "n": 5875, "d": 21, "oob_score": 0.8417877189867189, "test_score": 0.8740627978522048, "coverage": 0.977872340425532, "width_mean": 1.7636480597959103, "width_sd": 0.5719241179421652, "width_min": 0.6373251987531909, "width_q1": 1.3587613283613627, "width_q2": 1.7166638887866417, "width_q3": 2.0779326891135907, "width_max": 4.320993561291916}