{"data_name": "Parkinsons", "n_neighbors": 10, "level": 0.9, "random_state": 4506, "test_size": 0.2, "n": 5875, "d": 21, "oob_score": 0.8521871479998288, "test_score": 0.8377074602696372, "coverage": 0.7608510638297873, "width_mean": 0.9399778898994798, "width_sd": 0.45022643775859866, "width_min": 0.20437697536059585, "width_q1": 0.6066876590988591, "width_q2": 0.8532801389011844, "width_q3": 1.165179838842238, "width_max": 3.068511779202326}