{"data_name": "Parkinsons", "n_neighbors": 5, "level": 0.8, "random_state": 1424, "test_size": 0.2, "n": 5875, "d": 21, "oob_score": 0.8438405110842117, "test_score": 0.8535213298055409, "coverage": 0.5506382978723404, "width_mean": 0.6349965558408098, "width_sd": 0.3900742505187175, "width_min": 0.0630386456507908, "width_q1": 0.36627943500441384, "width_q2": 0.5395236430016219, "width_q3": 0.8029613470719126, "width_max": 3.335475384252392}