{"data_name": "Parkinsons", "n_neighbors": 20, "level": 0.9, "random_state": 3657, "test_size": 0.2, "n": 5875, "d": 21, "oob_score": 0.8484733483392964, "test_score": 0.851710328233098, "coverage": 0.8136170212765957, "width_mean": 1.036540405659665, "width_sd": 0.4268193724574004, "width_min": 0.33805495717526346, "width_q1": 0.7194765090507755, "width_q2": 0.9579914607833496, "width_q3": 1.2686180077271796, "width_max": 3.2520678678775417}