{"data_name": "Parkinsons", "n_neighbors": 500, "level": 0.95, "random_state": 4012, "test_size": 0.2, "n": 5875, "d": 21, "oob_score": 0.8466727355796215, "test_score": 0.8549052709955552, "coverage": 0.9651063829787234, "width_mean": 1.6501664328471464, "width_sd": 0.08226534898353675, "width_min": 1.421929236238514, "width_q1": 1.5875337147501702, "width_q2": 1.6338703504222503, "width_q3": 1.6852308648045249, "width_max": 2.0762122605441498}