{"data_name": "Parkinsons", "n_neighbors": 100, "level": 0.95, "random_state": 3657, "test_size": 0.2, "n": 5875, "d": 21, "oob_score": 0.8484733483392964, "test_score": 0.851710328233098, "coverage": 0.948936170212766, "width_mean": 1.5389722509904789, "width_sd": 0.27902542727806007, "width_min": 0.8332382562833922, "width_q1": 1.350615167197096, "width_q2": 1.5095858202774635, "width_q3": 1.6895995573648532, "width_max": 2.6722689738398744}