{"data_name": "Parkinsons", "n_neighbors": 5, "level": 0.99, "random_state": 4506, "test_size": 0.2, "n": 5875, "d": 21, "oob_score": 0.8521871479998288, "test_score": 0.8377074602696372, "coverage": 0.6621276595744681, "width_mean": 0.8324293126657846, "width_sd": 0.4897601680355726, "width_min": 0.07341837798010953, "width_q1": 0.4779038192263241, "width_q2": 0.725460685673541, "width_q3": 1.072758920381604, "width_max": 3.636658712340456}