{"data_name": "Parkinsons", "n_neighbors": 5000, "level": 0.95, "random_state": 1424, "test_size": 0.2, "n": 5875, "d": 21, "oob_score": 0.8438405110842117, "test_score": 0.8535213298055409, "coverage": 0.9429787234042554, "width_mean": 1.5969817210651067, "width_sd": 1.1749496091904414e-16, "width_min": 1.5969817210651063, "width_q1": 1.5969817210651067, "width_q2": 1.5969817210651067, "width_q3": 1.5969817210651067, "width_max": 1.5969817210651067}