{"data_name": "Parkinsons", "n_neighbors": 500, "level": 0.99, "random_state": 1824, "test_size": 0.2, "n": 5875, "d": 21, "oob_score": 0.8466515924001756, "test_score": 0.844366024889738, "coverage": 0.9948936170212765, "width_mean": 2.618911317432166, "width_sd": 0.08027889471071208, "width_min": 2.4838499196202397, "width_q1": 2.5648488248829677, "width_q2": 2.5648488248829677, "width_q3": 2.6737986270288756, "width_max": 3.1672467370736763}