{"data_name": "Parkinsons", "n_neighbors": "auto", "level": 0.8, "random_state": 1679, "test_size": 0.2, "n": 5875, "d": 21, "oob_score": 0.8496223319792495, "test_score": 0.8467933003083639, "coverage": 0.8025531914893617, "width_mean": 0.8818916013768157, "width_sd": 0.31451528909445176, "width_min": 0.30742985922363353, "width_q1": 0.6399480074076995, "width_q2": 0.842115696539655, "width_q3": 1.058966544391358, "width_max": 2.4016920276667753}