{"data_name": "Parkinsons", "n_neighbors": 10, "level": 0.8, "random_state": 3657, "test_size": 0.2, "n": 5875, "d": 21, "oob_score": 0.8484733483392964, "test_score": 0.851710328233098, "coverage": 0.6782978723404255, "width_mean": 0.7516870025568118, "width_sd": 0.37817511300411044, "width_min": 0.09685234994551217, "width_q1": 0.4792343089880068, "width_q2": 0.6674153358124453, "width_q3": 0.9459167358225729, "width_max": 2.9319617933626403}