{"data_name": "Parkinsons", "n_neighbors": 50, "level": 0.95, "random_state": 8935, "test_size": 0.2, "n": 5875, "d": 21, "oob_score": 0.8455661774667971, "test_score": 0.8491779221606622, "coverage": 0.9327659574468085, "width_mean": 1.3815320379525085, "width_sd": 0.4562674669320292, "width_min": 0.5648613306561167, "width_q1": 1.0460162665756918, "width_q2": 1.3087097489545485, "width_q3": 1.6389857651837934, "width_max": 3.4419433787489897}