{"data_name": "Parkinsons", "n_neighbors": 2000, "level": 0.9, "random_state": 4012, "test_size": 0.2, "n": 5875, "d": 21, "oob_score": 0.8466727355796215, "test_score": 0.8549052709955552, "coverage": 0.902127659574468, "width_mean": 1.258439566038736, "width_sd": 0.00650794310340921, "width_min": 1.2445526078348152, "width_q1": 1.2515664872004781, "width_q2": 1.2580752527562113, "width_q3": 1.2625671637716875, "width_max": 1.2909645804611523}