{"data_name": "Parkinsons", "n_neighbors": 10, "level": 0.8, "random_state": 1824, "test_size": 0.2, "n": 5875, "d": 21, "oob_score": 0.8466515924001756, "test_score": 0.844366024889738, "coverage": 0.6859574468085107, "width_mean": 0.7471641918971653, "width_sd": 0.3566737630989688, "width_min": 0.11046164861684887, "width_q1": 0.4930708092239252, "width_q2": 0.663585973306862, "width_q3": 0.9405423128112081, "width_max": 2.6150572154425062}