{"data_name": "Parkinsons", "n_neighbors": 100, "level": 0.8, "random_state": 3657, "test_size": 0.2, "n": 5875, "d": 21, "oob_score": 0.8484733483392964, "test_score": 0.851710328233098, "coverage": 0.7829787234042553, "width_mean": 0.8718251007689681, "width_sd": 0.18915708537172565, "width_min": 0.4366356572366491, "width_q1": 0.7317732472374812, "width_q2": 0.8524602262261154, "width_q3": 0.9939714918280119, "width_max": 1.6744116809815985}