{"data_name": "Parkinsons", "n_neighbors": "all", "level": 0.9, "random_state": 2286, "test_size": 0.2, "n": 5875, "d": 21, "oob_score": 0.8417877189867189, "test_score": 0.8740627978522048, "coverage": 0.9123404255319149, "width_mean": 1.2638713188594195, "width_sd": 1.196185356821543e-16, "width_min": 1.2638713188594193, "width_q1": 1.2638713188594195, "width_q2": 1.2638713188594195, "width_q3": 1.2638713188594195, "width_max": 1.2638713188594197}