{"data_name": "Parkinsons", "n_neighbors": 1000, "level": 0.95, "random_state": 409, "test_size": 0.2, "n": 5875, "d": 21, "oob_score": 0.8434174781739138, "test_score": 0.8542140644571252, "coverage": 0.9591489361702128, "width_mean": 1.611336094093924, "width_sd": 0.0226775266962005, "width_min": 1.58360193899376, "width_q1": 1.602618641892952, "width_q2": 1.6061190317926497, "width_q3": 1.609909895342895, "width_max": 1.7675194334140085}