{"data_name": "Parkinsons", "n_neighbors": 100, "level": 0.9, "random_state": 9674, "test_size": 0.2, "n": 5875, "d": 21, "oob_score": 0.8480017972459125, "test_score": 0.8520983202782938, "coverage": 0.9259574468085107, "width_mean": 1.2681769038922852, "width_sd": 0.257226544168719, "width_min": 0.6480227687547766, "width_q1": 1.0919744479553022, "width_q2": 1.263152553884619, "width_q3": 1.4186325257313563, "width_max": 2.5213283990947124}