{"data_name": "Parkinsons", "n_neighbors": 200, "level": 0.8, "random_state": 409, "test_size": 0.2, "n": 5875, "d": 21, "oob_score": 0.8434174781739138, "test_score": 0.8542140644571252, "coverage": 0.7617021276595745, "width_mean": 0.7650054628613913, "width_sd": 0.095515263695696, "width_min": 0.5669700731767443, "width_q1": 0.6957740620040543, "width_q2": 0.7604595048808034, "width_q3": 0.8205013807413283, "width_max": 1.175540156101311}