{"data_name": "Parkinsons", "n_neighbors": 20, "level": 0.9, "random_state": 4012, "test_size": 0.2, "n": 5875, "d": 21, "oob_score": 0.8466727355796215, "test_score": 0.8549052709955552, "coverage": 0.8323404255319149, "width_mean": 1.0610867326886229, "width_sd": 0.43067694957181846, "width_min": 0.30491467265663563, "width_q1": 0.7379143597079293, "width_q2": 0.9859877692780051, "width_q3": 1.306430277120744, "width_max": 3.2253538128573367}