{"data_name": "Parkinsons", "n_neighbors": 100, "level": 0.95, "random_state": 1679, "test_size": 0.2, "n": 5875, "d": 21, "oob_score": 0.8496223319792495, "test_score": 0.8467933003083639, "coverage": 0.9506382978723404, "width_mean": 1.482230884235389, "width_sd": 0.3061721077165543, "width_min": 0.7572881539351861, "width_q1": 1.2688579998492264, "width_q2": 1.4174668110216886, "width_q3": 1.6479981198564293, "width_max": 3.0157705412217317}