{"data_name": "Parkinsons", "n_neighbors": 1000, "level": 0.9, "random_state": 1424, "test_size": 0.2, "n": 5875, "d": 21, "oob_score": 0.8438405110842117, "test_score": 0.8535213298055409, "coverage": 0.8868085106382979, "width_mean": 1.2138115250742618, "width_sd": 0.01752802294223131, "width_min": 1.1623190817568534, "width_q1": 1.1993207514763868, "width_q2": 1.2153752495129893, "width_q3": 1.224139963963039, "width_max": 1.2815754479124406}