{"data_name": "Parkinsons", "n_neighbors": 5000, "level": 0.99, "random_state": 1679, "test_size": 0.2, "n": 5875, "d": 21, "oob_score": 0.8496223319792495, "test_score": 0.8467933003083639, "coverage": 0.9914893617021276, "width_mean": 2.4933476975338795, "width_sd": 0.0, "width_min": 2.4933476975338795, "width_q1": 2.4933476975338795, "width_q2": 2.4933476975338795, "width_q3": 2.4933476975338795, "width_max": 2.4933476975338795}