{"data_name": "Parkinsons", "n_neighbors": 100, "level": 0.99, "random_state": 1424, "test_size": 0.2, "n": 5875, "d": 21, "oob_score": 0.8438405110842117, "test_score": 0.8535213298055409, "coverage": 0.9787234042553191, "width_mean": 1.9047593222902184, "width_sd": 0.4163727858186545, "width_min": 1.0904749906484907, "width_q1": 1.5948107517363765, "width_q2": 1.7786410141984494, "width_q3": 2.1169955200645503, "width_max": 3.7348115722638484}