{"data_name": "Parkinsons", "n_neighbors": "all", "level": 0.8, "random_state": 1824, "test_size": 0.2, "n": 5875, "d": 21, "oob_score": 0.8466515924001756, "test_score": 0.844366024889738, "coverage": 0.8008510638297872, "width_mean": 0.8988384746909579, "width_sd": 1.3938363542894772e-16, "width_min": 0.8988384746909577, "width_q1": 0.8988384746909578, "width_q2": 0.8988384746909578, "width_q3": 0.8988384746909578, "width_max": 0.8988384746909581}