{"data_name": "Parkinsons", "n_neighbors": 100, "level": 0.8, "random_state": 8935, "test_size": 0.2, "n": 5875, "d": 21, "oob_score": 0.8455661774667971, "test_score": 0.8491779221606622, "coverage": 0.8102127659574468, "width_mean": 0.8770409513543475, "width_sd": 0.18336019998660671, "width_min": 0.483373573530937, "width_q1": 0.7434335650056708, "width_q2": 0.8602512219743917, "width_q3": 0.9979380057207519, "width_max": 1.585294313587509}