{"data_name": "Parkinsons", "n_neighbors": 10, "level": 0.8, "random_state": 2286, "test_size": 0.2, "n": 5875, "d": 21, "oob_score": 0.8417877189867189, "test_score": 0.8740627978522048, "coverage": 0.6859574468085107, "width_mean": 0.7448065294037969, "width_sd": 0.36821381789447527, "width_min": 0.11113015044790453, "width_q1": 0.4846779007694496, "width_q2": 0.667986864712486, "width_q3": 0.9245823568282189, "width_max": 3.1416744243674364}