{"data_name": "Parkinsons", "n_neighbors": 2000, "level": 0.99, "random_state": 1679, "test_size": 0.2, "n": 5875, "d": 21, "oob_score": 0.8496223319792495, "test_score": 0.8467933003083639, "coverage": 0.9897872340425532, "width_mean": 2.551470973796294, "width_sd": 0.016721169436051442, "width_min": 2.546345948855179, "width_q1": 2.546345948855179, "width_q2": 2.546345948855179, "width_q3": 2.5463459488551794, "width_max": 2.6698415191090117}