{"data_name": "Parkinsons", "n_neighbors": 100, "level": 0.99, "random_state": 409, "test_size": 0.2, "n": 5875, "d": 21, "oob_score": 0.8434174781739138, "test_score": 0.8542140644571252, "coverage": 0.9880851063829788, "width_mean": 2.003173961301921, "width_sd": 0.41623988420855773, "width_min": 1.0836365638034038, "width_q1": 1.739539087810642, "width_q2": 1.9414001654684423, "width_q3": 2.203990260612681, "width_max": 4.1545086201756085}