{"data_name": "Parkinsons", "n_neighbors": "all", "level": 0.8, "random_state": 2286, "test_size": 0.2, "n": 5875, "d": 21, "oob_score": 0.8417877189867189, "test_score": 0.8740627978522048, "coverage": 0.8136170212765957, "width_mean": 0.8967899944833527, "width_sd": 1.7618291006750167e-16, "width_min": 0.8967899944833526, "width_q1": 0.8967899944833528, "width_q2": 0.8967899944833528, "width_q3": 0.896789994483353, "width_max": 0.8967899944833531}