{"data_name": "Parkinsons", "n_neighbors": "all", "level": 0.99, "random_state": 1424, "test_size": 0.2, "n": 5875, "d": 21, "oob_score": 0.8438405110842117, "test_score": 0.8535213298055409, "coverage": 0.9889361702127659, "width_mean": 2.494080227245614, "width_sd": 1.5329052289961911e-16, "width_min": 2.4940802272456137, "width_q1": 2.494080227245614, "width_q2": 2.494080227245614, "width_q3": 2.494080227245614, "width_max": 2.4940802272456146}