{"data_name": "Parkinsons", "n_neighbors": 20, "level": 0.95, "random_state": 1424, "test_size": 0.2, "n": 5875, "d": 21, "oob_score": 0.8438405110842117, "test_score": 0.8535213298055409, "coverage": 0.8817021276595745, "width_mean": 1.2358860479557034, "width_sd": 0.5055061891759423, "width_min": 0.33304397577430866, "width_q1": 0.8550517587277288, "width_q2": 1.1322916016166795, "width_q3": 1.4817897752014701, "width_max": 3.5880205752066567}