{"data_name": "Parkinsons", "n_neighbors": 20, "level": 0.99, "random_state": 1824, "test_size": 0.2, "n": 5875, "d": 21, "oob_score": 0.8466515924001756, "test_score": 0.844366024889738, "coverage": 0.9063829787234042, "width_mean": 1.3842070441295327, "width_sd": 0.515742289906361, "width_min": 0.4582729052615606, "width_q1": 1.024695526242636, "width_q2": 1.2955442035819886, "width_q3": 1.6671551912210696, "width_max": 3.568555041232133}