{"data_name": "Parkinsons", "n_neighbors": 100, "level": 0.95, "random_state": 9674, "test_size": 0.2, "n": 5875, "d": 21, "oob_score": 0.8480017972459125, "test_score": 0.8520983202782938, "coverage": 0.9617021276595744, "width_mean": 1.5797328129892425, "width_sd": 0.28204265265298445, "width_min": 0.8821963211532668, "width_q1": 1.4005706944807574, "width_q2": 1.5239265185597908, "width_q3": 1.7135257098278287, "width_max": 3.1371086573906126}