{"data_name": "Parkinsons", "n_neighbors": 20, "level": 0.95, "random_state": 1824, "test_size": 0.2, "n": 5875, "d": 21, "oob_score": 0.8466515924001756, "test_score": 0.844366024889738, "coverage": 0.8817021276595745, "width_mean": 1.2325941024276572, "width_sd": 0.45675290429905485, "width_min": 0.41905410449052927, "width_q1": 0.8984277050604519, "width_q2": 1.1499383069868405, "width_q3": 1.4830672603907535, "width_max": 3.424805896511343}