{"data_name": "Parkinsons", "n_neighbors": 2000, "level": 0.9, "random_state": 409, "test_size": 0.2, "n": 5875, "d": 21, "oob_score": 0.8434174781739138, "test_score": 0.8542140644571252, "coverage": 0.9131914893617021, "width_mean": 1.319001887681698, "width_sd": 0.00997372827291117, "width_min": 1.3056391032157326, "width_q1": 1.313394707051064, "width_q2": 1.3169108686427895, "width_q3": 1.3235929664026318, "width_max": 1.3619884482869633}