{"data_name": "Parkinsons", "n_neighbors": 5, "level": 0.8, "random_state": 9674, "test_size": 0.2, "n": 5875, "d": 21, "oob_score": 0.8480017972459125, "test_score": 0.8520983202782938, "coverage": 0.6110638297872341, "width_mean": 0.6530978976388672, "width_sd": 0.3830332344415771, "width_min": 0.07536619532516592, "width_q1": 0.3827868452141997, "width_q2": 0.5634464816314917, "width_q3": 0.827686854033523, "width_max": 2.790607934145049}