{"data_name": "Parkinsons", "n_neighbors": 10, "level": 0.99, "random_state": 4506, "test_size": 0.2, "n": 5875, "d": 21, "oob_score": 0.8521871479998288, "test_score": 0.8377074602696372, "coverage": 0.8051063829787234, "width_mean": 1.112804775619423, "width_sd": 0.5393911825428039, "width_min": 0.23668789626408426, "width_q1": 0.7148581547680831, "width_q2": 1.0035356292032342, "width_q3": 1.3888568135654682, "width_max": 3.614777503882627}