{"data_name": "Parkinsons", "n_neighbors": 500, "level": 0.99, "random_state": 8935, "test_size": 0.2, "n": 5875, "d": 21, "oob_score": 0.8455661774667971, "test_score": 0.8491779221606622, "coverage": 0.9931914893617021, "width_mean": 2.5489831024306913, "width_sd": 0.14416856242547932, "width_min": 2.2174132868673304, "width_q1": 2.4729420629790915, "width_q2": 2.539733451625462, "width_q3": 2.6394242800925616, "width_max": 3.245630461352338}