{"data_name": "Parkinsons", "n_neighbors": 50, "level": 0.99, "random_state": 8935, "test_size": 0.2, "n": 5875, "d": 21, "oob_score": 0.8455661774667971, "test_score": 0.8491779221606622, "coverage": 0.96, "width_mean": 1.7345957695080498, "width_sd": 0.5556179183552503, "width_min": 0.6685787841806874, "width_q1": 1.3118082559865352, "width_q2": 1.6344134369493366, "width_q3": 2.0884143465078635, "width_max": 3.7494061332531237}