{"data_name": "Parkinsons", "n_neighbors": "auto", "level": 0.95, "random_state": 4506, "test_size": 0.2, "n": 5875, "d": 21, "oob_score": 0.8521871479998288, "test_score": 0.8377074602696372, "coverage": 0.9251063829787234, "width_mean": 1.379936163554348, "width_sd": 0.4299990964670876, "width_min": 0.5562982090280845, "width_q1": 1.0820784879422312, "width_q2": 1.304904418994566, "width_q3": 1.6103840706449781, "width_max": 3.2953496528638127}