{"data_name": "Parkinsons", "n_neighbors": 20, "level": 0.9, "random_state": 2286, "test_size": 0.2, "n": 5875, "d": 21, "oob_score": 0.8417877189867189, "test_score": 0.8740627978522048, "coverage": 0.8527659574468085, "width_mean": 1.0355417963042197, "width_sd": 0.4289070029368748, "width_min": 0.29539533921584393, "width_q1": 0.7099670889982967, "width_q2": 0.962672173802753, "width_q3": 1.2523985608660526, "width_max": 3.13846069952158}