{"data_name": "Parkinsons", "n_neighbors": "all", "level": 0.99, "random_state": 4012, "test_size": 0.2, "n": 5875, "d": 21, "oob_score": 0.8466727355796215, "test_score": 0.8549052709955552, "coverage": 0.9923404255319149, "width_mean": 2.4951108349433415, "width_sd": 2.056608177060219e-16, "width_min": 2.4951108349433415, "width_q1": 2.4951108349433415, "width_q2": 2.4951108349433415, "width_q3": 2.4951108349433415, "width_max": 2.4951108349433424}