{"data_name": "Parkinsons", "n_neighbors": "auto", "level": 0.99, "random_state": 9674, "test_size": 0.2, "n": 5875, "d": 21, "oob_score": 0.8480017972459125, "test_score": 0.8520983202782938, "coverage": 0.9693617021276596, "width_mean": 1.7508863612482108, "width_sd": 0.535614297190387, "width_min": 0.7186085719006737, "width_q1": 1.3527632176042057, "width_q2": 1.6761934194918036, "width_q3": 2.074531006878436, "width_max": 4.163255120724143}