{"data_name": "Parkinsons", "n_neighbors": 20, "level": 0.99, "random_state": 1424, "test_size": 0.2, "n": 5875, "d": 21, "oob_score": 0.8438405110842117, "test_score": 0.8535213298055409, "coverage": 0.9106382978723404, "width_mean": 1.397377691972754, "width_sd": 0.5870418231428747, "width_min": 0.3917653538616295, "width_q1": 0.9558958631113739, "width_q2": 1.2715710496356023, "width_q3": 1.677364673982288, "width_max": 3.8944681639627396}