{"data_name": "Parkinsons", "n_neighbors": 10, "level": 0.9, "random_state": 2286, "test_size": 0.2, "n": 5875, "d": 21, "oob_score": 0.8417877189867189, "test_score": 0.8740627978522048, "coverage": 0.7872340425531915, "width_mean": 0.9438631552798703, "width_sd": 0.44786083330916765, "width_min": 0.17964496971724575, "width_q1": 0.6124386779567021, "width_q2": 0.8571647443789686, "width_q3": 1.1847947104588639, "width_max": 3.719955162172376}