{"data_name": "Parkinsons", "n_neighbors": 1000, "level": 0.8, "random_state": 409, "test_size": 0.2, "n": 5875, "d": 21, "oob_score": 0.8434174781739138, "test_score": 0.8542140644571252, "coverage": 0.7923404255319149, "width_mean": 0.8423082079913248, "width_sd": 0.01683671958224313, "width_min": 0.8049141925189907, "width_q1": 0.8294833409317175, "width_q2": 0.8405878252979266, "width_q3": 0.8525372514502892, "width_max": 0.8989399411876384}