{"data_name": "Parkinsons", "n_neighbors": 5000, "level": 0.95, "random_state": 8935, "test_size": 0.2, "n": 5875, "d": 21, "oob_score": 0.8455661774667971, "test_score": 0.8491779221606622, "coverage": 0.9506382978723404, "width_mean": 1.6281634208942983, "width_sd": 2.549452947356307e-16, "width_min": 1.6281634208942983, "width_q1": 1.6281634208942986, "width_q2": 1.6281634208942986, "width_q3": 1.6281634208942986, "width_max": 1.6281634208942988}