{"data_name": "Parkinsons", "n_neighbors": "auto", "level": 0.9, "random_state": 2286, "test_size": 0.2, "n": 5875, "d": 21, "oob_score": 0.8417877189867189, "test_score": 0.8740627978522048, "coverage": 0.8978723404255319, "width_mean": 1.1366937335968985, "width_sd": 0.3869716010741025, "width_min": 0.4894069005206987, "width_q1": 0.8343043035708573, "width_q2": 1.0927729946725646, "width_q3": 1.3495156005777815, "width_max": 3.1153354332299474}