{"data_name": "Parkinsons", "n_neighbors": "all", "level": 0.95, "random_state": 1824, "test_size": 0.2, "n": 5875, "d": 21, "oob_score": 0.8466515924001756, "test_score": 0.844366024889738, "coverage": 0.9565957446808511, "width_mean": 1.6403997455594013, "width_sd": 1.295541376381722e-17, "width_min": 1.6403997455594008, "width_q1": 1.6403997455594013, "width_q2": 1.6403997455594013, "width_q3": 1.6403997455594013, "width_max": 1.6403997455594013}