{"data_name": "Parkinsons", "n_neighbors": 5, "level": 0.99, "random_state": 4012, "test_size": 0.2, "n": 5875, "d": 21, "oob_score": 0.8466727355796215, "test_score": 0.8549052709955552, "coverage": 0.6706382978723404, "width_mean": 0.8444456650874426, "width_sd": 0.4841849101185166, "width_min": 0.09796240360045483, "width_q1": 0.5063070622898742, "width_q2": 0.7307141093628285, "width_q3": 1.07356508921193, "width_max": 3.2627905997020727}