{"data_name": "Parkinsons", "n_neighbors": 200, "level": 0.99, "random_state": 1679, "test_size": 0.2, "n": 5875, "d": 21, "oob_score": 0.8496223319792495, "test_score": 0.8467933003083639, "coverage": 0.9838297872340426, "width_mean": 2.1360214548535983, "width_sd": 0.25058228395508464, "width_min": 1.5762411069640971, "width_q1": 1.9969288294101153, "width_q2": 2.032737401405411, "width_q3": 2.222419433396663, "width_max": 3.7627175361588163}