{"data_name": "Parkinsons", "n_neighbors": 1000, "level": 0.99, "random_state": 8935, "test_size": 0.2, "n": 5875, "d": 21, "oob_score": 0.8455661774667971, "test_score": 0.8491779221606622, "coverage": 0.9906382978723405, "width_mean": 2.499089048756046, "width_sd": 0.04050923026994733, "width_min": 2.467526394015319, "width_q1": 2.4876261914865623, "width_q2": 2.4876261914865623, "width_q3": 2.4876261914865627, "width_max": 2.883087537310879}