{"data_name": "Parkinsons", "n_neighbors": "all", "level": 0.95, "random_state": 9674, "test_size": 0.2, "n": 5875, "d": 21, "oob_score": 0.8480017972459125, "test_score": 0.8520983202782938, "coverage": 0.9548936170212766, "width_mean": 1.6162450787704559, "width_sd": 3.1261228180802497e-16, "width_min": 1.6162450787704552, "width_q1": 1.6162450787704554, "width_q2": 1.6162450787704556, "width_q3": 1.6162450787704556, "width_max": 1.6162450787704556}