{"data_name": "Parkinsons", "n_neighbors": "auto", "level": 0.95, "random_state": 1424, "test_size": 0.2, "n": 5875, "d": 21, "oob_score": 0.8438405110842117, "test_score": 0.8535213298055409, "coverage": 0.9208510638297872, "width_mean": 1.378916052239226, "width_sd": 0.4618789357416021, "width_min": 0.5211908221976136, "width_q1": 1.023463441104992, "width_q2": 1.3073948057870701, "width_q3": 1.6303697617432067, "width_max": 3.5880205752066567}