{"data_name": "Parkinsons", "n_neighbors": "auto", "level": 0.9, "random_state": 409, "test_size": 0.2, "n": 5875, "d": 21, "oob_score": 0.8434174781739138, "test_score": 0.8542140644571252, "coverage": 0.9072340425531915, "width_mean": 1.1785376240592846, "width_sd": 0.4190080111858156, "width_min": 0.45803344728178375, "width_q1": 0.8895922957162233, "width_q2": 1.1347346808012808, "width_q3": 1.3735012861312614, "width_max": 3.524459171863925}