{"data_name": "Parkinsons", "n_neighbors": 1000, "level": 0.95, "random_state": 8935, "test_size": 0.2, "n": 5875, "d": 21, "oob_score": 0.8455661774667971, "test_score": 0.8491779221606622, "coverage": 0.9446808510638298, "width_mean": 1.575894444964489, "width_sd": 0.04542412715284584, "width_min": 1.4709204266971831, "width_q1": 1.5481750552287434, "width_q2": 1.570439886500445, "width_q3": 1.6028135343962453, "width_max": 1.7761120579827976}