{"data_name": "Parkinsons", "n_neighbors": 1000, "level": 0.95, "random_state": 1424, "test_size": 0.2, "n": 5875, "d": 21, "oob_score": 0.8438405110842117, "test_score": 0.8535213298055409, "coverage": 0.9421276595744681, "width_mean": 1.5743848657617794, "width_sd": 0.0257162950047095, "width_min": 1.537866920965313, "width_q1": 1.5534644652349021, "width_q2": 1.5672137506202373, "width_q3": 1.5950147468985258, "width_max": 1.719557565428524}