{"data_name": "Parkinsons", "n_neighbors": 20, "level": 0.8, "random_state": 1424, "test_size": 0.2, "n": 5875, "d": 21, "oob_score": 0.8438405110842117, "test_score": 0.8535213298055409, "coverage": 0.7268085106382979, "width_mean": 0.8220593418307217, "width_sd": 0.36043152493812297, "width_min": 0.2216514270220794, "width_q1": 0.5573985852390047, "width_q2": 0.7574236025873664, "width_q3": 0.993800215425025, "width_max": 2.9512150620567947}