{"data_name": "Parkinsons", "n_neighbors": 20, "level": 0.9, "random_state": 8935, "test_size": 0.2, "n": 5875, "d": 21, "oob_score": 0.8455661774667971, "test_score": 0.8491779221606622, "coverage": 0.843404255319149, "width_mean": 1.0530626616477303, "width_sd": 0.4449253921905899, "width_min": 0.21137626901946427, "width_q1": 0.7257394504162731, "width_q2": 0.9729432176567706, "width_q3": 1.2681294299673835, "width_max": 3.4883085587045644}