{"data_name": "Parkinsons", "n_neighbors": 50, "level": 0.8, "random_state": 8935, "test_size": 0.2, "n": 5875, "d": 21, "oob_score": 0.8455661774667971, "test_score": 0.8491779221606622, "coverage": 0.8017021276595745, "width_mean": 0.8637761825746032, "width_sd": 0.28499715406914716, "width_min": 0.37778720581686587, "width_q1": 0.6512126657719924, "width_q2": 0.8228362174735578, "width_q3": 1.024844596336814, "width_max": 2.0163988549246077}