{"data_name": "Parkinsons", "n_neighbors": 20, "level": 0.9, "random_state": 1679, "test_size": 0.2, "n": 5875, "d": 21, "oob_score": 0.8496223319792495, "test_score": 0.8467933003083639, "coverage": 0.8459574468085106, "width_mean": 1.0529006467699176, "width_sd": 0.4370082908780238, "width_min": 0.3236810132424257, "width_q1": 0.7243202870767111, "width_q2": 0.9817728095415349, "width_q3": 1.284386697257509, "width_max": 3.0740947288178235}