{"data_name": "Parkinsons", "n_neighbors": 50, "level": 0.95, "random_state": 1824, "test_size": 0.2, "n": 5875, "d": 21, "oob_score": 0.8466515924001756, "test_score": 0.844366024889738, "coverage": 0.9302127659574468, "width_mean": 1.375976283653999, "width_sd": 0.4345390555115161, "width_min": 0.5122381310723956, "width_q1": 1.0626183053936191, "width_q2": 1.3198963752449768, "width_q3": 1.6093557659793156, "width_max": 3.278294084306472}