{"data_name": "Parkinsons", "n_neighbors": 20, "level": 0.8, "random_state": 409, "test_size": 0.2, "n": 5875, "d": 21, "oob_score": 0.8434174781739138, "test_score": 0.8542140644571252, "coverage": 0.7548936170212766, "width_mean": 0.8398588283732007, "width_sd": 0.38475982777789836, "width_min": 0.2763565282088578, "width_q1": 0.5637926317552961, "width_q2": 0.7638474261882968, "width_q3": 1.022611026931276, "width_max": 3.44563949715182}