{"data_name": "Parkinsons", "n_neighbors": 2000, "level": 0.8, "random_state": 4506, "test_size": 0.2, "n": 5875, "d": 21, "oob_score": 0.8521871479998288, "test_score": 0.8377074602696372, "coverage": 0.8008510638297872, "width_mean": 0.895289840085636, "width_sd": 0.007423499737463838, "width_min": 0.877539187438118, "width_q1": 0.8899739797862718, "width_q2": 0.894267953556886, "width_q3": 0.8994392689660942, "width_max": 0.9201740819037143}