{"data_name": "Parkinsons", "n_neighbors": 500, "level": 0.9, "random_state": 3657, "test_size": 0.2, "n": 5875, "d": 21, "oob_score": 0.8484733483392964, "test_score": 0.851710328233098, "coverage": 0.9123404255319149, "width_mean": 1.2857227376356306, "width_sd": 0.04956887662767345, "width_min": 1.1696176158825669, "width_q1": 1.2496254036279977, "width_q2": 1.2783468458897147, "width_q3": 1.3164216541548381, "width_max": 1.4699150218185664}