{"data_name": "Parkinsons", "n_neighbors": 5000, "level": 0.95, "random_state": 1679, "test_size": 0.2, "n": 5875, "d": 21, "oob_score": 0.8496223319792495, "test_score": 0.8467933003083639, "coverage": 0.9540425531914893, "width_mean": 1.6286272446591925, "width_sd": 4.823173702732493e-16, "width_min": 1.6286272446591927, "width_q1": 1.628627244659193, "width_q2": 1.628627244659193, "width_q3": 1.6286272446591932, "width_max": 1.6286272446591932}