{"data_name": "Parkinsons", "n_neighbors": 20, "level": 0.9, "random_state": 409, "test_size": 0.2, "n": 5875, "d": 21, "oob_score": 0.8434174781739138, "test_score": 0.8542140644571252, "coverage": 0.8570212765957447, "width_mean": 1.0687543113866373, "width_sd": 0.4784253151993322, "width_min": 0.33349906161874066, "width_q1": 0.7288361052713141, "width_q2": 0.9907990593873115, "width_q3": 1.2840786261472115, "width_max": 3.7688142422065254}