{"data_name": "Parkinsons", "n_neighbors": 2000, "level": 0.9, "random_state": 9674, "test_size": 0.2, "n": 5875, "d": 21, "oob_score": 0.8480017972459125, "test_score": 0.8520983202782938, "coverage": 0.9114893617021277, "width_mean": 1.2443261466328615, "width_sd": 0.010331581426012752, "width_min": 1.2257683056794209, "width_q1": 1.235338366121637, "width_q2": 1.2408823819335177, "width_q3": 1.2491284729349585, "width_max": 1.2837424736827199}