{"data_name": "Parkinsons", "n_neighbors": 5, "level": 0.99, "random_state": 8935, "test_size": 0.2, "n": 5875, "d": 21, "oob_score": 0.8455661774667971, "test_score": 0.8491779221606622, "coverage": 0.6825531914893617, "width_mean": 0.8486963487837578, "width_sd": 0.5252560221838821, "width_min": 0.04654877502995278, "width_q1": 0.4749721142699953, "width_q2": 0.7279996172445796, "width_q3": 1.0784060315768345, "width_max": 3.7595318080998257}