{"data_name": "Parkinsons", "n_neighbors": 200, "level": 0.9, "random_state": 4012, "test_size": 0.2, "n": 5875, "d": 21, "oob_score": 0.8466727355796215, "test_score": 0.8549052709955552, "coverage": 0.9225531914893617, "width_mean": 1.338083092747154, "width_sd": 0.13990073310605333, "width_min": 1.1159762774458848, "width_q1": 1.225661690085733, "width_q2": 1.2998954545960486, "width_q3": 1.4342521569109559, "width_max": 2.003011755175997}