{"data_name": "Parkinsons", "n_neighbors": 200, "level": 0.8, "random_state": 1824, "test_size": 0.2, "n": 5875, "d": 21, "oob_score": 0.8466515924001756, "test_score": 0.844366024889738, "coverage": 0.814468085106383, "width_mean": 0.9053115807508135, "width_sd": 0.08874458010754904, "width_min": 0.7124630454792205, "width_q1": 0.8368986819140043, "width_q2": 0.8971757041606403, "width_q3": 0.9739080262357719, "width_max": 1.248235014330403}