{"data_name": "Parkinsons", "n_neighbors": 10, "level": 0.9, "random_state": 1424, "test_size": 0.2, "n": 5875, "d": 21, "oob_score": 0.8438405110842117, "test_score": 0.8535213298055409, "coverage": 0.7617021276595745, "width_mean": 0.9482396965278759, "width_sd": 0.4628501076400126, "width_min": 0.19694856095850322, "width_q1": 0.6187593878202141, "width_q2": 0.8543145224425852, "width_q3": 1.1589079388690684, "width_max": 3.4246449026140846}