{"data_name": "Parkinsons", "n_neighbors": 10, "level": 0.95, "random_state": 1824, "test_size": 0.2, "n": 5875, "d": 21, "oob_score": 0.8466515924001756, "test_score": 0.844366024889738, "coverage": 0.8051063829787234, "width_mean": 1.034574703624398, "width_sd": 0.45765542656229335, "width_min": 0.18397726127213404, "width_q1": 0.7019262832609001, "width_q2": 0.9511800701219515, "width_q3": 1.3004689990911056, "width_max": 3.0774810456365636}