{"data_name": "Parkinsons", "n_neighbors": 200, "level": 0.9, "random_state": 1679, "test_size": 0.2, "n": 5875, "d": 21, "oob_score": 0.8496223319792495, "test_score": 0.8467933003083639, "coverage": 0.9038297872340425, "width_mean": 1.2080157545431731, "width_sd": 0.12494538141515729, "width_min": 0.9021073678678346, "width_q1": 1.127118328532228, "width_q2": 1.1913856210064795, "width_q3": 1.2672820468053874, "width_max": 1.831814172826922}