{"data_name": "Parkinsons", "n_neighbors": "auto", "level": 0.8, "random_state": 4012, "test_size": 0.2, "n": 5875, "d": 21, "oob_score": 0.8466727355796215, "test_score": 0.8549052709955552, "coverage": 0.7880851063829787, "width_mean": 0.8843981978330618, "width_sd": 0.3068076266794819, "width_min": 0.3709351486722532, "width_q1": 0.6502250761290201, "width_q2": 0.8321264321406296, "width_q3": 1.0516412627375995, "width_max": 2.279451176355354}