{"data_name": "Parkinsons", "n_neighbors": 50, "level": 0.9, "random_state": 1824, "test_size": 0.2, "n": 5875, "d": 21, "oob_score": 0.8466515924001756, "test_score": 0.844366024889738, "coverage": 0.8834042553191489, "width_mean": 1.1483164440064095, "width_sd": 0.36678716745386397, "width_min": 0.49501251233498766, "width_q1": 0.8834674289830631, "width_q2": 1.108958996956214, "width_q3": 1.3307806362882202, "width_max": 2.9028050471351383}