{"data_name": "Parkinsons", "n_neighbors": 20, "level": 0.8, "random_state": 1824, "test_size": 0.2, "n": 5875, "d": 21, "oob_score": 0.8466515924001756, "test_score": 0.844366024889738, "coverage": 0.7548936170212766, "width_mean": 0.8230700981930165, "width_sd": 0.34511826783028016, "width_min": 0.23667025567009126, "width_q1": 0.5803171442274214, "width_q2": 0.7587807908534996, "width_q3": 0.9889318903656021, "width_max": 3.1470112609787764}