{"data_name": "Parkinsons", "n_neighbors": 200, "level": 0.99, "random_state": 409, "test_size": 0.2, "n": 5875, "d": 21, "oob_score": 0.8434174781739138, "test_score": 0.8542140644571252, "coverage": 0.9846808510638297, "width_mean": 1.9887258002440842, "width_sd": 0.3068022868125766, "width_min": 1.6753272514576887, "width_q1": 1.8116351252893663, "width_q2": 1.8908022583250088, "width_q3": 2.1545004770329204, "width_max": 3.7800368967430065}