{"data_name": "Parkinsons", "n_neighbors": 500, "level": 0.9, "random_state": 1679, "test_size": 0.2, "n": 5875, "d": 21, "oob_score": 0.8496223319792495, "test_score": 0.8467933003083639, "coverage": 0.9182978723404255, "width_mean": 1.2497624027767558, "width_sd": 0.05763150584545873, "width_min": 1.1266225784902528, "width_q1": 1.2049925575124658, "width_q2": 1.2398169052895847, "width_q3": 1.2849158207502387, "width_max": 1.4696700212940268}