{"data_name": "Parkinsons", "n_neighbors": 5, "level": 0.99, "random_state": 3657, "test_size": 0.2, "n": 5875, "d": 21, "oob_score": 0.8484733483392964, "test_score": 0.851710328233098, "coverage": 0.6791489361702128, "width_mean": 0.8318557883345253, "width_sd": 0.48735229523151385, "width_min": 0.11756244008698824, "width_q1": 0.4747771222910923, "width_q2": 0.7255527848165311, "width_q3": 1.068923928022774, "width_max": 3.185460240687412}