{"data_name": "Parkinsons", "n_neighbors": 5, "level": 0.99, "random_state": 1679, "test_size": 0.2, "n": 5875, "d": 21, "oob_score": 0.8496223319792495, "test_score": 0.8467933003083639, "coverage": 0.6536170212765957, "width_mean": 0.8435414807534439, "width_sd": 0.49958521249783, "width_min": 0.06146675658640732, "width_q1": 0.48632876509971623, "width_q2": 0.7406406229728185, "width_q3": 1.0759862282133361, "width_max": 3.295710300750387}