{"data_name": "Parkinsons", "n_neighbors": 500, "level": 0.95, "random_state": 2286, "test_size": 0.2, "n": 5875, "d": 21, "oob_score": 0.8417877189867189, "test_score": 0.8740627978522048, "coverage": 0.9531914893617022, "width_mean": 1.5672518707595102, "width_sd": 0.07598462099288665, "width_min": 1.4804654399909616, "width_q1": 1.4973236067853466, "width_q2": 1.5509714441441054, "width_q3": 1.6167980721053663, "width_max": 1.8853914677256887}