{"data_name": "Parkinsons", "n_neighbors": 5, "level": 0.9, "random_state": 9674, "test_size": 0.2, "n": 5875, "d": 21, "oob_score": 0.8480017972459125, "test_score": 0.8520983202782938, "coverage": 0.6578723404255319, "width_mean": 0.7518969326421163, "width_sd": 0.4378189183908286, "width_min": 0.09765064728355849, "width_q1": 0.43957847199821076, "width_q2": 0.6588668686975423, "width_q3": 0.9461628279855379, "width_max": 3.1865863595227277}