{"data_name": "Parkinsons", "n_neighbors": 5000, "level": 0.95, "random_state": 2286, "test_size": 0.2, "n": 5875, "d": 21, "oob_score": 0.8417877189867189, "test_score": 0.8740627978522048, "coverage": 0.9523404255319149, "width_mean": 1.6091656945213315, "width_sd": 2.243943487200856e-17, "width_min": 1.609165694521331, "width_q1": 1.6091656945213315, "width_q2": 1.6091656945213315, "width_q3": 1.6091656945213315, "width_max": 1.6091656945213315}