{"data_name": "Parkinsons", "n_neighbors": 5, "level": 0.95, "random_state": 2286, "test_size": 0.2, "n": 5875, "d": 21, "oob_score": 0.8417877189867189, "test_score": 0.8740627978522048, "coverage": 0.6757446808510639, "width_mean": 0.7935169526994068, "width_sd": 0.471809580729859, "width_min": 0.03168400841517828, "width_q1": 0.4633856553104897, "width_q2": 0.6755378121339357, "width_q3": 1.0032336534922468, "width_max": 3.9560030774549664}