{"data_name": "Parkinsons", "n_neighbors": 20, "level": 0.8, "random_state": 2286, "test_size": 0.2, "n": 5875, "d": 21, "oob_score": 0.8417877189867189, "test_score": 0.8740627978522048, "coverage": 0.7574468085106383, "width_mean": 0.8148754248345943, "width_sd": 0.3425037534805668, "width_min": 0.20359344542543245, "width_q1": 0.5578094497358062, "width_q2": 0.7479735555380976, "width_q3": 0.999565822957017, "width_max": 2.5584714667395643}