{"data_name": "Parkinsons", "n_neighbors": "all", "level": 0.8, "random_state": 8935, "test_size": 0.2, "n": 5875, "d": 21, "oob_score": 0.8455661774667971, "test_score": 0.8491779221606622, "coverage": 0.8059574468085107, "width_mean": 0.9015614003312519, "width_sd": 1.5010958870950367e-16, "width_min": 0.9015614003312518, "width_q1": 0.901561400331252, "width_q2": 0.901561400331252, "width_q3": 0.901561400331252, "width_max": 0.9015614003312522}