{"data_name": "Parkinsons", "n_neighbors": 5, "level": 0.9, "random_state": 409, "test_size": 0.2, "n": 5875, "d": 21, "oob_score": 0.8434174781739138, "test_score": 0.8542140644571252, "coverage": 0.6357446808510638, "width_mean": 0.764193883000395, "width_sd": 0.47419197893497833, "width_min": 0.05934163372201684, "width_q1": 0.4234079951960139, "width_q2": 0.6648687842371682, "width_q3": 0.9642739459298191, "width_max": 4.076848528968782}