{"data_name": "Parkinsons", "n_neighbors": 5000, "level": 0.9, "random_state": 9674, "test_size": 0.2, "n": 5875, "d": 21, "oob_score": 0.8480017972459125, "test_score": 0.8520983202782938, "coverage": 0.9140425531914894, "width_mean": 1.2569378363733463, "width_sd": 5.302231598120788e-17, "width_min": 1.256937836373346, "width_q1": 1.2569378363733463, "width_q2": 1.2569378363733463, "width_q3": 1.2569378363733463, "width_max": 1.2569378363733466}