{"data_name": "Parkinsons", "n_neighbors": 1000, "level": 0.9, "random_state": 409, "test_size": 0.2, "n": 5875, "d": 21, "oob_score": 0.8434174781739138, "test_score": 0.8542140644571252, "coverage": 0.8987234042553192, "width_mean": 1.2229070118141254, "width_sd": 0.022671338719737155, "width_min": 1.1892389192644859, "width_q1": 1.2093181971956408, "width_q2": 1.215982067017729, "width_q3": 1.2257235296583318, "width_max": 1.35267203621369}