{"data_name": "Parkinsons", "n_neighbors": 20, "level": 0.8, "random_state": 3657, "test_size": 0.2, "n": 5875, "d": 21, "oob_score": 0.8484733483392964, "test_score": 0.851710328233098, "coverage": 0.7259574468085106, "width_mean": 0.8183225688679805, "width_sd": 0.3546382230282498, "width_min": 0.23387658440235848, "width_q1": 0.5496070876063539, "width_q2": 0.7472423747189716, "width_q3": 1.0101434537631615, "width_max": 2.764396555754412}