{"data_name": "Parkinsons", "n_neighbors": 50, "level": 0.9, "random_state": 8935, "test_size": 0.2, "n": 5875, "d": 21, "oob_score": 0.8455661774667971, "test_score": 0.8491779221606622, "coverage": 0.8910638297872341, "width_mean": 1.1445709821948622, "width_sd": 0.3737194468832217, "width_min": 0.4656370359679911, "width_q1": 0.8683853296482714, "width_q2": 1.0884672618705682, "width_q3": 1.3523993332465718, "width_max": 2.840031683804302}