{"data_name": "Parkinsons", "n_neighbors": 50, "level": 0.95, "random_state": 4012, "test_size": 0.2, "n": 5875, "d": 21, "oob_score": 0.8466727355796215, "test_score": 0.8549052709955552, "coverage": 0.9387234042553192, "width_mean": 1.4061267579104844, "width_sd": 0.42511455460674163, "width_min": 0.576059686824415, "width_q1": 1.0858846089839789, "width_q2": 1.3512929100161162, "width_q3": 1.688000607197409, "width_max": 2.981749512451509}