{"data_name": "Parkinsons", "n_neighbors": 500, "level": 0.8, "random_state": 3657, "test_size": 0.2, "n": 5875, "d": 21, "oob_score": 0.8484733483392964, "test_score": 0.851710328233098, "coverage": 0.8017021276595745, "width_mean": 0.9344359239185248, "width_sd": 0.032016517540411474, "width_min": 0.8600104023884245, "width_q1": 0.9081735275140156, "width_q2": 0.9295919327927878, "width_q3": 0.9537453254930421, "width_max": 1.0299720503209056}