{"data_name": "Parkinsons", "n_neighbors": 500, "level": 0.8, "random_state": 4506, "test_size": 0.2, "n": 5875, "d": 21, "oob_score": 0.8521871479998288, "test_score": 0.8377074602696372, "coverage": 0.7863829787234042, "width_mean": 0.8415010707372058, "width_sd": 0.041978222280558475, "width_min": 0.7483830019576583, "width_q1": 0.8108511555945876, "width_q2": 0.83388750328402, "width_q3": 0.8712808953953328, "width_max": 0.9796935501251509}