{"data_name": "Parkinsons", "n_neighbors": 2000, "level": 0.9, "random_state": 4506, "test_size": 0.2, "n": 5875, "d": 21, "oob_score": 0.8521871479998288, "test_score": 0.8377074602696372, "coverage": 0.8987234042553192, "width_mean": 1.2571648049321327, "width_sd": 0.008957917718080318, "width_min": 1.2447719803516857, "width_q1": 1.2510634509989829, "width_q2": 1.2557878938643878, "width_q3": 1.2609151961953013, "width_max": 1.2947896313241274}