{"data_name": "Parkinsons", "n_neighbors": 500, "level": 0.95, "random_state": 9674, "test_size": 0.2, "n": 5875, "d": 21, "oob_score": 0.8480017972459125, "test_score": 0.8520983202782938, "coverage": 0.96, "width_mean": 1.6165701557898158, "width_sd": 0.06796068734835996, "width_min": 1.5336287645378772, "width_q1": 1.5686302995565558, "width_q2": 1.5986702908756065, "width_q3": 1.6333375553528198, "width_max": 2.0354167431627412}