{"data_name": "Parkinsons", "n_neighbors": 1000, "level": 0.99, "random_state": 4012, "test_size": 0.2, "n": 5875, "d": 21, "oob_score": 0.8466727355796215, "test_score": 0.8549052709955552, "coverage": 0.9906382978723405, "width_mean": 2.4089524956354613, "width_sd": 0.06229682052424808, "width_min": 2.283820539090782, "width_q1": 2.3674061911669586, "width_q2": 2.3676105109905237, "width_q3": 2.4638205946303664, "width_max": 2.6884958764724223}