{"data_name": "Parkinsons", "n_neighbors": 20, "level": 0.99, "random_state": 409, "test_size": 0.2, "n": 5875, "d": 21, "oob_score": 0.8434174781739138, "test_score": 0.8542140644571252, "coverage": 0.9336170212765957, "width_mean": 1.4248918741591992, "width_sd": 0.5992119983221486, "width_min": 0.40327519888363805, "width_q1": 0.9888527034157543, "width_q2": 1.3162844764914254, "width_q3": 1.746378930020128, "width_max": 4.442963207364809}