{"data_name": "Parkinsons", "n_neighbors": 2000, "level": 0.95, "random_state": 4506, "test_size": 0.2, "n": 5875, "d": 21, "oob_score": 0.8521871479998288, "test_score": 0.8377074602696372, "coverage": 0.9446808510638298, "width_mean": 1.5805203865540154, "width_sd": 0.018484694690715814, "width_min": 1.5525802937089002, "width_q1": 1.5665824282606966, "width_q2": 1.5817020416911256, "width_q3": 1.5901314911971052, "width_max": 1.666981274755384}