{"data_name": "Parkinsons", "n_neighbors": 1000, "level": 0.9, "random_state": 1824, "test_size": 0.2, "n": 5875, "d": 21, "oob_score": 0.8466515924001756, "test_score": 0.844366024889738, "coverage": 0.8995744680851064, "width_mean": 1.2326248085973561, "width_sd": 0.022830486121234634, "width_min": 1.1858294147803554, "width_q1": 1.217095108200187, "width_q2": 1.2294582382480368, "width_q3": 1.241843600609854, "width_max": 1.3557427308089964}