{"data_name": "Parkinsons", "n_neighbors": 5, "level": 0.9, "random_state": 4012, "test_size": 0.2, "n": 5875, "d": 21, "oob_score": 0.8466727355796215, "test_score": 0.8549052709955552, "coverage": 0.6374468085106383, "width_mean": 0.7542591947040147, "width_sd": 0.43140618601729713, "width_min": 0.08499392616852292, "width_q1": 0.4568760082046237, "width_q2": 0.6574267165362677, "width_q3": 0.9600015537904087, "width_max": 3.020133732383141}