{"data_name": "Parkinsons", "n_neighbors": 10, "level": 0.9, "random_state": 3657, "test_size": 0.2, "n": 5875, "d": 21, "oob_score": 0.8484733483392964, "test_score": 0.851710328233098, "coverage": 0.7634042553191489, "width_mean": 0.9449713157151457, "width_sd": 0.448335154534675, "width_min": 0.13977581297831315, "width_q1": 0.6227997091664934, "width_q2": 0.8604824841609847, "width_q3": 1.1770059100155563, "width_max": 3.425423764960292}