{"data_name": "Parkinsons", "n_neighbors": 100, "level": 0.9, "random_state": 8935, "test_size": 0.2, "n": 5875, "d": 21, "oob_score": 0.8455661774667971, "test_score": 0.8491779221606622, "coverage": 0.8953191489361703, "width_mean": 1.1820205702879865, "width_sd": 0.2350826551198803, "width_min": 0.6313532409643376, "width_q1": 1.01731215563917, "width_q2": 1.1472524078364323, "width_q3": 1.297509754816101, "width_max": 2.283955483152625}