{"data_name": "Parkinsons", "n_neighbors": 200, "level": 0.9, "random_state": 3657, "test_size": 0.2, "n": 5875, "d": 21, "oob_score": 0.8484733483392964, "test_score": 0.851710328233098, "coverage": 0.9106382978723404, "width_mean": 1.3094103316370467, "width_sd": 0.12683678610020685, "width_min": 1.021134823980963, "width_q1": 1.216128101449135, "width_q2": 1.279110736363445, "width_q3": 1.376928993045023, "width_max": 1.9021497426641185}