{"data_name": "Parkinsons", "n_neighbors": 1000, "level": 0.99, "random_state": 4506, "test_size": 0.2, "n": 5875, "d": 21, "oob_score": 0.8521871479998288, "test_score": 0.8377074602696372, "coverage": 0.9914893617021276, "width_mean": 2.505634665907706, "width_sd": 0.07173718144089324, "width_min": 2.4522616525814467, "width_q1": 2.4522616525814467, "width_q2": 2.452261652581447, "width_q3": 2.5742154458720967, "width_max": 2.821484742805625}