{"data_name": "Parkinsons", "n_neighbors": 2000, "level": 0.95, "random_state": 1824, "test_size": 0.2, "n": 5875, "d": 21, "oob_score": 0.8466515924001756, "test_score": 0.844366024889738, "coverage": 0.9565957446808511, "width_mean": 1.6182922961206336, "width_sd": 0.020806600222616257, "width_min": 1.5886129882450422, "width_q1": 1.598758603096087, "width_q2": 1.618252640414291, "width_q3": 1.6365022765662514, "width_max": 1.6753679839441125}