{"data_name": "Parkinsons", "n_neighbors": 10, "level": 0.99, "random_state": 3657, "test_size": 0.2, "n": 5875, "d": 21, "oob_score": 0.8484733483392964, "test_score": 0.851710328233098, "coverage": 0.8170212765957446, "width_mean": 1.1189271975576467, "width_sd": 0.5413014274952372, "width_min": 0.17840692970783423, "width_q1": 0.7249244114312191, "width_q2": 1.0268583364572776, "width_q3": 1.3704609572142106, "width_max": 3.8695395393981795}