{"data_name": "Parkinsons", "n_neighbors": 100, "level": 0.8, "random_state": 4506, "test_size": 0.2, "n": 5875, "d": 21, "oob_score": 0.8521871479998288, "test_score": 0.8377074602696372, "coverage": 0.7863829787234042, "width_mean": 0.796766466222394, "width_sd": 0.1776593874711632, "width_min": 0.45699304372269745, "width_q1": 0.6598259944223421, "width_q2": 0.7730414393572678, "width_q3": 0.9083907483632643, "width_max": 1.567767512049147}