{"data_name": "Parkinsons", "n_neighbors": 2000, "level": 0.95, "random_state": 1679, "test_size": 0.2, "n": 5875, "d": 21, "oob_score": 0.8496223319792495, "test_score": 0.8467933003083639, "coverage": 0.9531914893617022, "width_mean": 1.6094671816589576, "width_sd": 0.015662026645409385, "width_min": 1.5737995317523552, "width_q1": 1.5983369785594412, "width_q2": 1.6041882651435337, "width_q3": 1.6176358477111292, "width_max": 1.6745929451189583}