{"data_name": "Parkinsons", "n_neighbors": 500, "level": 0.9, "random_state": 4506, "test_size": 0.2, "n": 5875, "d": 21, "oob_score": 0.8521871479998288, "test_score": 0.8377074602696372, "coverage": 0.8910638297872341, "width_mean": 1.223382027005159, "width_sd": 0.053198844219570746, "width_min": 1.1205441206039586, "width_q1": 1.1834344517774698, "width_q2": 1.213748184894524, "width_q3": 1.2607513265267132, "width_max": 1.4053687734286249}