{"data_name": "Parkinsons", "n_neighbors": "auto", "level": 0.95, "random_state": 2286, "test_size": 0.2, "n": 5875, "d": 21, "oob_score": 0.8417877189867189, "test_score": 0.8740627978522048, "coverage": 0.9404255319148936, "width_mean": 1.3770287313996152, "width_sd": 0.45736806474117864, "width_min": 0.5540981467634964, "width_q1": 1.0417880859713824, "width_q2": 1.3124473945466497, "width_q3": 1.647245528215694, "width_max": 3.6483402137385896}