{"data_name": "Parkinsons", "n_neighbors": 50, "level": 0.95, "random_state": 2286, "test_size": 0.2, "n": 5875, "d": 21, "oob_score": 0.8417877189867189, "test_score": 0.8740627978522048, "coverage": 0.9361702127659575, "width_mean": 1.351271622875918, "width_sd": 0.42769820743478826, "width_min": 0.5971446580934935, "width_q1": 1.04109188608609, "width_q2": 1.2762787801443127, "width_q3": 1.611811938922476, "width_max": 3.20944659098899}