{"data_name": "Parkinsons", "n_neighbors": 5, "level": 0.95, "random_state": 409, "test_size": 0.2, "n": 5875, "d": 21, "oob_score": 0.8434174781739138, "test_score": 0.8542140644571252, "coverage": 0.6561702127659574, "width_mean": 0.8157389978714609, "width_sd": 0.5060186321659227, "width_min": 0.06533491125390023, "width_q1": 0.4504945411536481, "width_q2": 0.7106733607878568, "width_q3": 1.0379708566111003, "width_max": 4.243678102662847}