{"data_name": "Parkinsons", "n_neighbors": "auto", "level": 0.95, "random_state": 3657, "test_size": 0.2, "n": 5875, "d": 21, "oob_score": 0.8484733483392964, "test_score": 0.851710328233098, "coverage": 0.9370212765957446, "width_mean": 1.3957676244801385, "width_sd": 0.45253773536886366, "width_min": 0.5509541859573651, "width_q1": 1.0919269859408982, "width_q2": 1.3362975813609215, "width_q3": 1.644782443912453, "width_max": 3.4940391907951476}