{"data_name": "Parkinsons", "n_neighbors": 5000, "level": 0.99, "random_state": 1824, "test_size": 0.2, "n": 5875, "d": 21, "oob_score": 0.8466515924001756, "test_score": 0.844366024889738, "coverage": 0.9914893617021276, "width_mean": 2.5637234405067737, "width_sd": 1.9562245791449573e-16, "width_min": 2.563723440506773, "width_q1": 2.5637234405067737, "width_q2": 2.5637234405067737, "width_q3": 2.5637234405067737, "width_max": 2.5637234405067737}