{"data_name": "Parkinsons", "n_neighbors": 20, "level": 0.8, "random_state": 4506, "test_size": 0.2, "n": 5875, "d": 21, "oob_score": 0.8521871479998288, "test_score": 0.8377074602696372, "coverage": 0.745531914893617, "width_mean": 0.8137027013441679, "width_sd": 0.34316662054452923, "width_min": 0.23155118169402045, "width_q1": 0.558777432163288, "width_q2": 0.7444579377687709, "width_q3": 0.9877686911208158, "width_max": 2.5236301497164444}