{"data_name": "Parkinsons", "n_neighbors": 100, "level": 0.99, "random_state": 1679, "test_size": 0.2, "n": 5875, "d": 21, "oob_score": 0.8496223319792495, "test_score": 0.8467933003083639, "coverage": 0.9829787234042553, "width_mean": 2.031106853772972, "width_sd": 0.41400455565066396, "width_min": 1.0750579495481003, "width_q1": 1.7207043383669207, "width_q2": 1.9766256472243096, "width_q3": 2.259437571668203, "width_max": 3.800115692473932}