{"data_name": "Parkinsons", "n_neighbors": "auto", "level": 0.9, "random_state": 3657, "test_size": 0.2, "n": 5875, "d": 21, "oob_score": 0.8484733483392964, "test_score": 0.851710328233098, "coverage": 0.8825531914893617, "width_mean": 1.1465576881960864, "width_sd": 0.38500437708913304, "width_min": 0.43985193347206253, "width_q1": 0.8709010392410563, "width_q2": 1.0984074668176789, "width_q3": 1.356865665163269, "width_max": 2.856489296336304}