{"data_name": "Parkinsons", "n_neighbors": 5, "level": 0.8, "random_state": 1679, "test_size": 0.2, "n": 5875, "d": 21, "oob_score": 0.8496223319792495, "test_score": 0.8467933003083639, "coverage": 0.5506382978723404, "width_mean": 0.6491829820267179, "width_sd": 0.3765620429212847, "width_min": 0.04659760661220558, "width_q1": 0.3799593689315025, "width_q2": 0.5674269453303541, "width_q3": 0.8337839675824692, "width_max": 2.408210737375864}