{"data_name": "Parkinsons", "n_neighbors": 10, "level": 0.95, "random_state": 409, "test_size": 0.2, "n": 5875, "d": 21, "oob_score": 0.8434174781739138, "test_score": 0.8542140644571252, "coverage": 0.814468085106383, "width_mean": 1.0702444900433499, "width_sd": 0.5380824527546405, "width_min": 0.22941388922751238, "width_q1": 0.680985798479609, "width_q2": 0.9635637090116034, "width_q3": 1.3131004863651228, "width_max": 4.340461025527875}