{"data_name": "Parkinsons", "n_neighbors": 20, "level": 0.95, "random_state": 9674, "test_size": 0.2, "n": 5875, "d": 21, "oob_score": 0.8480017972459125, "test_score": 0.8520983202782938, "coverage": 0.9012765957446809, "width_mean": 1.2351148599582598, "width_sd": 0.48692685669997493, "width_min": 0.39827569457013795, "width_q1": 0.8760136342228977, "width_q2": 1.1628777012727327, "width_q3": 1.490950702866489, "width_max": 3.559140576607554}