{"data_name": "Parkinsons", "n_neighbors": "auto", "level": 0.9, "random_state": 1824, "test_size": 0.2, "n": 5875, "d": 21, "oob_score": 0.8466515924001756, "test_score": 0.844366024889738, "coverage": 0.8876595744680851, "width_mean": 1.160578696193296, "width_sd": 0.3777177276830547, "width_min": 0.5099749197770234, "width_q1": 0.8912267320325831, "width_q2": 1.1110607174951659, "width_q3": 1.3484333131714674, "width_max": 3.199807156634849}