{"data_name": "Parkinsons", "n_neighbors": 20, "level": 0.99, "random_state": 4012, "test_size": 0.2, "n": 5875, "d": 21, "oob_score": 0.8466727355796215, "test_score": 0.8549052709955552, "coverage": 0.9225531914893617, "width_mean": 1.4050774624476043, "width_sd": 0.5544691853154966, "width_min": 0.38270564697865533, "width_q1": 0.9853515808544637, "width_q2": 1.3150398615932124, "width_q3": 1.7669730686090206, "width_max": 3.54939158418947}