{"data_name": "Parkinsons", "n_neighbors": 500, "level": 0.9, "random_state": 1424, "test_size": 0.2, "n": 5875, "d": 21, "oob_score": 0.8438405110842117, "test_score": 0.8535213298055409, "coverage": 0.8451063829787234, "width_mean": 1.057135226552594, "width_sd": 0.05367416539724063, "width_min": 0.9509171075613329, "width_q1": 1.0147239631608034, "width_q2": 1.044556366487841, "width_q3": 1.0855963406387, "width_max": 1.2763284640119594}