{"data_name": "Parkinsons", "n_neighbors": 10, "level": 0.8, "random_state": 4012, "test_size": 0.2, "n": 5875, "d": 21, "oob_score": 0.8466727355796215, "test_score": 0.8549052709955552, "coverage": 0.6757446808510639, "width_mean": 0.7597598466826887, "width_sd": 0.37676597337662504, "width_min": 0.12079517420956298, "width_q1": 0.47644978065416804, "width_q2": 0.6749303041545467, "width_q3": 0.9474603976711009, "width_max": 2.2888598134711025}