{"data_name": "Parkinsons", "n_neighbors": 200, "level": 0.8, "random_state": 9674, "test_size": 0.2, "n": 5875, "d": 21, "oob_score": 0.8480017972459125, "test_score": 0.8520983202782938, "coverage": 0.814468085106383, "width_mean": 0.8487467666470284, "width_sd": 0.10404814389427969, "width_min": 0.6584453894882274, "width_q1": 0.766169122014145, "width_q2": 0.8269856104035892, "width_q3": 0.9143862266329141, "width_max": 1.1965640373071378}