{"data_name": "Parkinsons", "n_neighbors": 100, "level": 0.8, "random_state": 9674, "test_size": 0.2, "n": 5875, "d": 21, "oob_score": 0.8480017972459125, "test_score": 0.8520983202782938, "coverage": 0.825531914893617, "width_mean": 0.8929268823851914, "width_sd": 0.21156906152031582, "width_min": 0.49693769152989387, "width_q1": 0.7239209264284864, "width_q2": 0.848412258914607, "width_q3": 1.0378695880460325, "width_max": 1.581712459390158}