{"data_name": "Parkinsons", "n_neighbors": 100, "level": 0.9, "random_state": 1824, "test_size": 0.2, "n": 5875, "d": 21, "oob_score": 0.8466515924001756, "test_score": 0.844366024889738, "coverage": 0.9072340425531915, "width_mean": 1.2079550857924515, "width_sd": 0.25018443612179453, "width_min": 0.7330628464860429, "width_q1": 1.0236481984138681, "width_q2": 1.168951750981899, "width_q3": 1.3583983044291037, "width_max": 2.331287111019032}