{"data_name": "Parkinsons", "n_neighbors": 500, "level": 0.9, "random_state": 8935, "test_size": 0.2, "n": 5875, "d": 21, "oob_score": 0.8455661774667971, "test_score": 0.8491779221606622, "coverage": 0.8680851063829788, "width_mean": 1.1240339165374296, "width_sd": 0.04337914185190844, "width_min": 1.0570832426532193, "width_q1": 1.093377706601874, "width_q2": 1.1134273871030256, "width_q3": 1.1513209680770409, "width_max": 1.2923546357371813}