{"data_name": "Parkinsons", "n_neighbors": 50, "level": 0.9, "random_state": 3657, "test_size": 0.2, "n": 5875, "d": 21, "oob_score": 0.8484733483392964, "test_score": 0.851710328233098, "coverage": 0.8791489361702127, "width_mean": 1.1412015449891646, "width_sd": 0.370991928023642, "width_min": 0.4439191056151268, "width_q1": 0.8637756528429229, "width_q2": 1.0928242036489793, "width_q3": 1.355363939979438, "width_max": 2.6664446866641764}