{"data_name": "Parkinsons", "n_neighbors": 50, "level": 0.9, "random_state": 409, "test_size": 0.2, "n": 5875, "d": 21, "oob_score": 0.8434174781739138, "test_score": 0.8542140644571252, "coverage": 0.9012765957446809, "width_mean": 1.1638620862340954, "width_sd": 0.3956142203445137, "width_min": 0.44629807189191784, "width_q1": 0.8910722886234662, "width_q2": 1.1276577589990622, "width_q3": 1.3690506993446725, "width_max": 3.407276133885068}