{"data_name": "Parkinsons", "n_neighbors": 50, "level": 0.95, "random_state": 1679, "test_size": 0.2, "n": 5875, "d": 21, "oob_score": 0.8496223319792495, "test_score": 0.8467933003083639, "coverage": 0.934468085106383, "width_mean": 1.3755157901381725, "width_sd": 0.44607518227542053, "width_min": 0.5752763240889394, "width_q1": 1.0600127612015111, "width_q2": 1.3090288138017534, "width_q3": 1.6166271646174568, "width_max": 3.361332387635599}