{"data_name": "Parkinsons", "n_neighbors": 2000, "level": 0.95, "random_state": 9674, "test_size": 0.2, "n": 5875, "d": 21, "oob_score": 0.8480017972459125, "test_score": 0.8520983202782938, "coverage": 0.9531914893617022, "width_mean": 1.6036247235279908, "width_sd": 0.005578906395607609, "width_min": 1.593047864967632, "width_q1": 1.599490857729036, "width_q2": 1.602784974903292, "width_q3": 1.6049385334171398, "width_max": 1.6309545184153214}