{"data_name": "Parkinsons", "n_neighbors": 2000, "level": 0.99, "random_state": 4506, "test_size": 0.2, "n": 5875, "d": 21, "oob_score": 0.8521871479998288, "test_score": 0.8377074602696372, "coverage": 0.9923404255319149, "width_mean": 2.6209139427686985, "width_sd": 0.01881500572481888, "width_min": 2.6152695137966733, "width_q1": 2.6152695137966737, "width_q2": 2.6152695137966737, "width_q3": 2.6152695137966737, "width_max": 2.806954006770093}