{"data_name": "Parkinsons", "n_neighbors": "auto", "level": 0.9, "random_state": 8935, "test_size": 0.2, "n": 5875, "d": 21, "oob_score": 0.8455661774667971, "test_score": 0.8491779221606622, "coverage": 0.8936170212765957, "width_mean": 1.1589703111492364, "width_sd": 0.394197236881024, "width_min": 0.4111439050473864, "width_q1": 0.8813065808732694, "width_q2": 1.098357351382443, "width_q3": 1.3634723122627117, "width_max": 3.472620724229653}