{"data_name": "Parkinsons", "n_neighbors": "auto", "level": 0.99, "random_state": 3657, "test_size": 0.2, "n": 5875, "d": 21, "oob_score": 0.8484733483392964, "test_score": 0.851710328233098, "coverage": 0.9727659574468085, "width_mean": 1.7786624622904181, "width_sd": 0.5524068963617814, "width_min": 0.6170797993145016, "width_q1": 1.3816677014659269, "width_q2": 1.6932577364531174, "width_q3": 2.12764415497381, "width_max": 3.7699877955250853}