{"data_name": "Protein", "n_neighbors": 100, "level": 0.8, "random_state": 409, "test_size": 0.2, "n": 45730, "d": 9, "oob_score": 0.663956089025605, "test_score": 0.6560083711858098, "coverage": 0.8150010933741526, "width_mean": 1.2189739729401319, "width_sd": 0.36587837141828405, "width_min": 0.36541439907386863, "width_q1": 0.9446860477416841, "width_q2": 1.1720440235046126, "width_q3": 1.4744891243407363, "width_max": 2.5259271438411544}