{"data_name": "Protein", "n_neighbors": 500, "level": 0.8, "random_state": 8935, "test_size": 0.2, "n": 45730, "d": 9, "oob_score": 0.6632021054285234, "test_score": 0.6698622316618563, "coverage": 0.8192652525694293, "width_mean": 1.3645678181880851, "width_sd": 0.08083867158886213, "width_min": 1.20329267079501, "width_q1": 1.3017520775384215, "width_q2": 1.3640991372594424, "width_q3": 1.4216442131713716, "width_max": 1.6825761681193172}