{"data_name": "Protein", "n_neighbors": 500, "level": 0.8, "random_state": 1679, "test_size": 0.2, "n": 45730, "d": 9, "oob_score": 0.6611371272166762, "test_score": 0.6748316349958612, "coverage": 0.7844959545156353, "width_mean": 1.2414840822384277, "width_sd": 0.0701602647010965, "width_min": 1.0338776938759109, "width_q1": 1.202165724520343, "width_q2": 1.2330142082366, "width_q3": 1.2831426610455834, "width_max": 1.5995833675506335}