{"data_name": "Protein", "n_neighbors": 2000, "level": 0.95, "random_state": 9674, "test_size": 0.2, "n": 45730, "d": 9, "oob_score": 0.6629168167123837, "test_score": 0.669975784176415, "coverage": 0.9576864202930243, "width_mean": 2.6403547305437574, "width_sd": 0.023313572883896544, "width_min": 2.5936896658925868, "width_q1": 2.624939452150512, "width_q2": 2.637799707883901, "width_q3": 2.650663321191914, "width_max": 2.7573085719991584}