{"data_name": "Protein", "n_neighbors": 500, "level": 0.8, "random_state": 9674, "test_size": 0.2, "n": 45730, "d": 9, "oob_score": 0.6629168167123837, "test_score": 0.669975784176415, "coverage": 0.8294336321889351, "width_mean": 1.4467715875690936, "width_sd": 0.07417590277542671, "width_min": 1.209763916018118, "width_q1": 1.3966764934062539, "width_q2": 1.4404666193860836, "width_q3": 1.4933237982865653, "width_max": 1.7708884297568483}