{"data_name": "Protein", "n_neighbors": 10, "level": 0.9, "random_state": 3657, "test_size": 0.2, "n": 45730, "d": 9, "oob_score": 0.661392681240141, "test_score": 0.6721589090924511, "coverage": 0.8170785042641592, "width_mean": 1.293288183623511, "width_sd": 0.8116284579774286, "width_min": 6.938893903907228e-17, "width_q1": 0.559791269441736, "width_q2": 1.2889255312450958, "width_q3": 1.9212212723733093, "width_max": 3.8347060890703712}