{"data_name": "Protein", "n_neighbors": 10, "level": 0.8, "random_state": 4012, "test_size": 0.2, "n": 45730, "d": 9, "oob_score": 0.6627158369792279, "test_score": 0.6664794518991226, "coverage": 0.7252350754428165, "width_mean": 1.0104297012527845, "width_sd": 0.7275581626729936, "width_min": 1.3877787807814457e-17, "width_q1": 0.37642705045399805, "width_q2": 0.8944529365585192, "width_q3": 1.5351274334917921, "width_max": 3.9221578492904925}