{"data_name": "Protein", "n_neighbors": 50, "level": 0.99, "random_state": 1424, "test_size": 0.2, "n": 45730, "d": 9, "oob_score": 0.6638784953997318, "test_score": 0.6755891165028418, "coverage": 0.9790072162694073, "width_mean": 2.8920778391516686, "width_sd": 0.6385812795972796, "width_min": 0.27688918405245655, "width_q1": 2.5050082361812636, "width_q2": 2.9877994735878213, "width_q3": 3.317404376177132, "width_max": 4.99554881493724}