{"data_name": "Protein", "n_neighbors": 200, "level": 0.9, "random_state": 1424, "test_size": 0.2, "n": 45730, "d": 9, "oob_score": 0.6638784953997318, "test_score": 0.6755891165028418, "coverage": 0.9272906188497704, "width_mean": 2.0474921011343867, "width_sd": 0.23412043646336717, "width_min": 1.4173669380906135, "width_q1": 1.8754105106928443, "width_q2": 1.998482272716608, "width_q3": 2.212490049073501, "width_max": 3.027141148833048}