{"data_name": "Protein", "n_neighbors": 50, "level": 0.99, "random_state": 9674, "test_size": 0.2, "n": 45730, "d": 9, "oob_score": 0.6629168167123837, "test_score": 0.669975784176415, "coverage": 0.9762737808878198, "width_mean": 2.728931546066385, "width_sd": 0.6549557050965872, "width_min": 0.3907804022968795, "width_q1": 2.3174085689382333, "width_q2": 2.752007989671723, "width_q3": 3.152214941323418, "width_max": 5.076921148612236}