{"data_name": "Protein", "n_neighbors": 100, "level": 0.95, "random_state": 409, "test_size": 0.2, "n": 45730, "d": 9, "oob_score": 0.663956089025605, "test_score": 0.6560083711858098, "coverage": 0.9506888257161601, "width_mean": 2.2760798218906473, "width_sd": 0.3730309902057892, "width_min": 0.954734480386966, "width_q1": 2.0438656605097765, "width_q2": 2.227715768160214, "width_q3": 2.5020118797494355, "width_max": 3.8112854694927196}