{"data_name": "Protein", "n_neighbors": 10000, "level": 0.95, "random_state": 3657, "test_size": 0.2, "n": 45730, "d": 9, "oob_score": 0.661392681240141, "test_score": 0.6721589090924511, "coverage": 0.9569210583861798, "width_mean": 2.5997939806318966, "width_sd": 0.004950342323570532, "width_min": 2.594124258320772, "width_q1": 2.596804343452705, "width_q2": 2.597756173961214, "width_q3": 2.602475349589509, "width_max": 2.6356615106505257}