{"data_name": "Protein", "n_neighbors": 10000, "level": 0.8, "random_state": 409, "test_size": 0.2, "n": 45730, "d": 9, "oob_score": 0.663956089025605, "test_score": 0.6560083711858098, "coverage": 0.7938989722282965, "width_mean": 1.3485270306870405, "width_sd": 0.002086364694896384, "width_min": 1.343143137725324, "width_q1": 1.3469469968094891, "width_q2": 1.3479645334165253, "width_q3": 1.3499118425693692, "width_max": 1.3579592463539663}