{"data_name": "Protein", "n_neighbors": 20, "level": 0.95, "random_state": 1679, "test_size": 0.2, "n": 45730, "d": 9, "oob_score": 0.6611371272166762, "test_score": 0.6748316349958612, "coverage": 0.9166848895692106, "width_mean": 1.7719131956412304, "width_sd": 0.8928141644001659, "width_min": 0.015398877048385051, "width_q1": 1.0892741137398958, "width_q2": 1.898232209041682, "width_q3": 2.4402968414990642, "width_max": 4.671817758310205}