{"data_name": "Protein", "n_neighbors": 10, "level": 0.95, "random_state": 8935, "test_size": 0.2, "n": 45730, "d": 9, "oob_score": 0.6632021054285234, "test_score": 0.6698622316618563, "coverage": 0.8387273124863328, "width_mean": 1.4289022085908858, "width_sd": 0.8941931399395694, "width_min": 5.551115123125783e-17, "width_q1": 0.6198775031486916, "width_q2": 1.4260917801291764, "width_q3": 2.1219768655365407, "width_max": 4.248707410600318}