{"data_name": "Protein", "n_neighbors": 10, "level": 0.95, "random_state": 3657, "test_size": 0.2, "n": 45730, "d": 9, "oob_score": 0.661392681240141, "test_score": 0.6721589090924511, "coverage": 0.8453968948174065, "width_mean": 1.43327602548044, "width_sd": 0.8835873291877127, "width_min": 6.938893903907228e-17, "width_q1": 0.6338185654268846, "width_q2": 1.4517754227899622, "width_q3": 2.131147555008817, "width_max": 4.043993264089609}