{"data_name": "Protein", "n_neighbors": 20, "level": 0.9, "random_state": 1679, "test_size": 0.2, "n": 45730, "d": 9, "oob_score": 0.6611371272166762, "test_score": 0.6748316349958612, "coverage": 0.8716378744806472, "width_mean": 1.4789850027352227, "width_sd": 0.8477673451727212, "width_min": 0.012559634500211692, "width_q1": 0.7247927869637232, "width_q2": 1.5460759903610648, "width_q3": 2.1287825422862467, "width_max": 4.18257386840693}