{"data_name": "Protein", "n_neighbors": "all", "level": 0.9, "random_state": 1824, "test_size": 0.2, "n": 45730, "d": 9, "oob_score": 0.6623142627266064, "test_score": 0.6777220685907579, "coverage": 0.9034550623223268, "width_mean": 1.988607889429246, "width_sd": 2.300925104138869e-16, "width_min": 1.9886078894292456, "width_q1": 1.9886078894292458, "width_q2": 1.9886078894292458, "width_q3": 1.9886078894292458, "width_max": 1.988607889429246}