{"data_name": "Protein", "n_neighbors": 1000, "level": 0.95, "random_state": 2286, "test_size": 0.2, "n": 45730, "d": 9, "oob_score": 0.6607036060706725, "test_score": 0.6602911605735489, "coverage": 0.9466433413514105, "width_mean": 2.4460508300938297, "width_sd": 0.04911570595529256, "width_min": 2.311345171957044, "width_q1": 2.414559379250847, "width_q2": 2.428669610627775, "width_q3": 2.4606822401240995, "width_max": 2.7529740569252548}