{"data_name": "Protein", "n_neighbors": 5, "level": 0.99, "random_state": 9674, "test_size": 0.2, "n": 45730, "d": 9, "oob_score": 0.6629168167123837, "test_score": 0.669975784176415, "coverage": 0.7106931992127706, "width_mean": 1.0999138704869889, "width_sd": 0.8544449875323255, "width_min": 2.7755575615628914e-17, "width_q1": 0.3570388902840741, "width_q2": 0.9092040797474527, "width_q3": 1.7131323304575405, "width_max": 4.136946181051523}