{"data_name": "Protein", "n_neighbors": 1000, "level": 0.8, "random_state": 2286, "test_size": 0.2, "n": 45730, "d": 9, "oob_score": 0.6607036060706725, "test_score": 0.6602911605735489, "coverage": 0.7941176470588235, "width_mean": 1.3324407121958592, "width_sd": 0.034614613354906926, "width_min": 1.2411573250585306, "width_q1": 1.3059567241743082, "width_q2": 1.32902813629841, "width_q3": 1.353972591119658, "width_max": 1.4742480215096623}