{"data_name": "Protein", "n_neighbors": 10, "level": 0.8, "random_state": 3657, "test_size": 0.2, "n": 45730, "d": 9, "oob_score": 0.661392681240141, "test_score": 0.6721589090924511, "coverage": 0.7273124863328231, "width_mean": 1.0133124999096534, "width_sd": 0.7120599238634538, "width_min": 4.163336342344337e-17, "width_q1": 0.383797032719026, "width_q2": 0.912339382249602, "width_q3": 1.5465004224423138, "width_max": 3.441637674731041}