{"data_name": "Protein", "n_neighbors": "all", "level": 0.99, "random_state": 8935, "test_size": 0.2, "n": 45730, "d": 9, "oob_score": 0.6632021054285234, "test_score": 0.6698622316618563, "coverage": 0.9919090312705008, "width_mean": 3.7087031196775735, "width_sd": 8.881784197001252e-16, "width_min": 3.7087031196775744, "width_q1": 3.7087031196775744, "width_q2": 3.7087031196775744, "width_q3": 3.7087031196775744, "width_max": 3.7087031196775744}