{"data_name": "Protein", "n_neighbors": 10000, "level": 0.9, "random_state": 8935, "test_size": 0.2, "n": 45730, "d": 9, "oob_score": 0.6632021054285234, "test_score": 0.6698622316618563, "coverage": 0.9025803630002187, "width_mean": 1.9929381845206435, "width_sd": 0.003331241687754433, "width_min": 1.9858452320019704, "width_q1": 1.9904890120574392, "width_q2": 1.9921713744120217, "width_q3": 1.995012729797789, "width_max": 2.0058539581357993}