{"data_name": "Protein", "n_neighbors": "all", "level": 0.99, "random_state": 4012, "test_size": 0.2, "n": 45730, "d": 9, "oob_score": 0.6627158369792279, "test_score": 0.6664794518991226, "coverage": 0.9913623441941832, "width_mean": 3.7240331733345062, "width_sd": 7.784781319857391e-16, "width_min": 3.7240331733345062, "width_q1": 3.7240331733345067, "width_q2": 3.724033173334507, "width_q3": 3.724033173334507, "width_max": 3.724033173334507}