{"data_name": "Protein", "n_neighbors": 200, "level": 0.8, "random_state": 1424, "test_size": 0.2, "n": 45730, "d": 9, "oob_score": 0.6638784953997318, "test_score": 0.6755891165028418, "coverage": 0.8269188716378745, "width_mean": 1.3515719288416415, "width_sd": 0.17432024152218056, "width_min": 0.8309735086248884, "width_q1": 1.2232103853348344, "width_q2": 1.3272871935813775, "width_q3": 1.4709755160064608, "width_max": 2.3023084714477906}