{"data_name": "Protein", "n_neighbors": 100, "level": 0.99, "random_state": 1824, "test_size": 0.2, "n": 45730, "d": 9, "oob_score": 0.6623142627266064, "test_score": 0.6777220685907579, "coverage": 0.9842554122020556, "width_mean": 2.994870576572098, "width_sd": 0.4134101341517349, "width_min": 1.7260695982965428, "width_q1": 2.692735505738506, "width_q2": 2.9253087868901106, "width_q3": 3.248850948678814, "width_max": 4.901971625946767}