{"data_name": "Protein", "n_neighbors": "auto", "level": 0.95, "random_state": 3657, "test_size": 0.2, "n": 45730, "d": 9, "oob_score": 0.661392681240141, "test_score": 0.6721589090924511, "coverage": 0.9440192433850864, "width_mean": 2.021575308935696, "width_sd": 0.8778090782397838, "width_min": 6.938893903907228e-17, "width_q1": 1.4829630179366662, "width_q2": 2.2209621898795673, "width_q3": 2.65326788486435, "width_max": 4.270522923080022}