{"data_name": "Protein", "n_neighbors": 20, "level": 0.99, "random_state": 4506, "test_size": 0.2, "n": 45730, "d": 9, "oob_score": 0.6598666300837186, "test_score": 0.6677133191840526, "coverage": 0.9323201399518916, "width_mean": 2.0195998870408545, "width_sd": 0.9601658312460429, "width_min": 0.015782387789319063, "width_q1": 1.321655142449599, "width_q2": 2.160207512121036, "width_q3": 2.724161704140921, "width_max": 4.640831529399165}