{"data_name": "Protein", "n_neighbors": 20, "level": 0.9, "random_state": 1824, "test_size": 0.2, "n": 45730, "d": 9, "oob_score": 0.6623142627266064, "test_score": 0.6777220685907579, "coverage": 0.8658429914716816, "width_mean": 1.5026387632587896, "width_sd": 0.8397246438872806, "width_min": 0.013345715023897364, "width_q1": 0.7652189582022908, "width_q2": 1.574295178530969, "width_q3": 2.150476242703305, "width_max": 4.37079666992712}