{"data_name": "Protein", "n_neighbors": 2000, "level": 0.9, "random_state": 2286, "test_size": 0.2, "n": 45730, "d": 9, "oob_score": 0.6607036060706725, "test_score": 0.6602911605735489, "coverage": 0.8870544500328013, "width_mean": 1.8738069982264325, "width_sd": 0.02703295947849945, "width_min": 1.8025230576803137, "width_q1": 1.8560128645706842, "width_q2": 1.869407548128413, "width_q3": 1.8894113263488914, "width_max": 2.0048199255771086}