{"data_name": "Protein", "n_neighbors": 5, "level": 0.8, "random_state": 1424, "test_size": 0.2, "n": 45730, "d": 9, "oob_score": 0.6638784953997318, "test_score": 0.6755891165028418, "coverage": 0.620817843866171, "width_mean": 0.8373384960086621, "width_sd": 0.6606265405326486, "width_min": 2.7755575615628914e-17, "width_q1": 0.2654554007583955, "width_q2": 0.6923002049323415, "width_q3": 1.2785826676081582, "width_max": 4.054817949150776}