{"data_name": "Protein", "n_neighbors": 1000, "level": 0.8, "random_state": 3657, "test_size": 0.2, "n": 45730, "d": 9, "oob_score": 0.661392681240141, "test_score": 0.6721589090924511, "coverage": 0.8132516947299366, "width_mean": 1.3702742817875204, "width_sd": 0.03051554822629432, "width_min": 1.2768862227104287, "width_q1": 1.3435091892694107, "width_q2": 1.370439058258651, "width_q3": 1.392583472238175, "width_max": 1.4872958024967815}