{"data_name": "Protein", "n_neighbors": "auto", "level": 0.95, "random_state": 4012, "test_size": 0.2, "n": 45730, "d": 9, "oob_score": 0.6627158369792279, "test_score": 0.6664794518991226, "coverage": 0.9430352066477149, "width_mean": 2.0073898092683313, "width_sd": 0.8871222641771036, "width_min": 4.163336342344337e-17, "width_q1": 1.4562410207541043, "width_q2": 2.2035258440272196, "width_q3": 2.6487266543481436, "width_max": 4.382826764304879}