{"data_name": "Protein", "n_neighbors": 2000, "level": 0.9, "random_state": 8935, "test_size": 0.2, "n": 45730, "d": 9, "oob_score": 0.6632021054285234, "test_score": 0.6698622316618563, "coverage": 0.9027990378307457, "width_mean": 1.9815425704814418, "width_sd": 0.017611950106491473, "width_min": 1.9458193585464252, "width_q1": 1.9689588020241158, "width_q2": 1.9778283881908165, "width_q3": 1.989387165289517, "width_max": 2.100353736578594}