{"data_name": "Protein", "n_neighbors": 500, "level": 0.9, "random_state": 8935, "test_size": 0.2, "n": 45730, "d": 9, "oob_score": 0.6632021054285234, "test_score": 0.6698622316618563, "coverage": 0.9252132079597638, "width_mean": 2.091976553559299, "width_sd": 0.11096659947346929, "width_min": 1.8812597310432364, "width_q1": 1.9879777246296904, "width_q2": 2.08666367983343, "width_q3": 2.1748414904279088, "width_max": 2.5598153008740874}