{"data_name": "Protein", "n_neighbors": 20, "level": 0.95, "random_state": 9674, "test_size": 0.2, "n": 45730, "d": 9, "oob_score": 0.6629168167123837, "test_score": 0.669975784176415, "coverage": 0.911108681390772, "width_mean": 1.7990316992680557, "width_sd": 0.8793514284351553, "width_min": 0.013395125960124155, "width_q1": 1.1287704501216842, "width_q2": 1.9235645040474754, "width_q3": 2.453413123039322, "width_max": 4.345182707047659}