{"data_name": "Protein", "n_neighbors": 5, "level": 0.99, "random_state": 1424, "test_size": 0.2, "n": 45730, "d": 9, "oob_score": 0.6638784953997318, "test_score": 0.6755891165028418, "coverage": 0.7190028427727968, "width_mean": 1.08852642297939, "width_sd": 0.8463140273632567, "width_min": 2.7755575615628914e-17, "width_q1": 0.3469840787020889, "width_q2": 0.904775691073791, "width_q3": 1.6776748392677552, "width_max": 4.692377835772443}