{"data_name": "Protein", "n_neighbors": 100, "level": 0.95, "random_state": 3657, "test_size": 0.2, "n": 45730, "d": 9, "oob_score": 0.661392681240141, "test_score": 0.6721589090924511, "coverage": 0.9569210583861798, "width_mean": 2.3360070818358007, "width_sd": 0.4227015069060649, "width_min": 0.9953105052008778, "width_q1": 1.9942511108598018, "width_q2": 2.292212868023271, "width_q3": 2.624015276413514, "width_max": 3.866562158855471}