{"data_name": "Protein", "n_neighbors": 50, "level": 0.8, "random_state": 1824, "test_size": 0.2, "n": 45730, "d": 9, "oob_score": 0.6623142627266064, "test_score": 0.6777220685907579, "coverage": 0.8398206866389678, "width_mean": 1.345580309637876, "width_sd": 0.5872497604511517, "width_min": 0.07441442885509042, "width_q1": 0.9110953203987734, "width_q2": 1.3841430195081503, "width_q3": 1.7857816192320883, "width_max": 3.2787797713287583}