{"data_name": "Protein", "n_neighbors": 5000, "level": 0.8, "random_state": 1424, "test_size": 0.2, "n": 45730, "d": 9, "oob_score": 0.6638784953997318, "test_score": 0.6755891165028418, "coverage": 0.7977257817625192, "width_mean": 1.3184259186100455, "width_sd": 0.007219143751091713, "width_min": 1.300675645491138, "width_q1": 1.3133127386167573, "width_q2": 1.315335517772692, "width_q3": 1.3219369654812483, "width_max": 1.3501615670901699}