{"data_name": "Protein", "n_neighbors": "auto", "level": 0.8, "random_state": 8935, "test_size": 0.2, "n": 45730, "d": 9, "oob_score": 0.6632021054285234, "test_score": 0.6698622316618563, "coverage": 0.8122676579925651, "width_mean": 1.2186961531175133, "width_sd": 0.6837396961396178, "width_min": 2.7755575615628914e-17, "width_q1": 0.5847957713750531, "width_q2": 1.314984529548049, "width_q3": 1.7547329227883564, "width_max": 3.2177109327100624}