{"data_name": "Protein", "n_neighbors": "all", "level": 0.9, "random_state": 3657, "test_size": 0.2, "n": 45730, "d": 9, "oob_score": 0.661392681240141, "test_score": 0.6721589090924511, "coverage": 0.9091406079160289, "width_mean": 2.001789563757815, "width_sd": 6.082227232640907e-16, "width_min": 2.0017895637578156, "width_q1": 2.0017895637578156, "width_q2": 2.0017895637578156, "width_q3": 2.001789563757816, "width_max": 2.001789563757816}