{"data_name": "Protein", "n_neighbors": 2000, "level": 0.8, "random_state": 409, "test_size": 0.2, "n": 45730, "d": 9, "oob_score": 0.663956089025605, "test_score": 0.6560083711858098, "coverage": 0.7952110212114586, "width_mean": 1.3418689032456517, "width_sd": 0.013593013196229733, "width_min": 1.30964225427381, "width_q1": 1.3334933223379988, "width_q2": 1.3389094743693688, "width_q3": 1.3498392366689074, "width_max": 1.3984783508277658}