{"data_name": "Protein", "n_neighbors": 5000, "level": 0.8, "random_state": 9674, "test_size": 0.2, "n": 45730, "d": 9, "oob_score": 0.6629168167123837, "test_score": 0.669975784176415, "coverage": 0.8043953640935928, "width_mean": 1.378033947913752, "width_sd": 0.0053599024187442, "width_min": 1.3597269330947697, "width_q1": 1.3741309856290531, "width_q2": 1.3779048146575548, "width_q3": 1.3816972075984486, "width_max": 1.3985623903204532}