{"data_name": "Protein", "n_neighbors": 200, "level": 0.8, "random_state": 3657, "test_size": 0.2, "n": 45730, "d": 9, "oob_score": 0.661392681240141, "test_score": 0.6721589090924511, "coverage": 0.8163131423573147, "width_mean": 1.2842511502025742, "width_sd": 0.16388171565251727, "width_min": 0.918645472732962, "width_q1": 1.160186605167245, "width_q2": 1.251767223946489, "width_q3": 1.3896992942551312, "width_max": 2.0489999350132004}