{"data_name": "Protein", "n_neighbors": 10, "level": 0.95, "random_state": 1424, "test_size": 0.2, "n": 45730, "d": 9, "oob_score": 0.6638784953997318, "test_score": 0.6755891165028418, "coverage": 0.843756833588454, "width_mean": 1.4289164395460026, "width_sd": 0.8793814203774154, "width_min": 4.163336342344337e-17, "width_q1": 0.6257736830710678, "width_q2": 1.4451935935866709, "width_q3": 2.119707220970084, "width_max": 4.354435795741382}