{"data_name": "Protein", "n_neighbors": 10000, "level": 0.8, "random_state": 9674, "test_size": 0.2, "n": 45730, "d": 9, "oob_score": 0.6629168167123837, "test_score": 0.669975784176415, "coverage": 0.8013339164662148, "width_mean": 1.357667260386762, "width_sd": 0.001971502063692542, "width_min": 1.354333897248631, "width_q1": 1.3560657767692963, "width_q2": 1.3571977492775686, "width_q3": 1.3589633675880242, "width_max": 1.365511994671858}