{"data_name": "Protein", "n_neighbors": 1000, "level": 0.95, "random_state": 3657, "test_size": 0.2, "n": 45730, "d": 9, "oob_score": 0.661392681240141, "test_score": 0.6721589090924511, "coverage": 0.9563743713098622, "width_mean": 2.5864836609865556, "width_sd": 0.042461674777674936, "width_min": 2.524339105691536, "width_q1": 2.5567471018495223, "width_q2": 2.5853285727622874, "width_q3": 2.611217215895814, "width_max": 2.8461810675825845}