{"data_name": "Protein", "n_neighbors": 5, "level": 0.8, "random_state": 1679, "test_size": 0.2, "n": 45730, "d": 9, "oob_score": 0.6611371272166762, "test_score": 0.6748316349958612, "coverage": 0.6235512792477585, "width_mean": 0.8371864206113414, "width_sd": 0.6745389332543086, "width_min": 2.7755575615628914e-17, "width_q1": 0.25617875332195983, "width_q2": 0.6764693974219156, "width_q3": 1.299619374586527, "width_max": 3.671987812325083}