{"data_name": "Protein", "n_neighbors": 10000, "level": 0.95, "random_state": 8935, "test_size": 0.2, "n": 45730, "d": 9, "oob_score": 0.6632021054285234, "test_score": 0.6698622316618563, "coverage": 0.9542969604198557, "width_mean": 2.5565532045364847, "width_sd": 0.0033877074775097164, "width_min": 2.540450369841521, "width_q1": 2.5554960775248023, "width_q2": 2.5565924323048144, "width_q3": 2.5580181166360503, "width_max": 2.5768764852809385}