{"data_name": "Protein", "n_neighbors": 5, "level": 0.9, "random_state": 409, "test_size": 0.2, "n": 45730, "d": 9, "oob_score": 0.663956089025605, "test_score": 0.6560083711858098, "coverage": 0.67384649026897, "width_mean": 0.9783352642221579, "width_sd": 0.7639281351947873, "width_min": 4.163336342344337e-17, "width_q1": 0.310510446306577, "width_q2": 0.8083249229451541, "width_q3": 1.509188855540025, "width_max": 4.096825001305355}