{"data_name": "Protein", "n_neighbors": 5, "level": 0.8, "random_state": 409, "test_size": 0.2, "n": 45730, "d": 9, "oob_score": 0.663956089025605, "test_score": 0.6560083711858098, "coverage": 0.6222392302645966, "width_mean": 0.8442976778334272, "width_sd": 0.6675007974592699, "width_min": 4.163336342344337e-17, "width_q1": 0.26878996480886275, "width_q2": 0.6948262731679915, "width_q3": 1.2990773638271789, "width_max": 3.57894698041418}