{"data_name": "Protein", "n_neighbors": 50, "level": 0.9, "random_state": 1824, "test_size": 0.2, "n": 45730, "d": 9, "oob_score": 0.6623142627266064, "test_score": 0.6777220685907579, "coverage": 0.9191996501202712, "width_mean": 1.8503415077363676, "width_sd": 0.6206240683727271, "width_min": 0.15552238745973956, "width_q1": 1.4763363630071757, "width_q2": 1.897892521561995, "width_q3": 2.2825029400129373, "width_max": 3.8754621927617254}