{"data_name": "Protein", "n_neighbors": 5, "level": 0.9, "random_state": 1424, "test_size": 0.2, "n": 45730, "d": 9, "oob_score": 0.6638784953997318, "test_score": 0.6755891165028418, "coverage": 0.674283839930024, "width_mean": 0.9695426680985187, "width_sd": 0.7548662213732795, "width_min": 2.7755575615628914e-17, "width_q1": 0.3103312047162828, "width_q2": 0.8052449139876174, "width_q3": 1.4925963483341451, "width_max": 4.170361261996346}