{"data_name": "Protein", "n_neighbors": 100, "level": 0.9, "random_state": 1424, "test_size": 0.2, "n": 45730, "d": 9, "oob_score": 0.6638784953997318, "test_score": 0.6755891165028418, "coverage": 0.931554778045047, "width_mean": 2.0114459037812447, "width_sd": 0.3779636822402828, "width_min": 0.8152059089741184, "width_q1": 1.7247585891383224, "width_q2": 1.9977959518839605, "width_q3": 2.2759854719631893, "width_max": 3.35655020242842}