{"data_name": "Protein", "n_neighbors": 500, "level": 0.95, "random_state": 1679, "test_size": 0.2, "n": 45730, "d": 9, "oob_score": 0.6611371272166762, "test_score": 0.6748316349958612, "coverage": 0.9538596107588017, "width_mean": 2.387065997174336, "width_sd": 0.1032633755629205, "width_min": 2.1514430177751747, "width_q1": 2.310007637528143, "width_q2": 2.3740096771055867, "width_q3": 2.459391955803325, "width_max": 2.9252229365871667}