{"data_name": "Protein", "n_neighbors": "all", "level": 0.8, "random_state": 1824, "test_size": 0.2, "n": 45730, "d": 9, "oob_score": 0.6623142627266064, "test_score": 0.6777220685907579, "coverage": 0.8110649464246665, "width_mean": 1.3796866432605799, "width_sd": 4.0019895737845104e-16, "width_min": 1.3796866432605794, "width_q1": 1.3796866432605794, "width_q2": 1.3796866432605794, "width_q3": 1.3796866432605794, "width_max": 1.3796866432605799}