{"data_name": "Protein", "n_neighbors": 200, "level": 0.8, "random_state": 409, "test_size": 0.2, "n": 45730, "d": 9, "oob_score": 0.663956089025605, "test_score": 0.6560083711858098, "coverage": 0.7966324076098841, "width_mean": 1.2453366869362121, "width_sd": 0.1863276501709223, "width_min": 0.8056705922665786, "width_q1": 1.0930935498088146, "width_q2": 1.1940902854316002, "width_q3": 1.3648050731747623, "width_max": 2.0912202923217964}