{"data_name": "Protein", "n_neighbors": 1000, "level": 0.8, "random_state": 8935, "test_size": 0.2, "n": 45730, "d": 9, "oob_score": 0.6632021054285234, "test_score": 0.6698622316618563, "coverage": 0.8099715722720315, "width_mean": 1.349055708817867, "width_sd": 0.04293743943748113, "width_min": 1.2653087974489476, "width_q1": 1.3113260778305926, "width_q2": 1.3450059703605355, "width_q3": 1.381370892727761, "width_max": 1.479698656643757}