{"data_name": "Protein", "n_neighbors": 5000, "level": 0.9, "random_state": 4012, "test_size": 0.2, "n": 45730, "d": 9, "oob_score": 0.6627158369792279, "test_score": 0.6664794518991226, "coverage": 0.8919746337196589, "width_mean": 1.892768647714333, "width_sd": 0.006163246842473452, "width_min": 1.8741205812285107, "width_q1": 1.8882707362907247, "width_q2": 1.8903414928696647, "width_q3": 1.8960600739110758, "width_max": 1.9336184316744012}