{"data_name": "Protein", "n_neighbors": 200, "level": 0.9, "random_state": 1679, "test_size": 0.2, "n": 45730, "d": 9, "oob_score": 0.6611371272166762, "test_score": 0.6748316349958612, "coverage": 0.9001749398644217, "width_mean": 1.8085539514608004, "width_sd": 0.18616776755663164, "width_min": 1.2897771426073845, "width_q1": 1.6779951981979466, "width_q2": 1.7608395545622213, "width_q3": 1.927308598224207, "width_max": 2.971967095849785}