{"data_name": "Protein", "n_neighbors": 2000, "level": 0.95, "random_state": 4506, "test_size": 0.2, "n": 45730, "d": 9, "oob_score": 0.6598666300837186, "test_score": 0.6677133191840526, "coverage": 0.9587797944456593, "width_mean": 2.6337373271559312, "width_sd": 0.015279302914013719, "width_min": 2.6099346435869206, "width_q1": 2.624175184261504, "width_q2": 2.6334808226978836, "width_q3": 2.6418595858447858, "width_max": 2.7488776377678192}