{"data_name": "Protein", "n_neighbors": 500, "level": 0.9, "random_state": 409, "test_size": 0.2, "n": 45730, "d": 9, "oob_score": 0.663956089025605, "test_score": 0.6560083711858098, "coverage": 0.8971134922370435, "width_mean": 1.8849088663503266, "width_sd": 0.10816593125535955, "width_min": 1.7262540509521793, "width_q1": 1.7977155321176297, "width_q2": 1.8516562050152874, "width_q3": 1.9409997896148041, "width_max": 2.398877026955234}