{"data_name": "Protein", "n_neighbors": 20, "level": 0.99, "random_state": 2286, "test_size": 0.2, "n": 45730, "d": 9, "oob_score": 0.6607036060706725, "test_score": 0.6602911605735489, "coverage": 0.9294773671550405, "width_mean": 2.021744920904533, "width_sd": 0.9640769635241657, "width_min": 0.028041506551314876, "width_q1": 1.324670950971487, "width_q2": 2.1672635099975563, "width_q3": 2.7136594419695976, "width_max": 4.770533874992514}