{"data_name": "Protein", "n_neighbors": 10, "level": 0.8, "random_state": 4506, "test_size": 0.2, "n": 45730, "d": 9, "oob_score": 0.6598666300837186, "test_score": 0.6677133191840526, "coverage": 0.726437787010715, "width_mean": 1.0093529707690567, "width_sd": 0.7229045078364462, "width_min": 0.0050674462713034, "width_q1": 0.3694034202649239, "width_q2": 0.8962967553433246, "width_q3": 1.5436829118380206, "width_max": 3.675513520354793}