{"data_name": "Protein", "n_neighbors": 10, "level": 0.8, "random_state": 1679, "test_size": 0.2, "n": 45730, "d": 9, "oob_score": 0.6611371272166762, "test_score": 0.6748316349958612, "coverage": 0.7262191121801881, "width_mean": 1.0142287691928866, "width_sd": 0.7274839235001945, "width_min": 2.7755575615628914e-17, "width_q1": 0.36748977437608765, "width_q2": 0.8985131026117705, "width_q3": 1.549763166645373, "width_max": 3.57700135309486}