{"data_name": "Protein", "n_neighbors": 20, "level": 0.8, "random_state": 3657, "test_size": 0.2, "n": 45730, "d": 9, "oob_score": 0.661392681240141, "test_score": 0.6721589090924511, "coverage": 0.7921495735840804, "width_mean": 1.1531389675171064, "width_sd": 0.7129977876709946, "width_min": 0.004398151360098579, "width_q1": 0.5152184677456559, "width_q2": 1.1402279336806855, "width_q3": 1.7028152052671308, "width_max": 3.7919554589448983}