{"data_name": "Protein", "n_neighbors": 500, "level": 0.95, "random_state": 8935, "test_size": 0.2, "n": 45730, "d": 9, "oob_score": 0.6632021054285234, "test_score": 0.6698622316618563, "coverage": 0.964793352285152, "width_mean": 2.6882423100644894, "width_sd": 0.09131504976368798, "width_min": 2.5199798140609158, "width_q1": 2.614925939481373, "width_q2": 2.662542701409835, "width_q3": 2.7372931951342814, "width_max": 3.314107626259149}