{"data_name": "Protein", "n_neighbors": "all", "level": 0.99, "random_state": 4506, "test_size": 0.2, "n": 45730, "d": 9, "oob_score": 0.6598666300837186, "test_score": 0.6677133191840526, "coverage": 0.9903783074568118, "width_mean": 3.699929856175432, "width_sd": 1.6502095808851738e-15, "width_min": 3.699929856175433, "width_q1": 3.6999298561754332, "width_q2": 3.6999298561754337, "width_q3": 3.6999298561754337, "width_max": 3.6999298561754337}