{"data_name": "Protein", "n_neighbors": 200, "level": 0.8, "random_state": 8935, "test_size": 0.2, "n": 45730, "d": 9, "oob_score": 0.6632021054285234, "test_score": 0.6698622316618563, "coverage": 0.8326044172315766, "width_mean": 1.3580727730563729, "width_sd": 0.1886987993879121, "width_min": 0.8706832593808078, "width_q1": 1.1993701932060354, "width_q2": 1.3129119768951127, "width_q3": 1.4849119594531006, "width_max": 2.2322371448148877}