{"data_name": "Protein", "n_neighbors": 10, "level": 0.99, "random_state": 2286, "test_size": 0.2, "n": 45730, "d": 9, "oob_score": 0.6607036060706725, "test_score": 0.6602911605735489, "coverage": 0.8528318390553248, "width_mean": 1.5486382168607145, "width_sd": 0.9612840870677968, "width_min": 4.163336342344337e-17, "width_q1": 0.6807080916215487, "width_q2": 1.5624739934684353, "width_q3": 2.2850672142399735, "width_max": 4.788427984055753}