{"data_name": "Protein", "n_neighbors": 5000, "level": 0.95, "random_state": 4012, "test_size": 0.2, "n": 45730, "d": 9, "oob_score": 0.6627158369792279, "test_score": 0.6664794518991226, "coverage": 0.9431445440629783, "width_mean": 2.4456228364111556, "width_sd": 0.007336969789051557, "width_min": 2.4363221601634315, "width_q1": 2.440719311537258, "width_q2": 2.4434520572162253, "width_q3": 2.4458181459383983, "width_max": 2.493971680705446}