{"data_name": "Protein", "n_neighbors": 5, "level": 0.95, "random_state": 2286, "test_size": 0.2, "n": 45730, "d": 9, "oob_score": 0.6607036060706725, "test_score": 0.6602911605735489, "coverage": 0.6871856549311174, "width_mean": 1.0413679486218044, "width_sd": 0.8227902787496876, "width_min": 0.0, "width_q1": 0.3304784796329263, "width_q2": 0.8493282460386009, "width_q3": 1.6095288414779625, "width_max": 4.611273468461786}