{"data_name": "Protein", "n_neighbors": "auto", "level": 0.95, "random_state": 4506, "test_size": 0.2, "n": 45730, "d": 9, "oob_score": 0.6598666300837186, "test_score": 0.6677133191840526, "coverage": 0.9452219549529849, "width_mean": 2.0151030170010107, "width_sd": 0.8960085819086862, "width_min": 0.0020591793891957533, "width_q1": 1.4239412786601129, "width_q2": 2.2178984488673468, "width_q3": 2.666158446255386, "width_max": 4.239028364687243}