{"data_name": "Protein", "n_neighbors": "all", "level": 0.8, "random_state": 8935, "test_size": 0.2, "n": 45730, "d": 9, "oob_score": 0.6632021054285234, "test_score": 0.6698622316618563, "coverage": 0.8066914498141264, "width_mean": 1.3714359578762636, "width_sd": 1.141702035157187e-16, "width_min": 1.3714359578762632, "width_q1": 1.3714359578762636, "width_q2": 1.3714359578762636, "width_q3": 1.3714359578762636, "width_max": 1.3714359578762636}