{"data_name": "Protein", "n_neighbors": 100, "level": 0.8, "random_state": 4012, "test_size": 0.2, "n": 45730, "d": 9, "oob_score": 0.6627158369792279, "test_score": 0.6664794518991226, "coverage": 0.8244041110868139, "width_mean": 1.2675767183804565, "width_sd": 0.35659141017047735, "width_min": 0.4739605950685455, "width_q1": 0.9618077467344324, "width_q2": 1.2289605224798612, "width_q3": 1.5336440347430944, "width_max": 2.62171431757799}