{"data_name": "Protein", "n_neighbors": 200, "level": 0.8, "random_state": 4012, "test_size": 0.2, "n": 45730, "d": 9, "oob_score": 0.6627158369792279, "test_score": 0.6664794518991226, "coverage": 0.7947736715504046, "width_mean": 1.2691282467058447, "width_sd": 0.1634649739314257, "width_min": 0.868951870764545, "width_q1": 1.1544215463795982, "width_q2": 1.2346611114883874, "width_q3": 1.3672862490500928, "width_max": 1.990729522222638}