{"data_name": "Protein", "n_neighbors": 100, "level": 0.9, "random_state": 4012, "test_size": 0.2, "n": 45730, "d": 9, "oob_score": 0.6627158369792279, "test_score": 0.6664794518991226, "coverage": 0.9116553684670894, "width_mean": 1.7732315704710198, "width_sd": 0.3833795183858549, "width_min": 0.8272880054644658, "width_q1": 1.461523962635461, "width_q2": 1.7972922852898052, "width_q3": 2.0277070694234807, "width_max": 3.35097014496087}