{"data_name": "Protein", "n_neighbors": 5000, "level": 0.8, "random_state": 2286, "test_size": 0.2, "n": 45730, "d": 9, "oob_score": 0.6607036060706725, "test_score": 0.6602911605735489, "coverage": 0.7983818062541002, "width_mean": 1.3618959131056065, "width_sd": 0.006946686495588174, "width_min": 1.345876064408119, "width_q1": 1.356116534952423, "width_q2": 1.3610207701160086, "width_q3": 1.3674456995790307, "width_max": 1.389945407769567}