{"data_name": "Protein", "n_neighbors": 10, "level": 0.99, "random_state": 4506, "test_size": 0.2, "n": 45730, "d": 9, "oob_score": 0.6598666300837186, "test_score": 0.6677133191840526, "coverage": 0.8608134703695605, "width_mean": 1.5413824994394678, "width_sd": 0.9615400115399259, "width_min": 0.007913437565710835, "width_q1": 0.6620316848000616, "width_q2": 1.5605222584616152, "width_q3": 2.2956513841754673, "width_max": 4.6939448689587335}