{"data_name": "Protein", "n_neighbors": 10, "level": 0.95, "random_state": 4506, "test_size": 0.2, "n": 45730, "d": 9, "oob_score": 0.6598666300837186, "test_score": 0.6677133191840526, "coverage": 0.8423354471900284, "width_mean": 1.429376282877276, "width_sd": 0.8962795579961, "width_min": 0.007314281503730369, "width_q1": 0.6065014558297385, "width_q2": 1.4431676866014058, "width_q3": 2.1332780706658245, "width_max": 4.297982104545135}