{"data_name": "Protein", "n_neighbors": 10000, "level": 0.95, "random_state": 409, "test_size": 0.2, "n": 45730, "d": 9, "oob_score": 0.663956089025605, "test_score": 0.6560083711858098, "coverage": 0.946534003936147, "width_mean": 2.5509345162275765, "width_sd": 0.00464059549845306, "width_min": 2.543754520583022, "width_q1": 2.547468298148315, "width_q2": 2.5493307991856313, "width_q3": 2.553491903816991, "width_max": 2.580298363127734}