{"data_name": "Protein", "n_neighbors": 5, "level": 0.8, "random_state": 1824, "test_size": 0.2, "n": 45730, "d": 9, "oob_score": 0.6623142627266064, "test_score": 0.6777220685907579, "coverage": 0.6263940520446096, "width_mean": 0.8502135046963771, "width_sd": 0.6718781817462599, "width_min": 2.7755575615628914e-17, "width_q1": 0.26689047660465576, "width_q2": 0.7047978514756841, "width_q3": 1.3035923374968619, "width_max": 3.8854366259606206}