{"data_name": "Protein", "n_neighbors": 5, "level": 0.95, "random_state": 1679, "test_size": 0.2, "n": 45730, "d": 9, "oob_score": 0.6611371272166762, "test_score": 0.6748316349958612, "coverage": 0.6941832495079816, "width_mean": 1.0328305390273436, "width_sd": 0.8171998223686326, "width_min": 4.163336342344337e-17, "width_q1": 0.321615989636023, "width_q2": 0.8357633201270062, "width_q3": 1.6215282080342701, "width_max": 4.502030077023836}