{"data_name": "Protein", "n_neighbors": 500, "level": 0.8, "random_state": 3657, "test_size": 0.2, "n": 45730, "d": 9, "oob_score": 0.661392681240141, "test_score": 0.6721589090924511, "coverage": 0.8112836212551935, "width_mean": 1.3299249870492602, "width_sd": 0.06256916737054075, "width_min": 1.1809021172310143, "width_q1": 1.2813856190247317, "width_q2": 1.3238949196924212, "width_q3": 1.3719325685137258, "width_max": 1.589181908384016}