{"data_name": "Protein", "n_neighbors": 500, "level": 0.95, "random_state": 2286, "test_size": 0.2, "n": 45730, "d": 9, "oob_score": 0.6607036060706725, "test_score": 0.6602911605735489, "coverage": 0.9507981631314236, "width_mean": 2.50609920430237, "width_sd": 0.08565326024727116, "width_min": 2.3055693888652025, "width_q1": 2.455026968085057, "width_q2": 2.4971780132062054, "width_q3": 2.5427512681104676, "width_max": 3.0098501511970968}