{"data_name": "Protein", "n_neighbors": 10000, "level": 0.8, "random_state": 8935, "test_size": 0.2, "n": 45730, "d": 9, "oob_score": 0.6632021054285234, "test_score": 0.6698622316618563, "coverage": 0.80898753553466, "width_mean": 1.3791448566290196, "width_sd": 0.0027570660813300246, "width_min": 1.3731201751060125, "width_q1": 1.3773254596499855, "width_q2": 1.3786024972498567, "width_q3": 1.381515500679258, "width_max": 1.3882905859983197}