{"data_name": "Protein", "n_neighbors": "all", "level": 0.95, "random_state": 4506, "test_size": 0.2, "n": 45730, "d": 9, "oob_score": 0.6598666300837186, "test_score": 0.6677133191840526, "coverage": 0.9550623223267002, "width_mean": 2.5743617600295563, "width_sd": 4.76076386234065e-16, "width_min": 2.5743617600295563, "width_q1": 2.5743617600295567, "width_q2": 2.5743617600295567, "width_q3": 2.5743617600295567, "width_max": 2.574361760029557}