{"data_name": "Protein", "n_neighbors": 2000, "level": 0.8, "random_state": 1824, "test_size": 0.2, "n": 45730, "d": 9, "oob_score": 0.6623142627266064, "test_score": 0.6777220685907579, "coverage": 0.8200306144762738, "width_mean": 1.4162247776741974, "width_sd": 0.018005142945592502, "width_min": 1.375889810126957, "width_q1": 1.402365466085981, "width_q2": 1.4116342555796952, "width_q3": 1.4301659171642136, "width_max": 1.4948991495103008}