{"data_name": "Protein", "n_neighbors": 2000, "level": 0.8, "random_state": 8935, "test_size": 0.2, "n": 45730, "d": 9, "oob_score": 0.6632021054285234, "test_score": 0.6698622316618563, "coverage": 0.8017712661272688, "width_mean": 1.3370931655901799, "width_sd": 0.02116908169155662, "width_min": 1.3039772945114287, "width_q1": 1.3202255701835068, "width_q2": 1.3304062582020681, "width_q3": 1.3536559069578273, "width_max": 1.4196633649882402}