{"data_name": "Protein", "n_neighbors": 200, "level": 0.9, "random_state": 8935, "test_size": 0.2, "n": 45730, "d": 9, "oob_score": 0.6632021054285234, "test_score": 0.6698622316618563, "coverage": 0.9359282746555871, "width_mean": 2.15654510779479, "width_sd": 0.2489579525978223, "width_min": 1.33390945643547, "width_q1": 1.9568095103314316, "width_q2": 2.1325062877256884, "width_q3": 2.326907180658241, "width_max": 3.1940204429059387}