{"data_name": "Protein", "n_neighbors": 500, "level": 0.9, "random_state": 3657, "test_size": 0.2, "n": 45730, "d": 9, "oob_score": 0.661392681240141, "test_score": 0.6721589090924511, "coverage": 0.897441504482834, "width_mean": 1.8475176608990573, "width_sd": 0.08377414867035023, "width_min": 1.640300707580818, "width_q1": 1.788180960115636, "width_q2": 1.8444919397685173, "width_q3": 1.8895511538431944, "width_max": 2.342752302308137}