{"data_name": "Protein", "n_neighbors": 20, "level": 0.99, "random_state": 1679, "test_size": 0.2, "n": 45730, "d": 9, "oob_score": 0.6611371272166762, "test_score": 0.6748316349958612, "coverage": 0.9349442379182156, "width_mean": 2.0062557499660376, "width_sd": 0.9730663691299476, "width_min": 0.01581300746549341, "width_q1": 1.3036333257553785, "width_q2": 2.170332789844283, "width_q3": 2.713041307643886, "width_max": 5.063212870232828}