{"data_name": "Protein", "n_neighbors": "auto", "level": 0.9, "random_state": 2286, "test_size": 0.2, "n": 45730, "d": 9, "oob_score": 0.6607036060706725, "test_score": 0.6602911605735489, "coverage": 0.9001749398644217, "width_mean": 1.6570569851388661, "width_sd": 0.8137037215273412, "width_min": 4.163336342344337e-17, "width_q1": 1.0216219010949763, "width_q2": 1.8173468878640602, "width_q3": 2.276265239537167, "width_max": 3.844088916478694}