{"data_name": "Protein", "n_neighbors": 200, "level": 0.99, "random_state": 1824, "test_size": 0.2, "n": 45730, "d": 9, "oob_score": 0.6623142627266064, "test_score": 0.6777220685907579, "coverage": 0.9913623441941832, "width_mean": 3.4970709175934207, "width_sd": 0.2647208146706984, "width_min": 3.124439531185968, "width_q1": 3.314361839087126, "width_q2": 3.3592921862934078, "width_q3": 3.6436229282922934, "width_max": 4.750437653950122}