{"data_name": "Protein", "n_neighbors": 1000, "level": 0.95, "random_state": 9674, "test_size": 0.2, "n": 45730, "d": 9, "oob_score": 0.6629168167123837, "test_score": 0.669975784176415, "coverage": 0.9688388366499016, "width_mean": 2.8134151118621213, "width_sd": 0.0426868316893708, "width_min": 2.7195378133928085, "width_q1": 2.7818187468214597, "width_q2": 2.8103037993071163, "width_q3": 2.837184391464294, "width_max": 3.0360410838638456}