{"data_name": "Protein", "n_neighbors": 1000, "level": 0.9, "random_state": 3657, "test_size": 0.2, "n": 45730, "d": 9, "oob_score": 0.661392681240141, "test_score": 0.6721589090924511, "coverage": 0.9108900065602449, "width_mean": 1.9749928915401327, "width_sd": 0.04933998078628116, "width_min": 1.85678001401807, "width_q1": 1.9370001695776067, "width_q2": 1.9621069840295942, "width_q3": 2.0085953403721426, "width_max": 2.2688304051758115}