{"data_name": "Protein", "n_neighbors": 100, "level": 0.95, "random_state": 1679, "test_size": 0.2, "n": 45730, "d": 9, "oob_score": 0.6611371272166762, "test_score": 0.6748316349958612, "coverage": 0.947846052919309, "width_mean": 2.1053928979547623, "width_sd": 0.4370723556316979, "width_min": 1.0267091169811757, "width_q1": 1.7301780532638409, "width_q2": 2.0355447671916833, "width_q3": 2.4027617499849554, "width_max": 3.9075521871488754}