{"data_name": "Protein", "n_neighbors": 1000, "level": 0.95, "random_state": 4012, "test_size": 0.2, "n": 45730, "d": 9, "oob_score": 0.6627158369792279, "test_score": 0.6664794518991226, "coverage": 0.9416138202492893, "width_mean": 2.3969146998584594, "width_sd": 0.03923453187789933, "width_min": 2.331222024612011, "width_q1": 2.3690342778640505, "width_q2": 2.3894697897574995, "width_q3": 2.412934002829273, "width_max": 2.6635288689954657}