{"data_name": "Protein", "n_neighbors": 50, "level": 0.99, "random_state": 8935, "test_size": 0.2, "n": 45730, "d": 9, "oob_score": 0.6632021054285234, "test_score": 0.6698622316618563, "coverage": 0.9776951672862454, "width_mean": 2.6731722313595587, "width_sd": 0.7441745590791828, "width_min": 0.3450359816248697, "width_q1": 2.2152744280083594, "width_q2": 2.729113961109867, "width_q3": 3.1988376287888016, "width_max": 4.941048388778318}