{"data_name": "Protein", "n_neighbors": 10, "level": 0.8, "random_state": 1824, "test_size": 0.2, "n": 45730, "d": 9, "oob_score": 0.6623142627266064, "test_score": 0.6777220685907579, "coverage": 0.7284058604854581, "width_mean": 1.0222202964029092, "width_sd": 0.7259096296249969, "width_min": 4.163336342344337e-17, "width_q1": 0.3834999602635373, "width_q2": 0.9129909479244127, "width_q3": 1.5514430513347703, "width_max": 4.148088345745924}