{"data_name": "Protein", "n_neighbors": "all", "level": 0.8, "random_state": 9674, "test_size": 0.2, "n": 45730, "d": 9, "oob_score": 0.6629168167123837, "test_score": 0.669975784176415, "coverage": 0.8031926525256943, "width_mean": 1.3661712016583167, "width_sd": 2.643284335405498e-16, "width_min": 1.3661712016583163, "width_q1": 1.3661712016583165, "width_q2": 1.3661712016583165, "width_q3": 1.3661712016583165, "width_max": 1.3661712016583167}