{"data_name": "Protein", "n_neighbors": 200, "level": 0.8, "random_state": 1679, "test_size": 0.2, "n": 45730, "d": 9, "oob_score": 0.6611371272166762, "test_score": 0.6748316349958612, "coverage": 0.8024272906188498, "width_mean": 1.2280157335072848, "width_sd": 0.20102500756518368, "width_min": 0.8080766823077814, "width_q1": 1.0647790262113959, "width_q2": 1.214757077967211, "width_q3": 1.3655304355752302, "width_max": 1.911519392867343}