{"data_name": "Protein", "n_neighbors": 100, "level": 0.99, "random_state": 4506, "test_size": 0.2, "n": 45730, "d": 9, "oob_score": 0.6598666300837186, "test_score": 0.6677133191840526, "coverage": 0.9827246883883665, "width_mean": 3.012518432162989, "width_sd": 0.36431660563794926, "width_min": 1.6804449320004067, "width_q1": 2.7569785207461432, "width_q2": 2.9120448462171695, "width_q3": 3.232086625556081, "width_max": 4.681219975261473}