{"data_name": "Protein", "n_neighbors": "all", "level": 0.8, "random_state": 1424, "test_size": 0.2, "n": 45730, "d": 9, "oob_score": 0.6638784953997318, "test_score": 0.6755891165028418, "coverage": 0.8086595232888695, "width_mean": 1.3734657892980484, "width_sd": 2.9719934627648413e-16, "width_min": 1.3734657892980477, "width_q1": 1.3734657892980482, "width_q2": 1.3734657892980482, "width_q3": 1.3734657892980482, "width_max": 1.3734657892980482}