{"data_name": "Protein", "n_neighbors": 5000, "level": 0.95, "random_state": 1679, "test_size": 0.2, "n": 45730, "d": 9, "oob_score": 0.6611371272166762, "test_score": 0.6748316349958612, "coverage": 0.9570303958014432, "width_mean": 2.586723071000705, "width_sd": 0.008507690317406807, "width_min": 2.5697085114951617, "width_q1": 2.5800491184451504, "width_q2": 2.583076004883291, "width_q3": 2.592564206220659, "width_max": 2.62624742813704}