{"data_name": "Protein", "n_neighbors": 500, "level": 0.8, "random_state": 1424, "test_size": 0.2, "n": 45730, "d": 9, "oob_score": 0.6638784953997318, "test_score": 0.6755891165028418, "coverage": 0.810080909687295, "width_mean": 1.310534366194011, "width_sd": 0.08436617011024465, "width_min": 1.1711695297199651, "width_q1": 1.2441560098116051, "width_q2": 1.3028338739292982, "width_q3": 1.375001000172446, "width_max": 1.6024285856304927}