{"data_name": "Protein", "n_neighbors": 5, "level": 0.8, "random_state": 2286, "test_size": 0.2, "n": 45730, "d": 9, "oob_score": 0.6607036060706725, "test_score": 0.6602911605735489, "coverage": 0.6125082003061447, "width_mean": 0.8427034692783484, "width_sd": 0.6762807498505111, "width_min": 0.0, "width_q1": 0.26190721952219687, "width_q2": 0.683748473175458, "width_q3": 1.2950410053906687, "width_max": 3.841986181554301}