{"data_name": "Protein", "n_neighbors": 20, "level": 0.99, "random_state": 1824, "test_size": 0.2, "n": 45730, "d": 9, "oob_score": 0.6623142627266064, "test_score": 0.6777220685907579, "coverage": 0.9340695385961076, "width_mean": 2.053079790339454, "width_sd": 0.9643768014497777, "width_min": 0.016059834741580792, "width_q1": 1.3932262653887002, "width_q2": 2.2007670784923103, "width_q3": 2.750866161365896, "width_max": 5.124954584197197}