{"data_name": "Protein", "n_neighbors": 5, "level": 0.99, "random_state": 1679, "test_size": 0.2, "n": 45730, "d": 9, "oob_score": 0.6611371272166762, "test_score": 0.6748316349958612, "coverage": 0.7100371747211895, "width_mean": 1.0850023039382772, "width_sd": 0.8579476767469676, "width_min": 4.163336342344337e-17, "width_q1": 0.3383850714711087, "width_q2": 0.8792010061207715, "width_q3": 1.7034742744439306, "width_max": 4.723374680943504}