{"data_name": "Protein", "n_neighbors": 5000, "level": 0.95, "random_state": 4506, "test_size": 0.2, "n": 45730, "d": 9, "oob_score": 0.6598666300837186, "test_score": 0.6677133191840526, "coverage": 0.9557183468182812, "width_mean": 2.5855192233647757, "width_sd": 0.010624885549602088, "width_min": 2.5725442463855215, "width_q1": 2.5765088877032847, "width_q2": 2.580597378353075, "width_q3": 2.5937290214000965, "width_max": 2.6376204802971914}