{"data_name": "Protein", "n_neighbors": "all", "level": 0.99, "random_state": 9674, "test_size": 0.2, "n": 45730, "d": 9, "oob_score": 0.6629168167123837, "test_score": 0.669975784176415, "coverage": 0.9896129455499671, "width_mean": 3.652675827623285, "width_sd": 2.432022152224359e-16, "width_min": 3.652675827623285, "width_q1": 3.652675827623285, "width_q2": 3.652675827623285, "width_q3": 3.6526758276232854, "width_max": 3.6526758276232854}