{"data_name": "Protein", "n_neighbors": 200, "level": 0.95, "random_state": 4012, "test_size": 0.2, "n": 45730, "d": 9, "oob_score": 0.6627158369792279, "test_score": 0.6664794518991226, "coverage": 0.9411764705882353, "width_mean": 2.2604159398105566, "width_sd": 0.19306577245603093, "width_min": 1.8244025759355602, "width_q1": 2.1273465766279642, "width_q2": 2.1873937294120362, "width_q3": 2.3451332841261268, "width_max": 3.449448427714308}