{"data_name": "Protein", "n_neighbors": "auto", "level": 0.8, "random_state": 4012, "test_size": 0.2, "n": 45730, "d": 9, "oob_score": 0.6627158369792279, "test_score": 0.6664794518991226, "coverage": 0.8121583205773015, "width_mean": 1.2127934353299354, "width_sd": 0.6904067282679645, "width_min": 2.7755575615628914e-17, "width_q1": 0.5591297939669253, "width_q2": 1.306955877869053, "width_q3": 1.758001954272341, "width_max": 3.2699445651932164}