{"data_name": "Protein", "n_neighbors": 50, "level": 0.99, "random_state": 3657, "test_size": 0.2, "n": 45730, "d": 9, "oob_score": 0.661392681240141, "test_score": 0.6721589090924511, "coverage": 0.9774764924557183, "width_mean": 2.856409517617964, "width_sd": 0.6177525478221996, "width_min": 0.31042974257881795, "width_q1": 2.5336885739911765, "width_q2": 2.90894802316772, "width_q3": 3.231494091822783, "width_max": 5.161896005717803}