{"data_name": "Protein", "n_neighbors": 500, "level": 0.95, "random_state": 409, "test_size": 0.2, "n": 45730, "d": 9, "oob_score": 0.663956089025605, "test_score": 0.6560083711858098, "coverage": 0.9552809971572273, "width_mean": 2.587520696526212, "width_sd": 0.07211927205011887, "width_min": 2.3311738693744135, "width_q1": 2.5433738418880543, "width_q2": 2.576338334533971, "width_q3": 2.6196621296378244, "width_max": 3.112534640758163}