{"data_name": "Protein", "n_neighbors": 2000, "level": 0.8, "random_state": 4506, "test_size": 0.2, "n": 45730, "d": 9, "oob_score": 0.6598666300837186, "test_score": 0.6677133191840526, "coverage": 0.8084408484583424, "width_mean": 1.399892923104282, "width_sd": 0.016119888487481217, "width_min": 1.3595103189261855, "width_q1": 1.3855802343674208, "width_q2": 1.3983886954578937, "width_q3": 1.4107759248512879, "width_max": 1.4618637635230365}