{"data_name": "Protein", "n_neighbors": 10, "level": 0.9, "random_state": 9674, "test_size": 0.2, "n": 45730, "d": 9, "oob_score": 0.6629168167123837, "test_score": 0.669975784176415, "coverage": 0.8106275967636125, "width_mean": 1.3006278354102376, "width_sd": 0.8183506131026028, "width_min": 4.163336342344337e-17, "width_q1": 0.5557574581551974, "width_q2": 1.3026619852844137, "width_q3": 1.9256383121521206, "width_max": 4.029203364419819}