{"data_name": "Protein", "n_neighbors": 10, "level": 0.8, "random_state": 2286, "test_size": 0.2, "n": 45730, "d": 9, "oob_score": 0.6607036060706725, "test_score": 0.6602911605735489, "coverage": 0.7145200087469932, "width_mean": 1.0083128173403821, "width_sd": 0.7238794017813086, "width_min": 2.7755575615628914e-17, "width_q1": 0.3854498995504966, "width_q2": 0.9003572040796946, "width_q3": 1.5179376476216864, "width_max": 3.724920349822103}