{"data_name": "Protein", "n_neighbors": 2000, "level": 0.9, "random_state": 4506, "test_size": 0.2, "n": 45730, "d": 9, "oob_score": 0.6598666300837186, "test_score": 0.6677133191840526, "coverage": 0.9147168160944675, "width_mean": 2.088418635873464, "width_sd": 0.017479447590605622, "width_min": 2.0366568920103125, "width_q1": 2.078762362388585, "width_q2": 2.0859872039755967, "width_q3": 2.098493265641652, "width_max": 2.1623548961908123}