{"data_name": "Protein", "n_neighbors": 500, "level": 0.95, "random_state": 1824, "test_size": 0.2, "n": 45730, "d": 9, "oob_score": 0.6623142627266064, "test_score": 0.6777220685907579, "coverage": 0.9534222610977476, "width_mean": 2.482451607305454, "width_sd": 0.097350612796722, "width_min": 2.3277247264434826, "width_q1": 2.4221334888962813, "width_q2": 2.4392213827609446, "width_q3": 2.5117916487955494, "width_max": 3.0571998054721696}