{"data_name": "Protein", "n_neighbors": "all", "level": 0.9, "random_state": 2286, "test_size": 0.2, "n": 45730, "d": 9, "oob_score": 0.6607036060706725, "test_score": 0.6602911605735489, "coverage": 0.9025803630002187, "width_mean": 1.9993910616588908, "width_sd": 4.662886991509402e-16, "width_min": 1.999391061658891, "width_q1": 1.9993910616588912, "width_q2": 1.9993910616588912, "width_q3": 1.9993910616588912, "width_max": 1.9993910616588915}