{"data_name": "Protein", "n_neighbors": 20, "level": 0.99, "random_state": 8935, "test_size": 0.2, "n": 45730, "d": 9, "oob_score": 0.6632021054285234, "test_score": 0.6698622316618563, "coverage": 0.931773452875574, "width_mean": 2.0220574548630443, "width_sd": 0.967669159204539, "width_min": 0.013182926808456896, "width_q1": 1.301009229369598, "width_q2": 2.165823641589251, "width_q3": 2.736460239464106, "width_max": 4.86138097542654}