{"data_name": "Protein", "n_neighbors": 100, "level": 0.99, "random_state": 3657, "test_size": 0.2, "n": 45730, "d": 9, "oob_score": 0.661392681240141, "test_score": 0.6721589090924511, "coverage": 0.9896129455499671, "width_mean": 3.36655296031155, "width_sd": 0.33910302289646854, "width_min": 1.616441584791629, "width_q1": 3.1753482319407658, "width_q2": 3.3434733895327353, "width_q3": 3.5740319338455224, "width_max": 4.970420311899639}