{"data_name": "Protein", "n_neighbors": 1000, "level": 0.8, "random_state": 1824, "test_size": 0.2, "n": 45730, "d": 9, "oob_score": 0.6623142627266064, "test_score": 0.6777220685907579, "coverage": 0.8349005029521102, "width_mean": 1.4876240423284375, "width_sd": 0.02776682217949613, "width_min": 1.3903699867480404, "width_q1": 1.4677664067598037, "width_q2": 1.4849899753179145, "width_q3": 1.505624244504681, "width_max": 1.6253506134424418}