{"data_name": "Protein", "n_neighbors": "all", "level": 0.9, "random_state": 9674, "test_size": 0.2, "n": 45730, "d": 9, "oob_score": 0.6629168167123837, "test_score": 0.669975784176415, "coverage": 0.9049857861360158, "width_mean": 1.988272450355943, "width_sd": 6.828576360961176e-16, "width_min": 1.9882724503559435, "width_q1": 1.9882724503559437, "width_q2": 1.9882724503559437, "width_q3": 1.9882724503559437, "width_max": 1.988272450355944}