{"data_name": "Protein", "n_neighbors": 1000, "level": 0.95, "random_state": 1424, "test_size": 0.2, "n": 45730, "d": 9, "oob_score": 0.6638784953997318, "test_score": 0.6755891165028418, "coverage": 0.9534222610977476, "width_mean": 2.5333984779762613, "width_sd": 0.03671624756315416, "width_min": 2.3818964202365764, "width_q1": 2.514264543150193, "width_q2": 2.528275164065392, "width_q3": 2.5433651177149823, "width_max": 2.778995766635204}