{"data_name": "Protein", "n_neighbors": 10, "level": 0.99, "random_state": 8935, "test_size": 0.2, "n": 45730, "d": 9, "oob_score": 0.6632021054285234, "test_score": 0.6698622316618563, "coverage": 0.8562212989284933, "width_mean": 1.5418284119580288, "width_sd": 0.9612765601163815, "width_min": 5.551115123125783e-17, "width_q1": 0.6702231237955982, "width_q2": 1.5384977091925998, "width_q3": 2.2850138140295813, "width_max": 4.5327280076316345}