{"data_name": "Protein", "n_neighbors": "auto", "level": 0.99, "random_state": 4012, "test_size": 0.2, "n": 45730, "d": 9, "oob_score": 0.6627158369792279, "test_score": 0.6664794518991226, "coverage": 0.9711349223704352, "width_mean": 2.472130871414845, "width_sd": 0.9794580564072114, "width_min": 4.163336342344337e-17, "width_q1": 2.0026528786278326, "width_q2": 2.674927521090112, "width_q3": 3.1450228361049724, "width_max": 4.818084273907284}