{"data_name": "Protein", "n_neighbors": 20, "level": 0.8, "random_state": 1824, "test_size": 0.2, "n": 45730, "d": 9, "oob_score": 0.6623142627266064, "test_score": 0.6777220685907579, "coverage": 0.7883227640498579, "width_mean": 1.1602730061906974, "width_sd": 0.7216891479954387, "width_min": 0.009480691896596838, "width_q1": 0.5049022782288733, "width_q2": 1.1508192413029978, "width_q3": 1.720474533366359, "width_max": 4.01247088386361}