{"data_name": "Protein", "n_neighbors": 100, "level": 0.95, "random_state": 8935, "test_size": 0.2, "n": 45730, "d": 9, "oob_score": 0.6632021054285234, "test_score": 0.6698622316618563, "coverage": 0.9603105182593483, "width_mean": 2.442383661248084, "width_sd": 0.41097110189831554, "width_min": 1.2986093731932042, "width_q1": 2.169109159723505, "width_q2": 2.4679102606917604, "width_q3": 2.6848700058617387, "width_max": 4.047525810977623}