{"data_name": "Protein", "n_neighbors": 50, "level": 0.8, "random_state": 1679, "test_size": 0.2, "n": 45730, "d": 9, "oob_score": 0.6611371272166762, "test_score": 0.6748316349958612, "coverage": 0.8324950798163131, "width_mean": 1.2291741289201124, "width_sd": 0.636132190140095, "width_min": 0.061077126194100995, "width_q1": 0.6851253066169574, "width_q2": 1.251864619811901, "width_q3": 1.7226101370575029, "width_max": 3.276715268466289}