{"data_name": "Protein", "n_neighbors": 20, "level": 0.8, "random_state": 1424, "test_size": 0.2, "n": 45730, "d": 9, "oob_score": 0.6638784953997318, "test_score": 0.6755891165028418, "coverage": 0.7858080034987973, "width_mean": 1.1452590205117732, "width_sd": 0.7077797454812904, "width_min": 0.007111594423470313, "width_q1": 0.5038914430611257, "width_q2": 1.139783021132446, "width_q3": 1.6972051997292033, "width_max": 3.4160492607736925}