{"data_name": "Protein", "n_neighbors": 2000, "level": 0.9, "random_state": 1424, "test_size": 0.2, "n": 45730, "d": 9, "oob_score": 0.6638784953997318, "test_score": 0.6755891165028418, "coverage": 0.8944893942707195, "width_mean": 1.8690480141519779, "width_sd": 0.01946373624464897, "width_min": 1.824153546316606, "width_q1": 1.8542613730370188, "width_q2": 1.8618952191824552, "width_q3": 1.8793468003058766, "width_max": 1.972287083334494}