{"data_name": "Protein", "n_neighbors": 5000, "level": 0.8, "random_state": 4506, "test_size": 0.2, "n": 45730, "d": 9, "oob_score": 0.6598666300837186, "test_score": 0.6677133191840526, "coverage": 0.8000218674830527, "width_mean": 1.3645555141902515, "width_sd": 0.005009725826840096, "width_min": 1.3553467511205248, "width_q1": 1.3610493102341177, "width_q2": 1.363372049632706, "width_q3": 1.3662062057226023, "width_max": 1.387898299147096}