{"data_name": "Protein", "n_neighbors": 200, "level": 0.95, "random_state": 2286, "test_size": 0.2, "n": 45730, "d": 9, "oob_score": 0.6607036060706725, "test_score": 0.6602911605735489, "coverage": 0.9603105182593483, "width_mean": 2.6240614998478033, "width_sd": 0.16641557006717828, "width_min": 2.1357438278168206, "width_q1": 2.4804220939151667, "width_q2": 2.6393792110538796, "width_q3": 2.7214554242971647, "width_max": 3.5089536546540874}