{"data_name": "Protein", "n_neighbors": "all", "level": 0.8, "random_state": 409, "test_size": 0.2, "n": 45730, "d": 9, "oob_score": 0.663956089025605, "test_score": 0.6560083711858098, "coverage": 0.7969604198556746, "width_mean": 1.3636142731542786, "width_sd": 2.220446049250313e-16, "width_min": 1.3636142731542784, "width_q1": 1.3636142731542784, "width_q2": 1.3636142731542784, "width_q3": 1.3636142731542784, "width_max": 1.3636142731542784}