{"data_name": "Protein", "n_neighbors": 10, "level": 0.99, "random_state": 1424, "test_size": 0.2, "n": 45730, "d": 9, "oob_score": 0.6638784953997318, "test_score": 0.6755891165028418, "coverage": 0.862890881259567, "width_mean": 1.5402145877942974, "width_sd": 0.9432081869302408, "width_min": 4.163336342344337e-17, "width_q1": 0.6808854571121177, "width_q2": 1.5658864078429793, "width_q3": 2.2727246675065915, "width_max": 4.606340522677318}