{"data_name": "Protein", "n_neighbors": 2000, "level": 0.9, "random_state": 9674, "test_size": 0.2, "n": 45730, "d": 9, "oob_score": 0.6629168167123837, "test_score": 0.669975784176415, "coverage": 0.9107806691449815, "width_mean": 2.025166633625873, "width_sd": 0.011544209693765128, "width_min": 1.9914852563805057, "width_q1": 2.019340806801682, "width_q2": 2.0235457289946046, "width_q3": 2.0286913499492534, "width_max": 2.100866711611636}