{"data_name": "Protein", "n_neighbors": 100, "level": 0.8, "random_state": 1679, "test_size": 0.2, "n": 45730, "d": 9, "oob_score": 0.6611371272166762, "test_score": 0.6748316349958612, "coverage": 0.8122676579925651, "width_mean": 1.1879368001098465, "width_sd": 0.36372348013370626, "width_min": 0.3276432669320255, "width_q1": 0.8945423567672116, "width_q2": 1.1603389227603778, "width_q3": 1.463152668768009, "width_max": 2.5243525828745548}