{"data_name": "Protein", "n_neighbors": 20, "level": 0.9, "random_state": 3657, "test_size": 0.2, "n": 45730, "d": 9, "oob_score": 0.661392681240141, "test_score": 0.6721589090924511, "coverage": 0.8713098622348567, "width_mean": 1.490884407014805, "width_sd": 0.8308871956952383, "width_min": 0.007035847914664828, "width_q1": 0.7716782274228506, "width_q2": 1.5595343547714713, "width_q3": 2.131835245867126, "width_max": 4.1994353156010735}