{"data_name": "Protein", "n_neighbors": 50, "level": 0.95, "random_state": 4012, "test_size": 0.2, "n": 45730, "d": 9, "oob_score": 0.6627158369792279, "test_score": 0.6664794518991226, "coverage": 0.9491581019024711, "width_mean": 2.168873261227206, "width_sd": 0.6395776265447898, "width_min": 0.16672369855034264, "width_q1": 1.738478654609266, "width_q2": 2.181188009746025, "width_q3": 2.602966972282221, "width_max": 4.267230344813008}