{"data_name": "Protein", "n_neighbors": 5, "level": 0.8, "random_state": 8935, "test_size": 0.2, "n": 45730, "d": 9, "oob_score": 0.6632021054285234, "test_score": 0.6698622316618563, "coverage": 0.6155696479335229, "width_mean": 0.833752852005514, "width_sd": 0.6683902252575776, "width_min": 2.7755575615628914e-17, "width_q1": 0.26672633125787426, "width_q2": 0.670562561950018, "width_q3": 1.2793348761448329, "width_max": 3.8049691560370036}