{"data_name": "Protein", "n_neighbors": "all", "level": 0.95, "random_state": 4012, "test_size": 0.2, "n": 45730, "d": 9, "oob_score": 0.6627158369792279, "test_score": 0.6664794518991226, "coverage": 0.950907500546687, "width_mean": 2.55910088240348, "width_sd": 2.131507624213258e-16, "width_min": 2.55910088240348, "width_q1": 2.55910088240348, "width_q2": 2.55910088240348, "width_q3": 2.55910088240348, "width_max": 2.5591008824034804}