{"data_name": "Protein", "n_neighbors": 50, "level": 0.95, "random_state": 1824, "test_size": 0.2, "n": 45730, "d": 9, "oob_score": 0.6623142627266064, "test_score": 0.6777220685907579, "coverage": 0.9521102121145856, "width_mean": 2.264631255163785, "width_sd": 0.6210827316366768, "width_min": 0.20348691442697775, "width_q1": 1.9557010369596408, "width_q2": 2.2830790938432997, "width_q3": 2.6738235459601967, "width_max": 4.267969245259469}