{"data_name": "Protein", "n_neighbors": 200, "level": 0.9, "random_state": 2286, "test_size": 0.2, "n": 45730, "d": 9, "oob_score": 0.6607036060706725, "test_score": 0.6602911605735489, "coverage": 0.9235731467308113, "width_mean": 2.1106474998461393, "width_sd": 0.1762730889940128, "width_min": 1.6126798597328735, "width_q1": 1.9671857045337529, "width_q2": 2.1088275365345894, "width_q3": 2.2263202171208345, "width_max": 2.963791224501513}