{"data_name": "Protein", "n_neighbors": 50, "level": 0.8, "random_state": 2286, "test_size": 0.2, "n": 45730, "d": 9, "oob_score": 0.6607036060706725, "test_score": 0.6602911605735489, "coverage": 0.8298709818499891, "width_mean": 1.2716920873109456, "width_sd": 0.6237381497110913, "width_min": 0.08493341860294212, "width_q1": 0.7216691556735623, "width_q2": 1.3185910455151362, "width_q3": 1.759197154909118, "width_max": 3.3435981364028664}