{"data_name": "Protein", "n_neighbors": 50, "level": 0.95, "random_state": 1424, "test_size": 0.2, "n": 45730, "d": 9, "oob_score": 0.6638784953997318, "test_score": 0.6755891165028418, "coverage": 0.9554996719877542, "width_mean": 2.2964094628583487, "width_sd": 0.6487253768485732, "width_min": 0.09413917240156366, "width_q1": 1.9335552291281555, "width_q2": 2.342582346059352, "width_q3": 2.751647261741952, "width_max": 4.296894452616373}