{"data_name": "Protein", "n_neighbors": 20, "level": 0.95, "random_state": 4012, "test_size": 0.2, "n": 45730, "d": 9, "oob_score": 0.6627158369792279, "test_score": 0.6664794518991226, "coverage": 0.9117647058823529, "width_mean": 1.7899441568857424, "width_sd": 0.8795582650719911, "width_min": 0.018952183686901325, "width_q1": 1.1438555163591666, "width_q2": 1.9139206315347623, "width_q3": 2.436658461362952, "width_max": 4.542834351900023}