{"data_name": "Protein", "n_neighbors": 5, "level": 0.9, "random_state": 3657, "test_size": 0.2, "n": 45730, "d": 9, "oob_score": 0.661392681240141, "test_score": 0.6721589090924511, "coverage": 0.6834681828121584, "width_mean": 0.9765289652107821, "width_sd": 0.7556574728915297, "width_min": 0.0, "width_q1": 0.31865702820884234, "width_q2": 0.811734401305202, "width_q3": 1.5055945797510772, "width_max": 4.0820801180241455}