{"data_name": "Protein", "n_neighbors": 50, "level": 0.9, "random_state": 4506, "test_size": 0.2, "n": 45730, "d": 9, "oob_score": 0.6598666300837186, "test_score": 0.6677133191840526, "coverage": 0.9179969385523726, "width_mean": 1.803909939262115, "width_sd": 0.6270072837937223, "width_min": 0.13813941958908382, "width_q1": 1.3536537362288041, "width_q2": 1.8287464547581738, "width_q3": 2.2516631025672336, "width_max": 3.7106715840423545}