{"data_name": "Protein", "n_neighbors": "auto", "level": 0.8, "random_state": 4506, "test_size": 0.2, "n": 45730, "d": 9, "oob_score": 0.6598666300837186, "test_score": 0.6677133191840526, "coverage": 0.812486332823092, "width_mean": 1.2227052547098267, "width_sd": 0.6965313452333903, "width_min": 0.0020025047271078344, "width_q1": 0.5597271339284171, "width_q2": 1.3254957564785643, "width_q3": 1.776542240602491, "width_max": 3.176042075921089}