{"data_name": "Protein", "n_neighbors": 50, "level": 0.9, "random_state": 2286, "test_size": 0.2, "n": 45730, "d": 9, "oob_score": 0.6607036060706725, "test_score": 0.6602911605735489, "coverage": 0.9113273562212989, "width_mean": 1.7850866391326912, "width_sd": 0.672126006315739, "width_min": 0.13364537828723988, "width_q1": 1.3452073419870119, "width_q2": 1.8583586582135219, "width_q3": 2.2718748797327284, "width_max": 3.848784194065816}