{"data_name": "Protein", "n_neighbors": "all", "level": 0.99, "random_state": 1679, "test_size": 0.2, "n": 45730, "d": 9, "oob_score": 0.6611371272166762, "test_score": 0.6748316349958612, "coverage": 0.9902689700415482, "width_mean": 3.6790506338677584, "width_sd": 1.6543530964731908e-15, "width_min": 3.6790506338677567, "width_q1": 3.6790506338677567, "width_q2": 3.6790506338677567, "width_q3": 3.679050633867757, "width_max": 3.679050633867757}