{"data_name": "Protein", "n_neighbors": 1000, "level": 0.95, "random_state": 4506, "test_size": 0.2, "n": 45730, "d": 9, "oob_score": 0.6598666300837186, "test_score": 0.6677133191840526, "coverage": 0.9602011808440849, "width_mean": 2.6436658947781955, "width_sd": 0.053839367880365537, "width_min": 2.5789376358697194, "width_q1": 2.5858339197598674, "width_q2": 2.6305867095346116, "width_q3": 2.6768715224667528, "width_max": 2.878786538394046}