{"data_name": "Protein", "n_neighbors": 5000, "level": 0.8, "random_state": 409, "test_size": 0.2, "n": 45730, "d": 9, "oob_score": 0.663956089025605, "test_score": 0.6560083711858098, "coverage": 0.8000218674830527, "width_mean": 1.3723347074283967, "width_sd": 0.005685264298105024, "width_min": 1.3628817627090413, "width_q1": 1.3685563449381568, "width_q2": 1.3706020908779948, "width_q3": 1.375568224484839, "width_max": 1.3978713449349307}