{"data_name": "Protein", "n_neighbors": 5, "level": 0.95, "random_state": 8935, "test_size": 0.2, "n": 45730, "d": 9, "oob_score": 0.6632021054285234, "test_score": 0.6698622316618563, "coverage": 0.6929805379400831, "width_mean": 1.0331203365332913, "width_sd": 0.8185640052341248, "width_min": 4.163336342344337e-17, "width_q1": 0.33251612544816367, "width_q2": 0.8334407200302825, "width_q3": 1.6040184751622766, "width_max": 4.313674731154838}