{"data_name": "Protein", "n_neighbors": "auto", "level": 0.99, "random_state": 4506, "test_size": 0.2, "n": 45730, "d": 9, "oob_score": 0.6598666300837186, "test_score": 0.6677133191840526, "coverage": 0.9725563087688607, "width_mean": 2.4827835884403004, "width_sd": 0.9819728278412512, "width_min": 0.0020742926324190947, "width_q1": 1.9758730032765337, "width_q2": 2.6962593230607412, "width_q3": 3.1694046188120857, "width_max": 4.804096908455327}