{"data_name": "Protein", "n_neighbors": 200, "level": 0.95, "random_state": 4506, "test_size": 0.2, "n": 45730, "d": 9, "oob_score": 0.6598666300837186, "test_score": 0.6677133191840526, "coverage": 0.9538596107588017, "width_mean": 2.478248770878208, "width_sd": 0.18901686546644622, "width_min": 1.8634202016997543, "width_q1": 2.3372746130304014, "width_q2": 2.4187773033030795, "width_q3": 2.593641689149639, "width_max": 3.4850857659495147}