{"data_name": "Protein", "n_neighbors": 10000, "level": 0.8, "random_state": 4506, "test_size": 0.2, "n": 45730, "d": 9, "oob_score": 0.6598666300837186, "test_score": 0.6677133191840526, "coverage": 0.7989284933304177, "width_mean": 1.355956680366128, "width_sd": 0.0025073603242537984, "width_min": 1.3472851918478703, "width_q1": 1.3544948297405623, "width_q2": 1.355465825752526, "width_q3": 1.3581237934013188, "width_max": 1.3670404361585626}