{"data_name": "Protein", "n_neighbors": "all", "level": 0.9, "random_state": 1679, "test_size": 0.2, "n": 45730, "d": 9, "oob_score": 0.6611371272166762, "test_score": 0.6748316349958612, "coverage": 0.9079378963481304, "width_mean": 1.9990850552123982, "width_sd": 5.294058211577751e-16, "width_min": 1.9990850552123987, "width_q1": 1.9990850552123987, "width_q2": 1.9990850552123987, "width_q3": 1.9990850552123989, "width_max": 1.999085055212399}