{"data_name": "Protein", "n_neighbors": "all", "level": 0.8, "random_state": 4506, "test_size": 0.2, "n": 45730, "d": 9, "oob_score": 0.6598666300837186, "test_score": 0.6677133191840526, "coverage": 0.8022086157883228, "width_mean": 1.3760529515161641, "width_sd": 2.535017553654152e-16, "width_min": 1.3760529515161637, "width_q1": 1.376052951516164, "width_q2": 1.376052951516164, "width_q3": 1.376052951516164, "width_max": 1.3760529515161641}