{"data_name": "Protein", "n_neighbors": 100, "level": 0.95, "random_state": 4012, "test_size": 0.2, "n": 45730, "d": 9, "oob_score": 0.6627158369792279, "test_score": 0.6664794518991226, "coverage": 0.948064727749836, "width_mean": 2.1929528918293584, "width_sd": 0.3712524702120831, "width_min": 1.1009582962534883, "width_q1": 1.9288809898447417, "width_q2": 2.1067278513643855, "width_q3": 2.4139664834429544, "width_max": 3.8824251542151975}