{"data_name": "Protein", "n_neighbors": 100, "level": 0.95, "random_state": 9674, "test_size": 0.2, "n": 45730, "d": 9, "oob_score": 0.6629168167123837, "test_score": 0.669975784176415, "coverage": 0.9549529849114367, "width_mean": 2.4137159094480434, "width_sd": 0.35989339984651114, "width_min": 1.288495176961629, "width_q1": 2.1499422323615507, "width_q2": 2.363846201900116, "width_q3": 2.6345650111411847, "width_max": 3.9114489757089173}