{"data_name": "Protein", "n_neighbors": "auto", "level": 0.8, "random_state": 2286, "test_size": 0.2, "n": 45730, "d": 9, "oob_score": 0.6607036060706725, "test_score": 0.6602911605735489, "coverage": 0.8072381368904439, "width_mean": 1.2179316448137634, "width_sd": 0.6883665971285851, "width_min": 4.163336342344337e-17, "width_q1": 0.5797693598644003, "width_q2": 1.296202973480566, "width_q3": 1.7700350902699151, "width_max": 3.199140672158536}