{"data_name": "Protein", "n_neighbors": 5, "level": 0.99, "random_state": 409, "test_size": 0.2, "n": 45730, "d": 9, "oob_score": 0.663956089025605, "test_score": 0.6560083711858098, "coverage": 0.7135359720096217, "width_mean": 1.0989690919720156, "width_sd": 0.8571660588270947, "width_min": 4.163336342344337e-17, "width_q1": 0.3473459154914519, "width_q2": 0.9114857617863809, "width_q3": 1.6900821861725706, "width_max": 4.5629152201074135}