{"data_name": "Protein", "n_neighbors": "auto", "level": 0.99, "random_state": 409, "test_size": 0.2, "n": 45730, "d": 9, "oob_score": 0.663956089025605, "test_score": 0.6560083711858098, "coverage": 0.9728843210146512, "width_mean": 2.5045081138648975, "width_sd": 0.9726917948096276, "width_min": 5.551115123125783e-17, "width_q1": 2.057806350930414, "width_q2": 2.7135233718782823, "width_q3": 3.1801649090525315, "width_max": 4.871978948938297}