{"data_name": "Protein", "n_neighbors": "auto", "level": 0.9, "random_state": 409, "test_size": 0.2, "n": 45730, "d": 9, "oob_score": 0.663956089025605, "test_score": 0.6560083711858098, "coverage": 0.9000656024491581, "width_mean": 1.6630620901141402, "width_sd": 0.8127869877746209, "width_min": 5.551115123125783e-17, "width_q1": 1.0186713014751905, "width_q2": 1.8370815586635554, "width_q3": 2.2812246223351234, "width_max": 3.957137378059209}