{"data_name": "Protein", "n_neighbors": 2000, "level": 0.95, "random_state": 4012, "test_size": 0.2, "n": 45730, "d": 9, "oob_score": 0.6627158369792279, "test_score": 0.6664794518991226, "coverage": 0.9443472556308768, "width_mean": 2.4494350321707827, "width_sd": 0.021680160449595476, "width_min": 2.4102830057596574, "width_q1": 2.4354535561824084, "width_q2": 2.437548988924261, "width_q3": 2.4650548094887483, "width_max": 2.5937947264116294}