{"data_name": "Protein", "n_neighbors": "auto", "level": 0.99, "random_state": 2286, "test_size": 0.2, "n": 45730, "d": 9, "oob_score": 0.6607036060706725, "test_score": 0.6602911605735489, "coverage": 0.9703695604635907, "width_mean": 2.485869409968414, "width_sd": 0.9658820292576391, "width_min": 4.163336342344337e-17, "width_q1": 2.02022612167839, "width_q2": 2.6947885941056375, "width_q3": 3.134058063836329, "width_max": 4.989555255834245}