{"data_name": "Protein", "n_neighbors": 500, "level": 0.95, "random_state": 9674, "test_size": 0.2, "n": 45730, "d": 9, "oob_score": 0.6629168167123837, "test_score": 0.669975784176415, "coverage": 0.9602011808440849, "width_mean": 2.701764992852931, "width_sd": 0.0704536742967491, "width_min": 2.5603523635268255, "width_q1": 2.6392179461336474, "width_q2": 2.6902822034792457, "width_q3": 2.7462985914288143, "width_max": 3.1141650072762603}