{"data_name": "Protein", "n_neighbors": 2000, "level": 0.9, "random_state": 1679, "test_size": 0.2, "n": 45730, "d": 9, "oob_score": 0.6611371272166762, "test_score": 0.6748316349958612, "coverage": 0.9040017493986442, "width_mean": 1.9398602830097296, "width_sd": 0.027729657209750475, "width_min": 1.8958804068618589, "width_q1": 1.920594760158962, "width_q2": 1.9326638479640943, "width_q3": 1.954212595125476, "width_max": 2.0631274339714536}