{"data_name": "Protein", "n_neighbors": 5, "level": 0.9, "random_state": 1679, "test_size": 0.2, "n": 45730, "d": 9, "oob_score": 0.6611371272166762, "test_score": 0.6748316349958612, "coverage": 0.674283839930024, "width_mean": 0.9676158328886759, "width_sd": 0.7676630217006317, "width_min": 4.163336342344337e-17, "width_q1": 0.3001720337390154, "width_q2": 0.7827311815513982, "width_q3": 1.5201113916991553, "width_max": 4.225349322124251}