{"data_name": "Protein", "n_neighbors": 100, "level": 0.9, "random_state": 409, "test_size": 0.2, "n": 45730, "d": 9, "oob_score": 0.663956089025605, "test_score": 0.6560083711858098, "coverage": 0.9087032582549749, "width_mean": 1.7596878703965815, "width_sd": 0.43146150944230643, "width_min": 0.6625439968390381, "width_q1": 1.380150265169232, "width_q2": 1.7690474617285679, "width_q3": 2.088092573346963, "width_max": 3.267313608063919}