{"data_name": "Protein", "n_neighbors": 5, "level": 0.99, "random_state": 4012, "test_size": 0.2, "n": 45730, "d": 9, "oob_score": 0.6627158369792279, "test_score": 0.6664794518991226, "coverage": 0.7182374808659523, "width_mean": 1.0922863152482056, "width_sd": 0.8659674766613084, "width_min": 0.0, "width_q1": 0.34037484906218546, "width_q2": 0.8975517224837027, "width_q3": 1.6989106262033238, "width_max": 4.289473846234701}