{"data_name": "Protein", "n_neighbors": 20, "level": 0.99, "random_state": 409, "test_size": 0.2, "n": 45730, "d": 9, "oob_score": 0.663956089025605, "test_score": 0.6560083711858098, "coverage": 0.9314454406297835, "width_mean": 2.0319615534197473, "width_sd": 0.964580563866284, "width_min": 0.013323073653523254, "width_q1": 1.3488577939515116, "width_q2": 2.176292459448268, "width_q3": 2.7463588816168416, "width_max": 4.934182628154266}