{"data_name": "Protein", "n_neighbors": 100, "level": 0.9, "random_state": 3657, "test_size": 0.2, "n": 45730, "d": 9, "oob_score": 0.661392681240141, "test_score": 0.6721589090924511, "coverage": 0.9199650120271157, "width_mean": 1.8462398301444798, "width_sd": 0.3748851620496194, "width_min": 0.7750403154147898, "width_q1": 1.5874958582066063, "width_q2": 1.7936487271213504, "width_q3": 2.087876820782164, "width_max": 3.231335356705716}