{"data_name": "Protein", "n_neighbors": 500, "level": 0.95, "random_state": 1424, "test_size": 0.2, "n": 45730, "d": 9, "oob_score": 0.6638784953997318, "test_score": 0.6755891165028418, "coverage": 0.9627159413951454, "width_mean": 2.667178288317351, "width_sd": 0.07018008309851197, "width_min": 2.51081208477541, "width_q1": 2.6166833735856927, "width_q2": 2.6623688880628427, "width_q3": 2.6984993160970414, "width_max": 3.168624866563662}