{"data_name": "Protein", "n_neighbors": 50, "level": 0.9, "random_state": 409, "test_size": 0.2, "n": 45730, "d": 9, "oob_score": 0.663956089025605, "test_score": 0.6560083711858098, "coverage": 0.9122020555434069, "width_mean": 1.7257441534522557, "width_sd": 0.6923305046797115, "width_min": 0.11838652528752935, "width_q1": 1.196543710063908, "width_q2": 1.8105875974537184, "width_q3": 2.2484996361177974, "width_max": 3.7160724902722597}