{"data_name": "Protein", "n_neighbors": "auto", "level": 0.95, "random_state": 1679, "test_size": 0.2, "n": 45730, "d": 9, "oob_score": 0.6611371272166762, "test_score": 0.6748316349958612, "coverage": 0.9483927399956265, "width_mean": 2.009212266024488, "width_sd": 0.885277063278998, "width_min": 4.163336342344337e-17, "width_q1": 1.4492560833531942, "width_q2": 2.2061767678348616, "width_q3": 2.6454176792168465, "width_max": 4.617789840963393}