{"data_name": "Protein", "n_neighbors": 10, "level": 0.9, "random_state": 2286, "test_size": 0.2, "n": 45730, "d": 9, "oob_score": 0.6607036060706725, "test_score": 0.6602911605735489, "coverage": 0.8052700634157008, "width_mean": 1.2926946065616094, "width_sd": 0.8227875190296312, "width_min": 4.163336342344337e-17, "width_q1": 0.5578290563837995, "width_q2": 1.2806847089992202, "width_q3": 1.9084873857040834, "width_max": 4.17694685382471}