{"data_name": "Protein", "n_neighbors": "auto", "level": 0.95, "random_state": 8935, "test_size": 0.2, "n": 45730, "d": 9, "oob_score": 0.6632021054285234, "test_score": 0.6698622316618563, "coverage": 0.9452219549529849, "width_mean": 2.0231962556265826, "width_sd": 0.8775929541863718, "width_min": 5.551115123125783e-17, "width_q1": 1.4624865383665289, "width_q2": 2.218918866788856, "width_q3": 2.6552310848042153, "width_max": 4.237385028550894}