{"data_name": "Protein", "n_neighbors": 5000, "level": 0.95, "random_state": 8935, "test_size": 0.2, "n": 45730, "d": 9, "oob_score": 0.6632021054285234, "test_score": 0.6698622316618563, "coverage": 0.9548436474961732, "width_mean": 2.5581076765147923, "width_sd": 0.010748805651747037, "width_min": 2.5471222041577137, "width_q1": 2.5499290372988184, "width_q2": 2.5548289105431623, "width_q3": 2.5640371491377314, "width_max": 2.619240312813414}