{"data_name": "Protein", "n_neighbors": 2000, "level": 0.8, "random_state": 1679, "test_size": 0.2, "n": 45730, "d": 9, "oob_score": 0.6611371272166762, "test_score": 0.6748316349958612, "coverage": 0.7988191559151542, "width_mean": 1.325036773570472, "width_sd": 0.02122624106635832, "width_min": 1.2876902793646785, "width_q1": 1.308969195718374, "width_q2": 1.321214485063714, "width_q3": 1.3395770721167706, "width_max": 1.3975462617923005}