{"data_name": "Protein", "n_neighbors": "auto", "level": 0.9, "random_state": 4506, "test_size": 0.2, "n": 45730, "d": 9, "oob_score": 0.6598666300837186, "test_score": 0.6677133191840526, "coverage": 0.9049857861360158, "width_mean": 1.6578954491244626, "width_sd": 0.8240670278070988, "width_min": 0.00204028783516641, "width_q1": 1.0132855978334454, "width_q2": 1.8334942232477567, "width_q3": 2.2824908361549, "width_max": 3.725005112041422}