{"data_name": "Protein", "n_neighbors": "auto", "level": 0.95, "random_state": 1424, "test_size": 0.2, "n": 45730, "d": 9, "oob_score": 0.6638784953997318, "test_score": 0.6755891165028418, "coverage": 0.9452219549529849, "width_mean": 2.017978040765142, "width_sd": 0.8655206856377858, "width_min": 5.551115123125783e-17, "width_q1": 1.4834293817656656, "width_q2": 2.2132145522555056, "width_q3": 2.64743153752403, "width_max": 4.488033186151986}