{"data_name": "Protein", "n_neighbors": 200, "level": 0.99, "random_state": 4506, "test_size": 0.2, "n": 45730, "d": 9, "oob_score": 0.6598666300837186, "test_score": 0.6677133191840526, "coverage": 0.98283402580363, "width_mean": 3.1676949731564474, "width_sd": 0.24926244555665547, "width_min": 2.566834532439021, "width_q1": 2.9758561903175313, "width_q2": 3.206031253822888, "width_q3": 3.2545972771455753, "width_max": 4.366842569058408}