{"data_name": "Protein", "n_neighbors": 100, "level": 0.99, "random_state": 1424, "test_size": 0.2, "n": 45730, "d": 9, "oob_score": 0.6638784953997318, "test_score": 0.6755891165028418, "coverage": 0.9885195713973322, "width_mean": 3.541014973440201, "width_sd": 0.29344243407445497, "width_min": 2.2888439199473303, "width_q1": 3.349392647683044, "width_q2": 3.5776048814534187, "width_q3": 3.6752784313913773, "width_max": 5.160331925802126}