{"data_name": "Protein", "n_neighbors": 50, "level": 0.95, "random_state": 409, "test_size": 0.2, "n": 45730, "d": 9, "oob_score": 0.663956089025605, "test_score": 0.6560083711858098, "coverage": 0.9464246665208834, "width_mean": 2.123266157275391, "width_sd": 0.7054588533488645, "width_min": 0.17083761686862176, "width_q1": 1.6526584834579519, "width_q2": 2.2027341909976403, "width_q3": 2.6316355264170928, "width_max": 4.2594294464425175}