{"data_name": "Protein", "n_neighbors": 1000, "level": 0.9, "random_state": 4012, "test_size": 0.2, "n": 45730, "d": 9, "oob_score": 0.6627158369792279, "test_score": 0.6664794518991226, "coverage": 0.9001749398644217, "width_mean": 1.9753509702633227, "width_sd": 0.04222034954560363, "width_min": 1.888550547202398, "width_q1": 1.9408295138109675, "width_q2": 1.9644337587500367, "width_q3": 2.001018661168035, "width_max": 2.1726695466929034}