{"data_name": "Protein", "n_neighbors": 5000, "level": 0.8, "random_state": 3657, "test_size": 0.2, "n": 45730, "d": 9, "oob_score": 0.661392681240141, "test_score": 0.6721589090924511, "coverage": 0.807456811720971, "width_mean": 1.368333715363223, "width_sd": 0.006842631031170627, "width_min": 1.353742503507985, "width_q1": 1.362693002411917, "width_q2": 1.3667586139868781, "width_q3": 1.3735266885403206, "width_max": 1.391145261750314}