{"data_name": "Protein", "n_neighbors": 2000, "level": 0.95, "random_state": 1679, "test_size": 0.2, "n": 45730, "d": 9, "oob_score": 0.6611371272166762, "test_score": 0.6748316349958612, "coverage": 0.9550623223267002, "width_mean": 2.4828452844105704, "width_sd": 0.029359295606468744, "width_min": 2.427909917265862, "width_q1": 2.459303420653436, "width_q2": 2.472681514164025, "width_q3": 2.493535838347039, "width_max": 2.65505130247116}