{"data_name": "Protein", "n_neighbors": 5, "level": 0.9, "random_state": 8935, "test_size": 0.2, "n": 45730, "d": 9, "oob_score": 0.6632021054285234, "test_score": 0.6698622316618563, "coverage": 0.6701290181500109, "width_mean": 0.9666645083573653, "width_sd": 0.7665353141306592, "width_min": 2.7755575615628914e-17, "width_q1": 0.31248099690388464, "width_q2": 0.7813377896213094, "width_q3": 1.495222616804827, "width_max": 4.144106206115559}