{"data_name": "Protein", "n_neighbors": 5, "level": 0.8, "random_state": 3657, "test_size": 0.2, "n": 45730, "d": 9, "oob_score": 0.661392681240141, "test_score": 0.6721589090924511, "coverage": 0.6283621255193528, "width_mean": 0.8421237323775566, "width_sd": 0.6601268316712982, "width_min": 0.0, "width_q1": 0.273123189202617, "width_q2": 0.6978205326742448, "width_q3": 1.2932400155436552, "width_max": 3.777385286547852}