{"data_name": "Protein", "n_neighbors": "all", "level": 0.9, "random_state": 4012, "test_size": 0.2, "n": 45730, "d": 9, "oob_score": 0.6627158369792279, "test_score": 0.6664794518991226, "coverage": 0.9032363874917997, "width_mean": 1.9886117107212613, "width_sd": 8.997772632421082e-16, "width_min": 1.9886117107212602, "width_q1": 1.9886117107212604, "width_q2": 1.9886117107212604, "width_q3": 1.9886117107212604, "width_max": 1.9886117107212606}