{"data_name": "Protein", "n_neighbors": 5, "level": 0.9, "random_state": 1824, "test_size": 0.2, "n": 45730, "d": 9, "oob_score": 0.6623142627266064, "test_score": 0.6777220685907579, "coverage": 0.6775639623879292, "width_mean": 0.984954939225573, "width_sd": 0.7697522051583807, "width_min": 5.551115123125783e-17, "width_q1": 0.30938934426945974, "width_q2": 0.8146590158806691, "width_q3": 1.5292851519609363, "width_max": 4.456326366290075}