{"data_name": "Protein", "n_neighbors": 20, "level": 0.8, "random_state": 4012, "test_size": 0.2, "n": 45730, "d": 9, "oob_score": 0.6627158369792279, "test_score": 0.6664794518991226, "coverage": 0.7811064946424666, "width_mean": 1.148884679999258, "width_sd": 0.7221164088843612, "width_min": 0.005920731889060837, "width_q1": 0.4922855335349893, "width_q2": 1.1382590068942553, "width_q3": 1.7028362739910732, "width_max": 3.8686217467141955}