{"data_name": "Protein", "n_neighbors": 10, "level": 0.95, "random_state": 409, "test_size": 0.2, "n": 45730, "d": 9, "oob_score": 0.663956089025605, "test_score": 0.6560083711858098, "coverage": 0.8369779138421167, "width_mean": 1.4379839159656942, "width_sd": 0.8898527722834241, "width_min": 5.551115123125783e-17, "width_q1": 0.6269068618285174, "width_q2": 1.4533825909396372, "width_q3": 2.1212682992793646, "width_max": 4.6056208221259745}