{"data_name": "Protein", "n_neighbors": 2000, "level": 0.8, "random_state": 3657, "test_size": 0.2, "n": 45730, "d": 9, "oob_score": 0.661392681240141, "test_score": 0.6721589090924511, "coverage": 0.8093155477804505, "width_mean": 1.377617201955028, "width_sd": 0.015219485522406552, "width_min": 1.3475941136395035, "width_q1": 1.3648455549867577, "width_q2": 1.372609863485111, "width_q3": 1.3877301817952334, "width_max": 1.4355059641572085}