{"data_name": "Protein", "n_neighbors": 5, "level": 0.9, "random_state": 2286, "test_size": 0.2, "n": 45730, "d": 9, "oob_score": 0.6607036060706725, "test_score": 0.6602911605735489, "coverage": 0.6664115460310518, "width_mean": 0.975146455507319, "width_sd": 0.7719366421365534, "width_min": 0.0, "width_q1": 0.30868045304915054, "width_q2": 0.7972365010580995, "width_q3": 1.5097963333182804, "width_max": 4.3530151419061145}