{"data_name": "Protein", "n_neighbors": 1000, "level": 0.8, "random_state": 1679, "test_size": 0.2, "n": 45730, "d": 9, "oob_score": 0.6611371272166762, "test_score": 0.6748316349958612, "coverage": 0.7901815001093374, "width_mean": 1.2879398565798554, "width_sd": 0.02934797976627742, "width_min": 1.2103949787173771, "width_q1": 1.2647636172905878, "width_q2": 1.285286820550903, "width_q3": 1.304690641916001, "width_max": 1.4216375611756162}