{"data_name": "Protein", "n_neighbors": 200, "level": 0.9, "random_state": 3657, "test_size": 0.2, "n": 45730, "d": 9, "oob_score": 0.661392681240141, "test_score": 0.6721589090924511, "coverage": 0.9073912092718128, "width_mean": 1.809963984594819, "width_sd": 0.23624942172367583, "width_min": 1.3304075768035788, "width_q1": 1.6174854789597908, "width_q2": 1.750011916681284, "width_q3": 1.9559137539016218, "width_max": 2.844471095547001}