{"data_name": "Protein", "n_neighbors": 10, "level": 0.95, "random_state": 2286, "test_size": 0.2, "n": 45730, "d": 9, "oob_score": 0.6607036060706725, "test_score": 0.6602911605735489, "coverage": 0.8356658648589548, "width_mean": 1.434885501172224, "width_sd": 0.8952396770834973, "width_min": 4.163336342344337e-17, "width_q1": 0.6243372871817067, "width_q2": 1.4434699745319124, "width_q3": 2.1201106472764537, "width_max": 4.5166585928419565}