{"data_name": "Protein", "n_neighbors": 50, "level": 0.8, "random_state": 9674, "test_size": 0.2, "n": 45730, "d": 9, "oob_score": 0.6629168167123837, "test_score": 0.669975784176415, "coverage": 0.8336977913842116, "width_mean": 1.275584199533587, "width_sd": 0.6162999362049578, "width_min": 0.06899646797991243, "width_q1": 0.7775177879174685, "width_q2": 1.3114398441210953, "width_q3": 1.738193023844866, "width_max": 3.3438382755310574}