{"data_name": "Protein", "n_neighbors": 10000, "level": 0.95, "random_state": 9674, "test_size": 0.2, "n": 45730, "d": 9, "oob_score": 0.6629168167123837, "test_score": 0.669975784176415, "coverage": 0.9529849114366936, "width_mean": 2.5802165529685026, "width_sd": 0.005755804217842997, "width_min": 2.570642351357897, "width_q1": 2.577405273759261, "width_q2": 2.579716292548473, "width_q3": 2.583318585530268, "width_max": 2.6048481493719895}