{"data_name": "Protein", "n_neighbors": 500, "level": 0.9, "random_state": 2286, "test_size": 0.2, "n": 45730, "d": 9, "oob_score": 0.6607036060706725, "test_score": 0.6602911605735489, "coverage": 0.9050951235512793, "width_mean": 1.950931252726475, "width_sd": 0.10712418111823656, "width_min": 1.7354114671567942, "width_q1": 1.8653816052961676, "width_q2": 1.946823335988629, "width_q3": 2.016277173345007, "width_max": 2.3389839475158}