{"data_name": "Protein", "n_neighbors": 200, "level": 0.99, "random_state": 4012, "test_size": 0.2, "n": 45730, "d": 9, "oob_score": 0.6627158369792279, "test_score": 0.6664794518991226, "coverage": 0.981959326481522, "width_mean": 2.963022895413476, "width_sd": 0.3396670603663471, "width_min": 2.294635765032825, "width_q1": 2.6669286707020046, "width_q2": 2.9556093937095778, "width_q3": 3.1802508987226483, "width_max": 4.577239519722446}