{"data_name": "Protein", "n_neighbors": 20, "level": 0.95, "random_state": 1424, "test_size": 0.2, "n": 45730, "d": 9, "oob_score": 0.6638784953997318, "test_score": 0.6755891165028418, "coverage": 0.9162475399081565, "width_mean": 1.787897191546239, "width_sd": 0.8603926239898652, "width_min": 0.01079352392404509, "width_q1": 1.154933684176021, "width_q2": 1.903528220184932, "width_q3": 2.423163531050614, "width_max": 4.571607818713622}