{"data_name": "Protein", "n_neighbors": 100, "level": 0.9, "random_state": 9674, "test_size": 0.2, "n": 45730, "d": 9, "oob_score": 0.6629168167123837, "test_score": 0.669975784176415, "coverage": 0.9100153072381368, "width_mean": 1.8895611999722062, "width_sd": 0.37161022749070755, "width_min": 0.8944179575144577, "width_q1": 1.5864919184121424, "width_q2": 1.8438118414084774, "width_q3": 2.146668215134369, "width_max": 3.462616179738618}