{"data_name": "Protein", "n_neighbors": 5000, "level": 0.95, "random_state": 3657, "test_size": 0.2, "n": 45730, "d": 9, "oob_score": 0.661392681240141, "test_score": 0.6721589090924511, "coverage": 0.9539689481740652, "width_mean": 2.562110325956846, "width_sd": 0.011156223409624418, "width_min": 2.5406537847819752, "width_q1": 2.556124366702733, "width_q2": 2.5594120118024715, "width_q3": 2.5685943561402587, "width_max": 2.621598841408229}