{"data_name": "Protein", "n_neighbors": 20, "level": 0.95, "random_state": 2286, "test_size": 0.2, "n": 45730, "d": 9, "oob_score": 0.6607036060706725, "test_score": 0.6602911605735489, "coverage": 0.9107806691449815, "width_mean": 1.7819902461556896, "width_sd": 0.883649769949006, "width_min": 0.02649345139849557, "width_q1": 1.1060627327733576, "width_q2": 1.8904796220469002, "width_q3": 2.436693011619492, "width_max": 4.427188047525757}