{"data_name": "Protein", "n_neighbors": 20, "level": 0.99, "random_state": 3657, "test_size": 0.2, "n": 45730, "d": 9, "oob_score": 0.661392681240141, "test_score": 0.6721589090924511, "coverage": 0.932648152197682, "width_mean": 2.025282547812632, "width_sd": 0.9541298588516747, "width_min": 0.011974281707883616, "width_q1": 1.3400854868463283, "width_q2": 2.1812736387012395, "width_q3": 2.727412898703358, "width_max": 5.003964083258513}