{"data_name": "Protein", "n_neighbors": 500, "level": 0.9, "random_state": 4506, "test_size": 0.2, "n": 45730, "d": 9, "oob_score": 0.6598666300837186, "test_score": 0.6677133191840526, "coverage": 0.9106713317297179, "width_mean": 2.0076638001294267, "width_sd": 0.07389132683732999, "width_min": 1.8099812428007351, "width_q1": 1.959735927283085, "width_q2": 1.9763141963735293, "width_q3": 2.05154635555166, "width_max": 2.3840476337315804}