{"data_name": "Protein", "n_neighbors": 50, "level": 0.8, "random_state": 4012, "test_size": 0.2, "n": 45730, "d": 9, "oob_score": 0.6627158369792279, "test_score": 0.6664794518991226, "coverage": 0.8352285151979008, "width_mean": 1.2818584381555587, "width_sd": 0.6006791948422702, "width_min": 0.022632023973053528, "width_q1": 0.7941085753683741, "width_q2": 1.3077841897576516, "width_q3": 1.7381664196219013, "width_max": 3.3617292210662635}