{"data_name": "Protein", "n_neighbors": "auto", "level": 0.9, "random_state": 8935, "test_size": 0.2, "n": 45730, "d": 9, "oob_score": 0.6632021054285234, "test_score": 0.6698622316618563, "coverage": 0.9038924119833807, "width_mean": 1.6603525235619845, "width_sd": 0.807870474153577, "width_min": 4.163336342344337e-17, "width_q1": 1.0259926645989694, "width_q2": 1.8259424618881839, "width_q3": 2.269303856617734, "width_max": 3.9915576117289793}