{"data_name": "Protein", "n_neighbors": 5000, "level": 0.9, "random_state": 409, "test_size": 0.2, "n": 45730, "d": 9, "oob_score": 0.663956089025605, "test_score": 0.6560083711858098, "coverage": 0.8953640935928274, "width_mean": 1.9607901720024266, "width_sd": 0.007850234039894072, "width_min": 1.9467826249654232, "width_q1": 1.9551829891793349, "width_q2": 1.9580416104459872, "width_q3": 1.9651669622793173, "width_max": 1.999067705300991}