{"data_name": "Protein", "n_neighbors": 5000, "level": 0.9, "random_state": 9674, "test_size": 0.2, "n": 45730, "d": 9, "oob_score": 0.6629168167123837, "test_score": 0.669975784176415, "coverage": 0.9034550623223268, "width_mean": 1.9720532332921736, "width_sd": 0.008328423253690495, "width_min": 1.9556596316829915, "width_q1": 1.9653957090095604, "width_q2": 1.9718214708416522, "width_q3": 1.9767961531165967, "width_max": 2.005584944149666}