{"data_name": "Protein", "n_neighbors": 10000, "level": 0.8, "random_state": 2286, "test_size": 0.2, "n": 45730, "d": 9, "oob_score": 0.6607036060706725, "test_score": 0.6602911605735489, "coverage": 0.8011152416356877, "width_mean": 1.373405472740242, "width_sd": 0.00295827849981113, "width_min": 1.365749264628437, "width_q1": 1.3710418000514282, "width_q2": 1.3731427458430798, "width_q3": 1.3747227670215412, "width_max": 1.3854425774029462}