{"data_name": "Protein", "n_neighbors": 100, "level": 0.8, "random_state": 4506, "test_size": 0.2, "n": 45730, "d": 9, "oob_score": 0.6598666300837186, "test_score": 0.6677133191840526, "coverage": 0.8558932866827028, "width_mean": 1.4484812586132167, "width_sd": 0.32646246276379, "width_min": 0.617745537163652, "width_q1": 1.2002824808990509, "width_q2": 1.4400749266295505, "width_q3": 1.6880609058594251, "width_max": 2.6178375873326}