{"data_name": "Protein", "n_neighbors": 5000, "level": 0.8, "random_state": 8935, "test_size": 0.2, "n": 45730, "d": 9, "oob_score": 0.6632021054285234, "test_score": 0.6698622316618563, "coverage": 0.811392958670457, "width_mean": 1.3865997924380276, "width_sd": 0.00700364385638825, "width_min": 1.3745569560885817, "width_q1": 1.381692982921943, "width_q2": 1.384639249015764, "width_q3": 1.3904037216349905, "width_max": 1.4142816151570174}