{"data_name": "Protein", "n_neighbors": 10, "level": 0.9, "random_state": 1424, "test_size": 0.2, "n": 45730, "d": 9, "oob_score": 0.6638784953997318, "test_score": 0.6755891165028418, "coverage": 0.8144544062978352, "width_mean": 1.291353987268912, "width_sd": 0.806462564909005, "width_min": 4.163336342344337e-17, "width_q1": 0.5625614400798042, "width_q2": 1.2922899934153609, "width_q3": 1.9067444203176747, "width_max": 4.120640901774037}