{"data_name": "Protein", "n_neighbors": 10000, "level": 0.95, "random_state": 1424, "test_size": 0.2, "n": 45730, "d": 9, "oob_score": 0.6638784953997318, "test_score": 0.6755891165028418, "coverage": 0.9514541876230046, "width_mean": 2.513463019252903, "width_sd": 0.0066554494262797935, "width_min": 2.504500305896132, "width_q1": 2.5079390057689444, "width_q2": 2.5101462581844025, "width_q3": 2.5189589070695506, "width_max": 2.5453819574719967}