{"data_name": "Protein", "n_neighbors": 500, "level": 0.8, "random_state": 1824, "test_size": 0.2, "n": 45730, "d": 9, "oob_score": 0.6623142627266064, "test_score": 0.6777220685907579, "coverage": 0.8453968948174065, "width_mean": 1.5412341814254815, "width_sd": 0.04246571816718983, "width_min": 1.4266121437335686, "width_q1": 1.5108852697473953, "width_q2": 1.530320013795138, "width_q3": 1.5597659046854355, "width_max": 1.7646545393315944}