{"data_name": "Protein", "n_neighbors": "auto", "level": 0.8, "random_state": 1424, "test_size": 0.2, "n": 45730, "d": 9, "oob_score": 0.6638784953997318, "test_score": 0.6755891165028418, "coverage": 0.8151104307894161, "width_mean": 1.2224286868088579, "width_sd": 0.6811841382574859, "width_min": 4.163336342344337e-17, "width_q1": 0.5822536508138945, "width_q2": 1.3250262052815907, "width_q3": 1.7609648719067654, "width_max": 3.112514923611709}