{"data_name": "Protein", "n_neighbors": 20, "level": 0.95, "random_state": 1824, "test_size": 0.2, "n": 45730, "d": 9, "oob_score": 0.6623142627266064, "test_score": 0.6777220685907579, "coverage": 0.9114366936365624, "width_mean": 1.8084393338591576, "width_sd": 0.883150093404628, "width_min": 0.014853559311499342, "width_q1": 1.15752315604195, "width_q2": 1.9154981383710634, "width_q3": 2.4604467025619714, "width_max": 4.786655027751024}