{"data_name": "Protein", "n_neighbors": 10000, "level": 0.8, "random_state": 3657, "test_size": 0.2, "n": 45730, "d": 9, "oob_score": 0.661392681240141, "test_score": 0.6721589090924511, "coverage": 0.8085501858736059, "width_mean": 1.3770002809985902, "width_sd": 0.0022787628661406745, "width_min": 1.3701678125317236, "width_q1": 1.3750021417845901, "width_q2": 1.37670153259432, "width_q3": 1.3786245523786733, "width_max": 1.385097756832116}