{"data_name": "Protein", "n_neighbors": 1000, "level": 0.8, "random_state": 4506, "test_size": 0.2, "n": 45730, "d": 9, "oob_score": 0.6598666300837186, "test_score": 0.6677133191840526, "coverage": 0.8063634375683358, "width_mean": 1.3712773990528706, "width_sd": 0.033586138348215284, "width_min": 1.298169767336415, "width_q1": 1.343709890707935, "width_q2": 1.3600809865468952, "width_q3": 1.3955974674469953, "width_max": 1.5008225539289377}