{"data_name": "Protein", "n_neighbors": 500, "level": 0.8, "random_state": 2286, "test_size": 0.2, "n": 45730, "d": 9, "oob_score": 0.6607036060706725, "test_score": 0.6602911605735489, "coverage": 0.8064727749835994, "width_mean": 1.3637622649444918, "width_sd": 0.07826314015161218, "width_min": 1.1310937450010194, "width_q1": 1.3103437097974993, "width_q2": 1.3550283502344498, "width_q3": 1.4193830452230802, "width_max": 1.6517500874270277}