{"data_name": "Protein", "n_neighbors": 5000, "level": 0.9, "random_state": 2286, "test_size": 0.2, "n": 45730, "d": 9, "oob_score": 0.6607036060706725, "test_score": 0.6602911605735489, "coverage": 0.8980975289744151, "width_mean": 1.963387843433317, "width_sd": 0.008377985044653025, "width_min": 1.943329701134935, "width_q1": 1.9584162558891853, "width_q2": 1.9608626282173938, "width_q3": 1.9677407818698027, "width_max": 2.0113890693153236}