{"data_name": "Protein", "n_neighbors": 10, "level": 0.9, "random_state": 8935, "test_size": 0.2, "n": 45730, "d": 9, "oob_score": 0.6632021054285234, "test_score": 0.6698622316618563, "coverage": 0.80898753553466, "width_mean": 1.287744454381956, "width_sd": 0.8200621534510096, "width_min": 4.163336342344337e-17, "width_q1": 0.5466662325583396, "width_q2": 1.2647842965898437, "width_q3": 1.9094806100251749, "width_max": 4.080865345667978}