{"data_name": "Protein", "n_neighbors": 500, "level": 0.9, "random_state": 1824, "test_size": 0.2, "n": 45730, "d": 9, "oob_score": 0.6623142627266064, "test_score": 0.6777220685907579, "coverage": 0.9226984474087032, "width_mean": 2.084955838171179, "width_sd": 0.06935062045944523, "width_min": 1.9665145459695432, "width_q1": 2.019834147539389, "width_q2": 2.075142164179415, "width_q3": 2.133389935152576, "width_max": 2.345849598255074}