{"data_name": "Protein", "n_neighbors": "all", "level": 0.95, "random_state": 2286, "test_size": 0.2, "n": 45730, "d": 9, "oob_score": 0.6607036060706725, "test_score": 0.6602911605735489, "coverage": 0.9514541876230046, "width_mean": 2.5657903409958527, "width_sd": 8.135180950577028e-16, "width_min": 2.565790340995852, "width_q1": 2.565790340995852, "width_q2": 2.565790340995852, "width_q3": 2.565790340995852, "width_max": 2.5657903409958522}