{"data_name": "SML2010", "n_neighbors": 20, "level": 0.95, "random_state": 4012, "test_size": 0.2, "n": 4137, "d": 21, "oob_score": 0.9954316346607748, "test_score": 0.9967881117961429, "coverage": 0.927536231884058, "width_mean": 0.1718583201811893, "width_sd": 0.137307022686573, "width_min": 0.025443848531112145, "width_q1": 0.09869248194394964, "width_q2": 0.12701527951488337, "width_q3": 0.17828569443497777, "width_max": 1.0638324332044544}