{"data_name": "SML2010", "n_neighbors": 2000, "level": 0.95, "random_state": 1679, "test_size": 0.2, "n": 4137, "d": 21, "oob_score": 0.9956886731640523, "test_score": 0.9942235771245732, "coverage": 0.9516908212560387, "width_mean": 0.17617976440427327, "width_sd": 0.0007343714538277223, "width_min": 0.17406281669371193, "width_q1": 0.17580260108488271, "width_q2": 0.17626238997606447, "width_q3": 0.17644125582395992, "width_max": 0.1831710706473021}