{"data_name": "SML2010", "n_neighbors": 50, "level": 0.95, "random_state": 1679, "test_size": 0.2, "n": 4137, "d": 21, "oob_score": 0.9956886731640523, "test_score": 0.9942235771245732, "coverage": 0.9420289855072463, "width_mean": 0.16054489553248324, "width_sd": 0.0976324832634172, "width_min": 0.08474835229006328, "width_q1": 0.11630874693716466, "width_q2": 0.13138061416575778, "width_q3": 0.15299782314571975, "width_max": 0.9395915728400246}