{"data_name": "SML2010", "n_neighbors": 5, "level": 0.99, "random_state": 1424, "test_size": 0.2, "n": 4137, "d": 21, "oob_score": 0.995741413174047, "test_score": 0.9955788633631314, "coverage": 0.7753623188405797, "width_mean": 0.09929702549153441, "width_sd": 0.12014702384086451, "width_min": 0.005678506670434569, "width_q1": 0.0439912129960488, "width_q2": 0.07381147888197129, "width_q3": 0.10878559277283081, "width_max": 1.0964579558973053}