{"data_name": "SML2010", "n_neighbors": "all", "level": 0.95, "random_state": 9674, "test_size": 0.2, "n": 4137, "d": 21, "oob_score": 0.9955602298507373, "test_score": 0.9957573788000602, "coverage": 0.9528985507246377, "width_mean": 0.18211840054164627, "width_sd": 6.19057466560965e-17, "width_min": 0.18211840054164607, "width_q1": 0.1821184005416463, "width_q2": 0.1821184005416463, "width_q3": 0.1821184005416463, "width_max": 0.18211840054164652}