{"data_name": "SML2010", "n_neighbors": 20, "level": 0.99, "random_state": 1424, "test_size": 0.2, "n": 4137, "d": 21, "oob_score": 0.995741413174047, "test_score": 0.9955788633631314, "coverage": 0.9468599033816425, "width_mean": 0.21562953024000744, "width_sd": 0.16757267624981562, "width_min": 0.033200920817063606, "width_q1": 0.11364330380470467, "width_q2": 0.15011621632494765, "width_q3": 0.26754272977515337, "width_max": 1.14140115783277}