{"data_name": "SML2010", "n_neighbors": 2000, "level": 0.9, "random_state": 4506, "test_size": 0.2, "n": 4137, "d": 21, "oob_score": 0.9954187817884467, "test_score": 0.9963663599472773, "coverage": 0.9009661835748792, "width_mean": 0.12881424815069556, "width_sd": 0.0006103631397026761, "width_min": 0.12753540797883994, "width_q1": 0.12841718906511979, "width_q2": 0.1288119508618553, "width_q3": 0.12919635395995732, "width_max": 0.13138540183995095}