{"data_name": "SML2010", "n_neighbors": "auto", "level": 0.9, "random_state": 3657, "test_size": 0.2, "n": 4137, "d": 21, "oob_score": 0.9954528195684987, "test_score": 0.9941103506181499, "coverage": 0.8913043478260869, "width_mean": 0.13398660363650364, "width_sd": 0.10358809545093517, "width_min": 0.01717908833054338, "width_q1": 0.08697302255698842, "width_q2": 0.11065833383301904, "width_q3": 0.1408768444367068, "width_max": 0.9379572190748131}