{"data_name": "SML2010", "n_neighbors": 200, "level": 0.95, "random_state": 4506, "test_size": 0.2, "n": 4137, "d": 21, "oob_score": 0.9954187817884467, "test_score": 0.9963663599472773, "coverage": 0.9637681159420289, "width_mean": 0.17880309000083897, "width_sd": 0.02428428554556722, "width_min": 0.15004564761883388, "width_q1": 0.1759882863108962, "width_q2": 0.17646005483046623, "width_q3": 0.1778216075762138, "width_max": 0.5311858356934103}