{"data_name": "SML2010", "n_neighbors": 10, "level": 0.95, "random_state": 4012, "test_size": 0.2, "n": 4137, "d": 21, "oob_score": 0.9954316346607748, "test_score": 0.9967881117961429, "coverage": 0.8743961352657005, "width_mean": 0.13862365585554115, "width_sd": 0.1311949222631787, "width_min": 0.00838648872983594, "width_q1": 0.069671096558097, "width_q2": 0.09908423753583553, "width_q3": 0.14427915607212882, "width_max": 1.0653828327254005}