{"data_name": "SML2010", "n_neighbors": 500, "level": 0.9, "random_state": 409, "test_size": 0.2, "n": 4137, "d": 21, "oob_score": 0.9957270881512827, "test_score": 0.995734010428455, "coverage": 0.9057971014492754, "width_mean": 0.13340053203964994, "width_sd": 0.0026535386408977116, "width_min": 0.12563317504365418, "width_q1": 0.13169256387765338, "width_q2": 0.1326726555809048, "width_q3": 0.13390407199944235, "width_max": 0.14910130795789553}