{"data_name": "SML2010", "n_neighbors": 500, "level": 0.95, "random_state": 2286, "test_size": 0.2, "n": 4137, "d": 21, "oob_score": 0.9958940746077594, "test_score": 0.9951618030406904, "coverage": 0.9504830917874396, "width_mean": 0.17696665207990941, "width_sd": 0.007323351042865312, "width_min": 0.16624050358428244, "width_q1": 0.17461737248057005, "width_q2": 0.17627097808603498, "width_q3": 0.17757739277657292, "width_max": 0.280908036903136}