{"data_name": "SML2010", "n_neighbors": 5, "level": 0.99, "random_state": 9674, "test_size": 0.2, "n": 4137, "d": 21, "oob_score": 0.9955602298507373, "test_score": 0.9957573788000602, "coverage": 0.7717391304347826, "width_mean": 0.1014742793563727, "width_sd": 0.12467349742220232, "width_min": 0.004240360770612184, "width_q1": 0.04480396938081896, "width_q2": 0.06782266899305137, "width_q3": 0.10604534764377524, "width_max": 1.1835195553544557}