{"data_name": "SML2010", "n_neighbors": 100, "level": 0.9, "random_state": 9674, "test_size": 0.2, "n": 4137, "d": 21, "oob_score": 0.9955602298507373, "test_score": 0.9957573788000602, "coverage": 0.9178743961352657, "width_mean": 0.13693288208980284, "width_sd": 0.024946427752096132, "width_min": 0.09748799250510232, "width_q1": 0.12141162831363717, "width_q2": 0.1375481365927483, "width_q3": 0.14650771859447542, "width_max": 0.38862047084772633}