{"data_name": "SML2010", "n_neighbors": 20, "level": 0.8, "random_state": 409, "test_size": 0.2, "n": 4137, "d": 21, "oob_score": 0.9957270881512827, "test_score": 0.995734010428455, "coverage": 0.7898550724637681, "width_mean": 0.09003622231000896, "width_sd": 0.05133712588829929, "width_min": 0.019067883425700538, "width_q1": 0.06296809739073259, "width_q2": 0.0797321365479205, "width_q3": 0.101721212249628, "width_max": 0.5400044258231798}