{"data_name": "SML2010", "n_neighbors": 5, "level": 0.8, "random_state": 4506, "test_size": 0.2, "n": 4137, "d": 21, "oob_score": 0.9954187817884467, "test_score": 0.9963663599472773, "coverage": 0.6364734299516909, "width_mean": 0.07378088905482881, "width_sd": 0.08659506546691303, "width_min": 0.0039687738555516106, "width_q1": 0.03250690342044482, "width_q2": 0.0522573455652712, "width_q3": 0.08166009386048405, "width_max": 0.8472611884975525}