{"data_name": "SML2010", "n_neighbors": "all", "level": 0.8, "random_state": 409, "test_size": 0.2, "n": 4137, "d": 21, "oob_score": 0.9957270881512827, "test_score": 0.995734010428455, "coverage": 0.7995169082125604, "width_mean": 0.088663060885077, "width_sd": 7.122180790431424e-17, "width_min": 0.0886630608850767, "width_q1": 0.08866306088507692, "width_q2": 0.08866306088507697, "width_q3": 0.08866306088507703, "width_max": 0.08866306088507736}