{"data_name": "SML2010", "n_neighbors": 100, "level": 0.99, "random_state": 2286, "test_size": 0.2, "n": 4137, "d": 21, "oob_score": 0.9958940746077594, "test_score": 0.9951618030406904, "coverage": 0.9734299516908212, "width_mean": 0.29761986695501697, "width_sd": 0.14523348168175118, "width_min": 0.1164578752746041, "width_q1": 0.15900807595737948, "width_q2": 0.3468800079547356, "width_q3": 0.3551381007395622, "width_max": 0.9778373955186817}