{"data_name": "SML2010", "n_neighbors": 1000, "level": 0.9, "random_state": 1679, "test_size": 0.2, "n": 4137, "d": 21, "oob_score": 0.9956886731640523, "test_score": 0.9942235771245732, "coverage": 0.893719806763285, "width_mean": 0.12989761492383475, "width_sd": 0.0011319448540702342, "width_min": 0.12799638726151663, "width_q1": 0.1293931030915182, "width_q2": 0.12962759689933312, "width_q3": 0.13020050344598927, "width_max": 0.13576008527044137}