{"data_name": "SML2010", "n_neighbors": 2000, "level": 0.8, "random_state": 9674, "test_size": 0.2, "n": 4137, "d": 21, "oob_score": 0.9955602298507373, "test_score": 0.9957573788000602, "coverage": 0.8055555555555556, "width_mean": 0.08784038956771087, "width_sd": 0.0005181274754276529, "width_min": 0.08672207118358433, "width_q1": 0.08746775155001574, "width_q2": 0.0878672308791626, "width_q3": 0.08822657878447401, "width_max": 0.08991366012393082}