{"data_name": "SML2010", "n_neighbors": 100, "level": 0.9, "random_state": 3657, "test_size": 0.2, "n": 4137, "d": 21, "oob_score": 0.9954528195684987, "test_score": 0.9941103506181499, "coverage": 0.9214975845410628, "width_mean": 0.13338809023750559, "width_sd": 0.030195991374053068, "width_min": 0.09580138202980698, "width_q1": 0.11763044172321976, "width_q2": 0.12712601002743124, "width_q3": 0.14257932657064754, "width_max": 0.5328581540821731}