{"data_name": "SML2010", "n_neighbors": 200, "level": 0.8, "random_state": 3657, "test_size": 0.2, "n": 4137, "d": 21, "oob_score": 0.9954528195684987, "test_score": 0.9941103506181499, "coverage": 0.8635265700483091, "width_mean": 0.10273732245681864, "width_sd": 0.005881710966714912, "width_min": 0.09010419291039706, "width_q1": 0.09918654422037898, "width_q2": 0.10100223528792616, "width_q3": 0.10455701893007599, "width_max": 0.12619874606381642}