{"data_name": "SML2010", "n_neighbors": 5, "level": 0.99, "random_state": 8935, "test_size": 0.2, "n": 4137, "d": 21, "oob_score": 0.9955478078294021, "test_score": 0.9967400039008387, "coverage": 0.75, "width_mean": 0.10002034240552465, "width_sd": 0.12205112807707043, "width_min": 0.00468539005508517, "width_q1": 0.04288855999937735, "width_q2": 0.0683838870408845, "width_q3": 0.10585269197174771, "width_max": 1.0000554051423896}