{"data_name": "SML2010", "n_neighbors": "all", "level": 0.99, "random_state": 4012, "test_size": 0.2, "n": 4137, "d": 21, "oob_score": 0.9954316346607748, "test_score": 0.9967881117961429, "coverage": 0.9927536231884058, "width_mean": 0.5781895560631245, "width_sd": 4.261622500348629e-17, "width_min": 0.5781895560631243, "width_q1": 0.5781895560631245, "width_q2": 0.5781895560631245, "width_q3": 0.5781895560631245, "width_max": 0.5781895560631247}