{"data_name": "SML2010", "n_neighbors": 20, "level": 0.9, "random_state": 3657, "test_size": 0.2, "n": 4137, "d": 21, "oob_score": 0.9954528195684987, "test_score": 0.9941103506181499, "coverage": 0.8768115942028986, "width_mean": 0.13228389545783922, "width_sd": 0.11057135433872455, "width_min": 0.014094280307738405, "width_q1": 0.0831401250067163, "width_q2": 0.10520714416938473, "width_q3": 0.13612959307169104, "width_max": 0.9427288714408579}