{"data_name": "SML2010", "n_neighbors": 100, "level": 0.95, "random_state": 9674, "test_size": 0.2, "n": 4137, "d": 21, "oob_score": 0.9955602298507373, "test_score": 0.9957573788000602, "coverage": 0.961352657004831, "width_mean": 0.18303708466953666, "width_sd": 0.05423915016181544, "width_min": 0.1160384342662899, "width_q1": 0.16243970735991298, "width_q2": 0.1714629270162762, "width_q3": 0.18165257135723206, "width_max": 0.5740030008978226}