{"data_name": "SML2010", "n_neighbors": 2000, "level": 0.9, "random_state": 409, "test_size": 0.2, "n": 4137, "d": 21, "oob_score": 0.9957270881512827, "test_score": 0.995734010428455, "coverage": 0.8997584541062802, "width_mean": 0.12651498745952514, "width_sd": 0.0004831988849913413, "width_min": 0.12550556958394943, "width_q1": 0.12619432687366772, "width_q2": 0.12658465040854683, "width_q3": 0.12679955438293744, "width_max": 0.12850129980043745}