{"data_name": "SML2010", "n_neighbors": 50, "level": 0.9, "random_state": 4012, "test_size": 0.2, "n": 4137, "d": 21, "oob_score": 0.9954316346607748, "test_score": 0.9967881117961429, "coverage": 0.9057971014492754, "width_mean": 0.1260779885755372, "width_sd": 0.06002616072928458, "width_min": 0.06362365519592528, "width_q1": 0.09614555432933714, "width_q2": 0.11398537760928164, "width_q3": 0.13350367762792842, "width_max": 0.6116233091597433}