{"data_name": "SML2010", "n_neighbors": 50, "level": 0.8, "random_state": 9674, "test_size": 0.2, "n": 4137, "d": 21, "oob_score": 0.9955602298507373, "test_score": 0.9957573788000602, "coverage": 0.8345410628019324, "width_mean": 0.09048096147598426, "width_sd": 0.024543378560424833, "width_min": 0.04450932840489452, "width_q1": 0.07591314361787954, "width_q2": 0.08712697987818296, "width_q3": 0.10065309729833644, "width_max": 0.3424921385816301}