{"data_name": "SML2010", "n_neighbors": 2000, "level": 0.95, "random_state": 3657, "test_size": 0.2, "n": 4137, "d": 21, "oob_score": 0.9954528195684987, "test_score": 0.9941103506181499, "coverage": 0.9625603864734299, "width_mean": 0.17808935276592136, "width_sd": 0.0015248295630173637, "width_min": 0.1763819755313054, "width_q1": 0.1771192352359362, "width_q2": 0.1777007469021945, "width_q3": 0.1783584930730885, "width_max": 0.18572752056766234}