{"data_name": "SML2010", "n_neighbors": 1000, "level": 0.9, "random_state": 9674, "test_size": 0.2, "n": 4137, "d": 21, "oob_score": 0.9955602298507373, "test_score": 0.9957573788000602, "coverage": 0.8804347826086957, "width_mean": 0.1223014567504462, "width_sd": 0.0015549759947372334, "width_min": 0.11776025714139943, "width_q1": 0.1212251501024465, "width_q2": 0.12191863432019157, "width_q3": 0.12286707487159715, "width_max": 0.12827693870697354}