{"data_name": "SML2010", "n_neighbors": "auto", "level": 0.95, "random_state": 9674, "test_size": 0.2, "n": 4137, "d": 21, "oob_score": 0.9955602298507373, "test_score": 0.9957573788000602, "coverage": 0.9311594202898551, "width_mean": 0.17582604842842398, "width_sd": 0.1375617047864621, "width_min": 0.021637510620437617, "width_q1": 0.10429875966683977, "width_q2": 0.1348025700553186, "width_q3": 0.17728909185098723, "width_max": 1.0297366598327935}