{"data_name": "SML2010", "n_neighbors": 100, "level": 0.9, "random_state": 1424, "test_size": 0.2, "n": 4137, "d": 21, "oob_score": 0.995741413174047, "test_score": 0.9955788633631314, "coverage": 0.9408212560386473, "width_mean": 0.15000617199819233, "width_sd": 0.03685384827944031, "width_min": 0.1099122014311801, "width_q1": 0.1307510189490005, "width_q2": 0.13741783379172878, "width_q3": 0.15454190942296614, "width_max": 0.5396205694365781}