{"data_name": "SML2010", "n_neighbors": 2000, "level": 0.9, "random_state": 2286, "test_size": 0.2, "n": 4137, "d": 21, "oob_score": 0.9958940746077594, "test_score": 0.9951618030406904, "coverage": 0.9033816425120773, "width_mean": 0.1323874270954827, "width_sd": 0.000502751388501945, "width_min": 0.13133878632615859, "width_q1": 0.1318446522786122, "width_q2": 0.1322981920040599, "width_q3": 0.13275861752221896, "width_max": 0.13428347616365277}