{"data_name": "SML2010", "n_neighbors": "all", "level": 0.99, "random_state": 409, "test_size": 0.2, "n": 4137, "d": 21, "oob_score": 0.9957270881512827, "test_score": 0.995734010428455, "coverage": 0.9927536231884058, "width_mean": 0.5789059245821919, "width_sd": 6.026844337707371e-17, "width_min": 0.5789059245821917, "width_q1": 0.5789059245821919, "width_q2": 0.5789059245821919, "width_q3": 0.5789059245821919, "width_max": 0.5789059245821921}