{"data_name": "SML2010", "n_neighbors": 100, "level": 0.8, "random_state": 4012, "test_size": 0.2, "n": 4137, "d": 21, "oob_score": 0.9954316346607748, "test_score": 0.9967881117961429, "coverage": 0.8031400966183575, "width_mean": 0.09202609013962103, "width_sd": 0.01252608723096703, "width_min": 0.06832980037512182, "width_q1": 0.08367991958785033, "width_q2": 0.08904830684440714, "width_q3": 0.09745197467918582, "width_max": 0.147547789878274}