{"data_name": "SML2010", "n_neighbors": "all", "level": 0.95, "random_state": 1424, "test_size": 0.2, "n": 4137, "d": 21, "oob_score": 0.995741413174047, "test_score": 0.9955788633631314, "coverage": 0.9553140096618358, "width_mean": 0.17816565795976747, "width_sd": 3.1448627927057615e-17, "width_min": 0.17816565795976735, "width_q1": 0.17816565795976747, "width_q2": 0.17816565795976747, "width_q3": 0.17816565795976747, "width_max": 0.17816565795976758}