{"data_name": "SML2010", "n_neighbors": 2000, "level": 0.99, "random_state": 4012, "test_size": 0.2, "n": 4137, "d": 21, "oob_score": 0.9954316346607748, "test_score": 0.9967881117961429, "coverage": 0.9951690821256038, "width_mean": 0.5677262247097882, "width_sd": 0.0056130219520329145, "width_min": 0.5665345662381658, "width_q1": 0.566534566238166, "width_q2": 0.566534566238166, "width_q3": 0.566534566238166, "width_max": 0.6222874930118163}