{"data_name": "SML2010", "n_neighbors": 200, "level": 0.99, "random_state": 1424, "test_size": 0.2, "n": 4137, "d": 21, "oob_score": 0.995741413174047, "test_score": 0.9955788633631314, "coverage": 0.9963768115942029, "width_mean": 0.7441636926800363, "width_sd": 0.03690245085756752, "width_min": 0.6724231511241855, "width_q1": 0.7367444673436372, "width_q2": 0.7367444673436372, "width_q3": 0.7367444673436372, "width_max": 1.0108135201000614}