{"data_name": "SML2010", "n_neighbors": "auto", "level": 0.8, "random_state": 409, "test_size": 0.2, "n": 4137, "d": 21, "oob_score": 0.9957270881512827, "test_score": 0.995734010428455, "coverage": 0.783816425120773, "width_mean": 0.0895486645928586, "width_sd": 0.043324407296085915, "width_min": 0.019067883425700538, "width_q1": 0.06665097503009042, "width_q2": 0.08429576331618541, "width_q3": 0.10229064855714382, "width_max": 0.5953185027988612}