{"data_name": "SML2010", "n_neighbors": "all", "level": 0.8, "random_state": 3657, "test_size": 0.2, "n": 4137, "d": 21, "oob_score": 0.9954528195684987, "test_score": 0.9941103506181499, "coverage": 0.8140096618357487, "width_mean": 0.09073024258719396, "width_sd": 8.738972199379577e-17, "width_min": 0.09073024258719387, "width_q1": 0.09073024258719387, "width_q2": 0.09073024258719392, "width_q3": 0.09073024258719409, "width_max": 0.09073024258719409}