{"data_name": "SML2010", "n_neighbors": 50, "level": 0.9, "random_state": 9674, "test_size": 0.2, "n": 4137, "d": 21, "oob_score": 0.9955602298507373, "test_score": 0.9957573788000602, "coverage": 0.9154589371980676, "width_mean": 0.1304724207377284, "width_sd": 0.0513854214401096, "width_min": 0.06641291688929452, "width_q1": 0.10548017214188521, "width_q2": 0.12030485330020727, "width_q3": 0.13826645130399493, "width_max": 0.5228371855527258}