{"data_name": "SML2010", "n_neighbors": 20, "level": 0.8, "random_state": 1424, "test_size": 0.2, "n": 4137, "d": 21, "oob_score": 0.995741413174047, "test_score": 0.9955788633631314, "coverage": 0.8043478260869565, "width_mean": 0.0931216354347088, "width_sd": 0.05753942148835786, "width_min": 0.009430580174346836, "width_q1": 0.06370053811543346, "width_q2": 0.08266166345725601, "width_q3": 0.10492343293098186, "width_max": 0.6490380809226557}