{"data_name": "SML2010", "n_neighbors": 1000, "level": 0.95, "random_state": 4506, "test_size": 0.2, "n": 4137, "d": 21, "oob_score": 0.9954187817884467, "test_score": 0.9963663599472773, "coverage": 0.9468599033816425, "width_mean": 0.16725090166013298, "width_sd": 0.0020583065155340605, "width_min": 0.1661443314970492, "width_q1": 0.16629179182580756, "width_q2": 0.1664702211520951, "width_q3": 0.16733708574535328, "width_max": 0.18183030438565248}