{"data_name": "SML2010", "n_neighbors": 100, "level": 0.99, "random_state": 1679, "test_size": 0.2, "n": 4137, "d": 21, "oob_score": 0.9956886731640523, "test_score": 0.9942235771245732, "coverage": 0.9879227053140096, "width_mean": 0.6406086715692706, "width_sd": 0.10442803916217806, "width_min": 0.152779665538774, "width_q1": 0.6007825944009326, "width_q2": 0.6244439668827078, "width_q3": 0.697183316250487, "width_max": 1.155042818553267}