{"data_name": "SML2010", "n_neighbors": "auto", "level": 0.95, "random_state": 4506, "test_size": 0.2, "n": 4137, "d": 21, "oob_score": 0.9954187817884467, "test_score": 0.9963663599472773, "coverage": 0.9299516908212561, "width_mean": 0.17317495794481946, "width_sd": 0.13100772372061745, "width_min": 0.01150463732066953, "width_q1": 0.10548952464704694, "width_q2": 0.13100314540403266, "width_q3": 0.1886270532689109, "width_max": 1.0471450590440752}