{"data_name": "SML2010", "n_neighbors": 10, "level": 0.99, "random_state": 3657, "test_size": 0.2, "n": 4137, "d": 21, "oob_score": 0.9954528195684987, "test_score": 0.9941103506181499, "coverage": 0.8852657004830918, "width_mean": 0.15510996723956935, "width_sd": 0.15548333859306604, "width_min": 0.005338253435094309, "width_q1": 0.08024599482188775, "width_q2": 0.1098675550716523, "width_q3": 0.15466355053774167, "width_max": 1.0201142379029928}