{"data_name": "SML2010", "n_neighbors": 1000, "level": 0.9, "random_state": 1824, "test_size": 0.2, "n": 4137, "d": 21, "oob_score": 0.9954977545969768, "test_score": 0.9962942769722175, "coverage": 0.893719806763285, "width_mean": 0.1267250693615693, "width_sd": 0.001583421796467759, "width_min": 0.12370684736527948, "width_q1": 0.12530824501418156, "width_q2": 0.12642052417920724, "width_q3": 0.1277135317344117, "width_max": 0.1333481387635478}