{"data_name": "SML2010", "n_neighbors": 20, "level": 0.95, "random_state": 4506, "test_size": 0.2, "n": 4137, "d": 21, "oob_score": 0.9954187817884467, "test_score": 0.9963663599472773, "coverage": 0.927536231884058, "width_mean": 0.16695029265958602, "width_sd": 0.13260923174967654, "width_min": 0.025688786305174682, "width_q1": 0.09620472969272051, "width_q2": 0.12148695084002359, "width_q3": 0.17823299234040269, "width_max": 1.0639614078988209}