{"data_name": "SML2010", "n_neighbors": 100, "level": 0.99, "random_state": 1824, "test_size": 0.2, "n": 4137, "d": 21, "oob_score": 0.9954977545969768, "test_score": 0.9962942769722175, "coverage": 0.9855072463768116, "width_mean": 0.34084001415847376, "width_sd": 0.1210377577024105, "width_min": 0.2379667973294922, "width_q1": 0.2719442559031071, "width_q2": 0.2860696946302308, "width_q3": 0.3580660183146913, "width_max": 1.025685366025482}