{"data_name": "SML2010", "n_neighbors": 5, "level": 0.99, "random_state": 409, "test_size": 0.2, "n": 4137, "d": 21, "oob_score": 0.9957270881512827, "test_score": 0.995734010428455, "coverage": 0.7632850241545893, "width_mean": 0.10797226301982017, "width_sd": 0.12775954808660342, "width_min": 0.010839533881897179, "width_q1": 0.04629134029781484, "width_q2": 0.07173273482480771, "width_q3": 0.11251533037111663, "width_max": 1.0277091169464103}