{"data_name": "SML2010", "n_neighbors": "auto", "level": 0.8, "random_state": 4012, "test_size": 0.2, "n": 4137, "d": 21, "oob_score": 0.9954316346607748, "test_score": 0.9967881117961429, "coverage": 0.7922705314009661, "width_mean": 0.08986875008303327, "width_sd": 0.057943185915651334, "width_min": 0.00863467298706011, "width_q1": 0.0634343239732387, "width_q2": 0.08039209344941434, "width_q3": 0.10006278440833344, "width_max": 0.746494591672413}