{"data_name": "SML2010", "n_neighbors": "auto", "level": 0.9, "random_state": 8935, "test_size": 0.2, "n": 4137, "d": 21, "oob_score": 0.9955478078294021, "test_score": 0.9967400039008387, "coverage": 0.9142512077294686, "width_mean": 0.13094690153255759, "width_sd": 0.09870308526090049, "width_min": 0.013005027258301993, "width_q1": 0.08738171989860047, "width_q2": 0.10806636708365502, "width_q3": 0.13965047156740915, "width_max": 0.9980122266798296}