{"data_name": "SML2010", "n_neighbors": 2000, "level": 0.8, "random_state": 4506, "test_size": 0.2, "n": 4137, "d": 21, "oob_score": 0.9954187817884467, "test_score": 0.9963663599472773, "coverage": 0.8079710144927537, "width_mean": 0.09159590722972805, "width_sd": 0.0004852000013579828, "width_min": 0.09022033255673945, "width_q1": 0.09124508233191131, "width_q2": 0.09168434567319428, "width_q3": 0.09189573620375371, "width_max": 0.09285561915380336}