{"data_name": "SML2010", "n_neighbors": 50, "level": 0.8, "random_state": 1824, "test_size": 0.2, "n": 4137, "d": 21, "oob_score": 0.9954977545969768, "test_score": 0.9962942769722175, "coverage": 0.8405797101449275, "width_mean": 0.10234017349521478, "width_sd": 0.02168115027398888, "width_min": 0.05220370484219172, "width_q1": 0.08930279787931891, "width_q2": 0.10010661833910117, "width_q3": 0.11149642387784167, "width_max": 0.30835859077296457}