{"data_name": "SML2010", "n_neighbors": 10, "level": 0.8, "random_state": 4012, "test_size": 0.2, "n": 4137, "d": 21, "oob_score": 0.9954316346607748, "test_score": 0.9967881117961429, "coverage": 0.7814009661835749, "width_mean": 0.08804916084734538, "width_sd": 0.08217061058141938, "width_min": 0.005544615468259462, "width_q1": 0.04656482829448989, "width_q2": 0.06922898364045657, "width_q3": 0.09825500969652784, "width_max": 0.8822726066097366}