{"data_name": "SML2010", "n_neighbors": 20, "level": 0.8, "random_state": 8935, "test_size": 0.2, "n": 4137, "d": 21, "oob_score": 0.9955478078294021, "test_score": 0.9967400039008387, "coverage": 0.8079710144927537, "width_mean": 0.09198493195264633, "width_sd": 0.06484044212511572, "width_min": 0.01649109588900366, "width_q1": 0.06388186746834716, "width_q2": 0.07996166086219697, "width_q3": 0.10131664159977607, "width_max": 0.7827630747739482}