{"data_name": "SML2010", "n_neighbors": 1000, "level": 0.99, "random_state": 3657, "test_size": 0.2, "n": 4137, "d": 21, "oob_score": 0.9954528195684987, "test_score": 0.9941103506181499, "coverage": 0.9891304347826086, "width_mean": 0.659617962044225, "width_sd": 0.05244513881767985, "width_min": 0.6235826546855257, "width_q1": 0.6339041524586992, "width_q2": 0.6339041524586992, "width_q3": 0.6365362374179042, "width_max": 0.9194249908535845}