{"data_name": "SML2010", "n_neighbors": 5, "level": 0.8, "random_state": 1424, "test_size": 0.2, "n": 4137, "d": 21, "oob_score": 0.995741413174047, "test_score": 0.9955788633631314, "coverage": 0.6956521739130435, "width_mean": 0.07461755268838936, "width_sd": 0.0849654354029422, "width_min": 0.003834740118219493, "width_q1": 0.0335104981274916, "width_q2": 0.055582009029747526, "width_q3": 0.08390032026842412, "width_max": 0.8267284215181084}