{"data_name": "SML2010", "n_neighbors": 5, "level": 0.99, "random_state": 1824, "test_size": 0.2, "n": 4137, "d": 21, "oob_score": 0.9954977545969768, "test_score": 0.9962942769722175, "coverage": 0.7463768115942029, "width_mean": 0.10664979209398386, "width_sd": 0.1314085865909362, "width_min": 0.006966213517217934, "width_q1": 0.04496157949918239, "width_q2": 0.0704407768692446, "width_q3": 0.11071911471413717, "width_max": 1.236478201052841}