{"data_name": "SML2010", "n_neighbors": "all", "level": 0.9, "random_state": 2286, "test_size": 0.2, "n": 4137, "d": 21, "oob_score": 0.9958940746077594, "test_score": 0.9951618030406904, "coverage": 0.8997584541062802, "width_mean": 0.13043211708380187, "width_sd": 5.397300566952992e-17, "width_min": 0.13043211708380165, "width_q1": 0.13043211708380187, "width_q2": 0.13043211708380187, "width_q3": 0.13043211708380187, "width_max": 0.1304321170838021}