{"data_name": "SML2010", "n_neighbors": 2000, "level": 0.8, "random_state": 4012, "test_size": 0.2, "n": 4137, "d": 21, "oob_score": 0.9954316346607748, "test_score": 0.9967881117961429, "coverage": 0.785024154589372, "width_mean": 0.09046594633860146, "width_sd": 0.00034365926979892383, "width_min": 0.08941933655262979, "width_q1": 0.09020838805568102, "width_q2": 0.09032600192004958, "width_q3": 0.09074468421251813, "width_max": 0.09148045740830177}