{"data_name": "SML2010", "n_neighbors": 2000, "level": 0.8, "random_state": 409, "test_size": 0.2, "n": 4137, "d": 21, "oob_score": 0.9957270881512827, "test_score": 0.995734010428455, "coverage": 0.7958937198067633, "width_mean": 0.08757841112222746, "width_sd": 0.0002493280033438008, "width_min": 0.08702105451999764, "width_q1": 0.08739726775124622, "width_q2": 0.08751216224064429, "width_q3": 0.08770103144154748, "width_max": 0.08822949725891288}