{"data_name": "SML2010", "n_neighbors": 2000, "level": 0.99, "random_state": 9674, "test_size": 0.2, "n": 4137, "d": 21, "oob_score": 0.9955602298507373, "test_score": 0.9957573788000602, "coverage": 0.9879227053140096, "width_mean": 0.5880221007976986, "width_sd": 0.0022644083693461247, "width_min": 0.5873426905654868, "width_q1": 0.5875254752876212, "width_q2": 0.5875254752876213, "width_q3": 0.5875254752876213, "width_max": 0.6085037117972869}