{"data_name": "SML2010", "n_neighbors": "all", "level": 0.95, "random_state": 3657, "test_size": 0.2, "n": 4137, "d": 21, "oob_score": 0.9954528195684987, "test_score": 0.9941103506181499, "coverage": 0.9601449275362319, "width_mean": 0.17857208018621049, "width_sd": 4.968252904200169e-17, "width_min": 0.1785720801862103, "width_q1": 0.17857208018621046, "width_q2": 0.17857208018621049, "width_q3": 0.1785720801862105, "width_max": 0.17857208018621074}