{"data_name": "SML2010", "n_neighbors": 5, "level": 0.8, "random_state": 1824, "test_size": 0.2, "n": 4137, "d": 21, "oob_score": 0.9954977545969768, "test_score": 0.9962942769722175, "coverage": 0.6521739130434783, "width_mean": 0.07951224865090736, "width_sd": 0.09450977678103888, "width_min": 0.005893514614222717, "width_q1": 0.03434119032990207, "width_q2": 0.05417915123233029, "width_q3": 0.08565876548396328, "width_max": 0.8698899041979344}