{"data_name": "SML2010", "n_neighbors": 50, "level": 0.99, "random_state": 9674, "test_size": 0.2, "n": 4137, "d": 21, "oob_score": 0.9955602298507373, "test_score": 0.9957573788000602, "coverage": 0.9734299516908212, "width_mean": 0.26674978551644735, "width_sd": 0.18423927534407394, "width_min": 0.09568213949689297, "width_q1": 0.1618054513517949, "width_q2": 0.1887262693681252, "width_q3": 0.2721812903611193, "width_max": 1.1258885442521145}