{"data_name": "SML2010", "n_neighbors": 1000, "level": 0.8, "random_state": 9674, "test_size": 0.2, "n": 4137, "d": 21, "oob_score": 0.9955602298507373, "test_score": 0.9957573788000602, "coverage": 0.785024154589372, "width_mean": 0.08178826663769809, "width_sd": 0.0010041646590911097, "width_min": 0.07936494299678515, "width_q1": 0.08117048272998587, "width_q2": 0.08160039560591971, "width_q3": 0.0820557453033972, "width_max": 0.086261277676181}