{"data_name": "SML2010", "n_neighbors": 10, "level": 0.99, "random_state": 4506, "test_size": 0.2, "n": 4137, "d": 21, "oob_score": 0.9954187817884467, "test_score": 0.9963663599472773, "coverage": 0.8828502415458938, "width_mean": 0.14428809695138803, "width_sd": 0.14275799502117612, "width_min": 0.023038943081493457, "width_q1": 0.07601980130249067, "width_q2": 0.10378867803866332, "width_q3": 0.142345147830565, "width_max": 1.208582008049634}