{"data_name": "SML2010", "n_neighbors": 50, "level": 0.9, "random_state": 4506, "test_size": 0.2, "n": 4137, "d": 21, "oob_score": 0.9954187817884467, "test_score": 0.9963663599472773, "coverage": 0.9347826086956522, "width_mean": 0.13757400430930827, "width_sd": 0.0511606917921299, "width_min": 0.06711841480462483, "width_q1": 0.11332094120641147, "width_q2": 0.13058894233472707, "width_q3": 0.14501784824953198, "width_max": 0.5788089712713778}