{"data_name": "SML2010", "n_neighbors": "auto", "level": 0.99, "random_state": 2286, "test_size": 0.2, "n": 4137, "d": 21, "oob_score": 0.9958940746077594, "test_score": 0.9951618030406904, "coverage": 0.961352657004831, "width_mean": 0.22790034080964, "width_sd": 0.18999587233256918, "width_min": 0.018758475793271057, "width_q1": 0.11693708339776276, "width_q2": 0.14749017219358218, "width_q3": 0.2574392410536297, "width_max": 1.1077025527229227}