{"data_name": "SML2010", "n_neighbors": 1000, "level": 0.99, "random_state": 1424, "test_size": 0.2, "n": 4137, "d": 21, "oob_score": 0.995741413174047, "test_score": 0.9955788633631314, "coverage": 0.9879227053140096, "width_mean": 0.3868775584074313, "width_sd": 0.040306205737104625, "width_min": 0.3693004231071426, "width_q1": 0.3693004231071426, "width_q2": 0.36930042310714273, "width_q3": 0.36930042310714284, "width_max": 0.61182760488031}