{"data_name": "SML2010", "n_neighbors": 1000, "level": 0.95, "random_state": 4012, "test_size": 0.2, "n": 4137, "d": 21, "oob_score": 0.9954316346607748, "test_score": 0.9967881117961429, "coverage": 0.9432367149758454, "width_mean": 0.16768112778302507, "width_sd": 0.003105839312970878, "width_min": 0.1638847589141995, "width_q1": 0.16620011154722464, "width_q2": 0.1666219884609761, "width_q3": 0.16853564564298584, "width_max": 0.1848473613077395}