{"data_name": "SML2010", "n_neighbors": "all", "level": 0.9, "random_state": 1424, "test_size": 0.2, "n": 4137, "d": 21, "oob_score": 0.995741413174047, "test_score": 0.9955788633631314, "coverage": 0.9166666666666666, "width_mean": 0.1314079207873492, "width_sd": 6.950951070088038e-17, "width_min": 0.1314079207873491, "width_q1": 0.1314079207873491, "width_q2": 0.1314079207873492, "width_q3": 0.13140792078734925, "width_max": 0.1314079207873493}