{"data_name": "SML2010", "n_neighbors": 10, "level": 0.9, "random_state": 1679, "test_size": 0.2, "n": 4137, "d": 21, "oob_score": 0.9956886731640523, "test_score": 0.9942235771245732, "coverage": 0.8454106280193237, "width_mean": 0.11604126624460334, "width_sd": 0.10894955000046122, "width_min": 0.012086193903915632, "width_q1": 0.06324834500707097, "width_q2": 0.0882447818622125, "width_q3": 0.1196465299972907, "width_max": 1.0162547684539798}