{"data_name": "SML2010", "n_neighbors": 100, "level": 0.95, "random_state": 1424, "test_size": 0.2, "n": 4137, "d": 21, "oob_score": 0.995741413174047, "test_score": 0.9955788633631314, "coverage": 0.9710144927536232, "width_mean": 0.2812910050164411, "width_sd": 0.06314285064023484, "width_min": 0.189530909056692, "width_q1": 0.25944376566634086, "width_q2": 0.26248640090241127, "width_q3": 0.2714924418143148, "width_max": 0.7973157295800344}