{"data_name": "SML2010", "n_neighbors": 500, "level": 0.99, "random_state": 409, "test_size": 0.2, "n": 4137, "d": 21, "oob_score": 0.9957270881512827, "test_score": 0.995734010428455, "coverage": 0.9915458937198067, "width_mean": 0.5640978906843452, "width_sd": 0.023893953182949415, "width_min": 0.5533046590486292, "width_q1": 0.5533046590486295, "width_q2": 0.5533046590486295, "width_q3": 0.5678867145202701, "width_max": 0.782436587155911}