{"data_name": "SML2010", "n_neighbors": 2000, "level": 0.99, "random_state": 3657, "test_size": 0.2, "n": 4137, "d": 21, "oob_score": 0.9954528195684987, "test_score": 0.9941103506181499, "coverage": 0.9855072463768116, "width_mean": 0.6080396687458025, "width_sd": 0.004303571426696034, "width_min": 0.6031825492480709, "width_q1": 0.6031825492480711, "width_q2": 0.6092204380995501, "width_q3": 0.6092204380995501, "width_max": 0.6278530467325469}