{"data_name": "SML2010", "n_neighbors": 5, "level": 0.95, "random_state": 409, "test_size": 0.2, "n": 4137, "d": 21, "oob_score": 0.9957270881512827, "test_score": 0.995734010428455, "coverage": 0.748792270531401, "width_mean": 0.10220537977184165, "width_sd": 0.11934197600641405, "width_min": 0.010544557322048509, "width_q1": 0.04416395568521142, "width_q2": 0.06823832088089454, "width_q3": 0.10655192641731157, "width_max": 0.9494988824649866}