{"data_name": "SML2010", "n_neighbors": 500, "level": 0.95, "random_state": 3657, "test_size": 0.2, "n": 4137, "d": 21, "oob_score": 0.9954528195684987, "test_score": 0.9941103506181499, "coverage": 0.966183574879227, "width_mean": 0.19233810807917745, "width_sd": 0.012625200737810245, "width_min": 0.17462218708567168, "width_q1": 0.18468824242891368, "width_q2": 0.18797594758414, "width_q3": 0.19802128770131366, "width_max": 0.25915959087746226}