{"data_name": "SML2010", "n_neighbors": 2000, "level": 0.95, "random_state": 409, "test_size": 0.2, "n": 4137, "d": 21, "oob_score": 0.9957270881512827, "test_score": 0.995734010428455, "coverage": 0.9432367149758454, "width_mean": 0.16961145652290902, "width_sd": 0.0012525198933381516, "width_min": 0.16705863755447514, "width_q1": 0.16861134897291963, "width_q2": 0.16986093212682807, "width_q3": 0.1699711479348638, "width_max": 0.17675705648941975}