{"data_name": "SML2010", "n_neighbors": 500, "level": 0.99, "random_state": 1424, "test_size": 0.2, "n": 4137, "d": 21, "oob_score": 0.995741413174047, "test_score": 0.9955788633631314, "coverage": 0.9927536231884058, "width_mean": 0.5351603418205051, "width_sd": 0.04058286828967798, "width_min": 0.47525088779029234, "width_q1": 0.5224143954759828, "width_q2": 0.5224143954759828, "width_q3": 0.522414395475983, "width_max": 0.8137468021569609}