{"data_name": "SML2010", "n_neighbors": 20, "level": 0.9, "random_state": 8935, "test_size": 0.2, "n": 4137, "d": 21, "oob_score": 0.9955478078294021, "test_score": 0.9967400039008387, "coverage": 0.9045893719806763, "width_mean": 0.12828134989900708, "width_sd": 0.10589376868214859, "width_min": 0.02247313088213021, "width_q1": 0.08155712888901118, "width_q2": 0.10263173995231933, "width_q3": 0.1335137170607929, "width_max": 1.024147306668984}