{"data_name": "SML2010", "n_neighbors": 10, "level": 0.95, "random_state": 3657, "test_size": 0.2, "n": 4137, "d": 21, "oob_score": 0.9954528195684987, "test_score": 0.9941103506181499, "coverage": 0.8586956521739131, "width_mean": 0.14138394801069742, "width_sd": 0.13796268254468996, "width_min": 0.005153043403005153, "width_q1": 0.07395831470247115, "width_q2": 0.10199958944863668, "width_q3": 0.14197324292481261, "width_max": 0.9759278072123867}