{"data_name": "SML2010", "n_neighbors": 10, "level": 0.95, "random_state": 1824, "test_size": 0.2, "n": 4137, "d": 21, "oob_score": 0.9954977545969768, "test_score": 0.9962942769722175, "coverage": 0.8538647342995169, "width_mean": 0.14409938746292822, "width_sd": 0.14489186299967535, "width_min": 0.018457485012812302, "width_q1": 0.07164445740328368, "width_q2": 0.098691038520351, "width_q3": 0.1418281927970882, "width_max": 1.0827225731431358}