{"data_name": "SML2010", "n_neighbors": 50, "level": 0.95, "random_state": 9674, "test_size": 0.2, "n": 4137, "d": 21, "oob_score": 0.9955602298507373, "test_score": 0.9957573788000602, "coverage": 0.9432367149758454, "width_mean": 0.1784806767262236, "width_sd": 0.10099690010553536, "width_min": 0.08423297110967481, "width_q1": 0.13462968713447218, "width_q2": 0.1515640221779464, "width_q3": 0.17550459147069297, "width_max": 0.8247838010692399}