{"data_name": "SML2010", "n_neighbors": "auto", "level": 0.95, "random_state": 1424, "test_size": 0.2, "n": 4137, "d": 21, "oob_score": 0.995741413174047, "test_score": 0.9955788633631314, "coverage": 0.9347826086956522, "width_mean": 0.16966020093197393, "width_sd": 0.12667752769882085, "width_min": 0.015445162396348522, "width_q1": 0.1042626616511792, "width_q2": 0.13281765523318023, "width_q3": 0.18429617610129573, "width_max": 1.0072633216301479}