{"data_name": "SML2010", "n_neighbors": "all", "level": 0.8, "random_state": 4012, "test_size": 0.2, "n": 4137, "d": 21, "oob_score": 0.9954316346607748, "test_score": 0.9967881117961429, "coverage": 0.7874396135265701, "width_mean": 0.09152116038154065, "width_sd": 4.4315277079856156e-17, "width_min": 0.09152116038154046, "width_q1": 0.09152116038154062, "width_q2": 0.09152116038154065, "width_q3": 0.09152116038154068, "width_max": 0.0915211603815409}