{"data_name": "SML2010", "n_neighbors": "all", "level": 0.8, "random_state": 2286, "test_size": 0.2, "n": 4137, "d": 21, "oob_score": 0.9958940746077594, "test_score": 0.9951618030406904, "coverage": 0.8140096618357487, "width_mean": 0.08930659583112972, "width_sd": 5.523390878819007e-17, "width_min": 0.08930659583112965, "width_q1": 0.08930659583112965, "width_q2": 0.08930659583112974, "width_q3": 0.08930659583112976, "width_max": 0.08930659583112988}