{"data_name": "SML2010", "n_neighbors": 100, "level": 0.8, "random_state": 4506, "test_size": 0.2, "n": 4137, "d": 21, "oob_score": 0.9954187817884467, "test_score": 0.9963663599472773, "coverage": 0.8176328502415459, "width_mean": 0.08937078377194055, "width_sd": 0.013170632979427405, "width_min": 0.06453858572249815, "width_q1": 0.07960388668154528, "width_q2": 0.08667495726828184, "width_q3": 0.09717005322061116, "width_max": 0.14932733217799626}