{"data_name": "SML2010", "n_neighbors": "auto", "level": 0.8, "random_state": 1679, "test_size": 0.2, "n": 4137, "d": 21, "oob_score": 0.9956886731640523, "test_score": 0.9942235771245732, "coverage": 0.7789855072463768, "width_mean": 0.08663310744264013, "width_sd": 0.05336953421669636, "width_min": 0.011582585428629777, "width_q1": 0.06291382979443369, "width_q2": 0.08010528423211061, "width_q3": 0.09734657218440744, "width_max": 0.6783258694729706}