{"data_name": "SML2010", "n_neighbors": 1000, "level": 0.8, "random_state": 4012, "test_size": 0.2, "n": 4137, "d": 21, "oob_score": 0.9954316346607748, "test_score": 0.9967881117961429, "coverage": 0.7765700483091788, "width_mean": 0.08731171714792751, "width_sd": 0.0009710696312682414, "width_min": 0.08513961612259802, "width_q1": 0.08657904738016958, "width_q2": 0.0872441453531721, "width_q3": 0.08799264597304025, "width_max": 0.09080531489668145}