{"data_name": "SML2010", "n_neighbors": 10, "level": 0.9, "random_state": 4012, "test_size": 0.2, "n": 4137, "d": 21, "oob_score": 0.9954316346607748, "test_score": 0.9967881117961429, "coverage": 0.8538647342995169, "width_mean": 0.12176549085280919, "width_sd": 0.1117762464117493, "width_min": 0.007449090594970897, "width_q1": 0.06370852985610027, "width_q2": 0.08974605996358093, "width_q3": 0.12919313246975347, "width_max": 0.9896507397354758}