{"data_name": "SML2010", "n_neighbors": 50, "level": 0.95, "random_state": 3657, "test_size": 0.2, "n": 4137, "d": 21, "oob_score": 0.9954528195684987, "test_score": 0.9941103506181499, "coverage": 0.9432367149758454, "width_mean": 0.17223934702170202, "width_sd": 0.11007808992906144, "width_min": 0.07032664585632509, "width_q1": 0.12153889267443335, "width_q2": 0.1393693642022208, "width_q3": 0.17113044177983117, "width_max": 0.9381937043249265}