{"data_name": "SML2010", "n_neighbors": 200, "level": 0.8, "random_state": 9674, "test_size": 0.2, "n": 4137, "d": 21, "oob_score": 0.9955602298507373, "test_score": 0.9957573788000602, "coverage": 0.8164251207729468, "width_mean": 0.08924913453426661, "width_sd": 0.007671353043045106, "width_min": 0.07002207033347885, "width_q1": 0.08383594789565728, "width_q2": 0.08688661744596947, "width_q3": 0.09696349400867726, "width_max": 0.11717236416275473}