{"data_name": "SML2010", "n_neighbors": 50, "level": 0.9, "random_state": 1824, "test_size": 0.2, "n": 4137, "d": 21, "oob_score": 0.9954977545969768, "test_score": 0.9962942769722175, "coverage": 0.9178743961352657, "width_mean": 0.1427978234561079, "width_sd": 0.05237013391391854, "width_min": 0.06426845368024892, "width_q1": 0.1215326625252301, "width_q2": 0.13138166617698896, "width_q3": 0.14468475370704068, "width_max": 0.5844673720415262}