{"data_name": "SML2010", "n_neighbors": 2000, "level": 0.9, "random_state": 1679, "test_size": 0.2, "n": 4137, "d": 21, "oob_score": 0.9956886731640523, "test_score": 0.9942235771245732, "coverage": 0.8852657004830918, "width_mean": 0.12858954148295237, "width_sd": 0.0004763882689482695, "width_min": 0.1277001838643529, "width_q1": 0.1283340079445151, "width_q2": 0.1283958711556769, "width_q3": 0.12869906615320595, "width_max": 0.13122564794345049}