{"data_name": "SML2010", "n_neighbors": "all", "level": 0.95, "random_state": 4506, "test_size": 0.2, "n": 4137, "d": 21, "oob_score": 0.9954187817884467, "test_score": 0.9963663599472773, "coverage": 0.9577294685990339, "width_mean": 0.1776608059385809, "width_sd": 7.723814357494517e-17, "width_min": 0.1776608059385807, "width_q1": 0.1776608059385809, "width_q2": 0.1776608059385809, "width_q3": 0.17766080593858097, "width_max": 0.17766080593858102}