{"data_name": "SML2010", "n_neighbors": 100, "level": 0.9, "random_state": 1679, "test_size": 0.2, "n": 4137, "d": 21, "oob_score": 0.9956886731640523, "test_score": 0.9942235771245732, "coverage": 0.8997584541062802, "width_mean": 0.1330909483660622, "width_sd": 0.03665105975536048, "width_min": 0.09742045575620487, "width_q1": 0.11974252520832603, "width_q2": 0.12515540268817746, "width_q3": 0.13488669426091038, "width_max": 0.4885252995653353}