{"data_name": "SML2010", "n_neighbors": 50, "level": 0.99, "random_state": 1424, "test_size": 0.2, "n": 4137, "d": 21, "oob_score": 0.995741413174047, "test_score": 0.9955788633631314, "coverage": 0.9818840579710145, "width_mean": 0.3647225844519717, "width_sd": 0.1534495161113312, "width_min": 0.1248211239077639, "width_q1": 0.26671385987892954, "width_q2": 0.36290775427395805, "width_q3": 0.3901110104610679, "width_max": 1.172140291777981}