{"data_name": "SML2010", "n_neighbors": 1000, "level": 0.8, "random_state": 1679, "test_size": 0.2, "n": 4137, "d": 21, "oob_score": 0.9956886731640523, "test_score": 0.9942235771245732, "coverage": 0.8043478260869565, "width_mean": 0.09063815622810154, "width_sd": 0.0005628890605071729, "width_min": 0.08931602179973774, "width_q1": 0.09024806005508657, "width_q2": 0.09057229116421021, "width_q3": 0.09094450946037125, "width_max": 0.09282584429206431}