{"data_name": "SML2010", "n_neighbors": 200, "level": 0.99, "random_state": 1824, "test_size": 0.2, "n": 4137, "d": 21, "oob_score": 0.9954977545969768, "test_score": 0.9962942769722175, "coverage": 0.9867149758454107, "width_mean": 0.35142783621007195, "width_sd": 0.07529049415262433, "width_min": 0.2766034462393214, "width_q1": 0.3178744654341692, "width_q2": 0.3178744654341693, "width_q3": 0.35900883685546336, "width_max": 0.8585592676790034}