{"data_name": "SML2010", "n_neighbors": 50, "level": 0.9, "random_state": 8935, "test_size": 0.2, "n": 4137, "d": 21, "oob_score": 0.9955478078294021, "test_score": 0.9967400039008387, "coverage": 0.9070048309178744, "width_mean": 0.12470117614891015, "width_sd": 0.05594451941916059, "width_min": 0.0694449961576955, "width_q1": 0.10071579623298255, "width_q2": 0.11264795067681246, "width_q3": 0.13080314203102456, "width_max": 0.6731157759971755}