{"data_name": "SML2010", "n_neighbors": 100, "level": 0.99, "random_state": 4012, "test_size": 0.2, "n": 4137, "d": 21, "oob_score": 0.9954316346607748, "test_score": 0.9967881117961429, "coverage": 0.9818840579710145, "width_mean": 0.2766302860947442, "width_sd": 0.14500347381068338, "width_min": 0.16549766845251826, "width_q1": 0.1877483985143471, "width_q2": 0.22490115576181616, "width_q3": 0.2797221515216381, "width_max": 1.142955703828268}