{"data_name": "SML2010", "n_neighbors": 500, "level": 0.8, "random_state": 1424, "test_size": 0.2, "n": 4137, "d": 21, "oob_score": 0.995741413174047, "test_score": 0.9955788633631314, "coverage": 0.8079710144927537, "width_mean": 0.08762798001761792, "width_sd": 0.002258872818455719, "width_min": 0.08209154925907713, "width_q1": 0.08593440859828945, "width_q2": 0.08760250341833592, "width_q3": 0.08898039676781372, "width_max": 0.09827578801223791}