{"data_name": "SML2010", "n_neighbors": 2000, "level": 0.8, "random_state": 1424, "test_size": 0.2, "n": 4137, "d": 21, "oob_score": 0.995741413174047, "test_score": 0.9955788633631314, "coverage": 0.8103864734299517, "width_mean": 0.08945473997565982, "width_sd": 0.00036810314691684083, "width_min": 0.08827382124916311, "width_q1": 0.08918054147241838, "width_q2": 0.08947180389220336, "width_q3": 0.08969141377363743, "width_max": 0.09078281622495488}