{"data_name": "SML2010", "n_neighbors": 5, "level": 0.8, "random_state": 4012, "test_size": 0.2, "n": 4137, "d": 21, "oob_score": 0.9954316346607748, "test_score": 0.9967881117961429, "coverage": 0.6908212560386473, "width_mean": 0.07498626286371093, "width_sd": 0.08268947448209474, "width_min": 0.0015700170300876337, "width_q1": 0.03333586029563829, "width_q2": 0.05278060063660506, "width_q3": 0.08143031596571083, "width_max": 0.8220058266657398}