{"data_name": "SML2010", "n_neighbors": 200, "level": 0.95, "random_state": 4012, "test_size": 0.2, "n": 4137, "d": 21, "oob_score": 0.9954316346607748, "test_score": 0.9967881117961429, "coverage": 0.9347826086956522, "width_mean": 0.15812623704427042, "width_sd": 0.0207790526723498, "width_min": 0.14752332174567528, "width_q1": 0.14834310939173512, "width_q2": 0.15676017704278644, "width_q3": 0.15871619992929453, "width_max": 0.4063537484880113}