{"data_name": "SML2010", "n_neighbors": 500, "level": 0.9, "random_state": 1424, "test_size": 0.2, "n": 4137, "d": 21, "oob_score": 0.995741413174047, "test_score": 0.9955788633631314, "coverage": 0.9142512077294686, "width_mean": 0.12910677725815237, "width_sd": 0.0021102665239815395, "width_min": 0.12244197448746785, "width_q1": 0.1279251365304035, "width_q2": 0.1283662561015934, "width_q3": 0.12967597483293436, "width_max": 0.1438864117369888}