{"data_name": "SML2010", "n_neighbors": 100, "level": 0.95, "random_state": 4012, "test_size": 0.2, "n": 4137, "d": 21, "oob_score": 0.9954316346607748, "test_score": 0.9967881117961429, "coverage": 0.9541062801932367, "width_mean": 0.1682014424076415, "width_sd": 0.05197587844926026, "width_min": 0.11461542731494037, "width_q1": 0.1475379249735497, "width_q2": 0.15574159728283274, "width_q3": 0.16848122270437163, "width_max": 0.6222945598974046}