{"data_name": "SML2010", "n_neighbors": 200, "level": 0.99, "random_state": 4012, "test_size": 0.2, "n": 4137, "d": 21, "oob_score": 0.9954316346607748, "test_score": 0.9967881117961429, "coverage": 0.9903381642512077, "width_mean": 0.3241241584660782, "width_sd": 0.11643430105910431, "width_min": 0.20089350888630186, "width_q1": 0.2667010795820632, "width_q2": 0.26670107958206324, "width_q3": 0.29339701623300485, "width_max": 1.0515786013118051}