{"data_name": "SML2010", "n_neighbors": 10, "level": 0.9, "random_state": 1424, "test_size": 0.2, "n": 4137, "d": 21, "oob_score": 0.995741413174047, "test_score": 0.9955788633631314, "coverage": 0.855072463768116, "width_mean": 0.11530127391954599, "width_sd": 0.10685887312537161, "width_min": 0.010032806859133103, "width_q1": 0.06515429949231769, "width_q2": 0.0891581372175817, "width_q3": 0.12211144562233384, "width_max": 0.9426391314634484}