{"data_name": "SML2010", "n_neighbors": 500, "level": 0.9, "random_state": 8935, "test_size": 0.2, "n": 4137, "d": 21, "oob_score": 0.9955478078294021, "test_score": 0.9967400039008387, "coverage": 0.9057971014492754, "width_mean": 0.13021647236815223, "width_sd": 0.0023517078981742955, "width_min": 0.1232911203885958, "width_q1": 0.12923788852358653, "width_q2": 0.1297306535052547, "width_q3": 0.13069871892655088, "width_max": 0.14707228971472963}