{"data_name": "SML2010", "n_neighbors": 10, "level": 0.99, "random_state": 409, "test_size": 0.2, "n": 4137, "d": 21, "oob_score": 0.9957270881512827, "test_score": 0.995734010428455, "coverage": 0.8876811594202898, "width_mean": 0.15475508546457514, "width_sd": 0.16220371213547796, "width_min": 0.01972016204770899, "width_q1": 0.07653474158815296, "width_q2": 0.10248127672016827, "width_q3": 0.14901449544770545, "width_max": 1.1656302175037416}