{"data_name": "SML2010", "n_neighbors": 20, "level": 0.95, "random_state": 1824, "test_size": 0.2, "n": 4137, "d": 21, "oob_score": 0.9954977545969768, "test_score": 0.9962942769722175, "coverage": 0.9263285024154589, "width_mean": 0.18136995479538454, "width_sd": 0.1399716762619227, "width_min": 0.02593149896030633, "width_q1": 0.10208427031251718, "width_q2": 0.131746739479902, "width_q3": 0.19707825169113066, "width_max": 1.0323704099593412}