{"data_name": "SML2010", "n_neighbors": 100, "level": 0.9, "random_state": 2286, "test_size": 0.2, "n": 4137, "d": 21, "oob_score": 0.9958940746077594, "test_score": 0.9951618030406904, "coverage": 0.8816425120772947, "width_mean": 0.1120438915674557, "width_sd": 0.020120185420814146, "width_min": 0.08450034491398845, "width_q1": 0.1026678299309219, "width_q2": 0.10772375746199458, "width_q3": 0.11737771830715958, "width_max": 0.4018781654126068}