{"data_name": "SML2010", "n_neighbors": "all", "level": 0.8, "random_state": 4506, "test_size": 0.2, "n": 4137, "d": 21, "oob_score": 0.9954187817884467, "test_score": 0.9963663599472773, "coverage": 0.8067632850241546, "width_mean": 0.09067193180603597, "width_sd": 6.990159606947977e-17, "width_min": 0.09067193180603583, "width_q1": 0.09067193180603594, "width_q2": 0.09067193180603594, "width_q3": 0.09067193180603605, "width_max": 0.09067193180603628}