{"data_name": "SML2010", "n_neighbors": "auto", "level": 0.8, "random_state": 1424, "test_size": 0.2, "n": 4137, "d": 21, "oob_score": 0.995741413174047, "test_score": 0.9955788633631314, "coverage": 0.8019323671497585, "width_mean": 0.08901306658608328, "width_sd": 0.04803739889113258, "width_min": 0.011983796737145891, "width_q1": 0.06676613154070697, "width_q2": 0.08231446653972255, "width_q3": 0.10132163080304261, "width_max": 0.6393098122443743}