{"data_name": "SML2010", "n_neighbors": 100, "level": 0.9, "random_state": 8935, "test_size": 0.2, "n": 4137, "d": 21, "oob_score": 0.9955478078294021, "test_score": 0.9967400039008387, "coverage": 0.8888888888888888, "width_mean": 0.11314518271548973, "width_sd": 0.021816076674160332, "width_min": 0.07975518906134516, "width_q1": 0.10072752477770586, "width_q2": 0.10936941343457385, "width_q3": 0.12080080965183662, "width_max": 0.3447637082356725}