{"data_name": "SML2010", "n_neighbors": 10, "level": 0.99, "random_state": 9674, "test_size": 0.2, "n": 4137, "d": 21, "oob_score": 0.9955602298507373, "test_score": 0.9957573788000602, "coverage": 0.892512077294686, "width_mean": 0.1510723174780895, "width_sd": 0.15547366311970393, "width_min": 0.009931344323647284, "width_q1": 0.07420992899339947, "width_q2": 0.1055729562812647, "width_q3": 0.14826766687993378, "width_max": 1.158851040812325}