{"data_name": "SML2010", "n_neighbors": 5, "level": 0.99, "random_state": 2286, "test_size": 0.2, "n": 4137, "d": 21, "oob_score": 0.9958940746077594, "test_score": 0.9951618030406904, "coverage": 0.7524154589371981, "width_mean": 0.0964954558344546, "width_sd": 0.10808836144471233, "width_min": 0.006353585021015462, "width_q1": 0.04479859907127354, "width_q2": 0.07091059432742713, "width_q3": 0.10752234505161704, "width_max": 0.9632021504728661}