{"data_name": "SML2010", "n_neighbors": 5, "level": 0.8, "random_state": 8935, "test_size": 0.2, "n": 4137, "d": 21, "oob_score": 0.9955478078294021, "test_score": 0.9967400039008387, "coverage": 0.6582125603864735, "width_mean": 0.07527666320016473, "width_sd": 0.08733874761260155, "width_min": 0.0036393438994510863, "width_q1": 0.03299190980313521, "width_q2": 0.05230905936984753, "width_q3": 0.08239819716869244, "width_max": 0.8365260022587508}