{"data_name": "SML2010", "n_neighbors": 200, "level": 0.9, "random_state": 9674, "test_size": 0.2, "n": 4137, "d": 21, "oob_score": 0.9955602298507373, "test_score": 0.9957573788000602, "coverage": 0.9070048309178744, "width_mean": 0.12916241258406416, "width_sd": 0.008015732338844186, "width_min": 0.10762493257498967, "width_q1": 0.12416423132528526, "width_q2": 0.12775606922057212, "width_q3": 0.1321594617550595, "width_max": 0.17702273910658523}