{"data_name": "SML2010", "n_neighbors": 100, "level": 0.8, "random_state": 3657, "test_size": 0.2, "n": 4137, "d": 21, "oob_score": 0.9954528195684987, "test_score": 0.9941103506181499, "coverage": 0.8272946859903382, "width_mean": 0.09056717070002893, "width_sd": 0.011653236002952611, "width_min": 0.0625092649256217, "width_q1": 0.08372017780000257, "width_q2": 0.089132854332754, "width_q3": 0.09727882875121538, "width_max": 0.14384836955111568}