{"data_name": "SML2010", "n_neighbors": 100, "level": 0.9, "random_state": 4506, "test_size": 0.2, "n": 4137, "d": 21, "oob_score": 0.9954187817884467, "test_score": 0.9963663599472773, "coverage": 0.9190821256038647, "width_mean": 0.13655834639771605, "width_sd": 0.017010206809783077, "width_min": 0.09577911640434414, "width_q1": 0.12702230039645604, "width_q2": 0.13585047638010372, "width_q3": 0.142920538322287, "width_max": 0.3130430000818252}