{"data_name": "SML2010", "n_neighbors": 20, "level": 0.8, "random_state": 1824, "test_size": 0.2, "n": 4137, "d": 21, "oob_score": 0.9954977545969768, "test_score": 0.9962942769722175, "coverage": 0.7971014492753623, "width_mean": 0.09275013850365055, "width_sd": 0.061926788390964806, "width_min": 0.015154598855064538, "width_q1": 0.06431805383666027, "width_q2": 0.08265795371924001, "width_q3": 0.10410801056398736, "width_max": 0.6516601041784942}