{"data_name": "SML2010", "n_neighbors": 10, "level": 0.8, "random_state": 4506, "test_size": 0.2, "n": 4137, "d": 21, "oob_score": 0.9954187817884467, "test_score": 0.9963663599472773, "coverage": 0.7524154589371981, "width_mean": 0.08296649709484458, "width_sd": 0.07839673714722419, "width_min": 0.00832402034774038, "width_q1": 0.04770907357639695, "width_q2": 0.06742394678234159, "width_q3": 0.09205457624553418, "width_max": 0.9210224426334832}