{"data_name": "SML2010", "n_neighbors": 100, "level": 0.9, "random_state": 409, "test_size": 0.2, "n": 4137, "d": 21, "oob_score": 0.9957270881512827, "test_score": 0.995734010428455, "coverage": 0.8913043478260869, "width_mean": 0.11447976290008835, "width_sd": 0.02013802677138061, "width_min": 0.07979051935835657, "width_q1": 0.10199591221848753, "width_q2": 0.10965906253906466, "width_q3": 0.12178798539081756, "width_max": 0.26245006631263235}