{"data_name": "SML2010", "n_neighbors": 2000, "level": 0.9, "random_state": 1424, "test_size": 0.2, "n": 4137, "d": 21, "oob_score": 0.995741413174047, "test_score": 0.9955788633631314, "coverage": 0.9094202898550725, "width_mean": 0.12748000158775954, "width_sd": 0.0009280034580829503, "width_min": 0.12603027989690851, "width_q1": 0.12665533318796085, "width_q2": 0.1271583606447822, "width_q3": 0.12811698965240792, "width_max": 0.13032587756766412}