{"data_name": "SML2010", "n_neighbors": 50, "level": 0.99, "random_state": 8935, "test_size": 0.2, "n": 4137, "d": 21, "oob_score": 0.9955478078294021, "test_score": 0.9967400039008387, "coverage": 0.9855072463768116, "width_mean": 0.2555847192563513, "width_sd": 0.16912696575584904, "width_min": 0.10189163322805306, "width_q1": 0.1568432960238585, "width_q2": 0.18446504520297768, "width_q3": 0.2782573222454704, "width_max": 1.2141217555823531}