{"data_name": "SML2010", "n_neighbors": 2000, "level": 0.95, "random_state": 8935, "test_size": 0.2, "n": 4137, "d": 21, "oob_score": 0.9955478078294021, "test_score": 0.9967400039008387, "coverage": 0.961352657004831, "width_mean": 0.1808490782143215, "width_sd": 0.0005865583512671927, "width_min": 0.18022048000868662, "width_q1": 0.1806833597920421, "width_q2": 0.18068335979204214, "width_q3": 0.18099467262226132, "width_max": 0.18532657082323217}