{"data_name": "SML2010", "n_neighbors": "all", "level": 0.95, "random_state": 4012, "test_size": 0.2, "n": 4137, "d": 21, "oob_score": 0.9954316346607748, "test_score": 0.9967881117961429, "coverage": 0.9432367149758454, "width_mean": 0.1780324318606297, "width_sd": 6.915389235677177e-17, "width_min": 0.17803243186062945, "width_q1": 0.17803243186062967, "width_q2": 0.17803243186062967, "width_q3": 0.17803243186062967, "width_max": 0.1780324318606299}