{"data_name": "SML2010", "n_neighbors": 2000, "level": 0.9, "random_state": 1824, "test_size": 0.2, "n": 4137, "d": 21, "oob_score": 0.9954977545969768, "test_score": 0.9962942769722175, "coverage": 0.8973429951690821, "width_mean": 0.1312037834365066, "width_sd": 0.0004858640143071294, "width_min": 0.13028246944524013, "width_q1": 0.1308719074152802, "width_q2": 0.13113730649940947, "width_q3": 0.1313161667257391, "width_max": 0.13326871026108555}