{"data_name": "SML2010", "n_neighbors": 10, "level": 0.9, "random_state": 4506, "test_size": 0.2, "n": 4137, "d": 21, "oob_score": 0.9954187817884467, "test_score": 0.9963663599472773, "coverage": 0.8429951690821256, "width_mean": 0.11524102333513057, "width_sd": 0.10766666604707105, "width_min": 0.01852674501737228, "width_q1": 0.06428219469883953, "width_q2": 0.08733536212285148, "width_q3": 0.11727941500839671, "width_max": 1.072369582326194}