{"data_name": "SML2010", "n_neighbors": 1000, "level": 0.8, "random_state": 1424, "test_size": 0.2, "n": 4137, "d": 21, "oob_score": 0.995741413174047, "test_score": 0.9955788633631314, "coverage": 0.8055555555555556, "width_mean": 0.08672481159590004, "width_sd": 0.0007032772721653122, "width_min": 0.0851596575090483, "width_q1": 0.08629333397084915, "width_q2": 0.08658100606025138, "width_q3": 0.08712205615844881, "width_max": 0.0900453791793343}