{"data_name": "SML2010", "n_neighbors": 1000, "level": 0.9, "random_state": 1424, "test_size": 0.2, "n": 4137, "d": 21, "oob_score": 0.995741413174047, "test_score": 0.9955788633631314, "coverage": 0.9009661835748792, "width_mean": 0.12170366660524161, "width_sd": 0.0016519848533284702, "width_min": 0.11785497873733086, "width_q1": 0.12057066854288268, "width_q2": 0.12141444649699376, "width_q3": 0.12296556850749019, "width_max": 0.13181010483148778}