{"data_name": "SML2010", "n_neighbors": 1000, "level": 0.8, "random_state": 8935, "test_size": 0.2, "n": 4137, "d": 21, "oob_score": 0.9955478078294021, "test_score": 0.9967400039008387, "coverage": 0.8067632850241546, "width_mean": 0.09165645155764157, "width_sd": 0.0007470896442236189, "width_min": 0.09046328808983972, "width_q1": 0.09106139321096618, "width_q2": 0.09157600288278617, "width_q3": 0.09202760592275117, "width_max": 0.09404112280844468}