{"data_name": "SML2010", "n_neighbors": 1000, "level": 0.9, "random_state": 4506, "test_size": 0.2, "n": 4137, "d": 21, "oob_score": 0.9954187817884467, "test_score": 0.9963663599472773, "coverage": 0.9045893719806763, "width_mean": 0.12939678687519307, "width_sd": 0.0017779154484683808, "width_min": 0.12687673855169468, "width_q1": 0.12781873068922597, "width_q2": 0.12933882306339828, "width_q3": 0.13094201327082428, "width_max": 0.13685313482822553}