{"data_name": "SML2010", "n_neighbors": 50, "level": 0.8, "random_state": 4012, "test_size": 0.2, "n": 4137, "d": 21, "oob_score": 0.9954316346607748, "test_score": 0.9967881117961429, "coverage": 0.788647342995169, "width_mean": 0.0868794023131679, "width_sd": 0.024686741331085563, "width_min": 0.04732588939572313, "width_q1": 0.07247932305676266, "width_q2": 0.08011101066099618, "width_q3": 0.09495878289855408, "width_max": 0.33917526545463933}