{"data_name": "SML2010", "n_neighbors": 100, "level": 0.95, "random_state": 1824, "test_size": 0.2, "n": 4137, "d": 21, "oob_score": 0.9954977545969768, "test_score": 0.9962942769722175, "coverage": 0.9516908212560387, "width_mean": 0.18871060246551272, "width_sd": 0.047728376111074236, "width_min": 0.1294250944165672, "width_q1": 0.1629162737807145, "width_q2": 0.18253873090710804, "width_q3": 0.19218681709781793, "width_max": 0.5948387598260987}