{"data_name": "SML2010", "n_neighbors": "all", "level": 0.8, "random_state": 9674, "test_size": 0.2, "n": 4137, "d": 21, "oob_score": 0.9955602298507373, "test_score": 0.9957573788000602, "coverage": 0.8128019323671497, "width_mean": 0.09008780158766216, "width_sd": 6.243700774172596e-17, "width_min": 0.09008780158766205, "width_q1": 0.09008780158766216, "width_q2": 0.09008780158766216, "width_q3": 0.09008780158766219, "width_max": 0.09008780158766228}