{"data_name": "SML2010", "n_neighbors": "auto", "level": 0.9, "random_state": 1424, "test_size": 0.2, "n": 4137, "d": 21, "oob_score": 0.995741413174047, "test_score": 0.9955788633631314, "coverage": 0.8913043478260869, "width_mean": 0.12804689067404731, "width_sd": 0.08762493648029604, "width_min": 0.014568378952498406, "width_q1": 0.08968509376353913, "width_q2": 0.10965883658694732, "width_q3": 0.1363337007179038, "width_max": 0.9771013805246406}