{"data_name": "SML2010", "n_neighbors": 10, "level": 0.99, "random_state": 8935, "test_size": 0.2, "n": 4137, "d": 21, "oob_score": 0.9955478078294021, "test_score": 0.9967400039008387, "coverage": 0.8985507246376812, "width_mean": 0.14877876350030972, "width_sd": 0.15110191031916337, "width_min": 0.012494469995698143, "width_q1": 0.0749686824851313, "width_q2": 0.10362471930625938, "width_q3": 0.14843934227993058, "width_max": 1.2633908818681987}