{"data_name": "SML2010", "n_neighbors": 2000, "level": 0.99, "random_state": 1424, "test_size": 0.2, "n": 4137, "d": 21, "oob_score": 0.995741413174047, "test_score": 0.9955788633631314, "coverage": 0.9879227053140096, "width_mean": 0.5199254359882934, "width_sd": 0.012654272576708557, "width_min": 0.5048778165883114, "width_q1": 0.5208917952671034, "width_q2": 0.5208917952671035, "width_q3": 0.5208917952671035, "width_max": 0.5954933617365386}