{"data_name": "SML2010", "n_neighbors": 50, "level": 0.99, "random_state": 2286, "test_size": 0.2, "n": 4137, "d": 21, "oob_score": 0.9958940746077594, "test_score": 0.9951618030406904, "coverage": 0.9685990338164251, "width_mean": 0.31882542390375995, "width_sd": 0.18664094120983696, "width_min": 0.08669258127497242, "width_q1": 0.1503417891365035, "width_q2": 0.263991010220316, "width_q3": 0.4422762511817805, "width_max": 1.0854484909857054}