{"data_name": "SML2010", "n_neighbors": 5, "level": 0.99, "random_state": 3657, "test_size": 0.2, "n": 4137, "d": 21, "oob_score": 0.9954528195684987, "test_score": 0.9941103506181499, "coverage": 0.7681159420289855, "width_mean": 0.10301795762300692, "width_sd": 0.12929760626612435, "width_min": 0.004069518598674549, "width_q1": 0.04458946975855045, "width_q2": 0.07258992553191759, "width_q3": 0.11111590842219339, "width_max": 0.9858919462134406}