{"data_name": "SML2010", "n_neighbors": 5, "level": 0.95, "random_state": 1824, "test_size": 0.2, "n": 4137, "d": 21, "oob_score": 0.9954977545969768, "test_score": 0.9962942769722175, "coverage": 0.7282608695652174, "width_mean": 0.10093662505333614, "width_sd": 0.12339237779921632, "width_min": 0.006740382169219128, "width_q1": 0.04272006674035468, "width_q2": 0.06729649154580838, "width_q3": 0.10486302756691156, "width_max": 1.1376021346240734}