{"data_name": "SML2010", "n_neighbors": 100, "level": 0.95, "random_state": 409, "test_size": 0.2, "n": 4137, "d": 21, "oob_score": 0.9957270881512827, "test_score": 0.995734010428455, "coverage": 0.9516908212560387, "width_mean": 0.16562594333107955, "width_sd": 0.05745388885968684, "width_min": 0.1027626933788105, "width_q1": 0.1395921868876745, "width_q2": 0.1510044437727246, "width_q3": 0.1715690864470958, "width_max": 0.697968940696327}