{"data_name": "SML2010", "n_neighbors": 50, "level": 0.8, "random_state": 4506, "test_size": 0.2, "n": 4137, "d": 21, "oob_score": 0.9954187817884467, "test_score": 0.9963663599472773, "coverage": 0.8285024154589372, "width_mean": 0.09191787342176752, "width_sd": 0.026019698103498905, "width_min": 0.04298946212600785, "width_q1": 0.07491465998070594, "width_q2": 0.0867699542720517, "width_q3": 0.10566062233783928, "width_max": 0.3142242335503015}