{"data_name": "SML2010", "n_neighbors": 50, "level": 0.99, "random_state": 409, "test_size": 0.2, "n": 4137, "d": 21, "oob_score": 0.9957270881512827, "test_score": 0.995734010428455, "coverage": 0.9830917874396136, "width_mean": 0.27475481516715583, "width_sd": 0.18116119799048663, "width_min": 0.08090938237537676, "width_q1": 0.1621932893035951, "width_q2": 0.19083693481987352, "width_q3": 0.34879534388795785, "width_max": 1.1671804875069403}