{"data_name": "SML2010", "n_neighbors": 20, "level": 0.99, "random_state": 3657, "test_size": 0.2, "n": 4137, "d": 21, "oob_score": 0.9954528195684987, "test_score": 0.9941103506181499, "coverage": 0.9408212560386473, "width_mean": 0.21501951914591794, "width_sd": 0.17950849341825367, "width_min": 0.028767074512061175, "width_q1": 0.11456203525971617, "width_q2": 0.1481908691858082, "width_q3": 0.21740524251394644, "width_max": 1.131439409683307}