{"data_name": "SML2010", "n_neighbors": "auto", "level": 0.95, "random_state": 2286, "test_size": 0.2, "n": 4137, "d": 21, "oob_score": 0.9958940746077594, "test_score": 0.9951618030406904, "coverage": 0.9335748792270532, "width_mean": 0.1628148169238826, "width_sd": 0.11518170186701353, "width_min": 0.016674733233298156, "width_q1": 0.10204086187654224, "width_q2": 0.1270460114150027, "width_q3": 0.1707894517476477, "width_max": 0.8458396555966854}