{"data_name": "SML2010", "n_neighbors": 500, "level": 0.8, "random_state": 1824, "test_size": 0.2, "n": 4137, "d": 21, "oob_score": 0.9954977545969768, "test_score": 0.9962942769722175, "coverage": 0.7946859903381642, "width_mean": 0.08752422818706194, "width_sd": 0.001984875754344132, "width_min": 0.08380102880813373, "width_q1": 0.08605611046170009, "width_q2": 0.08690963410439623, "width_q3": 0.08895542103979617, "width_max": 0.09483255084851627}