{"data_name": "SML2010", "n_neighbors": 50, "level": 0.99, "random_state": 4506, "test_size": 0.2, "n": 4137, "d": 21, "oob_score": 0.9954187817884467, "test_score": 0.9963663599472773, "coverage": 0.9770531400966184, "width_mean": 0.27568509447284567, "width_sd": 0.15771328015738076, "width_min": 0.10017042426316258, "width_q1": 0.20367071533398387, "width_q2": 0.20791219549933992, "width_q3": 0.28617287859334534, "width_max": 1.1413166126306513}