{"data_name": "SML2010", "n_neighbors": 20, "level": 0.95, "random_state": 1679, "test_size": 0.2, "n": 4137, "d": 21, "oob_score": 0.9956886731640523, "test_score": 0.9942235771245732, "coverage": 0.9190821256038647, "width_mean": 0.16846385585026627, "width_sd": 0.1347156119862809, "width_min": 0.03173875213437549, "width_q1": 0.09903844319519178, "width_q2": 0.12457626285924092, "width_q3": 0.17161279144142758, "width_max": 1.0064294267894336}