{"data_name": "SML2010", "n_neighbors": 20, "level": 0.99, "random_state": 1824, "test_size": 0.2, "n": 4137, "d": 21, "oob_score": 0.9954977545969768, "test_score": 0.9962942769722175, "coverage": 0.9492753623188406, "width_mean": 0.22153344327766225, "width_sd": 0.1854498417390037, "width_min": 0.031107091823560307, "width_q1": 0.11408751048949003, "width_q2": 0.14753601455394666, "width_q3": 0.241250330811611, "width_max": 1.1643617635404264}