{"data_name": "SML2010", "n_neighbors": 2000, "level": 0.8, "random_state": 1679, "test_size": 0.2, "n": 4137, "d": 21, "oob_score": 0.9956886731640523, "test_score": 0.9942235771245732, "coverage": 0.8031400966183575, "width_mean": 0.09052093254345311, "width_sd": 0.0002965899426822718, "width_min": 0.08946312294622749, "width_q1": 0.09039135415372601, "width_q2": 0.09051267374442251, "width_q3": 0.09069744056646223, "width_max": 0.0913225556292826}