{"data_name": "SML2010", "n_neighbors": 5, "level": 0.9, "random_state": 1424, "test_size": 0.2, "n": 4137, "d": 21, "oob_score": 0.995741413174047, "test_score": 0.9955788633631314, "coverage": 0.7294685990338164, "width_mean": 0.08760674890057098, "width_sd": 0.10318593556844113, "width_min": 0.004805143566753767, "width_q1": 0.039388739695854366, "width_q2": 0.06533209580362692, "width_q3": 0.09741349603198005, "width_max": 0.9686913343492645}