{"data_name": "SML2010", "n_neighbors": "auto", "level": 0.95, "random_state": 1679, "test_size": 0.2, "n": 4137, "d": 21, "oob_score": 0.9956886731640523, "test_score": 0.9942235771245732, "coverage": 0.9227053140096618, "width_mean": 0.1729441003041699, "width_sd": 0.1305757006282401, "width_min": 0.021852820638395887, "width_q1": 0.10313867042281014, "width_q2": 0.13415634912115618, "width_q3": 0.17797310269680391, "width_max": 1.0668519535506649}