{"data_name": "SML2010", "n_neighbors": 200, "level": 0.95, "random_state": 1424, "test_size": 0.2, "n": 4137, "d": 21, "oob_score": 0.995741413174047, "test_score": 0.9955788633631314, "coverage": 0.9625603864734299, "width_mean": 0.18372259794174914, "width_sd": 0.04565430744034518, "width_min": 0.1484447570581743, "width_q1": 0.15767446192062895, "width_q2": 0.1653833736137979, "width_q3": 0.1923017235744261, "width_max": 0.5580785192284656}