{"data_name": "SML2010", "n_neighbors": 5, "level": 0.8, "random_state": 2286, "test_size": 0.2, "n": 4137, "d": 21, "oob_score": 0.9958940746077594, "test_score": 0.9951618030406904, "coverage": 0.6557971014492754, "width_mean": 0.07249612949383637, "width_sd": 0.07485960610130031, "width_min": 0.005189759158792828, "width_q1": 0.034727369497844704, "width_q2": 0.0544252608953526, "width_q3": 0.08167670738522986, "width_max": 0.6757547251140226}