{"data_name": "SML2010", "n_neighbors": 200, "level": 0.8, "random_state": 2286, "test_size": 0.2, "n": 4137, "d": 21, "oob_score": 0.9958940746077594, "test_score": 0.9951618030406904, "coverage": 0.7922705314009661, "width_mean": 0.0819476327316183, "width_sd": 0.005180159301648422, "width_min": 0.06808321838977749, "width_q1": 0.07852389736403398, "width_q2": 0.08129040687444888, "width_q3": 0.08485067469041435, "width_max": 0.10781803992986605}