{"data_name": "SML2010", "n_neighbors": 500, "level": 0.8, "random_state": 8935, "test_size": 0.2, "n": 4137, "d": 21, "oob_score": 0.9955478078294021, "test_score": 0.9967400039008387, "coverage": 0.8152173913043478, "width_mean": 0.09418740657676054, "width_sd": 0.0016782928960550197, "width_min": 0.09045559874839326, "width_q1": 0.0930494178152266, "width_q2": 0.09392461078407699, "width_q3": 0.09495046499511363, "width_max": 0.10080261722610606}