{"data_name": "SML2010", "n_neighbors": 50, "level": 0.9, "random_state": 3657, "test_size": 0.2, "n": 4137, "d": 21, "oob_score": 0.9954528195684987, "test_score": 0.9941103506181499, "coverage": 0.893719806763285, "width_mean": 0.12460738066709802, "width_sd": 0.06585271166342065, "width_min": 0.05476946229057711, "width_q1": 0.09478068129548098, "width_q2": 0.11146088333668913, "width_q3": 0.1324056941998386, "width_max": 0.7682820459775381}