{"data_name": "SML2010", "n_neighbors": 10, "level": 0.95, "random_state": 4506, "test_size": 0.2, "n": 4137, "d": 21, "oob_score": 0.9954187817884467, "test_score": 0.9963663599472773, "coverage": 0.8635265700483091, "width_mean": 0.1313782864552736, "width_sd": 0.1265687563884482, "width_min": 0.02119660495181508, "width_q1": 0.07129866081526198, "width_q2": 0.09544341239070014, "width_q3": 0.13161370982154627, "width_max": 1.1480431521725496}