{"data_name": "SML2010", "n_neighbors": 50, "level": 0.9, "random_state": 2286, "test_size": 0.2, "n": 4137, "d": 21, "oob_score": 0.9958940746077594, "test_score": 0.9951618030406904, "coverage": 0.8985507246376812, "width_mean": 0.12174857388144202, "width_sd": 0.04803263390097723, "width_min": 0.06215221990887415, "width_q1": 0.09895155468020639, "width_q2": 0.11319069633171472, "width_q3": 0.12942687277706344, "width_max": 0.5559705021008687}