{"data_name": "SML2010", "n_neighbors": 50, "level": 0.8, "random_state": 3657, "test_size": 0.2, "n": 4137, "d": 21, "oob_score": 0.9954528195684987, "test_score": 0.9941103506181499, "coverage": 0.7777777777777778, "width_mean": 0.08151165589253714, "width_sd": 0.025473730366280468, "width_min": 0.032118721037427855, "width_q1": 0.06447108563626025, "width_q2": 0.07752733538992823, "width_q3": 0.0940781744713872, "width_max": 0.32537788034007536}