{"data_name": "SML2010", "n_neighbors": "auto", "level": 0.9, "random_state": 4012, "test_size": 0.2, "n": 4137, "d": 21, "oob_score": 0.9954316346607748, "test_score": 0.9967881117961429, "coverage": 0.9009661835748792, "width_mean": 0.13301951828767436, "width_sd": 0.10281807274396255, "width_min": 0.008702776897646203, "width_q1": 0.0851945565904171, "width_q2": 0.10983334961139654, "width_q3": 0.1407083736879773, "width_max": 1.0307388252835614}