{"data_name": "SML2010", "n_neighbors": "all", "level": 0.95, "random_state": 1824, "test_size": 0.2, "n": 4137, "d": 21, "oob_score": 0.9954977545969768, "test_score": 0.9962942769722175, "coverage": 0.9456521739130435, "width_mean": 0.1716315480071175, "width_sd": 7.050625659310973e-17, "width_min": 0.17163154800711733, "width_q1": 0.17163154800711744, "width_q2": 0.1716315480071175, "width_q3": 0.17163154800711755, "width_max": 0.17163154800711755}