{"data_name": "SML2010", "n_neighbors": "all", "level": 0.95, "random_state": 409, "test_size": 0.2, "n": 4137, "d": 21, "oob_score": 0.9957270881512827, "test_score": 0.995734010428455, "coverage": 0.9444444444444444, "width_mean": 0.17242932842932715, "width_sd": 6.569725989334644e-17, "width_min": 0.172429328429327, "width_q1": 0.17242932842932718, "width_q2": 0.17242932842932718, "width_q3": 0.17242932842932723, "width_max": 0.17242932842932723}