{"data_name": "SML2010", "n_neighbors": 200, "level": 0.9, "random_state": 4506, "test_size": 0.2, "n": 4137, "d": 21, "oob_score": 0.9954187817884467, "test_score": 0.9963663599472773, "coverage": 0.9263285024154589, "width_mean": 0.14419564577650548, "width_sd": 0.006799811930289774, "width_min": 0.12435937162004945, "width_q1": 0.14243040749443203, "width_q2": 0.14388799904926475, "width_q3": 0.14584968070609783, "width_max": 0.19452233369731564}