{"data_name": "SML2010", "n_neighbors": 50, "level": 0.95, "random_state": 8935, "test_size": 0.2, "n": 4137, "d": 21, "oob_score": 0.9955478078294021, "test_score": 0.9967400039008387, "coverage": 0.9601449275362319, "width_mean": 0.16844177696071197, "width_sd": 0.10142211564005105, "width_min": 0.07523666648775951, "width_q1": 0.12267132748533838, "width_q2": 0.14227677996786248, "width_q3": 0.16408017015251902, "width_max": 0.9536962248168538}