{"data_name": "SML2010", "n_neighbors": 1000, "level": 0.8, "random_state": 1824, "test_size": 0.2, "n": 4137, "d": 21, "oob_score": 0.9954977545969768, "test_score": 0.9962942769722175, "coverage": 0.7983091787439613, "width_mean": 0.08868815912110248, "width_sd": 0.0008673102314369272, "width_min": 0.08681910587388697, "width_q1": 0.08803437544462889, "width_q2": 0.08866364752282019, "width_q3": 0.08924905417334311, "width_max": 0.09268892452375954}