{"data_name": "SML2010", "n_neighbors": 200, "level": 0.9, "random_state": 409, "test_size": 0.2, "n": 4137, "d": 21, "oob_score": 0.9957270881512827, "test_score": 0.995734010428455, "coverage": 0.9142512077294686, "width_mean": 0.130604695123826, "width_sd": 0.010036983230954418, "width_min": 0.10834759634675728, "width_q1": 0.12245752658705045, "width_q2": 0.12810915598810335, "width_q3": 0.13687099271537284, "width_max": 0.2035861015325957}