{"data_name": "SML2010", "n_neighbors": "all", "level": 0.9, "random_state": 4012, "test_size": 0.2, "n": 4137, "d": 21, "oob_score": 0.9954316346607748, "test_score": 0.9967881117961429, "coverage": 0.8913043478260869, "width_mean": 0.13488632073013987, "width_sd": 5.967893091960856e-17, "width_min": 0.13488632073013984, "width_q1": 0.13488632073013984, "width_q2": 0.13488632073013984, "width_q3": 0.1348863207301399, "width_max": 0.13488632073014006}