{"data_name": "SML2010", "n_neighbors": 20, "level": 0.8, "random_state": 2286, "test_size": 0.2, "n": 4137, "d": 21, "oob_score": 0.9958940746077594, "test_score": 0.9951618030406904, "coverage": 0.7971014492753623, "width_mean": 0.08870126231538447, "width_sd": 0.053766634975321456, "width_min": 0.016482991004619585, "width_q1": 0.06348415706964422, "width_q2": 0.0791828641252181, "width_q3": 0.09905368577262472, "width_max": 0.633644582188665}