{"data_name": "SML2010", "n_neighbors": "all", "level": 0.9, "random_state": 8935, "test_size": 0.2, "n": 4137, "d": 21, "oob_score": 0.9955478078294021, "test_score": 0.9967400039008387, "coverage": 0.9021739130434783, "width_mean": 0.12866113052215417, "width_sd": 7.704516852370227e-17, "width_min": 0.1286611305221541, "width_q1": 0.1286611305221542, "width_q2": 0.12866113052215422, "width_q3": 0.12866113052215422, "width_max": 0.12866113052215433}