{"data_name": "SML2010", "n_neighbors": 50, "level": 0.9, "random_state": 1679, "test_size": 0.2, "n": 4137, "d": 21, "oob_score": 0.9956886731640523, "test_score": 0.9942235771245732, "coverage": 0.8900966183574879, "width_mean": 0.12377621886332625, "width_sd": 0.057723447765624575, "width_min": 0.07505146290352815, "width_q1": 0.10309134666847472, "width_q2": 0.11098064794490067, "width_q3": 0.12454685187874644, "width_max": 0.6867118280814739}