{"data_name": "SML2010", "n_neighbors": 5, "level": 0.9, "random_state": 1824, "test_size": 0.2, "n": 4137, "d": 21, "oob_score": 0.9954977545969768, "test_score": 0.9962942769722175, "coverage": 0.6992753623188406, "width_mean": 0.09379516625252655, "width_sd": 0.11352612369630816, "width_min": 0.006458092984219732, "width_q1": 0.03954096941549161, "width_q2": 0.06304104702989516, "width_q3": 0.10017154762979713, "width_max": 1.0286802135518776}