{"data_name": "SML2010", "n_neighbors": 5, "level": 0.8, "random_state": 409, "test_size": 0.2, "n": 4137, "d": 21, "oob_score": 0.9957270881512827, "test_score": 0.995734010428455, "coverage": 0.6582125603864735, "width_mean": 0.08057956759192221, "width_sd": 0.08909922692834762, "width_min": 0.009226546670475289, "width_q1": 0.03617726676088044, "width_q2": 0.05579135430380802, "width_q3": 0.08566914963564054, "width_max": 0.8639313745156965}