{"data_name": "SML2010", "n_neighbors": 5, "level": 0.9, "random_state": 9674, "test_size": 0.2, "n": 4137, "d": 21, "oob_score": 0.9955602298507373, "test_score": 0.9957573788000602, "coverage": 0.7282608695652174, "width_mean": 0.08943966859902383, "width_sd": 0.10723398673852741, "width_min": 0.0036978763197903497, "width_q1": 0.04017990448521637, "width_q2": 0.06094521844573222, "width_q3": 0.09472935816259445, "width_max": 0.9811274372370471}