{"data_name": "SML2010", "n_neighbors": "all", "level": 0.95, "random_state": 8935, "test_size": 0.2, "n": 4137, "d": 21, "oob_score": 0.9955478078294021, "test_score": 0.9967400039008387, "coverage": 0.9589371980676329, "width_mean": 0.17828711568770908, "width_sd": 5.7761732733641e-17, "width_min": 0.17828711568770894, "width_q1": 0.17828711568770905, "width_q2": 0.17828711568770905, "width_q3": 0.1782871156877091, "width_max": 0.17828711568770927}