{"data_name": "SML2010", "n_neighbors": 20, "level": 0.95, "random_state": 3657, "test_size": 0.2, "n": 4137, "d": 21, "oob_score": 0.9954528195684987, "test_score": 0.9941103506181499, "coverage": 0.9178743961352657, "width_mean": 0.17824813084010502, "width_sd": 0.14217469997638324, "width_min": 0.02224583264347313, "width_q1": 0.10183941271811875, "width_q2": 0.13155664412653376, "width_q3": 0.18200064365689733, "width_max": 0.9969602536143788}