{"data_name": "SML2010", "n_neighbors": 500, "level": 0.99, "random_state": 9674, "test_size": 0.2, "n": 4137, "d": 21, "oob_score": 0.9955602298507373, "test_score": 0.9957573788000602, "coverage": 0.9879227053140096, "width_mean": 0.5709453946241081, "width_sd": 0.055873707242052977, "width_min": 0.5088045067145631, "width_q1": 0.5209703591445761, "width_q2": 0.5923325299556801, "width_q3": 0.5923325299556801, "width_max": 0.9108647368506494}