{"data_name": "SML2010", "n_neighbors": 2000, "level": 0.95, "random_state": 2286, "test_size": 0.2, "n": 4137, "d": 21, "oob_score": 0.9958940746077594, "test_score": 0.9951618030406904, "coverage": 0.9456521739130435, "width_mean": 0.17611460977166976, "width_sd": 0.0009929322533861911, "width_min": 0.17351353558508117, "width_q1": 0.17530925499289993, "width_q2": 0.1759723998411068, "width_q3": 0.1765550653977937, "width_max": 0.18072508547462263}