{"data_name": "SML2010", "n_neighbors": 200, "level": 0.95, "random_state": 409, "test_size": 0.2, "n": 4137, "d": 21, "oob_score": 0.9957270881512827, "test_score": 0.995734010428455, "coverage": 0.9541062801932367, "width_mean": 0.17680333692742883, "width_sd": 0.020227366864979036, "width_min": 0.1592016827686269, "width_q1": 0.16938354272221146, "width_q2": 0.16966288762874737, "width_q3": 0.1741140745012637, "width_max": 0.3848603016642989}