{"data_name": "SML2010", "n_neighbors": 20, "level": 0.9, "random_state": 1824, "test_size": 0.2, "n": 4137, "d": 21, "oob_score": 0.9954977545969768, "test_score": 0.9962942769722175, "coverage": 0.8828502415458938, "width_mean": 0.1311655941925377, "width_sd": 0.10060538944620144, "width_min": 0.01946200788123953, "width_q1": 0.08585998269586709, "width_q2": 0.10762777513523186, "width_q3": 0.13641870782919271, "width_max": 0.8736006165301868}