{"data_name": "SML2010", "n_neighbors": 20, "level": 0.95, "random_state": 409, "test_size": 0.2, "n": 4137, "d": 21, "oob_score": 0.9957270881512827, "test_score": 0.995734010428455, "coverage": 0.9468599033816425, "width_mean": 0.17879165466045646, "width_sd": 0.14275309167822545, "width_min": 0.030956055584820286, "width_q1": 0.09542306604898942, "width_q2": 0.1259033281747587, "width_q3": 0.19402869033396097, "width_max": 1.027468437699298}