{"data_name": "SML2010", "n_neighbors": 20, "level": 0.9, "random_state": 1424, "test_size": 0.2, "n": 4137, "d": 21, "oob_score": 0.995741413174047, "test_score": 0.9955788633631314, "coverage": 0.8864734299516909, "width_mean": 0.13352337360105326, "width_sd": 0.09942671038431629, "width_min": 0.01656743840640784, "width_q1": 0.08432843130894963, "width_q2": 0.10903530170122927, "width_q3": 0.14208113079656054, "width_max": 0.9918954659135357}