{"data_name": "SML2010", "n_neighbors": 500, "level": 0.9, "random_state": 1824, "test_size": 0.2, "n": 4137, "d": 21, "oob_score": 0.9954977545969768, "test_score": 0.9962942769722175, "coverage": 0.892512077294686, "width_mean": 0.12572023413453398, "width_sd": 0.0026914169381275863, "width_min": 0.12090335851450718, "width_q1": 0.12391283375494155, "width_q2": 0.1255175009285745, "width_q3": 0.12717149268745098, "width_max": 0.13724825253349954}