{"data_name": "SML2010", "n_neighbors": 5, "level": 0.95, "random_state": 1679, "test_size": 0.2, "n": 4137, "d": 21, "oob_score": 0.9956886731640523, "test_score": 0.9942235771245732, "coverage": 0.7367149758454107, "width_mean": 0.09313188952214514, "width_sd": 0.1158231503037246, "width_min": 0.0035239403864846253, "width_q1": 0.04130729376240977, "width_q2": 0.06719356305934544, "width_q3": 0.09849298667896224, "width_max": 1.059402448293501}