{"data_name": "SML2010", "n_neighbors": 20, "level": 0.9, "random_state": 4012, "test_size": 0.2, "n": 4137, "d": 21, "oob_score": 0.9954316346607748, "test_score": 0.9967881117961429, "coverage": 0.8816425120772947, "width_mean": 0.12906310917632777, "width_sd": 0.10650087288179846, "width_min": 0.01843222192896965, "width_q1": 0.08040107754557585, "width_q2": 0.10250902718625982, "width_q3": 0.13539172280232306, "width_max": 1.0318693805148746}