{"data_name": "SML2010", "n_neighbors": 2000, "level": 0.99, "random_state": 2286, "test_size": 0.2, "n": 4137, "d": 21, "oob_score": 0.9958940746077594, "test_score": 0.9951618030406904, "coverage": 0.9903381642512077, "width_mean": 0.5827851943016568, "width_sd": 0.0010491751808523282, "width_min": 0.5791414972346851, "width_q1": 0.5826774795750261, "width_q2": 0.5826774795750262, "width_q3": 0.5826774795750262, "width_max": 0.6009798833185321}