{"data_name": "SML2010", "n_neighbors": 500, "level": 0.99, "random_state": 3657, "test_size": 0.2, "n": 4137, "d": 21, "oob_score": 0.9954528195684987, "test_score": 0.9941103506181499, "coverage": 0.9927536231884058, "width_mean": 0.7757926717236281, "width_sd": 0.06084513958576925, "width_min": 0.5964544160576357, "width_q1": 0.7882402778328298, "width_q2": 0.7882402778328299, "width_q3": 0.7882402778328299, "width_max": 0.9975264483154647}