{"data_name": "SML2010", "n_neighbors": 200, "level": 0.95, "random_state": 1824, "test_size": 0.2, "n": 4137, "d": 21, "oob_score": 0.9954977545969768, "test_score": 0.9962942769722175, "coverage": 0.9480676328502415, "width_mean": 0.17108070355324623, "width_sd": 0.022292935184052, "width_min": 0.1460881944279389, "width_q1": 0.15815536940108577, "width_q2": 0.1634401309807938, "width_q3": 0.17365872726434417, "width_max": 0.3430529272945003}