{"data_name": "SML2010", "n_neighbors": 500, "level": 0.9, "random_state": 1679, "test_size": 0.2, "n": 4137, "d": 21, "oob_score": 0.9956886731640523, "test_score": 0.9942235771245732, "coverage": 0.8961352657004831, "width_mean": 0.13438319496062318, "width_sd": 0.003439854021891967, "width_min": 0.12817368046373612, "width_q1": 0.1320145958683714, "width_q2": 0.13337050711992898, "width_q3": 0.13625500978848892, "width_max": 0.14672964696703084}