{"data_name": "SML2010", "n_neighbors": 20, "level": 0.8, "random_state": 4506, "test_size": 0.2, "n": 4137, "d": 21, "oob_score": 0.9954187817884467, "test_score": 0.9963663599472773, "coverage": 0.7934782608695652, "width_mean": 0.08991443529767844, "width_sd": 0.06272145896441093, "width_min": 0.014179490562482133, "width_q1": 0.06029576439220108, "width_q2": 0.07751615183270555, "width_q3": 0.10031772743407459, "width_max": 0.6446761883029914}