{"data_name": "SML2010", "n_neighbors": 20, "level": 0.8, "random_state": 9674, "test_size": 0.2, "n": 4137, "d": 21, "oob_score": 0.9955602298507373, "test_score": 0.9957573788000602, "coverage": 0.8091787439613527, "width_mean": 0.09013061941886004, "width_sd": 0.05539677846464353, "width_min": 0.012101163940830606, "width_q1": 0.06124787894885708, "width_q2": 0.08141435905483918, "width_q3": 0.10180927978787868, "width_max": 0.5278779576208021}