{"data_name": "SML2010", "n_neighbors": "all", "level": 0.9, "random_state": 409, "test_size": 0.2, "n": 4137, "d": 21, "oob_score": 0.9957270881512827, "test_score": 0.995734010428455, "coverage": 0.9057971014492754, "width_mean": 0.1304799325326572, "width_sd": 6.738216814461691e-17, "width_min": 0.1304799325326571, "width_q1": 0.1304799325326572, "width_q2": 0.13047993253265722, "width_q3": 0.13047993253265722, "width_max": 0.13047993253265733}