{"data_name": "SML2010", "n_neighbors": 200, "level": 0.95, "random_state": 3657, "test_size": 0.2, "n": 4137, "d": 21, "oob_score": 0.9954528195684987, "test_score": 0.9941103506181499, "coverage": 0.9746376811594203, "width_mean": 0.21071332003958468, "width_sd": 0.044816130153935166, "width_min": 0.1851129750025277, "width_q1": 0.19339974414623062, "width_q2": 0.2004950681112314, "width_q3": 0.20426239648904054, "width_max": 0.5951900431425843}