{"data_name": "SML2010", "n_neighbors": 100, "level": 0.99, "random_state": 9674, "test_size": 0.2, "n": 4137, "d": 21, "oob_score": 0.9955602298507373, "test_score": 0.9957573788000602, "coverage": 0.9818840579710145, "width_mean": 0.397541595897994, "width_sd": 0.1985770510887484, "width_min": 0.1723424510204317, "width_q1": 0.2027607000541538, "width_q2": 0.3110330459660803, "width_q3": 0.614337958011133, "width_max": 1.0667124130257624}