{"data_name": "SML2010", "n_neighbors": 500, "level": 0.8, "random_state": 9674, "test_size": 0.2, "n": 4137, "d": 21, "oob_score": 0.9955602298507373, "test_score": 0.9957573788000602, "coverage": 0.8043478260869565, "width_mean": 0.09064995883926125, "width_sd": 0.0023251505120819, "width_min": 0.08449934125490938, "width_q1": 0.0893312776140135, "width_q2": 0.0902461684004825, "width_q3": 0.09142449882835424, "width_max": 0.10097135566121196}