{"data_name": "SML2010", "n_neighbors": 500, "level": 0.99, "random_state": 2286, "test_size": 0.2, "n": 4137, "d": 21, "oob_score": 0.9958940746077594, "test_score": 0.9951618030406904, "coverage": 0.9867149758454107, "width_mean": 0.508060788897986, "width_sd": 0.025740184952391797, "width_min": 0.4748627182303782, "width_q1": 0.5017648496060547, "width_q2": 0.5020026452182018, "width_q3": 0.5026470542137328, "width_max": 0.7172044359687031}