{"data_name": "SML2010", "n_neighbors": 5, "level": 0.95, "random_state": 2286, "test_size": 0.2, "n": 4137, "d": 21, "oob_score": 0.9958940746077594, "test_score": 0.9951618030406904, "coverage": 0.7306763285024155, "width_mean": 0.09144296607853493, "width_sd": 0.10094529387720816, "width_min": 0.006108569050020662, "width_q1": 0.04247865181333338, "width_q2": 0.06769680178776666, "width_q3": 0.10175310049711006, "width_max": 0.8935188738813606}