{"data_name": "SML2010", "n_neighbors": "auto", "level": 0.99, "random_state": 1824, "test_size": 0.2, "n": 4137, "d": 21, "oob_score": 0.9954977545969768, "test_score": 0.9962942769722175, "coverage": 0.9565217391304348, "width_mean": 0.2503624633960606, "width_sd": 0.20147821326851878, "width_min": 0.031107091823560307, "width_q1": 0.11893997238925877, "width_q2": 0.16216490394575855, "width_q3": 0.33162903827115786, "width_max": 1.1627287666695945}