{"data_name": "SML2010", "n_neighbors": 20, "level": 0.9, "random_state": 1679, "test_size": 0.2, "n": 4137, "d": 21, "oob_score": 0.9956886731640523, "test_score": 0.9942235771245732, "coverage": 0.8719806763285024, "width_mean": 0.12492127898327163, "width_sd": 0.0989003446731392, "width_min": 0.027624191715336588, "width_q1": 0.08096636651111375, "width_q2": 0.10263981377439109, "width_q3": 0.1309235196077112, "width_max": 0.8585551925960747}