{"data_name": "SML2010", "n_neighbors": 1000, "level": 0.9, "random_state": 2286, "test_size": 0.2, "n": 4137, "d": 21, "oob_score": 0.9958940746077594, "test_score": 0.9951618030406904, "coverage": 0.8973429951690821, "width_mean": 0.12801973987411025, "width_sd": 0.0009087661138463218, "width_min": 0.1256132022125892, "width_q1": 0.1274629594735136, "width_q2": 0.12794078844582885, "width_q3": 0.12827246397649184, "width_max": 0.13376653930411853}