{"data_name": "SML2010", "n_neighbors": 500, "level": 0.8, "random_state": 409, "test_size": 0.2, "n": 4137, "d": 21, "oob_score": 0.9957270881512827, "test_score": 0.995734010428455, "coverage": 0.7777777777777778, "width_mean": 0.08440399421706596, "width_sd": 0.0012370382409320963, "width_min": 0.08167721480623258, "width_q1": 0.0835470034899285, "width_q2": 0.08411109494738103, "width_q3": 0.0850880444389095, "width_max": 0.09102924910237237}