{"data_name": "SML2010", "n_neighbors": 10, "level": 0.99, "random_state": 4012, "test_size": 0.2, "n": 4137, "d": 21, "oob_score": 0.9954316346607748, "test_score": 0.9967881117961429, "coverage": 0.8900966183574879, "width_mean": 0.1521101878577267, "width_sd": 0.1478962985721146, "width_min": 0.00876475145627964, "width_q1": 0.07442727006716976, "width_q2": 0.10661592659209884, "width_q3": 0.15626030437858557, "width_max": 1.1259685071173395}