{"data_name": "SML2010", "n_neighbors": 5, "level": 0.9, "random_state": 8935, "test_size": 0.2, "n": 4137, "d": 21, "oob_score": 0.9955478078294021, "test_score": 0.9967400039008387, "coverage": 0.711352657004831, "width_mean": 0.08829965225561733, "width_sd": 0.10528186750394324, "width_min": 0.004189894507679481, "width_q1": 0.03796464104201959, "width_q2": 0.0605617479338027, "width_q3": 0.09531116029819284, "width_max": 0.9225941090396133}