{"data_name": "SML2010", "n_neighbors": 1000, "level": 0.9, "random_state": 4012, "test_size": 0.2, "n": 4137, "d": 21, "oob_score": 0.9954316346607748, "test_score": 0.9967881117961429, "coverage": 0.8888888888888888, "width_mean": 0.1327681755940843, "width_sd": 0.001129527085233313, "width_min": 0.12927816095018274, "width_q1": 0.13207640697164624, "width_q2": 0.13263938152869387, "width_q3": 0.1332843838523509, "width_max": 0.13715005413915532}