{"data_name": "SML2010", "n_neighbors": "auto", "level": 0.9, "random_state": 9674, "test_size": 0.2, "n": 4137, "d": 21, "oob_score": 0.9955602298507373, "test_score": 0.9957573788000602, "coverage": 0.892512077294686, "width_mean": 0.12881118863906058, "width_sd": 0.08683087521737329, "width_min": 0.01728122016465461, "width_q1": 0.08865267755118644, "width_q2": 0.11231793409615543, "width_q3": 0.13471353283685816, "width_max": 0.8519921447540733}