{"data_name": "SML2010", "n_neighbors": "all", "level": 0.99, "random_state": 1679, "test_size": 0.2, "n": 4137, "d": 21, "oob_score": 0.9956886731640523, "test_score": 0.9942235771245732, "coverage": 0.9903381642512077, "width_mean": 0.5618943978762365, "width_sd": 1.862799866673435e-16, "width_min": 0.5618943978762365, "width_q1": 0.5618943978762366, "width_q2": 0.5618943978762367, "width_q3": 0.5618943978762367, "width_max": 0.5618943978762367}