{"data_name": "SML2010", "n_neighbors": 100, "level": 0.8, "random_state": 9674, "test_size": 0.2, "n": 4137, "d": 21, "oob_score": 0.9955602298507373, "test_score": 0.9957573788000602, "coverage": 0.8285024154589372, "width_mean": 0.092125551166437, "width_sd": 0.014043330546017705, "width_min": 0.060254027035989366, "width_q1": 0.08234528207619109, "width_q2": 0.09103848371213381, "width_q3": 0.10091129485208272, "width_max": 0.16649483680295663}