{"data_name": "SML2010", "n_neighbors": "auto", "level": 0.9, "random_state": 409, "test_size": 0.2, "n": 4137, "d": 21, "oob_score": 0.9957270881512827, "test_score": 0.995734010428455, "coverage": 0.9021739130434783, "width_mean": 0.13003453114096897, "width_sd": 0.08698750706285917, "width_min": 0.026304310770863815, "width_q1": 0.08655350408186802, "width_q2": 0.10810857936502936, "width_q3": 0.13941840840157926, "width_max": 0.7609122014779782}