{"data_name": "SML2010", "n_neighbors": 500, "level": 0.99, "random_state": 1679, "test_size": 0.2, "n": 4137, "d": 21, "oob_score": 0.9956886731640523, "test_score": 0.9942235771245732, "coverage": 0.9915458937198067, "width_mean": 0.6129185190414689, "width_sd": 0.030072010070494735, "width_min": 0.5986347615582398, "width_q1": 0.602776535158623, "width_q2": 0.602776535158623, "width_q3": 0.6027765351586231, "width_max": 0.7995337495122058}