{"data_name": "SML2010", "n_neighbors": 2000, "level": 0.9, "random_state": 9674, "test_size": 0.2, "n": 4137, "d": 21, "oob_score": 0.9955602298507373, "test_score": 0.9957573788000602, "coverage": 0.9021739130434783, "width_mean": 0.13024014710104928, "width_sd": 0.0006050347279947768, "width_min": 0.12879205063359123, "width_q1": 0.12998429965296088, "width_q2": 0.13041179194225838, "width_q3": 0.13070226992049072, "width_max": 0.1317048925453566}