{"data_name": "SML2010", "n_neighbors": "auto", "level": 0.8, "random_state": 3657, "test_size": 0.2, "n": 4137, "d": 21, "oob_score": 0.9954528195684987, "test_score": 0.9941103506181499, "coverage": 0.8055555555555556, "width_mean": 0.09173935836473719, "width_sd": 0.057962962650224686, "width_min": 0.011342915852943225, "width_q1": 0.06609702329133822, "width_q2": 0.08354685062385407, "width_q3": 0.10398169429294757, "width_max": 0.6557647628609152}