{"data_name": "SML2010", "n_neighbors": "auto", "level": 0.9, "random_state": 2286, "test_size": 0.2, "n": 4137, "d": 21, "oob_score": 0.9958940746077594, "test_score": 0.9951618030406904, "coverage": 0.8888888888888888, "width_mean": 0.1214704456075261, "width_sd": 0.07448623052589398, "width_min": 0.014070055033332363, "width_q1": 0.08694230895219465, "width_q2": 0.10672388222501605, "width_q3": 0.128341382742364, "width_max": 0.7781679066670574}