{"data_name": "SML2010", "n_neighbors": 50, "level": 0.8, "random_state": 1424, "test_size": 0.2, "n": 4137, "d": 21, "oob_score": 0.995741413174047, "test_score": 0.9955788633631314, "coverage": 0.8490338164251208, "width_mean": 0.09861933084389278, "width_sd": 0.027038965023731227, "width_min": 0.031575526864513925, "width_q1": 0.082932519545212, "width_q2": 0.09493703742425794, "width_q3": 0.10916669919309652, "width_max": 0.3602931813815597}