{"data_name": "SML2010", "n_neighbors": "auto", "level": 0.95, "random_state": 4012, "test_size": 0.2, "n": 4137, "d": 21, "oob_score": 0.9954316346607748, "test_score": 0.9967881117961429, "coverage": 0.9408212560386473, "width_mean": 0.18137531630187081, "width_sd": 0.14521471626099858, "width_min": 0.008736828852939471, "width_q1": 0.10435470944867795, "width_q2": 0.13406491085926514, "width_q3": 0.18615165233337377, "width_max": 1.0819680340715994}