{"data_name": "SML2010", "n_neighbors": 10, "level": 0.8, "random_state": 1824, "test_size": 0.2, "n": 4137, "d": 21, "oob_score": 0.9954977545969768, "test_score": 0.9962942769722175, "coverage": 0.7391304347826086, "width_mean": 0.08998017876918177, "width_sd": 0.08682856239156708, "width_min": 0.01190211645244399, "width_q1": 0.04880124055497056, "width_q2": 0.07216374818127425, "width_q3": 0.101865578970327, "width_max": 0.8125747449372241}