{"data_name": "SML2010", "n_neighbors": 20, "level": 0.99, "random_state": 8935, "test_size": 0.2, "n": 4137, "d": 21, "oob_score": 0.9955478078294021, "test_score": 0.9967400039008387, "coverage": 0.9565217391304348, "width_mean": 0.20402011208061152, "width_sd": 0.17419674668121135, "width_min": 0.04512454637170249, "width_q1": 0.10875342822597434, "width_q2": 0.140104307844058, "width_q3": 0.19298672165448882, "width_max": 1.2545418510958357}