{"data_name": "SML2010", "n_neighbors": 50, "level": 0.99, "random_state": 1824, "test_size": 0.2, "n": 4137, "d": 21, "oob_score": 0.9954977545969768, "test_score": 0.9962942769722175, "coverage": 0.9842995169082126, "width_mean": 0.32812252722471474, "width_sd": 0.16047543937086742, "width_min": 0.11867959236982317, "width_q1": 0.2428558145256192, "width_q2": 0.2738678909770758, "width_q3": 0.36114526680089165, "width_max": 1.1092484151987212}