{"data_name": "SML2010", "n_neighbors": "auto", "level": 0.99, "random_state": 3657, "test_size": 0.2, "n": 4137, "d": 21, "oob_score": 0.9954528195684987, "test_score": 0.9941103506181499, "coverage": 0.961352657004831, "width_mean": 0.24364297578425972, "width_sd": 0.19791282058977328, "width_min": 0.02275792989793679, "width_q1": 0.12512371557706958, "width_q2": 0.1645628966368747, "width_q3": 0.2880889675232462, "width_max": 1.1777819059899222}