{"data_name": "SML2010", "n_neighbors": 10, "level": 0.8, "random_state": 1679, "test_size": 0.2, "n": 4137, "d": 21, "oob_score": 0.9956886731640523, "test_score": 0.9942235771245732, "coverage": 0.7403381642512077, "width_mean": 0.08313465385973376, "width_sd": 0.07788066857648061, "width_min": 0.009588994821656094, "width_q1": 0.047177807187742754, "width_q2": 0.06753144185035953, "width_q3": 0.092471931076891, "width_max": 0.8393986184921509}