{"data_name": "SML2010", "n_neighbors": 5, "level": 0.9, "random_state": 1679, "test_size": 0.2, "n": 4137, "d": 21, "oob_score": 0.9956886731640523, "test_score": 0.9942235771245732, "coverage": 0.711352657004831, "width_mean": 0.0864749841386249, "width_sd": 0.10590820845894289, "width_min": 0.003394005110738174, "width_q1": 0.038955180885194146, "width_q2": 0.06311537199494627, "width_q3": 0.09210463966564236, "width_max": 0.9846093092644006}