{"data_name": "SML2010", "n_neighbors": 10, "level": 0.95, "random_state": 2286, "test_size": 0.2, "n": 4137, "d": 21, "oob_score": 0.9958940746077594, "test_score": 0.9951618030406904, "coverage": 0.8623188405797102, "width_mean": 0.13012226508848326, "width_sd": 0.12017893338936536, "width_min": 0.012323044660773164, "width_q1": 0.0740600204545273, "width_q2": 0.09808876428976115, "width_q3": 0.1277956535265229, "width_max": 0.9819917480541196}