{"data_name": "SML2010", "n_neighbors": 10, "level": 0.99, "random_state": 1824, "test_size": 0.2, "n": 4137, "d": 21, "oob_score": 0.9954977545969768, "test_score": 0.9962942769722175, "coverage": 0.8780193236714976, "width_mean": 0.15853117644792727, "width_sd": 0.16488724844994257, "width_min": 0.019809541171087464, "width_q1": 0.07666672309980371, "width_q2": 0.1069064069699161, "width_q3": 0.1543058630173588, "width_max": 1.2131271840681153}