{"data_name": "SML2010", "n_neighbors": 2000, "level": 0.95, "random_state": 4506, "test_size": 0.2, "n": 4137, "d": 21, "oob_score": 0.9954187817884467, "test_score": 0.9963663599472773, "coverage": 0.9601449275362319, "width_mean": 0.17536988757384855, "width_sd": 0.0006136703792469208, "width_min": 0.17485699126768295, "width_q1": 0.1748953647842939, "width_q2": 0.17517555969509746, "width_q3": 0.17546700515488828, "width_max": 0.17947954466057228}