{"data_name": "SML2010", "n_neighbors": 1000, "level": 0.95, "random_state": 1424, "test_size": 0.2, "n": 4137, "d": 21, "oob_score": 0.995741413174047, "test_score": 0.9955788633631314, "coverage": 0.9516908212560387, "width_mean": 0.16617890504934674, "width_sd": 0.003380822638770019, "width_min": 0.1622371330093657, "width_q1": 0.1636366371957395, "width_q2": 0.16488384064498612, "width_q3": 0.16817044467572484, "width_max": 0.191866520996415}