{"data_name": "SML2010", "n_neighbors": "auto", "level": 0.99, "random_state": 1679, "test_size": 0.2, "n": 4137, "d": 21, "oob_score": 0.9956886731640523, "test_score": 0.9942235771245732, "coverage": 0.9480676328502415, "width_mean": 0.2361978240449727, "width_sd": 0.19376946432298414, "width_min": 0.02564901657274188, "width_q1": 0.12213466075237092, "width_q2": 0.1610210687304681, "width_q3": 0.26807655738779074, "width_max": 1.1678591254427804}