{"data_name": "SML2010", "n_neighbors": 5, "level": 0.9, "random_state": 409, "test_size": 0.2, "n": 4137, "d": 21, "oob_score": 0.9957270881512827, "test_score": 0.995734010428455, "coverage": 0.7234299516908212, "width_mean": 0.09499677571186849, "width_sd": 0.1089896654647672, "width_min": 0.010175836622237644, "width_q1": 0.04144775542331129, "width_q2": 0.06449054970947798, "width_q3": 0.10024867192565079, "width_max": 0.9209763798152233}