{"data_name": "SML2010", "n_neighbors": 50, "level": 0.95, "random_state": 4012, "test_size": 0.2, "n": 4137, "d": 21, "oob_score": 0.9954316346607748, "test_score": 0.9967881117961429, "coverage": 0.9432367149758454, "width_mean": 0.17233475947756027, "width_sd": 0.11124549371072676, "width_min": 0.07833479912033159, "width_q1": 0.12378737335830166, "width_q2": 0.1391527244206423, "width_q3": 0.16426431986697207, "width_max": 0.9926553681421284}