{"data_name": "SML2010", "n_neighbors": 1000, "level": 0.95, "random_state": 1679, "test_size": 0.2, "n": 4137, "d": 21, "oob_score": 0.9956886731640523, "test_score": 0.9942235771245732, "coverage": 0.9541062801932367, "width_mean": 0.17920798367882879, "width_sd": 0.0030593948856284395, "width_min": 0.17503964125812377, "width_q1": 0.17669374841108426, "width_q2": 0.1780933152953037, "width_q3": 0.18096639834601883, "width_max": 0.19644139198724828}