{"data_name": "SML2010", "n_neighbors": 100, "level": 0.99, "random_state": 409, "test_size": 0.2, "n": 4137, "d": 21, "oob_score": 0.9957270881512827, "test_score": 0.995734010428455, "coverage": 0.9939613526570048, "width_mean": 0.580104063286438, "width_sd": 0.16563698309198796, "width_min": 0.17295668587326984, "width_q1": 0.40363501078206027, "width_q2": 0.6373736339845026, "width_q3": 0.644659749542573, "width_max": 1.178822046460883}