{"data_name": "SML2010", "n_neighbors": 100, "level": 0.95, "random_state": 3657, "test_size": 0.2, "n": 4137, "d": 21, "oob_score": 0.9954528195684987, "test_score": 0.9941103506181499, "coverage": 0.9722222222222222, "width_mean": 0.19657587420424455, "width_sd": 0.07335355452942174, "width_min": 0.13113663540503193, "width_q1": 0.1706122138247539, "width_q2": 0.1756986808334237, "width_q3": 0.18828703431930732, "width_max": 0.89991525452525}