{"data_name": "AirfoilSelfNoise", "n_neighbors": "qrf", "level": 0.9, "random_state": 1679, "test_size": 0.2, "n": 1503, "d": 5, "oob_score": NaN, "test_score": NaN, "coverage": 0.9169435215946844, "width_mean": 1.033651241755118, "width_sd": 0.4799374027659895, "width_min": 0.23961186802913104, "width_q1": 0.6773275227745517, "width_q2": 0.972073313371663, "width_q3": 1.2974120167017142, "width_max": 2.8080829446221003}