{"data_name": "AirfoilSelfNoise", "n_neighbors": "qrf", "level": 0.8, "random_state": 8935, "test_size": 0.2, "n": 1503, "d": 5, "oob_score": NaN, "test_score": NaN, "coverage": 0.8471760797342193, "width_mean": 0.7789529466949732, "width_sd": 0.43659337975237866, "width_min": 0.12993834150109784, "width_q1": 0.472410815430698, "width_q2": 0.6915404348497124, "width_q3": 1.0087471201540965, "width_max": 2.859832150240014}