{"data_name": "AirfoilSelfNoise", "n_neighbors": "qrf", "level": 0.95, "random_state": 1679, "test_size": 0.2, "n": 1503, "d": 5, "oob_score": NaN, "test_score": NaN, "coverage": 0.9401993355481728, "width_mean": 1.2482594454749747, "width_sd": 0.5599461562058409, "width_min": 0.28930632577691573, "width_q1": 0.8333651485095487, "width_q2": 1.18095456069772, "width_q3": 1.6045152856711797, "width_max": 3.2046456596618587}