{"data_name": "AirfoilSelfNoise", "n_neighbors": "qrf", "level": 0.95, "random_state": 1824, "test_size": 0.2, "n": 1503, "d": 5, "oob_score": NaN, "test_score": NaN, "coverage": 0.9435215946843853, "width_mean": 1.1329377611774238, "width_sd": 0.5052420724041315, "width_min": 0.304841959144142, "width_q1": 0.7528168576643688, "width_q2": 1.06325048517464, "width_q3": 1.4096077734195278, "width_max": 3.10814136375114}