{"data_name": "AirfoilSelfNoise", "n_neighbors": "qrf", "level": 0.95, "random_state": 3657, "test_size": 0.2, "n": 1503, "d": 5, "oob_score": NaN, "test_score": NaN, "coverage": 0.9302325581395349, "width_mean": 1.2097796512769388, "width_sd": 0.5528805703946743, "width_min": 0.2725168251027099, "width_q1": 0.7762380842686101, "width_q2": 1.0935462386036119, "width_q3": 1.492004250179638, "width_max": 3.2010580046505224}