{"data_name": "AirfoilSelfNoise", "n_neighbors": "qrf", "level": 0.99, "random_state": 409, "test_size": 0.2, "n": 1503, "d": 5, "oob_score": NaN, "test_score": NaN, "coverage": 0.9800664451827242, "width_mean": 1.5123931973659626, "width_sd": 0.6288193557609821, "width_min": 0.462635723887717, "width_q1": 0.9800770455514736, "width_q2": 1.4174962657717098, "width_q3": 1.9465601401145782, "width_max": 3.671726451869656}