{"data_name": "AirfoilSelfNoise", "n_neighbors": "qrf", "level": 0.99, "random_state": 8935, "test_size": 0.2, "n": 1503, "d": 5, "oob_score": NaN, "test_score": NaN, "coverage": 0.9767441860465116, "width_mean": 1.5887854308514135, "width_sd": 0.6213147406055765, "width_min": 0.3681709554925403, "width_q1": 1.122940367217616, "width_q2": 1.5685263948454464, "width_q3": 1.8788281126159143, "width_max": 3.9735272392102603}