{"data_name": "AirfoilSelfNoise", "n_neighbors": "qrf", "level": 0.99, "random_state": 9674, "test_size": 0.2, "n": 1503, "d": 5, "oob_score": NaN, "test_score": NaN, "coverage": 0.9601328903654485, "width_mean": 1.5722788924853317, "width_sd": 0.6492328471405532, "width_min": 0.311654879771709, "width_q1": 1.0397096700700272, "width_q2": 1.476075061929353, "width_q3": 1.963280786803721, "width_max": 3.4347194388123823}