{"data_name": "AirfoilSelfNoise", "n_neighbors": "qrf", "level": 0.95, "random_state": 4506, "test_size": 0.2, "n": 1503, "d": 5, "oob_score": NaN, "test_score": NaN, "coverage": 0.9368770764119602, "width_mean": 1.1799647681080687, "width_sd": 0.5249903754728337, "width_min": 0.33412302226687696, "width_q1": 0.788106336957588, "width_q2": 1.0927236146767736, "width_q3": 1.4870395154669966, "width_max": 2.9965689167928717}