{"data_name": "AirfoilSelfNoise", "n_neighbors": "qrf", "level": 0.9, "random_state": 409, "test_size": 0.2, "n": 1503, "d": 5, "oob_score": NaN, "test_score": NaN, "coverage": 0.9335548172757475, "width_mean": 0.977363187220638, "width_sd": 0.44564275309789647, "width_min": 0.21424461037329978, "width_q1": 0.652105220876741, "width_q2": 0.8723437518447162, "width_q3": 1.2392340232150354, "width_max": 2.401626999096587}