{"data_name": "AirfoilSelfNoise", "n_neighbors": "qrf", "level": 0.8, "random_state": 4506, "test_size": 0.2, "n": 1503, "d": 5, "oob_score": NaN, "test_score": NaN, "coverage": 0.840531561461794, "width_mean": 0.7591110557973417, "width_sd": 0.39585871614574797, "width_min": 0.1103838097423977, "width_q1": 0.469511700270027, "width_q2": 0.6877860807166472, "width_q3": 0.9668549060824598, "width_max": 2.7209645340440582}