{"data_name": "AirfoilSelfNoise", "n_neighbors": "qrf", "level": 0.9, "random_state": 4012, "test_size": 0.2, "n": 1503, "d": 5, "oob_score": NaN, "test_score": NaN, "coverage": 0.8770764119601329, "width_mean": 0.9717782248642376, "width_sd": 0.45465564388736485, "width_min": 0.26077540870200194, "width_q1": 0.6231792993611879, "width_q2": 0.8860855577062801, "width_q3": 1.2649564224780512, "width_max": 2.571660103269708}