{"data_name": "AirfoilSelfNoise", "n_neighbors": "qrf", "level": 0.95, "random_state": 8935, "test_size": 0.2, "n": 1503, "d": 5, "oob_score": NaN, "test_score": NaN, "coverage": 0.9634551495016611, "width_mean": 1.2238723006389036, "width_sd": 0.556482484065802, "width_min": 0.26982427189723357, "width_q1": 0.8007356073762399, "width_q2": 1.1342099526259197, "width_q3": 1.554070681875578, "width_max": 3.1516643301006564}