{"data_name": "AirfoilSelfNoise", "n_neighbors": "qrf", "level": 0.8, "random_state": 1424, "test_size": 0.2, "n": 1503, "d": 5, "oob_score": NaN, "test_score": NaN, "coverage": 0.8239202657807309, "width_mean": 0.7786402082588707, "width_sd": 0.4069238733550078, "width_min": 0.090162481496744, "width_q1": 0.4808182493966314, "width_q2": 0.73072197624613, "width_q3": 0.9980638807870472, "width_max": 2.7209645340440582}