{"data_name": "AirfoilSelfNoise", "n_neighbors": "qrf", "level": 0.99, "random_state": 4012, "test_size": 0.2, "n": 1503, "d": 5, "oob_score": NaN, "test_score": NaN, "coverage": 0.9601328903654485, "width_mean": 1.5416466298022642, "width_sd": 0.6142713277668562, "width_min": 0.45371152264439996, "width_q1": 1.066006818913643, "width_q2": 1.4797083780044602, "width_q3": 1.9278492508676361, "width_max": 3.4996871600053563}