{"data_name": "AirfoilSelfNoise", "n_neighbors": "qrf", "level": 0.99, "random_state": 1679, "test_size": 0.2, "n": 1503, "d": 5, "oob_score": NaN, "test_score": NaN, "coverage": 0.9634551495016611, "width_mean": 1.567242277053607, "width_sd": 0.6055445553224179, "width_min": 0.43254798197152095, "width_q1": 1.0794927778622785, "width_q2": 1.5052735002700104, "width_q3": 1.9603164415519456, "width_max": 3.7201931343469017}