{"data_name": "AirfoilSelfNoise", "n_neighbors": "qrf", "level": 0.99, "random_state": 1424, "test_size": 0.2, "n": 1503, "d": 5, "oob_score": NaN, "test_score": NaN, "coverage": 0.9700996677740864, "width_mean": 1.6159053216091184, "width_sd": 0.6083882451671242, "width_min": 0.42790939771445596, "width_q1": 1.1639084883317892, "width_q2": 1.5455124939212834, "width_q3": 1.9665473648110046, "width_max": 3.893910289110445}