{"data_name": "AirfoilSelfNoise", "n_neighbors": "qrf", "level": 0.9, "random_state": 9674, "test_size": 0.2, "n": 1503, "d": 5, "oob_score": NaN, "test_score": NaN, "coverage": 0.9102990033222591, "width_mean": 1.0097738018170617, "width_sd": 0.48177687253142776, "width_min": 0.17981761784036987, "width_q1": 0.6819081247284003, "width_q2": 0.9454449406209365, "width_q3": 1.2347114035643925, "width_max": 2.958836932976789}