{"data_name": "AirfoilSelfNoise", "n_neighbors": "qrf", "level": 0.8, "random_state": 2286, "test_size": 0.2, "n": 1503, "d": 5, "oob_score": NaN, "test_score": NaN, "coverage": 0.8239202657807309, "width_mean": 0.7520000367836521, "width_sd": 0.3940192376342625, "width_min": 0.026671859478141435, "width_q1": 0.47545488634939015, "width_q2": 0.6974836209290811, "width_q3": 0.906118443466488, "width_max": 2.359879740782983}