{"data_name": "AirQuality", "n_neighbors": "qrf", "level": 0.9, "random_state": 3657, "test_size": 0.2, "n": 9357, "d": 12, "oob_score": NaN, "test_score": NaN, "coverage": 0.9412393162393162, "width_mean": 0.9499226703016391, "width_sd": 1.2362105739446914, "width_min": 0.0, "width_q1": 0.011766460146809224, "width_q2": 0.025367908606527628, "width_q3": 2.588299304523919, "width_max": 2.687453058975831}