{"data_name": "AirQuality", "n_neighbors": "qrf", "level": 0.9, "random_state": 8935, "test_size": 0.2, "n": 9357, "d": 12, "oob_score": NaN, "test_score": NaN, "coverage": 0.9423076923076923, "width_mean": 0.9978194697590205, "width_sd": 1.2493998853661366, "width_min": 0.0, "width_q1": 0.011718170980680787, "width_q2": 0.02604395693233605, "width_q3": 2.588411979244887, "width_max": 2.678439081298384}