{"data_name": "AirQuality", "n_neighbors": "qrf", "level": 0.95, "random_state": 2286, "test_size": 0.2, "n": 9357, "d": 12, "oob_score": NaN, "test_score": NaN, "coverage": 0.969017094017094, "width_mean": 1.2395364798424762, "width_sd": 1.2547402311014628, "width_min": 0.0, "width_q1": 0.01802795535489299, "width_q2": 0.06420849456309627, "width_q3": 2.59473786000781, "width_max": 2.6971430849790856}