{"data_name": "AirQuality", "n_neighbors": "qrf", "level": 0.8, "random_state": 4506, "test_size": 0.2, "n": 9357, "d": 12, "oob_score": NaN, "test_score": NaN, "coverage": 0.874465811965812, "width_mean": 0.6512814866230935, "width_sd": 1.1105589188414549, "width_min": 0.0, "width_q1": 0.007726266580667995, "width_q2": 0.01307026763229771, "width_q3": 0.26996863143952554, "width_max": 2.683589925685496}