{"data_name": "AirQuality", "n_neighbors": "qrf", "level": 0.95, "random_state": 3657, "test_size": 0.2, "n": 9357, "d": 12, "oob_score": NaN, "test_score": NaN, "coverage": 0.9642094017094017, "width_mean": 1.2004529175225747, "width_sd": 1.2536561037354776, "width_min": 0.0, "width_q1": 0.0180762445210218, "width_q2": 0.048933021677566496, "width_q3": 2.593667450158613, "width_max": 2.7061570626565326}