{"data_name": "AirQuality", "n_neighbors": "qrf", "level": 0.9, "random_state": 1424, "test_size": 0.2, "n": 9357, "d": 12, "oob_score": NaN, "test_score": NaN, "coverage": 0.9241452991452992, "width_mean": 0.9100740308051275, "width_sd": 1.2243969856475818, "width_min": 0.0, "width_q1": 0.01165378542584189, "width_q2": 0.023243185296843882, "width_q3": 2.587011593427141, "width_max": 2.7030343632468448}