{"data_name": "AirQuality", "n_neighbors": "qrf", "level": 0.8, "random_state": 3657, "test_size": 0.2, "n": 9357, "d": 12, "oob_score": NaN, "test_score": NaN, "coverage": 0.8835470085470085, "width_mean": 0.6636290676751158, "width_sd": 1.1169976861815927, "width_min": 0.0, "width_q1": 0.007726266580667995, "width_q2": 0.013842894290364088, "width_q3": 2.5783195435238895, "width_max": 2.66813739252416}