{"data_name": "AirQuality", "n_neighbors": "qrf", "level": 0.95, "random_state": 1679, "test_size": 0.2, "n": 9357, "d": 12, "oob_score": NaN, "test_score": NaN, "coverage": 0.969017094017094, "width_mean": 1.2484434406107978, "width_sd": 1.2598104080386556, "width_min": 0.0, "width_q1": 0.01802795535489299, "width_q2": 0.06438555483890351, "width_q3": 2.593764028490871, "width_max": 2.679726792395162}