{"data_name": "AirQuality", "n_neighbors": "qrf", "level": 0.8, "random_state": 2286, "test_size": 0.2, "n": 9357, "d": 12, "oob_score": NaN, "test_score": NaN, "coverage": 0.8947649572649573, "width_mean": 0.6810017486759539, "width_sd": 1.1294763025172314, "width_min": 0.0, "width_q1": 0.0074687243613126425, "width_q2": 0.013005882077458786, "width_q3": 2.580573037943251, "width_max": 2.674704719117728}