{"data_name": "AirQuality", "n_neighbors": "qrf", "level": 0.8, "random_state": 8935, "test_size": 0.2, "n": 9357, "d": 12, "oob_score": NaN, "test_score": NaN, "coverage": 0.8910256410256411, "width_mean": 0.6884759760761417, "width_sd": 1.129451355613688, "width_min": 0.0, "width_q1": 0.007726266580667995, "width_q2": 0.014164822064557936, "width_q3": 2.580573037943251, "width_max": 2.659123414846713}