{"data_name": "AirQuality", "n_neighbors": "qrf", "level": 0.8, "random_state": 1424, "test_size": 0.2, "n": 9357, "d": 12, "oob_score": NaN, "test_score": NaN, "coverage": 0.8680555555555556, "width_mean": 0.6010229204564823, "width_sd": 1.0796601285552325, "width_min": 0.0, "width_q1": 0.007726266580667995, "width_q2": 0.012877110967781047, "width_q3": 0.04172183953561001, "width_max": 2.67341700802095}