{"data_name": "AirQuality", "n_neighbors": "qrf", "level": 0.95, "random_state": 4506, "test_size": 0.2, "n": 9357, "d": 12, "oob_score": NaN, "test_score": NaN, "coverage": 0.9599358974358975, "width_mean": 1.1798554213469234, "width_sd": 1.2560574664544706, "width_min": 0.0, "width_q1": 0.018027955354893044, "width_q2": 0.04635759948400997, "width_q3": 2.59412619723684, "width_max": 2.6959197594371465}