{"data_name": "AirQuality", "n_neighbors": "qrf", "level": 0.99, "random_state": 9674, "test_size": 0.2, "n": 9357, "d": 12, "oob_score": NaN, "test_score": NaN, "coverage": 0.9861111111111112, "width_mean": 1.5876963942624633, "width_sd": 1.1834390694374115, "width_min": 0.0, "width_q1": 0.04121641293012414, "width_q2": 2.587661887531014, "width_q3": 2.602464126588478, "width_max": 2.7261101461011084}