{"data_name": "AirQuality", "n_neighbors": "qrf", "level": 0.9, "random_state": 1679, "test_size": 0.2, "n": 9357, "d": 12, "oob_score": NaN, "test_score": NaN, "coverage": 0.9508547008547008, "width_mean": 0.9695964126141154, "width_sd": 1.2409963479279347, "width_min": 0.0, "width_q1": 0.012120580698423894, "width_q2": 0.02575422193556104, "width_q3": 2.588299304523919, "width_max": 2.679726792395162}