{"data_name": "AirQuality", "n_neighbors": "qrf", "level": 0.9, "random_state": 4506, "test_size": 0.2, "n": 9357, "d": 12, "oob_score": NaN, "test_score": NaN, "coverage": 0.9305555555555556, "width_mean": 0.9513018006317301, "width_sd": 1.237195072512193, "width_min": 0.0, "width_q1": 0.012877110967780978, "width_q2": 0.0246274747258807, "width_q3": 2.588299304523919, "width_max": 2.693891614459721}