{"data_name": "AirQuality", "n_neighbors": "qrf", "level": 0.99, "random_state": 4506, "test_size": 0.2, "n": 9357, "d": 12, "oob_score": NaN, "test_score": NaN, "coverage": 0.9807692307692307, "width_mean": 1.515292839555125, "width_sd": 1.2038898226716208, "width_min": 0.0, "width_q1": 0.035418493716880384, "width_q2": 2.5854051738339106, "width_q3": 2.6024770036994456, "width_max": 2.723508969685617}