{"data_name": "AutoMPG", "n_neighbors": "qrf", "level": 0.9, "random_state": 2286, "test_size": 0.2, "n": 392, "d": 7, "oob_score": NaN, "test_score": NaN, "coverage": 0.8607594936708861, "width_mean": 0.9065909775567149, "width_sd": 0.34873404156201154, "width_min": 0.256245750364867, "width_q1": 0.647020519671289, "width_q2": 0.8199864011675759, "width_q3": 1.153105876641905, "width_max": 2.0884028654736673}