{"data_name": "Automobile", "n_neighbors": "qrf", "level": 0.8, "random_state": 1424, "test_size": 0.2, "n": 159, "d": 18, "oob_score": NaN, "test_score": NaN, "coverage": 0.71875, "width_mean": 0.5127804934135354, "width_sd": 0.40128769958052374, "width_min": 0.14816626522912624, "width_q1": 0.19511365401082037, "width_q2": 0.37611501992799534, "width_q3": 0.6494289538935375, "width_max": 1.5453763580305087}