{"data_name": "Automobile", "n_neighbors": "qrf", "level": 0.9, "random_state": 8935, "test_size": 0.2, "n": 159, "d": 18, "oob_score": NaN, "test_score": NaN, "coverage": 0.71875, "width_mean": 0.9486808097707995, "width_sd": 0.9001595060553848, "width_min": 0.1544015317587476, "width_q1": 0.24585494302745461, "width_q2": 0.3723126131902854, "width_q3": 1.6790730620496939, "width_max": 3.1707053355861268}