{"data_name": "Automobile", "n_neighbors": "qrf", "level": 0.9, "random_state": 1679, "test_size": 0.2, "n": 159, "d": 18, "oob_score": NaN, "test_score": NaN, "coverage": 0.8125, "width_mean": 0.9976918229585923, "width_sd": 0.6414500539229384, "width_min": 0.16502615371713403, "width_q1": 0.3213756746099656, "width_q2": 1.236620080278238, "width_q3": 1.5263281717051904, "width_max": 2.072864594731508}