{"data_name": "AutoMPG", "n_neighbors": "qrf", "level": 0.8, "random_state": 4012, "test_size": 0.2, "n": 392, "d": 7, "oob_score": NaN, "test_score": NaN, "coverage": 0.7341772151898734, "width_mean": 0.6996157708379526, "width_sd": 0.49091426540112026, "width_min": 0.12812287518242993, "width_q1": 0.3843686255473005, "width_q2": 0.6406143759121651, "width_q3": 0.826392544926697, "width_max": 2.4215223409479982}