{"data_name": "Automobile", "n_neighbors": "qrf", "level": 0.9, "random_state": 2286, "test_size": 0.2, "n": 159, "d": 18, "oob_score": NaN, "test_score": NaN, "coverage": 0.84375, "width_mean": 0.7375743988979782, "width_sd": 0.6273999601438652, "width_min": 0.07877021564024089, "width_q1": 0.25383404262470655, "width_q2": 0.39068665917116263, "width_q3": 1.234723130160765, "width_max": 2.600948286626343}