{"data_name": "Automobile", "n_neighbors": "qrf", "level": 0.95, "random_state": 9674, "test_size": 0.2, "n": 159, "d": 18, "oob_score": NaN, "test_score": NaN, "coverage": 0.9375, "width_mean": 0.7848810545075536, "width_sd": 0.5065463348211819, "width_min": 0.2315470053701233, "width_q1": 0.40567511705000675, "width_q2": 0.512686921883077, "width_q3": 1.3076525683372946, "width_max": 2.072864594731508}