{"data_name": "AutoMPG", "n_neighbors": "qrf", "level": 0.9, "random_state": 4012, "test_size": 0.2, "n": 392, "d": 7, "oob_score": NaN, "test_score": NaN, "coverage": 0.7974683544303798, "width_mean": 0.8647969713104954, "width_sd": 0.5274381420138373, "width_min": 0.12812287518243015, "width_q1": 0.5156945726092957, "width_q2": 0.7488782054413258, "width_q3": 1.0442014327368359, "width_max": 2.4215223409479982}