{"data_name": "Automobile", "n_neighbors": "qrf", "level": 0.8, "random_state": 2286, "test_size": 0.2, "n": 159, "d": 18, "oob_score": NaN, "test_score": NaN, "coverage": 0.75, "width_mean": 0.545457160487512, "width_sd": 0.5027522125761872, "width_min": 0.06924293253904501, "width_q1": 0.17616967234442632, "width_q2": 0.32439548309293387, "width_q3": 0.8812524206036512, "width_max": 1.7938002648941802}