{"data_name": "AutoMPG", "n_neighbors": "qrf", "level": 0.9, "random_state": 8935, "test_size": 0.2, "n": 392, "d": 7, "oob_score": NaN, "test_score": NaN, "coverage": 0.8481012658227848, "width_mean": 0.9048637514545712, "width_sd": 0.5139205200320828, "width_min": 0.2562457503648601, "width_q1": 0.5765529383209481, "width_q2": 0.7719403229741636, "width_q3": 1.0848804456072552, "width_max": 2.998075279268948}