{"data_name": "Automobile", "n_neighbors": "qrf", "level": 0.95, "random_state": 409, "test_size": 0.2, "n": 159, "d": 18, "oob_score": NaN, "test_score": NaN, "coverage": 0.875, "width_mean": 1.048321862868701, "width_sd": 0.9813279497174798, "width_min": 0.1468690235568646, "width_q1": 0.3946910953496325, "width_q2": 0.4700906092676872, "width_q3": 1.5965004396717406, "width_max": 3.715278883098519}