{"data_name": "Automobile", "n_neighbors": "qrf", "level": 0.9, "random_state": 4506, "test_size": 0.2, "n": 159, "d": 18, "oob_score": NaN, "test_score": NaN, "coverage": 0.71875, "width_mean": 0.7919320149042521, "width_sd": 0.671774847207623, "width_min": 0.146481977680879, "width_q1": 0.27335859310507976, "width_q2": 0.584690214570637, "width_q3": 1.0796899905714321, "width_max": 3.0888812854518455}