{"data_name": "AutoMPG", "n_neighbors": "qrf", "level": 0.99, "random_state": 8935, "test_size": 0.2, "n": 392, "d": 7, "oob_score": NaN, "test_score": NaN, "coverage": 0.9493670886075949, "width_mean": 1.3421341499838446, "width_sd": 0.5865597272375896, "width_min": 0.5771935526968666, "width_q1": 0.8697301074571526, "width_q2": 1.167199392911975, "width_q3": 1.758902861223246, "width_max": 3.2237637239028043}