{"data_name": "AutoMPG", "n_neighbors": "qrf", "level": 0.95, "random_state": 1424, "test_size": 0.2, "n": 392, "d": 7, "oob_score": NaN, "test_score": NaN, "coverage": 0.9240506329113924, "width_mean": 1.1999761436390208, "width_sd": 0.5568620289506796, "width_min": 0.37828278897613604, "width_q1": 0.8198262475735956, "width_q2": 1.0317094524065484, "width_q3": 1.513771770280455, "width_max": 3.223251232402075}