{"data_name": "AutoMPG", "n_neighbors": "qrf", "level": 0.9, "random_state": 1424, "test_size": 0.2, "n": 392, "d": 7, "oob_score": NaN, "test_score": NaN, "coverage": 0.8987341772151899, "width_mean": 0.9938037321508332, "width_sd": 0.4729650068544021, "width_min": 0.256245750364867, "width_q1": 0.647020519671291, "width_q2": 0.8968601262770349, "width_q3": 1.1643166282203674, "width_max": 2.383085478393265}