{"data_name": "AutoMPG", "n_neighbors": "qrf", "level": 0.99, "random_state": 1679, "test_size": 0.2, "n": 392, "d": 7, "oob_score": NaN, "test_score": NaN, "coverage": 0.9367088607594937, "width_mean": 1.5124216146653986, "width_sd": 0.6643422843006741, "width_min": 0.4490706775144293, "width_q1": 0.9241502986908947, "width_q2": 1.4448416634322996, "width_q3": 2.0288577592326327, "width_max": 2.908389266641246}