{"data_name": "Automobile", "n_neighbors": "qrf", "level": 0.95, "random_state": 4506, "test_size": 0.2, "n": 159, "d": 18, "oob_score": NaN, "test_score": NaN, "coverage": 0.8125, "width_mean": 0.9380294720771541, "width_sd": 0.709658689202934, "width_min": 0.16854359261208396, "width_q1": 0.38199088671563, "width_q2": 0.7248242145602062, "width_q3": 1.282280860516135, "width_max": 3.490435001910307}