{"data_name": "Automobile", "n_neighbors": "qrf", "level": 0.99, "random_state": 9674, "test_size": 0.2, "n": 159, "d": 18, "oob_score": NaN, "test_score": NaN, "coverage": 0.9375, "width_mean": 1.1425870720448548, "width_sd": 0.6944942279511007, "width_min": 0.2893563475374574, "width_q1": 0.43215160691828464, "width_q2": 0.9310966989032995, "width_q3": 1.739088140385007, "width_max": 2.4486325493465313}