{"data_name": "AutoMPG", "n_neighbors": "qrf", "level": 0.9, "random_state": 9674, "test_size": 0.2, "n": 392, "d": 7, "oob_score": NaN, "test_score": NaN, "coverage": 0.8481012658227848, "width_mean": 1.038387249097227, "width_sd": 0.6012267606040018, "width_min": 0.2562457503648601, "width_q1": 0.5813575461402931, "width_q2": 0.897500740652947, "width_q3": 1.2171673142331212, "width_max": 2.4497093734881306}