{"data_name": "Automobile", "n_neighbors": "qrf", "level": 0.95, "random_state": 1679, "test_size": 0.2, "n": 159, "d": 18, "oob_score": NaN, "test_score": NaN, "coverage": 0.84375, "width_mean": 1.1561015124907716, "width_sd": 0.733726616072086, "width_min": 0.16949206767081904, "width_q1": 0.3806064533899868, "width_q2": 1.3818111961639314, "width_q3": 1.7174575924816138, "width_max": 2.3800514227229064}