{"data_name": "Automobile", "n_neighbors": "qrf", "level": 0.95, "random_state": 8935, "test_size": 0.2, "n": 159, "d": 18, "oob_score": NaN, "test_score": NaN, "coverage": 0.8125, "width_mean": 1.1498072320981905, "width_sd": 1.0379887288002578, "width_min": 0.18872952368274354, "width_q1": 0.3524860818616147, "width_q2": 0.43649204995612845, "width_q3": 1.9412339075723224, "width_max": 3.356028004909915}