{"data_name": "AutoMPG", "n_neighbors": "qrf", "level": 0.8, "random_state": 9674, "test_size": 0.2, "n": 392, "d": 7, "oob_score": NaN, "test_score": NaN, "coverage": 0.759493670886076, "width_mean": 0.7680560915050253, "width_sd": 0.497055634657222, "width_min": 0.01281228751824326, "width_q1": 0.4490706775144302, "width_q2": 0.6406143759121651, "width_q3": 0.8968601262770349, "width_max": 2.4215223409479982}