{"data_name": "AutoMPG", "n_neighbors": "qrf", "level": 0.8, "random_state": 2286, "test_size": 0.2, "n": 392, "d": 7, "oob_score": NaN, "test_score": NaN, "coverage": 0.8227848101265823, "width_mean": 0.7372255110339103, "width_sd": 0.3141288765204347, "width_min": 0.2562457503648601, "width_q1": 0.512491500729735, "width_q2": 0.6918635259851441, "width_q3": 0.905828727539806, "width_max": 1.8449694026270431}