{"data_name": "Automobile", "n_neighbors": "qrf", "level": 0.95, "random_state": 3657, "test_size": 0.2, "n": 159, "d": 18, "oob_score": NaN, "test_score": NaN, "coverage": 0.84375, "width_mean": 0.9801903580820588, "width_sd": 0.7746780199250463, "width_min": 0.22117332524342037, "width_q1": 0.3596751400142011, "width_q2": 0.661978172103393, "width_q3": 1.464767674479328, "width_max": 3.594763005119782}