{"data_name": "AutoMPG", "n_neighbors": "qrf", "level": 0.8, "random_state": 1679, "test_size": 0.2, "n": 392, "d": 7, "oob_score": NaN, "test_score": NaN, "coverage": 0.6835443037974683, "width_mean": 0.7779977778957635, "width_sd": 0.4623721311281378, "width_min": 0.12812287518243015, "width_q1": 0.5124915007297353, "width_q2": 0.640614375912169, "width_q3": 0.9039068844120715, "width_max": 2.28314963575097}