{"data_name": "Automobile", "n_neighbors": "qrf", "level": 0.99, "random_state": 2286, "test_size": 0.2, "n": 159, "d": 18, "oob_score": NaN, "test_score": NaN, "coverage": 0.9375, "width_mean": 1.155766542361424, "width_sd": 0.9262317277486537, "width_min": 0.2270674810120078, "width_q1": 0.3957631273610875, "width_q2": 0.6383802827721183, "width_q3": 1.7662051699117818, "width_max": 3.539215542038703}