{"data_name": "AutoMPG", "n_neighbors": "qrf", "level": 0.99, "random_state": 1424, "test_size": 0.2, "n": 392, "d": 7, "oob_score": NaN, "test_score": NaN, "coverage": 0.9493670886075949, "width_mean": 1.4847397754875333, "width_sd": 0.6265705950434447, "width_min": 0.5461237554651235, "width_q1": 1.0091277956556441, "width_q2": 1.3459308037914677, "width_q3": 1.941061559013871, "width_max": 3.737920822009913}