{"data_name": "AutoMPG", "n_neighbors": "qrf", "level": 0.95, "random_state": 409, "test_size": 0.2, "n": 392, "d": 7, "oob_score": NaN, "test_score": NaN, "coverage": 0.8481012658227848, "width_mean": 1.0746143975071965, "width_sd": 0.5274945502306045, "width_min": 0.2562457503648671, "width_q1": 0.7029141239696274, "width_q2": 0.9231253156894372, "width_q3": 1.2812287518243344, "width_max": 2.682252391944248}