{"data_name": "AutoMPG", "n_neighbors": "qrf", "level": 0.99, "random_state": 3657, "test_size": 0.2, "n": 392, "d": 7, "oob_score": NaN, "test_score": NaN, "coverage": 0.9493670886075949, "width_mean": 1.451224290967501, "width_sd": 0.6048377022848628, "width_min": 0.5771935526968672, "width_q1": 0.9698261036934308, "width_q2": 1.269697693057918, "width_q3": 1.77213154808583, "width_max": 3.2482351930626514}