{"data_name": "Automobile", "n_neighbors": "qrf", "level": 0.9, "random_state": 1824, "test_size": 0.2, "n": 159, "d": 18, "oob_score": NaN, "test_score": NaN, "coverage": 0.53125, "width_mean": 0.7534541787700794, "width_sd": 0.72113645064881, "width_min": 0.15131367125362838, "width_q1": 0.297876460710812, "width_q2": 0.530210317587062, "width_q3": 0.833224705970301, "width_max": 3.182580413451545}