{"data_name": "Automobile", "n_neighbors": "qrf", "level": 0.8, "random_state": 1824, "test_size": 0.2, "n": 159, "d": 18, "oob_score": NaN, "test_score": NaN, "coverage": 0.5, "width_mean": 0.5830341048128131, "width_sd": 0.6004289532547108, "width_min": 0.07655852492032, "width_q1": 0.2338862936315767, "width_q2": 0.3431268021901055, "width_q3": 0.5848773576315544, "width_max": 2.3738076496905194}