{"data_name": "AutoMPG", "n_neighbors": "qrf", "level": 0.8, "random_state": 4506, "test_size": 0.2, "n": 392, "d": 7, "oob_score": NaN, "test_score": NaN, "coverage": 0.7974683544303798, "width_mean": 0.6454149292101441, "width_sd": 0.33988797464715786, "width_min": 0.12812287518243015, "width_q1": 0.4234461024779416, "width_q2": 0.6406143759121686, "width_q3": 0.8097365711529825, "width_max": 2.120433584269282}