{"data_name": "AutoMPG", "n_neighbors": "qrf", "level": 0.95, "random_state": 1824, "test_size": 0.2, "n": 392, "d": 7, "oob_score": NaN, "test_score": NaN, "coverage": 0.9240506329113924, "width_mean": 1.0594626511604632, "width_sd": 0.525346762038289, "width_min": 0.2562457503648601, "width_q1": 0.6611140359413594, "width_q2": 0.90967241379528, "width_q3": 1.3191851535971315, "width_max": 3.1684787032615844}