{"data_name": "AutoMPG", "n_neighbors": "qrf", "level": 0.99, "random_state": 4506, "test_size": 0.2, "n": 392, "d": 7, "oob_score": NaN, "test_score": NaN, "coverage": 0.9240506329113924, "width_mean": 1.3902905111584267, "width_sd": 0.6267136321604592, "width_min": 0.44907067751442564, "width_q1": 0.9013764576272159, "width_q2": 1.3595118285608037, "width_q3": 1.6597998172696298, "width_max": 3.557011322252316}