{"data_name": "AutoMPG", "n_neighbors": "qrf", "level": 0.95, "random_state": 3657, "test_size": 0.2, "n": 392, "d": 7, "oob_score": NaN, "test_score": NaN, "coverage": 0.9113924050632911, "width_mean": 1.164320682741733, "width_sd": 0.5585190663714987, "width_min": 0.3843686255473, "width_q1": 0.7559249635763614, "width_q2": 1.0345922170981503, "width_q3": 1.3388840456564355, "width_max": 2.8750773190938084}