{"data_name": "Automobile", "n_neighbors": "qrf", "level": 0.8, "random_state": 1679, "test_size": 0.2, "n": 159, "d": 18, "oob_score": NaN, "test_score": NaN, "coverage": 0.71875, "width_mean": 0.7974330639136307, "width_sd": 0.5307589941814549, "width_min": 0.04882732589362637, "width_q1": 0.21946777143825072, "width_q2": 1.002491351317746, "width_q3": 1.243569893040455, "width_max": 1.6585808968793472}