{"data_name": "Automobile", "n_neighbors": "qrf", "level": 0.99, "random_state": 4506, "test_size": 0.2, "n": 159, "d": 18, "oob_score": NaN, "test_score": NaN, "coverage": 0.96875, "width_mean": 1.2730284703684787, "width_sd": 0.8351577024844307, "width_min": 0.2610288426666615, "width_q1": 0.4884837948797931, "width_q2": 1.022277051433126, "width_q3": 1.84707521576053, "width_max": 3.7134584915059694}