{"data_name": "AutoMPG", "n_neighbors": "qrf", "level": 0.95, "random_state": 9674, "test_size": 0.2, "n": 392, "d": 7, "oob_score": NaN, "test_score": NaN, "coverage": 0.9240506329113924, "width_mean": 1.2121072715676866, "width_sd": 0.6279754167273386, "width_min": 0.2562457503648601, "width_q1": 0.7655341792150416, "width_q2": 1.1258797656656372, "width_q3": 1.5358729662494235, "width_max": 2.8212657115171877}