{"data_name": "Automobile", "n_neighbors": "qrf", "level": 0.9, "random_state": 3657, "test_size": 0.2, "n": 159, "d": 18, "oob_score": NaN, "test_score": NaN, "coverage": 0.8125, "width_mean": 0.8221619991193174, "width_sd": 0.7099962630094978, "width_min": 0.15657919646759233, "width_q1": 0.26472236616892997, "width_q2": 0.5222099517328862, "width_q3": 1.2801117023100597, "width_max": 3.305720547534498}