{"data_name": "AutoMPG", "n_neighbors": "qrf", "level": 0.95, "random_state": 1679, "test_size": 0.2, "n": 392, "d": 7, "oob_score": NaN, "test_score": NaN, "coverage": 0.8734177215189873, "width_mean": 1.1633800337846973, "width_sd": 0.5932900096153614, "width_min": 0.2562457503648601, "width_q1": 0.7176482546156051, "width_q2": 1.024983001459472, "width_q3": 1.4292106726600509, "width_max": 2.8171017180737614}