{"data_name": "AutoMPG", "n_neighbors": "qrf", "level": 0.95, "random_state": 4012, "test_size": 0.2, "n": 392, "d": 7, "oob_score": NaN, "test_score": NaN, "coverage": 0.8987341772151899, "width_mean": 1.0141736474962928, "width_sd": 0.5436539777288898, "width_min": 0.12812287518243015, "width_q1": 0.6406143759121692, "width_q2": 0.9176800934941817, "width_q3": 1.2794670622905795, "width_max": 2.501599137937019}