{"data_name": "AutoMPG", "n_neighbors": "qrf", "level": 0.8, "random_state": 409, "test_size": 0.2, "n": 392, "d": 7, "oob_score": NaN, "test_score": NaN, "coverage": 0.759493670886076, "width_mean": 0.6671958179911577, "width_sd": 0.3697640253841953, "width_min": 0.012812287518244148, "width_q1": 0.3939778411859842, "width_q2": 0.6406143759121691, "width_q3": 0.787955682371969, "width_max": 2.188338708115969}