{"data_name": "AutoMPG", "n_neighbors": "qrf", "level": 0.9, "random_state": 1824, "test_size": 0.2, "n": 392, "d": 7, "oob_score": NaN, "test_score": NaN, "coverage": 0.8860759493670886, "width_mean": 0.8970952885162952, "width_sd": 0.4667695388062119, "width_min": 0.1409351627006734, "width_q1": 0.5781544742607313, "width_q2": 0.7751433948537222, "width_q3": 1.024983001459471, "width_max": 2.53811415736401}