{"data_name": "BeijingPM25", "n_neighbors": "qrf", "level": 0.99, "random_state": 1824, "test_size": 0.2, "n": 41757, "d": 11, "oob_score": NaN, "test_score": NaN, "coverage": 0.9747365900383141, "width_mean": 2.055429077078042, "width_sd": 1.3142812906302372, "width_min": 0.04345446143291798, "width_q1": 1.189837472110077, "width_q2": 1.8159619432816299, "width_q3": 2.6928186569211174, "width_max": 10.499847197959115}