{"data_name": "BeijingPM25", "n_neighbors": "qrf", "level": 0.95, "random_state": 1679, "test_size": 0.2, "n": 41757, "d": 11, "oob_score": NaN, "test_score": NaN, "coverage": 0.9397749042145593, "width_mean": 1.5005674707988415, "width_sd": 1.022119852048487, "width_min": 0.010863615358229994, "width_q1": 0.7864578543398167, "width_q2": 1.3001031679961044, "width_q3": 1.9938808038110336, "width_max": 10.663453245254047}