{"data_name": "BeijingPM25", "n_neighbors": "qrf", "level": 0.99, "random_state": 1679, "test_size": 0.2, "n": 41757, "d": 11, "oob_score": NaN, "test_score": NaN, "coverage": 0.9727011494252874, "width_mean": 1.98537754692118, "width_sd": 1.2294369052955199, "width_min": 0.04345446143291798, "width_q1": 1.146708919137907, "width_q2": 1.7614265941833174, "width_q3": 2.609698419911465, "width_max": 10.700661127855984}