{"data_name": "BeijingPM25", "n_neighbors": "qrf", "level": 0.95, "random_state": 4506, "test_size": 0.2, "n": 41757, "d": 11, "oob_score": NaN, "test_score": NaN, "coverage": 0.9450431034482759, "width_mean": 1.5580487365985247, "width_sd": 1.1014854293078296, "width_min": 0.02172723071645899, "width_q1": 0.8174870557067642, "width_q2": 1.3332371948387056, "width_q3": 2.0894806189634534, "width_max": 10.6257021818842}