{"data_name": "BeijingPM25", "n_neighbors": "qrf", "level": 0.8, "random_state": 9674, "test_size": 0.2, "n": 41757, "d": 11, "oob_score": NaN, "test_score": NaN, "coverage": 0.8201628352490421, "width_mean": 0.9143970863465333, "width_sd": 0.7542261917468831, "width_min": 0.010863615358228995, "width_q1": 0.3813128990738528, "width_q2": 0.7387258443596012, "width_q3": 1.2289464873997036, "width_max": 10.385616282467328}