{"data_name": "BeijingPM25", "n_neighbors": "qrf", "level": 0.9, "random_state": 2286, "test_size": 0.2, "n": 41757, "d": 11, "oob_score": NaN, "test_score": NaN, "coverage": 0.9066091954022989, "width_mean": 1.259952080694478, "width_sd": 0.9388372888037159, "width_min": 0.02172723071645899, "width_q1": 0.604560194685467, "width_q2": 1.07441155892889, "width_q3": 1.6898353689725842, "width_max": 10.700661127855984}