{"data_name": "BeijingPM25", "n_neighbors": "qrf", "level": 0.9, "random_state": 8935, "test_size": 0.2, "n": 41757, "d": 11, "oob_score": NaN, "test_score": NaN, "coverage": 0.9015804597701149, "width_mean": 1.240590274751691, "width_sd": 0.9238732948461995, "width_min": 0.010863615358229994, "width_q1": 0.5898943139518579, "width_q2": 1.0540422801322131, "width_q3": 1.662133149809103, "width_max": 10.451341155384615}