{"data_name": "BeijingPM25", "n_neighbors": "qrf", "level": 0.99, "random_state": 409, "test_size": 0.2, "n": 41757, "d": 11, "oob_score": NaN, "test_score": NaN, "coverage": 0.9772509578544061, "width_mean": 2.0436154741964696, "width_sd": 1.2709152369260865, "width_min": 0.04894058718882355, "width_q1": 1.1897288359564955, "width_q2": 1.830627824015238, "width_q3": 2.694285244994476, "width_max": 10.472525205333163}