{"data_name": "BeijingPM25", "n_neighbors": "qrf", "level": 0.9, "random_state": 409, "test_size": 0.2, "n": 41757, "d": 11, "oob_score": NaN, "test_score": NaN, "coverage": 0.9058908045977011, "width_mean": 1.2544288974192286, "width_sd": 0.9265918278683191, "width_min": 0.011406796126141372, "width_q1": 0.5984494110464632, "width_q2": 1.0812013185277831, "width_q3": 1.683860380525561, "width_max": 10.365518594054603}