{"data_name": "BeijingPM25", "n_neighbors": "qrf", "level": 0.8, "random_state": 1679, "test_size": 0.2, "n": 41757, "d": 11, "oob_score": NaN, "test_score": NaN, "coverage": 0.8163314176245211, "width_mean": 0.9013576261881068, "width_sd": 0.7409788967780842, "width_min": 0.010863615358228995, "width_q1": 0.371535645251447, "width_q2": 0.716998613643142, "width_q3": 1.227588535479925, "width_max": 10.363889051750869}