{"data_name": "BeijingPM25", "n_neighbors": "qrf", "level": 0.95, "random_state": 9674, "test_size": 0.2, "n": 41757, "d": 11, "oob_score": NaN, "test_score": NaN, "coverage": 0.9445641762452107, "width_mean": 1.5454301895064206, "width_sd": 1.0680284924017711, "width_min": 0.02172723071645899, "width_q1": 0.797117776910083, "width_q2": 1.3343235563745275, "width_q3": 2.0814008050407713, "width_max": 10.700661127855984}