{"data_name": "BeijingPM25", "n_neighbors": "qrf", "level": 0.99, "random_state": 9674, "test_size": 0.2, "n": 41757, "d": 11, "oob_score": NaN, "test_score": NaN, "coverage": 0.9773706896551724, "width_mean": 2.03269584332155, "width_sd": 1.2799802433920964, "width_min": 0.054318076791147085, "width_q1": 1.1753617046452347, "width_q2": 1.8035774217732508, "width_q3": 2.688446051739426, "width_max": 10.711524743214213}