{"data_name": "BeijingPM25", "n_neighbors": "qrf", "level": 0.99, "random_state": 8935, "test_size": 0.2, "n": 41757, "d": 11, "oob_score": NaN, "test_score": NaN, "coverage": 0.9747365900383141, "width_mean": 2.0219823961138355, "width_sd": 1.2888351811557308, "width_min": 0.027213356472366224, "width_q1": 1.1627055927529, "width_q2": 1.786141319123289, "width_q3": 2.655312024896834, "width_max": 10.515979666766086}