{"data_name": "BeijingPM25", "n_neighbors": "qrf", "level": 0.99, "random_state": 4012, "test_size": 0.2, "n": 41757, "d": 11, "oob_score": NaN, "test_score": NaN, "coverage": 0.9762931034482759, "width_mean": 2.0618242762024663, "width_sd": 1.2876918374032231, "width_min": 0.07604530750760596, "width_q1": 1.1819341919369633, "width_q2": 1.8266626044094876, "width_q3": 2.7136632188897227, "width_max": 10.722388358572442}