{"data_name": "BeijingPM25", "n_neighbors": "qrf", "level": 0.95, "random_state": 1424, "test_size": 0.2, "n": 41757, "d": 11, "oob_score": NaN, "test_score": NaN, "coverage": 0.9420498084291188, "width_mean": 1.5479466278987575, "width_sd": 1.0708578746832609, "width_min": 0.02172723071645899, "width_q1": 0.8201350619503297, "width_q2": 1.3492610274920938, "width_q3": 2.047655699834261, "width_max": 10.646886231832747}