{"data_name": "BeijingPM25", "n_neighbors": "qrf", "level": 0.9, "random_state": 3657, "test_size": 0.2, "n": 41757, "d": 11, "oob_score": NaN, "test_score": NaN, "coverage": 0.9058908045977011, "width_mean": 1.247414698544705, "width_sd": 0.9530951811660476, "width_min": 0.0010863615358228662, "width_q1": 0.5801170601294516, "width_q2": 1.0450797974616663, "width_q3": 1.683045609373692, "width_max": 10.668613462549207}