{"data_name": "BeijingPM25", "n_neighbors": "qrf", "level": 0.8, "random_state": 4012, "test_size": 0.2, "n": 41757, "d": 11, "oob_score": NaN, "test_score": NaN, "coverage": 0.8255507662835249, "width_mean": 0.9239551688102399, "width_sd": 0.7620187712999215, "width_min": 0.0, "width_q1": 0.3823992606096759, "width_q2": 0.7387258443596012, "width_q3": 1.2449703200530935, "width_max": 10.521411474445198}