{"data_name": "BeijingPM25", "n_neighbors": "qrf", "level": 0.95, "random_state": 3657, "test_size": 0.2, "n": 41757, "d": 11, "oob_score": NaN, "test_score": NaN, "coverage": 0.9458812260536399, "width_mean": 1.538850496224619, "width_sd": 1.0903458046169987, "width_min": 0.032590846074687985, "width_q1": 0.7781064500331822, "width_q2": 1.321830398712565, "width_q3": 2.0502358084818435, "width_max": 10.700661127855984}