{"data_name": "CommunityCrime", "n_neighbors": "qrf", "level": 0.9, "random_state": 1824, "test_size": 0.2, "n": 1994, "d": 100, "oob_score": NaN, "test_score": NaN, "coverage": 0.8922305764411027, "width_mean": 1.7029672790714523, "width_sd": 0.9338787330750731, "width_min": 0.21460618104078, "width_q1": 0.8219416733861897, "width_q2": 1.6331530377203407, "width_q3": 2.4980159473146863, "width_max": 3.8629112587340573}