{"data_name": "CommunityCrime", "n_neighbors": "qrf", "level": 0.95, "random_state": 4012, "test_size": 0.2, "n": 1994, "d": 100, "oob_score": NaN, "test_score": NaN, "coverage": 0.9197994987468672, "width_mean": 1.9541587043087079, "width_sd": 1.0178774327990734, "width_min": 0.21460618104078, "width_q1": 1.0467416480264053, "width_q2": 1.9786689891959952, "width_q3": 2.8043662707504025, "width_max": 4.077517439774838}