{"data_name": "CommunityCrime", "n_neighbors": "qrf", "level": 0.9, "random_state": 409, "test_size": 0.2, "n": 1994, "d": 100, "oob_score": NaN, "test_score": NaN, "coverage": 0.9147869674185464, "width_mean": 1.702241167932592, "width_sd": 0.936740000734979, "width_min": 0.257527417248937, "width_q1": 0.8605707859735305, "width_q2": 1.6374451613411571, "width_q3": 2.450802587485713, "width_max": 4.077517439774838}