{"data_name": "CommunityCrime", "n_neighbors": "qrf", "level": 0.95, "random_state": 3657, "test_size": 0.2, "n": 1994, "d": 100, "oob_score": NaN, "test_score": NaN, "coverage": 0.924812030075188, "width_mean": 1.982931530511156, "width_sd": 1.0254594242967483, "width_min": 0.17168494483262398, "width_q1": 1.0526433180050287, "width_q2": 1.9539892783763078, "width_q3": 2.839239775169527, "width_max": 4.16335991219115}