{"data_name": "CommunityCrime", "n_neighbors": "qrf", "level": 0.8, "random_state": 4506, "test_size": 0.2, "n": 1994, "d": 100, "oob_score": NaN, "test_score": NaN, "coverage": 0.7969924812030075, "width_mean": 1.3067096054920686, "width_sd": 0.8150008721197388, "width_min": 0.12876370862446795, "width_q1": 0.643818543122342, "width_q2": 1.11595214141206, "width_q3": 1.7941076735009265, "width_max": 3.519541369068808}