{"data_name": "CommunityCrime", "n_neighbors": "qrf", "level": 0.99, "random_state": 1424, "test_size": 0.2, "n": 1994, "d": 100, "oob_score": NaN, "test_score": NaN, "coverage": 0.974937343358396, "width_mean": 2.4983838436250427, "width_sd": 1.1289306447021643, "width_min": 0.3437991020273302, "width_q1": 1.4172592195933151, "width_q2": 2.768634341607112, "width_q3": 3.498295357145771, "width_max": 4.270877608892582}