{"data_name": "CommunityCrime", "n_neighbors": "qrf", "level": 0.9, "random_state": 8935, "test_size": 0.2, "n": 1994, "d": 100, "oob_score": NaN, "test_score": NaN, "coverage": 0.9122807017543859, "width_mean": 1.6751276401474653, "width_sd": 0.9469992796204826, "width_min": 0.17168494483262398, "width_q1": 0.8197956115757816, "width_q2": 1.5902318015121848, "width_q3": 2.4035892276567434, "width_max": 4.16335991219115}