{"data_name": "CommunityCrime", "n_neighbors": "qrf", "level": 0.99, "random_state": 4506, "test_size": 0.2, "n": 1994, "d": 100, "oob_score": NaN, "test_score": NaN, "coverage": 0.9649122807017544, "width_mean": 2.4112618020240286, "width_sd": 1.0929299684741025, "width_min": 0.38672033823548824, "width_q1": 1.4287406502789963, "width_q2": 2.5166866850652276, "width_q3": 3.3623423414564275, "width_max": 4.270877608892582}