{"data_name": "CommunityCrime", "n_neighbors": "qrf", "level": 0.99, "random_state": 3657, "test_size": 0.2, "n": 1994, "d": 100, "oob_score": NaN, "test_score": NaN, "coverage": 0.9799498746867168, "width_mean": 2.4446758230540473, "width_sd": 1.0960395889283212, "width_min": 0.3221238777422132, "width_q1": 1.3426835716816439, "width_q2": 2.60252915748154, "width_q3": 3.456876364204897, "width_max": 4.249631596969545}