{"data_name": "CommunityCrime", "n_neighbors": "qrf", "level": 0.9, "random_state": 3657, "test_size": 0.2, "n": 1994, "d": 100, "oob_score": NaN, "test_score": NaN, "coverage": 0.8796992481203008, "width_mean": 1.6749824179196937, "width_sd": 0.9526892465354375, "width_min": 0.17168494483262398, "width_q1": 0.8155034879549665, "width_q2": 1.5473105653040375, "width_q3": 2.4497295565805084, "width_max": 3.905832494942213}