{"data_name": "CommunityCrime", "n_neighbors": "qrf", "level": 0.9, "random_state": 1424, "test_size": 0.2, "n": 1994, "d": 100, "oob_score": NaN, "test_score": NaN, "coverage": 0.8872180451127819, "width_mean": 1.7388694409372971, "width_sd": 0.9550423699196562, "width_min": 0.21460618104078, "width_q1": 0.8230147042913936, "width_q2": 1.7769391790176605, "width_q3": 2.542010214428047, "width_max": 3.777068786317745}