{"data_name": "CommunityCrime", "n_neighbors": "qrf", "level": 0.8, "random_state": 1824, "test_size": 0.2, "n": 1994, "d": 100, "oob_score": NaN, "test_score": NaN, "coverage": 0.8245614035087719, "width_mean": 1.3289985281545496, "width_sd": 0.7980789282713769, "width_min": 0.13305583224528394, "width_q1": 0.643818543122342, "width_q2": 1.1760418721034798, "width_q3": 1.9378938147982507, "width_max": 3.4766201328606523}