{"data_name": "CommunityCrime", "n_neighbors": "qrf", "level": 0.99, "random_state": 409, "test_size": 0.2, "n": 1994, "d": 100, "oob_score": NaN, "test_score": NaN, "coverage": 0.9799498746867168, "width_mean": 2.514592795684804, "width_sd": 1.0805538813531699, "width_min": 0.4300707868057245, "width_q1": 1.4618973052497954, "width_q2": 2.768634341607112, "width_q3": 3.4468971767864955, "width_max": 4.29212362081562}