{"data_name": "CommunityCrime", "n_neighbors": "qrf", "level": 0.9, "random_state": 4506, "test_size": 0.2, "n": 1994, "d": 100, "oob_score": NaN, "test_score": NaN, "coverage": 0.8822055137844611, "width_mean": 1.6483959930353682, "width_sd": 0.9325743127859396, "width_min": 0.17168494483262398, "width_q1": 0.77258225174681, "width_q2": 1.54516450349362, "width_q3": 2.2995052298519636, "width_max": 3.779214848128153}