{"data_name": "CommunityCrime", "n_neighbors": "qrf", "level": 0.99, "random_state": 9674, "test_size": 0.2, "n": 1994, "d": 100, "oob_score": NaN, "test_score": NaN, "coverage": 0.9799498746867168, "width_mean": 2.4241844288553214, "width_sd": 1.087199418203449, "width_min": 0.3437991020273302, "width_q1": 1.395369389127156, "width_q2": 2.532352936281212, "width_q3": 3.4483994200537813, "width_max": 4.2279563726844245}