{"data_name": "CommunityCrime", "n_neighbors": "qrf", "level": 0.95, "random_state": 1679, "test_size": 0.2, "n": 1994, "d": 100, "oob_score": NaN, "test_score": NaN, "coverage": 0.9398496240601504, "width_mean": 1.998263232743154, "width_sd": 1.0000666603221013, "width_min": 0.28006106625821814, "width_q1": 1.0998566778339989, "width_q2": 2.017298101783342, "width_q3": 2.8226077961388727, "width_max": 4.0002592146001525}