{"data_name": "CommunityCrime", "n_neighbors": "qrf", "level": 0.99, "random_state": 1824, "test_size": 0.2, "n": 1994, "d": 100, "oob_score": NaN, "test_score": NaN, "coverage": 0.9849624060150376, "width_mean": 2.4986447057749293, "width_sd": 1.0914004285563064, "width_min": 0.27920264153405516, "width_q1": 1.4408658995077999, "width_q2": 2.72657153012312, "width_q3": 3.4388494449974676, "width_max": 4.249202384607462}