{"data_name": "CommunityCrime", "n_neighbors": "qrf", "level": 0.9, "random_state": 2286, "test_size": 0.2, "n": 1994, "d": 100, "oob_score": NaN, "test_score": NaN, "coverage": 0.949874686716792, "width_mean": 1.7122507444468003, "width_sd": 0.9021720861533652, "width_min": 0.257527417248936, "width_q1": 0.8605707859735309, "width_q2": 1.631006975909933, "width_q3": 2.4357801548128597, "width_max": 3.9916749673585263}