{"data_name": "CommunityCrime", "n_neighbors": "qrf", "level": 0.95, "random_state": 1424, "test_size": 0.2, "n": 1994, "d": 100, "oob_score": NaN, "test_score": NaN, "coverage": 0.9473684210526315, "width_mean": 2.071202441291877, "width_sd": 1.0548715067815977, "width_min": 0.257527417248936, "width_q1": 1.0526433180050287, "width_q2": 2.1460618104078097, "width_q3": 2.9411777111638977, "width_max": 4.16335991219115}