{"data_name": "CommunityCrime", "n_neighbors": "qrf", "level": 0.95, "random_state": 4506, "test_size": 0.2, "n": 1994, "d": 100, "oob_score": NaN, "test_score": NaN, "coverage": 0.9172932330827067, "width_mean": 1.944910199840046, "width_sd": 1.012230817836582, "width_min": 0.214606181040782, "width_q1": 0.9914805564084055, "width_q2": 1.8906804549692755, "width_q3": 2.809731425276418, "width_max": 4.206281148399306}