{"data_name": "CommunityCrime", "n_neighbors": "qrf", "level": 0.8, "random_state": 8935, "test_size": 0.2, "n": 1994, "d": 100, "oob_score": NaN, "test_score": NaN, "coverage": 0.8345864661654135, "width_mean": 1.2965548067500883, "width_sd": 0.7928121524960635, "width_min": 0.12876370862446795, "width_q1": 0.6051894305350016, "width_q2": 1.1631655012410307, "width_q3": 1.8499052805715324, "width_max": 3.5367098635520673}