{"data_name": "ComputerHardware", "n_neighbors": "qrf", "level": 0.95, "random_state": 3657, "test_size": 0.2, "n": 209, "d": 6, "oob_score": NaN, "test_score": NaN, "coverage": 0.9761904761904762, "width_mean": 0.6647220717254257, "width_sd": 0.6175442486170524, "width_min": 0.07461260525032498, "width_q1": 0.23083274749319238, "width_q2": 0.40415161177259246, "width_q3": 0.8320859914687263, "width_max": 2.151330118051033}