{"data_name": "ComputerHardware", "n_neighbors": "qrf", "level": 0.95, "random_state": 1424, "test_size": 0.2, "n": 209, "d": 6, "oob_score": NaN, "test_score": NaN, "coverage": 0.8571428571428571, "width_mean": 0.7561965335987894, "width_sd": 1.3317003612345326, "width_min": 0.04974173683354999, "width_q1": 0.18062468187682706, "width_q2": 0.35130101638694544, "width_q3": 0.6744280021455135, "width_max": 6.366942314694378}