{"data_name": "ComputerHardware", "n_neighbors": "qrf", "level": 0.9, "random_state": 3657, "test_size": 0.2, "n": 209, "d": 6, "oob_score": NaN, "test_score": NaN, "coverage": 0.8809523809523809, "width_mean": 0.553939377630288, "width_sd": 0.5114915642443038, "width_min": 0.044456677294985036, "width_q1": 0.1772049374695217, "width_q2": 0.37010961062713177, "width_q3": 0.6357615739038087, "width_max": 2.089463832864306}