{"data_name": "ComputerHardware", "n_neighbors": "qrf", "level": 0.95, "random_state": 4012, "test_size": 0.2, "n": 209, "d": 6, "oob_score": NaN, "test_score": NaN, "coverage": 0.8571428571428571, "width_mean": 0.6690633706321032, "width_sd": 0.6495329392413313, "width_min": 0.07461260525032498, "width_q1": 0.2020758058862967, "width_q2": 0.33443545874181996, "width_q3": 1.084136698579979, "width_max": 2.4808691245733017}