{"data_name": "ComputerHardware", "n_neighbors": "qrf", "level": 0.8, "random_state": 4506, "test_size": 0.2, "n": 209, "d": 6, "oob_score": NaN, "test_score": NaN, "coverage": 0.7619047619047619, "width_mean": 0.4246552741280885, "width_sd": 0.6836738535215784, "width_min": 0.031088585520968992, "width_q1": 0.12435434208387428, "width_q2": 0.180313796021619, "width_q3": 0.33420229435041254, "width_max": 3.97933894668398}