{"data_name": "ComputerHardware", "n_neighbors": "qrf", "level": 0.8, "random_state": 3657, "test_size": 0.2, "n": 209, "d": 6, "oob_score": NaN, "test_score": NaN, "coverage": 0.8571428571428571, "width_mean": 0.4524277438601537, "width_sd": 0.4534494920233666, "width_min": 0.043524019729356045, "width_q1": 0.14813711000741558, "width_q2": 0.3018701654086057, "width_q3": 0.5456046758929995, "width_max": 1.8964037167790901}