{"data_name": "ComputerHardware", "n_neighbors": "qrf", "level": 0.95, "random_state": 8935, "test_size": 0.2, "n": 209, "d": 6, "oob_score": NaN, "test_score": NaN, "coverage": 0.8095238095238095, "width_mean": 0.8677601433540357, "width_sd": 1.0736892112900422, "width_min": 0.05953464127265495, "width_q1": 0.182334554080481, "width_q2": 0.3397205182803837, "width_q3": 1.1063261764955636, "width_max": 4.064366228083838}