{"data_name": "ComputerHardware", "n_neighbors": "qrf", "level": 0.8, "random_state": 1679, "test_size": 0.2, "n": 209, "d": 6, "oob_score": NaN, "test_score": NaN, "coverage": 0.6190476190476191, "width_mean": 0.311137524711523, "width_sd": 0.34613093370988846, "width_min": 0.012435434208386997, "width_q1": 0.09528651462176901, "width_q2": 0.16259330227466604, "width_q3": 0.37415112674485923, "width_max": 1.3678977629226199}