{"data_name": "ComputerHardware", "n_neighbors": "qrf", "level": 0.8, "random_state": 2286, "test_size": 0.2, "n": 209, "d": 6, "oob_score": NaN, "test_score": NaN, "coverage": 0.7857142857142857, "width_mean": 0.7106850650093429, "width_sd": 1.140631372327503, "width_min": 0.03730630262516199, "width_q1": 0.1492252105006493, "width_q2": 0.32643014797017095, "width_q3": 0.6077818469349368, "width_max": 5.171897087268341}