{"data_name": "ComputerHardware", "n_neighbors": "qrf", "level": 0.95, "random_state": 2286, "test_size": 0.2, "n": 209, "d": 6, "oob_score": NaN, "test_score": NaN, "coverage": 0.8571428571428571, "width_mean": 0.919233958523755, "width_sd": 1.2516678792091402, "width_min": 0.04974173683354999, "width_q1": 0.280613345058645, "width_q2": 0.39171617756420496, "width_q3": 0.8927475939665158, "width_max": 5.845275849652522}