{"data_name": "ComputerHardware", "n_neighbors": "qrf", "level": 0.8, "random_state": 4012, "test_size": 0.2, "n": 209, "d": 6, "oob_score": NaN, "test_score": NaN, "coverage": 0.6904761904761905, "width_mean": 0.40215305984624466, "width_sd": 0.4020187395644401, "width_min": 0.062177171041936985, "width_q1": 0.11362878007914035, "width_q2": 0.26736183548033, "width_q3": 0.6171084225912338, "width_max": 1.7471785062784426}