{"data_name": "ComputerHardware", "n_neighbors": "qrf", "level": 0.99, "random_state": 9674, "test_size": 0.2, "n": 209, "d": 6, "oob_score": NaN, "test_score": NaN, "coverage": 0.7857142857142857, "width_mean": 0.8131685871792155, "width_sd": 0.980340777225186, "width_min": 0.09370099676019916, "width_q1": 0.24249096706355494, "width_q2": 0.48658299628144064, "width_q3": 1.0469469781505212, "width_max": 5.933194369505821}