{"data_name": "ComputerHardware", "n_neighbors": "qrf", "level": 0.9, "random_state": 8935, "test_size": 0.2, "n": 209, "d": 6, "oob_score": NaN, "test_score": NaN, "coverage": 0.7857142857142857, "width_mean": 0.6979979612991197, "width_sd": 0.8639985019198905, "width_min": 0.04974173683354999, "width_q1": 0.15723052127229872, "width_q2": 0.2953415624492019, "width_q3": 0.8580449603787342, "width_max": 3.7119771112036597}