{"data_name": "ComputerHardware", "n_neighbors": "qrf", "level": 0.8, "random_state": 1424, "test_size": 0.2, "n": 209, "d": 6, "oob_score": NaN, "test_score": NaN, "coverage": 0.5952380952380952, "width_mean": 0.35679333316231715, "width_sd": 0.44072042836484726, "width_min": 0.031088585520968937, "width_q1": 0.06373160031798622, "width_q2": 0.19927783318940867, "width_q3": 0.4057060410486404, "width_max": 1.8901859996748978}