{"data_name": "ComputerHardware", "n_neighbors": "qrf", "level": 0.99, "random_state": 1824, "test_size": 0.2, "n": 209, "d": 6, "oob_score": NaN, "test_score": NaN, "coverage": 0.8095238095238095, "width_mean": 0.8827507632104815, "width_sd": 0.7270926519140118, "width_min": 0.14922521050065002, "width_q1": 0.3653375127496629, "width_q2": 0.594320489404357, "width_q3": 1.181747084969436, "width_max": 2.7742210175491615}