{"data_name": "ComputerHardware", "n_neighbors": "qrf", "level": 0.9, "random_state": 1824, "test_size": 0.2, "n": 209, "d": 6, "oob_score": NaN, "test_score": NaN, "coverage": 0.6904761904761905, "width_mean": 0.5873448029769862, "width_sd": 0.4942159199722963, "width_min": 0.09419841412853402, "width_q1": 0.22383781575097422, "width_q2": 0.3792807433558175, "width_q3": 0.8484852203310362, "width_max": 1.8845900542811225}