{"data_name": "ComputerHardware", "n_neighbors": "qrf", "level": 0.9, "random_state": 409, "test_size": 0.2, "n": 209, "d": 6, "oob_score": NaN, "test_score": NaN, "coverage": 0.8571428571428571, "width_mean": 0.6543259006863299, "width_sd": 0.7688033962782914, "width_min": 0.062177171041936985, "width_q1": 0.1869201204448234, "width_q2": 0.41036932887678595, "width_q3": 0.9264398485248673, "width_max": 4.691267555114161}