{"data_name": "ComputerHardware", "n_neighbors": "qrf", "level": 0.9, "random_state": 1424, "test_size": 0.2, "n": 209, "d": 6, "oob_score": NaN, "test_score": NaN, "coverage": 0.7857142857142857, "width_mean": 0.6597367949758131, "width_sd": 1.272070938896108, "width_min": 0.0438349055845656, "width_q1": 0.11222979373069669, "width_q2": 0.313994713761783, "width_q3": 0.5647241559883953, "width_max": 6.242898858465714}