{"data_name": "ComputerHardware", "n_neighbors": "qrf", "level": 0.99, "random_state": 1424, "test_size": 0.2, "n": 209, "d": 6, "oob_score": NaN, "test_score": NaN, "coverage": 0.9285714285714286, "width_mean": 0.9859234156927348, "width_sd": 1.4263425714616627, "width_min": 0.07461260525032498, "width_q1": 0.2844372410777215, "width_q2": 0.4104936832188698, "width_q3": 0.9563548399424162, "width_max": 6.558479090089064}