{"data_name": "ComputerHardware", "n_neighbors": "qrf", "level": 0.8, "random_state": 409, "test_size": 0.2, "n": 209, "d": 6, "oob_score": NaN, "test_score": NaN, "coverage": 0.8333333333333334, "width_mean": 0.5613414218019473, "width_sd": 0.6924773991472511, "width_min": 0.062177171041936985, "width_q1": 0.14300749339645552, "width_q2": 0.3429070982962845, "width_q3": 0.8409462383422068, "width_max": 4.296442518997864}