{"data_name": "ComputerHardware", "n_neighbors": "qrf", "level": 0.9, "random_state": 9674, "test_size": 0.2, "n": 209, "d": 6, "oob_score": NaN, "test_score": NaN, "coverage": 0.6904761904761905, "width_mean": 0.5745466686041869, "width_sd": 0.9337931197199248, "width_min": 0.04974173683354999, "width_q1": 0.13678977629226202, "width_q2": 0.21762009864678, "width_q3": 0.6715134472529238, "width_max": 5.782476906900165}