{"data_name": "ConcreteSlumpTest", "n_neighbors": "qrf", "level": 0.95, "random_state": 409, "test_size": 0.2, "n": 103, "d": 9, "oob_score": NaN, "test_score": NaN, "coverage": 0.8571428571428571, "width_mean": 1.8292998366051987, "width_sd": 0.5901469123764358, "width_min": 0.8989910174137157, "width_q1": 1.417411509751843, "width_q2": 1.8039782851387185, "width_q3": 2.1640403583517758, "width_max": 3.1310951957882303}