{"data_name": "ConcreteSlumpTest", "n_neighbors": "qrf", "level": 0.95, "random_state": 2286, "test_size": 0.2, "n": 103, "d": 9, "oob_score": NaN, "test_score": NaN, "coverage": 0.9523809523809523, "width_mean": 2.0616059343411233, "width_sd": 0.4895800346716812, "width_min": 1.1278053776963401, "width_q1": 1.743027038623502, "width_q2": 2.173130418664093, "width_q3": 2.3417590111946494, "width_max": 3.294110277389085}