{"data_name": "ConcreteCompressiveStrength", "n_neighbors": "qrf", "level": 0.8, "random_state": 3657, "test_size": 0.2, "n": 1030, "d": 8, "oob_score": NaN, "test_score": NaN, "coverage": 0.7718446601941747, "width_mean": 0.6793716671109762, "width_sd": 0.3680959504056039, "width_min": 0.0, "width_q1": 0.4408963107889862, "width_q2": 0.6137111433526702, "width_q3": 0.854137459595146, "width_max": 1.7048030590279517}