{"data_name": "ConcreteSlumpTest", "n_neighbors": "qrf", "level": 0.99, "random_state": 3657, "test_size": 0.2, "n": 103, "d": 9, "oob_score": NaN, "test_score": NaN, "coverage": 0.9523809523809523, "width_mean": 2.1902039364577197, "width_sd": 0.7289021134199102, "width_min": 1.1876020270771361, "width_q1": 1.8153966766889225, "width_q2": 1.947135571825713, "width_q3": 2.611603033181705, "width_max": 3.8517232824000986}