{"data_name": "ConcreteSlumpTest", "n_neighbors": "qrf", "level": 0.8, "random_state": 1679, "test_size": 0.2, "n": 103, "d": 9, "oob_score": NaN, "test_score": NaN, "coverage": 0.7142857142857143, "width_mean": 1.1903012510014583, "width_sd": 0.4178606192697855, "width_min": 0.3624541943478843, "width_q1": 0.955572655989319, "width_q2": 1.10994420655635, "width_q3": 1.3714827839633084, "width_max": 2.1749803256750275}