{"data_name": "ConcreteSlumpTest", "n_neighbors": "qrf", "level": 0.95, "random_state": 8935, "test_size": 0.2, "n": 103, "d": 9, "oob_score": NaN, "test_score": NaN, "coverage": 0.9523809523809523, "width_mean": 1.9638023530860653, "width_sd": 0.8468474898758567, "width_min": 0.8634919397729914, "width_q1": 1.280901130324803, "width_q2": 2.0955937989474696, "width_q3": 2.356398792539748, "width_max": 4.062969905068611}