{"data_name": "ConcreteSlumpTest", "n_neighbors": "qrf", "level": 0.99, "random_state": 8935, "test_size": 0.2, "n": 103, "d": 9, "oob_score": NaN, "test_score": NaN, "coverage": 1.0, "width_mean": 2.878803115821772, "width_sd": 0.8524985247675477, "width_min": 1.6709316971148895, "width_q1": 2.3497582642694796, "width_q2": 2.732293518170472, "width_q3": 3.3682532745891067, "width_max": 4.902814930050189}