{"data_name": "ConcreteSlumpTest", "n_neighbors": "qrf", "level": 0.99, "random_state": 1424, "test_size": 0.2, "n": 103, "d": 9, "oob_score": NaN, "test_score": NaN, "coverage": 0.9047619047619048, "width_mean": 2.7931715581849197, "width_sd": 0.7098512814967437, "width_min": 1.3415079113965882, "width_q1": 2.49290917196679, "width_q2": 2.95402719989403, "width_q3": 3.072121436077814, "width_max": 3.9526006254028716}