{"data_name": "ConcreteSlumpTest", "n_neighbors": "qrf", "level": 0.99, "random_state": 409, "test_size": 0.2, "n": 103, "d": 9, "oob_score": NaN, "test_score": NaN, "coverage": 1.0, "width_mean": 2.4310411735043, "width_sd": 0.865301408504393, "width_min": 1.177561497300589, "width_q1": 1.7168923178518858, "width_q2": 2.4074307100825703, "width_q3": 2.879399399477345, "width_max": 4.613476715561788}