{"data_name": "ConcreteCompressiveStrength", "n_neighbors": "qrf", "level": 0.99, "random_state": 3657, "test_size": 0.2, "n": 1030, "d": 8, "oob_score": NaN, "test_score": NaN, "coverage": 0.9320388349514563, "width_mean": 1.5045069044832882, "width_sd": 0.6227562026894294, "width_min": 0.3878875906723396, "width_q1": 1.02295441525206, "width_q2": 1.4931901891500465, "width_q3": 1.895055009958721, "width_max": 3.269983465837398}