{"data_name": "ConcreteCompressiveStrength", "n_neighbors": "qrf", "level": 0.99, "random_state": 9674, "test_size": 0.2, "n": 1030, "d": 8, "oob_score": NaN, "test_score": NaN, "coverage": 0.970873786407767, "width_mean": 1.54038229399705, "width_sd": 0.6514204190852292, "width_min": 0.22227686794552093, "width_q1": 1.0212820860574783, "width_q2": 1.5556657141748855, "width_q3": 1.9107591912275432, "width_max": 3.373091726693284}