{"data_name": "ConcreteCompressiveStrength", "n_neighbors": "qrf", "level": 0.8, "random_state": 1824, "test_size": 0.2, "n": 1030, "d": 8, "oob_score": NaN, "test_score": NaN, "coverage": 0.7961165048543689, "width_mean": 0.7331256399693716, "width_sd": 0.44366858761333383, "width_min": 0.0, "width_q1": 0.4259613261251009, "width_q2": 0.6714457834661707, "width_q3": 0.9622290369771588, "width_max": 2.189666288596994}