{"data_name": "ConcreteCompressiveStrength", "n_neighbors": "qrf", "level": 0.8, "random_state": 4012, "test_size": 0.2, "n": 1030, "d": 8, "oob_score": NaN, "test_score": NaN, "coverage": 0.7864077669902912, "width_mean": 0.7192707443767475, "width_sd": 0.4082941598786169, "width_min": 0.0, "width_q1": 0.44074666164405485, "width_q2": 0.7023632968084423, "width_q3": 0.9021748351172656, "width_max": 1.976565906218497}