{"data_name": "ConcreteCompressiveStrength", "n_neighbors": "qrf", "level": 0.8, "random_state": 9674, "test_size": 0.2, "n": 1030, "d": 8, "oob_score": NaN, "test_score": NaN, "coverage": 0.7912621359223301, "width_mean": 0.729682256731691, "width_sd": 0.4508000919969331, "width_min": 0.0, "width_q1": 0.4092904113800421, "width_q2": 0.6645619227994454, "width_q3": 0.9787054078338082, "width_max": 2.4841758058167027}