{"data_name": "ConcreteCompressiveStrength", "n_neighbors": "qrf", "level": 0.9, "random_state": 1824, "test_size": 0.2, "n": 1030, "d": 8, "oob_score": NaN, "test_score": NaN, "coverage": 0.8932038834951457, "width_mean": 0.9951883167599015, "width_sd": 0.5050940787381998, "width_min": 0.014515967058085763, "width_q1": 0.6660210019625025, "width_q2": 0.925445277153681, "width_q3": 1.2618415900389435, "width_max": 2.823580066515042}