{"data_name": "ConcreteCompressiveStrength", "n_neighbors": "qrf", "level": 0.9, "random_state": 409, "test_size": 0.2, "n": 1030, "d": 8, "oob_score": NaN, "test_score": NaN, "coverage": 0.8883495145631068, "width_mean": 0.984548407845902, "width_sd": 0.46383214334756445, "width_min": 0.0, "width_q1": 0.6093638356924911, "width_q2": 0.9920391466469602, "width_q3": 1.285665733911596, "width_max": 2.8230413295932903}