{"data_name": "ConcreteSlumpTest", "n_neighbors": "qrf", "level": 0.8, "random_state": 409, "test_size": 0.2, "n": 103, "d": 9, "oob_score": NaN, "test_score": NaN, "coverage": 0.7142857142857143, "width_mean": 1.1426289346968734, "width_sd": 0.4740272549172018, "width_min": 0.37903956754930185, "width_q1": 0.8106420101677095, "width_q2": 1.077156199535089, "width_q3": 1.3829649654104461, "width_max": 2.4916333740282233}