{"data_name": "ConcreteSlumpTest", "n_neighbors": "qrf", "level": 0.99, "random_state": 4506, "test_size": 0.2, "n": 103, "d": 9, "oob_score": NaN, "test_score": NaN, "coverage": 0.9523809523809523, "width_mean": 2.422631538759224, "width_sd": 0.6122625315100575, "width_min": 1.1877232278813044, "width_q1": 2.149445229934529, "width_q2": 2.3915789206958293, "width_q3": 2.962581425072149, "width_max": 3.731243304071194}