{"data_name": "ConcreteSlumpTest", "n_neighbors": "qrf", "level": 0.9, "random_state": 4506, "test_size": 0.2, "n": 103, "d": 9, "oob_score": NaN, "test_score": NaN, "coverage": 0.9047619047619048, "width_mean": 1.487513568862158, "width_sd": 0.40143308196677374, "width_min": 0.6659665239338111, "width_q1": 1.2983157721862881, "width_q2": 1.450582256154685, "width_q3": 1.639846880341621, "width_max": 2.560526462711036}