{"data_name": "ConcreteCompressiveStrength", "n_neighbors": "qrf", "level": 0.95, "random_state": 1679, "test_size": 0.2, "n": 1030, "d": 8, "oob_score": NaN, "test_score": NaN, "coverage": 0.8932038834951457, "width_mean": 1.2003199548161563, "width_sd": 0.6158485045592363, "width_min": 0.053873692174340126, "width_q1": 0.7606179677005682, "width_q2": 1.0787234138469177, "width_q3": 1.5798609879269607, "width_max": 3.3910496240847348}