{"data_name": "ConcreteCompressiveStrength", "n_neighbors": "qrf", "level": 0.8, "random_state": 8935, "test_size": 0.2, "n": 1030, "d": 8, "oob_score": NaN, "test_score": NaN, "coverage": 0.8203883495145631, "width_mean": 0.727693230718027, "width_sd": 0.4531585066681357, "width_min": 0.0, "width_q1": 0.38265286358272904, "width_q2": 0.669889432358912, "width_q3": 0.9815786714164436, "width_max": 2.308128551722569}