{"data_name": "ConcreteSlumpTest", "n_neighbors": "qrf", "level": 0.95, "random_state": 4506, "test_size": 0.2, "n": 103, "d": 9, "oob_score": NaN, "test_score": NaN, "coverage": 0.9523809523809523, "width_mean": 1.910557533642653, "width_sd": 0.5845160338478297, "width_min": 0.9569122438248157, "width_q1": 1.447647920895967, "width_q2": 1.8899032763014385, "width_q3": 2.165475631032665, "width_max": 3.1782997195153446}