{"data_name": "ConcreteCompressiveStrength", "n_neighbors": "qrf", "level": 0.99, "random_state": 4506, "test_size": 0.2, "n": 1030, "d": 8, "oob_score": NaN, "test_score": NaN, "coverage": 0.9563106796116505, "width_mean": 1.5218766226189924, "width_sd": 0.588179751879267, "width_min": 0.175987394436172, "width_q1": 1.1657892863664476, "width_q2": 1.5042208276227391, "width_q3": 1.8539044880862239, "width_max": 3.443441789724276}