{"data_name": "ConcreteCompressiveStrength", "n_neighbors": "qrf", "level": 0.9, "random_state": 2286, "test_size": 0.2, "n": 1030, "d": 8, "oob_score": NaN, "test_score": NaN, "coverage": 0.8640776699029126, "width_mean": 0.9240228838246979, "width_sd": 0.44363894904756845, "width_min": 0.053873692174340126, "width_q1": 0.6396453401688162, "width_q2": 0.8834836569156681, "width_q3": 1.1436636602887358, "width_max": 2.4841758058167027}