{"data_name": "ConcreteCompressiveStrength", "n_neighbors": "qrf", "level": 0.9, "random_state": 4012, "test_size": 0.2, "n": 1030, "d": 8, "oob_score": NaN, "test_score": NaN, "coverage": 0.8640776699029126, "width_mean": 0.9494443507064239, "width_sd": 0.46039773853209454, "width_min": 0.0, "width_q1": 0.6196297670346002, "width_q2": 0.8956052376548957, "width_q3": 1.2082148189537385, "width_max": 2.0951778184889984}