{"data_name": "ConcreteCompressiveStrength", "n_neighbors": "qrf", "level": 0.9, "random_state": 3657, "test_size": 0.2, "n": 1030, "d": 8, "oob_score": NaN, "test_score": NaN, "coverage": 0.8446601941747572, "width_mean": 0.9223805207817135, "width_sd": 0.476567070295873, "width_min": 0.0, "width_q1": 0.5969279917489161, "width_q2": 0.8323485440935252, "width_q3": 1.2013010284580303, "width_max": 2.6031468760350416}