{"data_name": "ConcreteSlumpTest", "n_neighbors": "qrf", "level": 0.9, "random_state": 8935, "test_size": 0.2, "n": 103, "d": 9, "oob_score": NaN, "test_score": NaN, "coverage": 0.8571428571428571, "width_mean": 1.4535439299406483, "width_sd": 0.49851831505252125, "width_min": 0.675407428679233, "width_q1": 1.0943156818088622, "width_q2": 1.3651037942704536, "width_q3": 1.9141434371342783, "width_max": 2.253952218072539}