{"data_name": "ConcreteCompressiveStrength", "n_neighbors": "qrf", "level": 0.99, "random_state": 1424, "test_size": 0.2, "n": 1030, "d": 8, "oob_score": NaN, "test_score": NaN, "coverage": 0.970873786407767, "width_mean": 1.5156466270123075, "width_sd": 0.6547134735481598, "width_min": 0.11971931594297969, "width_q1": 1.0866922308143738, "width_q2": 1.4427449588860224, "width_q3": 1.8784192627627245, "width_max": 3.520274653713576}