{"data_name": "ConcreteCompressiveStrength", "n_neighbors": "qrf", "level": 0.9, "random_state": 1679, "test_size": 0.2, "n": 1030, "d": 8, "oob_score": NaN, "test_score": NaN, "coverage": 0.8737864077669902, "width_mean": 0.9752565035597162, "width_sd": 0.5725573362029837, "width_min": 0.005985965797148829, "width_q1": 0.5990230797779158, "width_q2": 0.826452367783335, "width_q3": 1.3297149597213604, "width_max": 3.142632043503066}