{"data_name": "ConcreteCompressiveStrength", "n_neighbors": "qrf", "level": 0.99, "random_state": 409, "test_size": 0.2, "n": 1030, "d": 8, "oob_score": NaN, "test_score": NaN, "coverage": 0.9611650485436893, "width_mean": 1.5915509979670641, "width_sd": 0.5669082475843653, "width_min": 0.15264212782729203, "width_q1": 1.1993331422022195, "width_q2": 1.580294970447256, "width_q3": 1.997978454120625, "width_max": 3.227734519241115}