{"data_name": "ConcreteSlumpTest", "n_neighbors": "qrf", "level": 0.95, "random_state": 4012, "test_size": 0.2, "n": 103, "d": 9, "oob_score": NaN, "test_score": NaN, "coverage": 1.0, "width_mean": 1.8538984359064952, "width_sd": 0.6764196262605406, "width_min": 0.7858915301594359, "width_q1": 1.315347674666206, "width_q2": 1.707017641807353, "width_q3": 2.25305915951554, "width_max": 3.328556821730489}