{"data_name": "ConcreteCompressiveStrength", "n_neighbors": "qrf", "level": 0.99, "random_state": 4012, "test_size": 0.2, "n": 1030, "d": 8, "oob_score": NaN, "test_score": NaN, "coverage": 0.9466019417475728, "width_mean": 1.5672571446568977, "width_sd": 0.6165239515159301, "width_min": 0.20531862684220104, "width_q1": 1.15032454372951, "width_q2": 1.5619704326507302, "width_q3": 1.9610038916373564, "width_max": 3.24357338474038}