{"data_name": "ConcreteSlumpTest", "n_neighbors": "qrf", "level": 0.8, "random_state": 8935, "test_size": 0.2, "n": 103, "d": 9, "oob_score": NaN, "test_score": NaN, "coverage": 0.7142857142857143, "width_mean": 1.084264216621412, "width_sd": 0.48622456889411975, "width_min": 0.3440827040324687, "width_q1": 0.78461573222087, "width_q2": 1.0576364910749643, "width_q3": 1.2137941587559906, "width_max": 2.218612615174137}