{"data_name": "ConcreteSlumpTest", "n_neighbors": "qrf", "level": 0.8, "random_state": 1424, "test_size": 0.2, "n": 103, "d": 9, "oob_score": NaN, "test_score": NaN, "coverage": 0.7142857142857143, "width_mean": 1.2281802993204447, "width_sd": 0.3655120516020468, "width_min": 0.47714842902537313, "width_q1": 1.0547021558162497, "width_q2": 1.1609761240991716, "width_q3": 1.2974865035262142, "width_max": 2.146274872057181}