{"data_name": "ConcreteCompressiveStrength", "n_neighbors": "qrf", "level": 0.9, "random_state": 1424, "test_size": 0.2, "n": 1030, "d": 8, "oob_score": NaN, "test_score": NaN, "coverage": 0.8932038834951457, "width_mean": 0.9811959764186345, "width_sd": 0.5120166438786489, "width_min": 0.009577545275437416, "width_q1": 0.6023003960518543, "width_q2": 0.9216142590435086, "width_q3": 1.2579058175273194, "width_max": 2.73678356245638}