{"data_name": "ConcreteSlumpTest", "n_neighbors": "qrf", "level": 0.99, "random_state": 1824, "test_size": 0.2, "n": 103, "d": 9, "oob_score": NaN, "test_score": NaN, "coverage": 0.7619047619047619, "width_mean": 2.061172770564837, "width_sd": 0.7059997219503423, "width_min": 1.1278053776963401, "width_q1": 1.4638633126951945, "width_q2": 1.834112632447743, "width_q3": 2.6066019052625053, "width_max": 3.5099433936467492}