{"data_name": "ConcreteCompressiveStrength", "n_neighbors": "qrf", "level": 0.8, "random_state": 1679, "test_size": 0.2, "n": 1030, "d": 8, "oob_score": NaN, "test_score": NaN, "coverage": 0.7766990291262136, "width_mean": 0.720641995473677, "width_sd": 0.4803765057000033, "width_min": 0.0, "width_q1": 0.37202777429279127, "width_q2": 0.646185007802201, "width_q3": 0.9559587378046459, "width_max": 2.543077709260654}