{"data_name": "ConcreteCompressiveStrength", "n_neighbors": "qrf", "level": 0.95, "random_state": 2286, "test_size": 0.2, "n": 1030, "d": 8, "oob_score": NaN, "test_score": NaN, "coverage": 0.9223300970873787, "width_mean": 1.1346194035438422, "width_sd": 0.49093700143688507, "width_min": 0.2646096180629607, "width_q1": 0.7753845970764087, "width_q2": 1.0868643273310403, "width_q3": 1.4315773914457188, "width_max": 2.9471603303971667}