{"data_name": "ConcreteSlumpTest", "n_neighbors": "qrf", "level": 0.9, "random_state": 1824, "test_size": 0.2, "n": 103, "d": 9, "oob_score": NaN, "test_score": NaN, "coverage": 0.6190476190476191, "width_mean": 1.2866422210483697, "width_sd": 0.6336585647174977, "width_min": 0.495009600165361, "width_q1": 0.8569534753378212, "width_q2": 1.1278053776963401, "width_q3": 1.3829649654104461, "width_max": 3.059809985970604}