{"data_name": "ConcreteCompressiveStrength", "n_neighbors": "qrf", "level": 0.99, "random_state": 8935, "test_size": 0.2, "n": 1030, "d": 8, "oob_score": NaN, "test_score": NaN, "coverage": 0.9514563106796117, "width_mean": 1.5376905853382077, "width_sd": 0.6983622991411764, "width_min": 0.175987394436172, "width_q1": 1.040211206399513, "width_q2": 1.4475741367928705, "width_q3": 1.9018169065723294, "width_max": 3.85556056994347}