{"data_name": "ConcreteSlumpTest", "n_neighbors": "qrf", "level": 0.8, "random_state": 2286, "test_size": 0.2, "n": 103, "d": 9, "oob_score": NaN, "test_score": NaN, "coverage": 0.8571428571428571, "width_mean": 1.316015949776887, "width_sd": 0.4752226033684679, "width_min": 0.6842104344553688, "width_q1": 0.972158029190736, "width_q2": 1.213283839580564, "width_q3": 1.544863723815049, "width_max": 2.543941089509615}