{"data_name": "ConcreteSlumpTest", "n_neighbors": "qrf", "level": 0.9, "random_state": 1679, "test_size": 0.2, "n": 103, "d": 9, "oob_score": NaN, "test_score": NaN, "coverage": 0.8095238095238095, "width_mean": 1.646244095719307, "width_sd": 0.5438243533577187, "width_min": 0.5396625280153287, "width_q1": 1.2285934148434101, "width_q2": 1.639400351063119, "width_q3": 1.9978995718014319, "width_max": 2.850132594766544}