{"data_name": "CyclePowerPlant", "n_neighbors": "qrf", "level": 0.9, "random_state": 1679, "test_size": 0.2, "n": 9568, "d": 4, "oob_score": NaN, "test_score": NaN, "coverage": 0.8458725182863114, "width_mean": 0.5697740570234046, "width_sd": 0.2790493321623841, "width_min": 0.043329244545306844, "width_q1": 0.40013634503781603, "width_q2": 0.5424797980023229, "width_q3": 0.6951502007316859, "width_max": 3.11536975317637}