{"data_name": "CyclePowerPlant", "n_neighbors": "qrf", "level": 0.9, "random_state": 1824, "test_size": 0.2, "n": 9568, "d": 4, "oob_score": NaN, "test_score": NaN, "coverage": 0.8458725182863114, "width_mean": 0.5636523218365332, "width_sd": 0.2664241657894829, "width_min": 0.0634851067813873, "width_q1": 0.39278297087900915, "width_q2": 0.5344379605258607, "width_q3": 0.6877895024950296, "width_max": 2.671354857754691}