{"data_name": "CyclePowerPlant", "n_neighbors": "qrf", "level": 0.9, "random_state": 4506, "test_size": 0.2, "n": 9568, "d": 4, "oob_score": NaN, "test_score": NaN, "coverage": 0.8349007314524556, "width_mean": 0.573614414665863, "width_sd": 0.2556557742649026, "width_min": 0.05970588261212395, "width_q1": 0.4050434771955833, "width_q2": 0.550770654125596, "width_q3": 0.7167635544594031, "width_max": 2.93842003238283}