{"data_name": "CyclePowerPlant", "n_neighbors": "qrf", "level": 0.9, "random_state": 409, "test_size": 0.2, "n": 9568, "d": 4, "oob_score": NaN, "test_score": NaN, "coverage": 0.8469174503657262, "width_mean": 0.5685776532180433, "width_sd": 0.26479198765461487, "width_min": 0.051327137554682434, "width_q1": 0.39679656553939147, "width_q2": 0.5370160359281477, "width_q3": 0.6959558492949005, "width_max": 2.93842003238283}