{"data_name": "CyclePowerPlant", "n_neighbors": "qrf", "level": 0.95, "random_state": 8935, "test_size": 0.2, "n": 9568, "d": 4, "oob_score": NaN, "test_score": NaN, "coverage": 0.9022988505747126, "width_mean": 0.6879234634758483, "width_sd": 0.2801479246904991, "width_min": 0.07619970592450476, "width_q1": 0.5144432280024162, "width_q2": 0.6662713617793261, "width_q3": 0.8157228322947503, "width_max": 3.12533049904886}