{"data_name": "CyclePowerPlant", "n_neighbors": "qrf", "level": 0.99, "random_state": 409, "test_size": 0.2, "n": 9568, "d": 4, "oob_score": NaN, "test_score": NaN, "coverage": 0.9487983281086729, "width_mean": 0.8708376132643005, "width_sd": 0.34178474922434915, "width_min": 0.1542011349994717, "width_q1": 0.6697297913388777, "width_q2": 0.8249855935483763, "width_q3": 0.9976858843748483, "width_max": 3.109205809259986}