{"data_name": "CyclePowerPlant", "n_neighbors": "qrf", "level": 0.95, "random_state": 2286, "test_size": 0.2, "n": 9568, "d": 4, "oob_score": NaN, "test_score": NaN, "coverage": 0.9043887147335423, "width_mean": 0.6938192389987227, "width_sd": 0.30050733831250664, "width_min": 0.08857739748663468, "width_q1": 0.5091186234073465, "width_q2": 0.659599126860334, "width_q3": 0.8227209886779552, "width_max": 2.85697628671958}