{"data_name": "CyclePowerPlant", "n_neighbors": "qrf", "level": 0.99, "random_state": 4012, "test_size": 0.2, "n": 9568, "d": 4, "oob_score": NaN, "test_score": NaN, "coverage": 0.9545454545454546, "width_mean": 0.886509694940425, "width_sd": 0.34708742950424165, "width_min": 0.24174730232518993, "width_q1": 0.6689395233391406, "width_q2": 0.8410136055096589, "width_q3": 1.023285001267136, "width_max": 3.1271410110927387}