{"data_name": "CyclePowerPlant", "n_neighbors": "qrf", "level": 0.95, "random_state": 3657, "test_size": 0.2, "n": 9568, "d": 4, "oob_score": NaN, "test_score": NaN, "coverage": 0.9080459770114943, "width_mean": 0.677364997850009, "width_sd": 0.2666722243765191, "width_min": 0.06913929487960013, "width_q1": 0.5080602941583969, "width_q2": 0.6529781604862662, "width_q3": 0.8116689552062057, "width_max": 2.95716967167221}