{"data_name": "CyclePowerPlant", "n_neighbors": "qrf", "level": 0.99, "random_state": 2286, "test_size": 0.2, "n": 9568, "d": 4, "oob_score": NaN, "test_score": NaN, "coverage": 0.9472309299895507, "width_mean": 0.8797923752329252, "width_sd": 0.34168192579166656, "width_min": 0.15708682167135435, "width_q1": 0.6620636790559891, "width_q2": 0.840275338462639, "width_q3": 1.0175736853617163, "width_max": 3.11536975317637}