{"data_name": "CyclePowerPlant", "n_neighbors": "qrf", "level": 0.95, "random_state": 9674, "test_size": 0.2, "n": 9568, "d": 4, "oob_score": NaN, "test_score": NaN, "coverage": 0.8887147335423198, "width_mean": 0.6816051797338284, "width_sd": 0.2973768447497377, "width_min": 0.061522253918290026, "width_q1": 0.4931155133107455, "width_q2": 0.6558125786132174, "width_q3": 0.8120937517213584, "width_max": 3.11536975317637}