{"data_name": "CyclePowerPlant", "n_neighbors": "qrf", "level": 0.9, "random_state": 3657, "test_size": 0.2, "n": 9568, "d": 4, "oob_score": NaN, "test_score": NaN, "coverage": 0.8369905956112853, "width_mean": 0.5610318019872823, "width_sd": 0.23428067912719291, "width_min": 0.04810454330182612, "width_q1": 0.4002095858162916, "width_q2": 0.5375726658445527, "width_q3": 0.6963806458100463, "width_max": 2.269878206470803}