{"data_name": "CyclePowerPlant", "n_neighbors": "qrf", "level": 0.99, "random_state": 9674, "test_size": 0.2, "n": 9568, "d": 4, "oob_score": NaN, "test_score": NaN, "coverage": 0.9456635318704284, "width_mean": 0.8638725024774777, "width_sd": 0.34241911108244216, "width_min": 0.18034516328360484, "width_q1": 0.6605131717756888, "width_q2": 0.8269601649360385, "width_q3": 0.9994238880480371, "width_max": 3.126021891997653}