{"data_name": "CyclePowerPlant", "n_neighbors": "qrf", "level": 0.95, "random_state": 4506, "test_size": 0.2, "n": 9568, "d": 4, "oob_score": NaN, "test_score": NaN, "coverage": 0.900208986415883, "width_mean": 0.6924930298805402, "width_sd": 0.2895661642442602, "width_min": 0.061522253918290026, "width_q1": 0.503739088228417, "width_q2": 0.6631073601492445, "width_q3": 0.8384933903223633, "width_max": 3.3210298591317797}