{"data_name": "CyclePowerPlant", "n_neighbors": "qrf", "level": 0.95, "random_state": 4012, "test_size": 0.2, "n": 9568, "d": 4, "oob_score": NaN, "test_score": NaN, "coverage": 0.910135841170324, "width_mean": 0.6989738821300155, "width_sd": 0.30955937807134887, "width_min": 0.10898227836954, "width_q1": 0.507261969673027, "width_q2": 0.671200466170639, "width_q3": 0.822882118390601, "width_max": 3.0587399832601627}