{"data_name": "CyclePowerPlant", "n_neighbors": "qrf", "level": 0.99, "random_state": 1824, "test_size": 0.2, "n": 9568, "d": 4, "oob_score": NaN, "test_score": NaN, "coverage": 0.9467084639498433, "width_mean": 0.8649789219123952, "width_sd": 0.337951813004208, "width_min": 0.1289037701145, "width_q1": 0.6610309840795017, "width_q2": 0.8238225299862068, "width_q3": 0.9967469375948086, "width_max": 3.177012121971354}