{"data_name": "EnergyEfficiency", "n_neighbors": "qrf", "level": 0.95, "random_state": 4012, "test_size": 0.2, "n": 768, "d": 8, "oob_score": NaN, "test_score": NaN, "coverage": 0.7597402597402597, "width_mean": 0.3096454333436057, "width_sd": 0.3074606913733182, "width_min": 0.015767390106127932, "width_q1": 0.07699742168492775, "width_q2": 0.14821346699761007, "width_q3": 0.5284703583904112, "width_max": 1.3600162336041275}