{"data_name": "EnergyEfficiency", "n_neighbors": "qrf", "level": 0.9, "random_state": 4012, "test_size": 0.2, "n": 768, "d": 8, "oob_score": NaN, "test_score": NaN, "coverage": 0.6883116883116883, "width_mean": 0.267002322030281, "width_sd": 0.2773011957257281, "width_min": 0.012298564282780089, "width_q1": 0.06937651646696147, "width_q2": 0.12905608801866253, "width_q3": 0.46382405895528356, "width_max": 1.1836054173000599}