{"data_name": "EnergyEfficiency", "n_neighbors": "qrf", "level": 0.99, "random_state": 2286, "test_size": 0.2, "n": 768, "d": 8, "oob_score": NaN, "test_score": NaN, "coverage": 0.8116883116883117, "width_mean": 0.4180604036714954, "width_sd": 0.3949411976431351, "width_min": 0.02943246153143997, "width_q1": 0.10608431458320866, "width_q2": 0.21811556313477753, "width_q3": 0.6766851393371961, "width_max": 1.5769229634974313}