{"data_name": "EnergyEfficiency", "n_neighbors": "qrf", "level": 0.8, "random_state": 2286, "test_size": 0.2, "n": 768, "d": 8, "oob_score": NaN, "test_score": NaN, "coverage": 0.6558441558441559, "width_mean": 0.27158885786656395, "width_sd": 0.304525752893193, "width_min": 0.004204637361630015, "width_q1": 0.0499037896858944, "width_q2": 0.10932057140249098, "width_q3": 0.40968935292424574, "width_max": 1.1909635326829198}