{"data_name": "EnergyEfficiency", "n_neighbors": "qrf", "level": 0.99, "random_state": 1424, "test_size": 0.2, "n": 768, "d": 8, "oob_score": NaN, "test_score": NaN, "coverage": 0.9025974025974026, "width_mean": 0.4042106285335122, "width_sd": 0.372611392429131, "width_min": 0.030483620871847972, "width_q1": 0.10177850313505793, "width_q2": 0.19797272227419968, "width_q3": 0.6848395079204164, "width_max": 1.3100493743578068}