{"data_name": "EnergyEfficiency", "n_neighbors": "qrf", "level": 0.99, "random_state": 1679, "test_size": 0.2, "n": 768, "d": 8, "oob_score": NaN, "test_score": NaN, "coverage": 0.8636363636363636, "width_mean": 0.4443612977108181, "width_sd": 0.40559868282864925, "width_min": 0.024176664829396954, "width_q1": 0.10807363363493139, "width_q2": 0.24828383620450512, "width_q3": 0.7004426543796034, "width_max": 1.7183564527494068}