{"data_name": "EnergyEfficiency", "n_neighbors": "qrf", "level": 0.99, "random_state": 3657, "test_size": 0.2, "n": 768, "d": 8, "oob_score": NaN, "test_score": NaN, "coverage": 0.7987012987012987, "width_mean": 0.34840236079547, "width_sd": 0.30105638051650646, "width_min": 0.012613912084902923, "width_q1": 0.11037173074289996, "width_q2": 0.17659476918864003, "width_q3": 0.6249313092121798, "width_max": 1.2805643548593413}