{"data_name": "EnergyEfficiency", "n_neighbors": "qrf", "level": 0.99, "random_state": 409, "test_size": 0.2, "n": 768, "d": 8, "oob_score": NaN, "test_score": NaN, "coverage": 0.8701298701298701, "width_mean": 0.4207980594393597, "width_sd": 0.39263687326883595, "width_min": 0.021023186808170946, "width_q1": 0.10470466794892119, "width_q2": 0.24173511351376042, "width_q3": 0.742318214603131, "width_max": 1.4435781453699008}