{"data_name": "EnergyEfficiency", "n_neighbors": "qrf", "level": 0.9, "random_state": 3657, "test_size": 0.2, "n": 768, "d": 8, "oob_score": NaN, "test_score": NaN, "coverage": 0.6558441558441559, "width_mean": 0.2533205276154631, "width_sd": 0.25362779607344477, "width_min": 0.005360912636086512, "width_q1": 0.06727419778614896, "width_q2": 0.11993728074061666, "width_q3": 0.4482012032584621, "width_max": 1.1489171590665699}