{"data_name": "EnergyEfficiency", "n_neighbors": "qrf", "level": 0.8, "random_state": 8935, "test_size": 0.2, "n": 768, "d": 8, "oob_score": NaN, "test_score": NaN, "coverage": 0.564935064935065, "width_mean": 0.24878279560569921, "width_sd": 0.2852159464220745, "width_min": 0.005255796702042903, "width_q1": 0.04044335562221962, "width_q2": 0.09723223898779604, "width_q3": 0.4414869229716011, "width_max": 1.303437582106628}