{"data_name": "EnergyEfficiency", "n_neighbors": "qrf", "level": 0.8, "random_state": 3657, "test_size": 0.2, "n": 768, "d": 8, "oob_score": NaN, "test_score": NaN, "coverage": 0.551948051948052, "width_mean": 0.21114992607707184, "width_sd": 0.23859299900874908, "width_min": 0.0, "width_q1": 0.0462510109779799, "width_q2": 0.09618107964738551, "width_q3": 0.3610732334303456, "width_max": 1.1489171590665699}