{"data_name": "EnergyEfficiency", "n_neighbors": "qrf", "level": 0.8, "random_state": 1424, "test_size": 0.2, "n": 768, "d": 8, "oob_score": NaN, "test_score": NaN, "coverage": 0.6168831168831169, "width_mean": 0.2610028642234492, "width_sd": 0.29391811368071447, "width_min": 0.0, "width_q1": 0.0467765906481824, "width_q2": 0.101436876349425, "width_q3": 0.4073242444083227, "width_max": 1.1730938238959698}