{"data_name": "EnergyEfficiency", "n_neighbors": "qrf", "level": 0.9, "random_state": 409, "test_size": 0.2, "n": 768, "d": 8, "oob_score": NaN, "test_score": NaN, "coverage": 0.7597402597402597, "width_mean": 0.3097636887694021, "width_sd": 0.3266068399651794, "width_min": 0.011562752744494031, "width_q1": 0.06464629943512723, "width_q2": 0.12771585985964196, "width_q3": 0.5390607887450258, "width_max": 1.303437582106628}