{"data_name": "EnergyEfficiency", "n_neighbors": "qrf", "level": 0.9, "random_state": 1824, "test_size": 0.2, "n": 768, "d": 8, "oob_score": NaN, "test_score": NaN, "coverage": 0.7012987012987013, "width_mean": 0.30442018169382445, "width_sd": 0.31460735206344786, "width_min": 0.0054134706031042645, "width_q1": 0.06107235767773697, "width_q2": 0.13349723623189003, "width_q3": 0.5117175064026483, "width_max": 1.2719028018943768}