{"data_name": "EnergyEfficiency", "n_neighbors": "qrf", "level": 0.95, "random_state": 3657, "test_size": 0.2, "n": 768, "d": 8, "oob_score": NaN, "test_score": NaN, "coverage": 0.7402597402597403, "width_mean": 0.29050614249616624, "width_sd": 0.2696413389075861, "width_min": 0.01156275274449392, "width_q1": 0.08550524259635983, "width_q2": 0.147687887327405, "width_q3": 0.5134913377895858, "width_max": 1.1489171590665699}