{"data_name": "EnergyEfficiency", "n_neighbors": "qrf", "level": 0.95, "random_state": 2286, "test_size": 0.2, "n": 768, "d": 8, "oob_score": NaN, "test_score": NaN, "coverage": 0.7662337662337663, "width_mean": 0.3536485673749596, "width_sd": 0.3527454799897953, "width_min": 0.01156275274449492, "width_q1": 0.07548638013308917, "width_q2": 0.16479550559255152, "width_q3": 0.5476540163528679, "width_max": 1.281363235958048}