{"data_name": "EnergyEfficiency", "n_neighbors": "qrf", "level": 0.99, "random_state": 4506, "test_size": 0.2, "n": 768, "d": 8, "oob_score": NaN, "test_score": NaN, "coverage": 0.8506493506493507, "width_mean": 0.3936142939397437, "width_sd": 0.367261378032602, "width_min": 0.030483620871847972, "width_q1": 0.10748104255677249, "width_q2": 0.20920961562316737, "width_q3": 0.6776311827435635, "width_max": 1.43167902163648}