{"data_name": "EnergyEfficiency", "n_neighbors": "qrf", "level": 0.8, "random_state": 4012, "test_size": 0.2, "n": 768, "d": 8, "oob_score": NaN, "test_score": NaN, "coverage": 0.5844155844155844, "width_mean": 0.23278333135948062, "width_sd": 0.25473964393987336, "width_min": 0.0010511593404098907, "width_q1": 0.04940448899920302, "width_q2": 0.11037173074290207, "width_q3": 0.36882553356585884, "width_max": 1.1836054173000599}