{"data_name": "EnergyEfficiency", "n_neighbors": "qrf", "level": 0.99, "random_state": 4012, "test_size": 0.2, "n": 768, "d": 8, "oob_score": NaN, "test_score": NaN, "coverage": 0.8441558441558441, "width_mean": 0.39095284722405876, "width_sd": 0.35222366273105465, "width_min": 0.024176664829396954, "width_q1": 0.11089731041310405, "width_q2": 0.21372697288857476, "width_q3": 0.6729456399836917, "width_max": 1.3755313454685572}