{"data_name": "FacebookMetrics", "n_neighbors": "qrf", "level": 0.8, "random_state": 1679, "test_size": 0.2, "n": 495, "d": 17, "oob_score": NaN, "test_score": NaN, "coverage": 0.8181818181818182, "width_mean": 0.13051636046917156, "width_sd": 0.3531814183472287, "width_min": 0.005240026638460904, "width_q1": 0.02633113385826452, "width_q2": 0.04978025306537498, "width_q3": 0.08501943220902279, "width_max": 2.4410664095268544}