{"data_name": "FacebookMetrics", "n_neighbors": "qrf", "level": 0.9, "random_state": 3657, "test_size": 0.2, "n": 495, "d": 17, "oob_score": NaN, "test_score": NaN, "coverage": 0.9090909090909091, "width_mean": 0.2626179613203832, "width_sd": 1.3317550100440199, "width_min": 0.007860039957691023, "width_q1": 0.03936570012143527, "width_q2": 0.07336037293844797, "width_q3": 0.13375167994670614, "width_max": 13.2153471821976}