{"data_name": "FacebookMetrics", "n_neighbors": "qrf", "level": 0.95, "random_state": 4012, "test_size": 0.2, "n": 495, "d": 17, "oob_score": NaN, "test_score": NaN, "coverage": 0.9494949494949495, "width_mean": 0.20068177272111373, "width_sd": 0.5056560870448037, "width_min": 0.00923554695028661, "width_q1": 0.052662267716528696, "width_q2": 0.09307597316565569, "width_q3": 0.1258261396560345, "width_max": 3.7911592729262202}