{"data_name": "FacebookMetrics", "n_neighbors": "qrf", "level": 0.9, "random_state": 1679, "test_size": 0.2, "n": 495, "d": 17, "oob_score": NaN, "test_score": NaN, "coverage": 0.9191919191919192, "width_mean": 0.1745392004274911, "width_sd": 0.43055168457416015, "width_min": 0.005240026638460904, "width_q1": 0.038121193794801014, "width_q2": 0.06288031966152702, "width_q3": 0.12052061268459326, "width_max": 3.1120518205817342}