{"data_name": "FacebookMetrics", "n_neighbors": "qrf", "level": 0.8, "random_state": 8935, "test_size": 0.2, "n": 495, "d": 17, "oob_score": NaN, "test_score": NaN, "coverage": 0.8080808080808081, "width_mean": 0.1666116752782444, "width_sd": 0.4816503010124476, "width_min": 0.005502027970383017, "width_q1": 0.029082147843456085, "width_q2": 0.044540226426914964, "width_q3": 0.07598038625767796, "width_max": 3.1099558099263502}