{"data_name": "FacebookMetrics", "n_neighbors": "qrf", "level": 0.99, "random_state": 1424, "test_size": 0.2, "n": 495, "d": 17, "oob_score": NaN, "test_score": NaN, "coverage": 0.98989898989899, "width_mean": 0.33790536728751486, "width_sd": 0.7199799147252618, "width_min": 0.015720079915382046, "width_q1": 0.0806112597994178, "width_q2": 0.11146846666665204, "width_q3": 0.19725425277155012, "width_max": 3.86480784732979}