{"data_name": "FacebookMetrics", "n_neighbors": "qrf", "level": 0.8, "random_state": 4012, "test_size": 0.2, "n": 495, "d": 17, "oob_score": NaN, "test_score": NaN, "coverage": 0.8686868686868687, "width_mean": 0.12775343733252886, "width_sd": 0.3574890917247586, "width_min": 0.005240026638460016, "width_q1": 0.03144015983076301, "width_q2": 0.05240026638460599, "width_q3": 0.08646043953459914, "width_max": 2.8717965992083183}