{"data_name": "FacebookMetrics", "n_neighbors": "qrf", "level": 0.9, "random_state": 1824, "test_size": 0.2, "n": 495, "d": 17, "oob_score": NaN, "test_score": NaN, "coverage": 0.9696969696969697, "width_mean": 0.2492691257828099, "width_sd": 1.3001605096904585, "width_min": 0.007860039957690912, "width_q1": 0.04211671410662722, "width_q2": 0.06026030634229601, "width_q3": 0.09851250080305868, "width_max": 12.82496519763229}