{"data_name": "FacebookMetrics", "n_neighbors": "qrf", "level": 0.8, "random_state": 2286, "test_size": 0.2, "n": 495, "d": 17, "oob_score": NaN, "test_score": NaN, "coverage": 0.8585858585858586, "width_mean": 0.2508781844677513, "width_sd": 1.3032869314855287, "width_min": 0.005764029302307017, "width_q1": 0.027510139851917997, "width_q2": 0.050304255729221495, "width_q3": 0.10349052610959619, "width_max": 12.82496519763229}