{"data_name": "FacebookMetrics", "n_neighbors": "qrf", "level": 0.8, "random_state": 409, "test_size": 0.2, "n": 495, "d": 17, "oob_score": NaN, "test_score": NaN, "coverage": 0.8282828282828283, "width_mean": 0.11115472668786991, "width_sd": 0.3059407944403398, "width_min": 0.005240026638460016, "width_q1": 0.02436612386884207, "width_q2": 0.04716023974614497, "width_q3": 0.075980386257678, "width_max": 2.3239518141572604}