{"data_name": "FacebookMetrics", "n_neighbors": "qrf", "level": 0.99, "random_state": 2286, "test_size": 0.2, "n": 495, "d": 17, "oob_score": NaN, "test_score": NaN, "coverage": 0.9797979797979798, "width_mean": 0.616276621823438, "width_sd": 2.2900685869702073, "width_min": 0.018340093234612054, "width_q1": 0.06425582665412294, "width_q2": 0.11797919976493942, "width_q3": 0.2145463406784703, "width_max": 16.008438581296243}