{"data_name": "FacebookMetrics", "n_neighbors": "qrf", "level": 0.9, "random_state": 4506, "test_size": 0.2, "n": 495, "d": 17, "oob_score": NaN, "test_score": NaN, "coverage": 0.9292929292929293, "width_mean": 0.30406710132622655, "width_sd": 1.6192088738998849, "width_min": 0.007991040623652412, "width_q1": 0.039431200454416504, "width_q2": 0.07074035961921751, "width_q3": 0.1153460863791134, "width_max": 16.040769545655547}