{"data_name": "FacebookMetrics", "n_neighbors": "qrf", "level": 0.95, "random_state": 409, "test_size": 0.2, "n": 495, "d": 17, "oob_score": NaN, "test_score": NaN, "coverage": 0.9191919191919192, "width_mean": 0.18829427035345017, "width_sd": 0.47925575709655305, "width_min": 0.013100066596151927, "width_q1": 0.043230219767299974, "width_q2": 0.07074035961921699, "width_q3": 0.11754034753396876, "width_max": 3.243379988208153}