{"data_name": "FacebookMetrics", "n_neighbors": "qrf", "level": 0.9, "random_state": 9674, "test_size": 0.2, "n": 495, "d": 17, "oob_score": NaN, "test_score": NaN, "coverage": 0.9292929292929293, "width_mean": 0.19548607459083217, "width_sd": 0.5020473690570549, "width_min": 0.010611053942882531, "width_q1": 0.04454022642691499, "width_q2": 0.08122041289613871, "width_q3": 0.1137740783875751, "width_max": 3.651512563011252}