{"data_name": "FacebookMetrics", "n_neighbors": "qrf", "level": 0.99, "random_state": 1824, "test_size": 0.2, "n": 495, "d": 17, "oob_score": NaN, "test_score": NaN, "coverage": 0.98989898989899, "width_mean": 0.4826711597917701, "width_sd": 2.101184705190217, "width_min": 0.01704318664159321, "width_q1": 0.07279052004151546, "width_q2": 0.10897945401338316, "width_q3": 0.1548034869667215, "width_max": 15.99520751403413}