{"data_name": "FacebookMetrics", "n_neighbors": "qrf", "level": 0.9, "random_state": 8935, "test_size": 0.2, "n": 495, "d": 17, "oob_score": NaN, "test_score": NaN, "coverage": 0.9191919191919192, "width_mean": 0.20952034795636584, "width_sd": 0.5620808611217734, "width_min": 0.010742054608844032, "width_q1": 0.04355772143220327, "width_q2": 0.06026030634229698, "width_q3": 0.10499703376815371, "width_max": 3.3614770885724603}