{"data_name": "FacebookMetrics", "n_neighbors": "qrf", "level": 0.95, "random_state": 1679, "test_size": 0.2, "n": 495, "d": 17, "oob_score": NaN, "test_score": NaN, "coverage": 0.9595959595959596, "width_mean": 0.21105993659117608, "width_sd": 0.5163918949983701, "width_min": 0.014475573588747292, "width_q1": 0.044605726759895464, "width_q2": 0.08423342821325337, "width_q3": 0.15379478183881748, "width_max": 3.740134513534211}