{"data_name": "FacebookMetrics", "n_neighbors": "qrf", "level": 0.99, "random_state": 4012, "test_size": 0.2, "n": 495, "d": 17, "oob_score": NaN, "test_score": NaN, "coverage": 0.9696969696969697, "width_mean": 0.36882377396081806, "width_sd": 1.5508102840792553, "width_min": 0.02228321328005367, "width_q1": 0.07018360678888136, "width_q2": 0.11673469343830492, "width_q3": 0.15015951335838598, "width_max": 14.922338259942522}