{"data_name": "FacebookMetrics", "n_neighbors": "qrf", "level": 0.99, "random_state": 9674, "test_size": 0.2, "n": 495, "d": 17, "oob_score": NaN, "test_score": NaN, "coverage": 0.9797979797979798, "width_mean": 0.44593579425415425, "width_sd": 1.343879957661909, "width_min": 0.024903226599284123, "width_q1": 0.081947466592225, "width_q2": 0.11159946733261417, "width_q3": 0.18104292035881275, "width_max": 9.703258627969124}