{"data_name": "FacebookMetrics", "n_neighbors": "qrf", "level": 0.8, "random_state": 1424, "test_size": 0.2, "n": 495, "d": 17, "oob_score": NaN, "test_score": NaN, "coverage": 0.8484848484848485, "width_mean": 0.1427695540732486, "width_sd": 0.38788436884435035, "width_min": 0.005764029302306128, "width_q1": 0.030130153171148533, "width_q2": 0.052400266384606015, "width_q3": 0.09039045951344502, "width_max": 2.72743386531873}