{"data_name": "FacebookMetrics", "n_neighbors": "qrf", "level": 0.9, "random_state": 2286, "test_size": 0.2, "n": 495, "d": 17, "oob_score": NaN, "test_score": NaN, "coverage": 0.9393939393939394, "width_mean": 0.2827589829022034, "width_sd": 1.3448623047662827, "width_min": 0.01048005327692103, "width_q1": 0.041003208445954197, "width_q2": 0.06812034629998759, "width_q3": 0.14115321757353202, "width_max": 13.2153471821976}