{"data_name": "FacebookMetrics", "n_neighbors": "qrf", "level": 0.99, "random_state": 409, "test_size": 0.2, "n": 495, "d": 17, "oob_score": NaN, "test_score": NaN, "coverage": 0.9393939393939394, "width_mean": 0.33802287091516603, "width_sd": 1.4744687264490728, "width_min": 0.013100066596151927, "width_q1": 0.05900269994906604, "width_q2": 0.08780974639400294, "width_q3": 0.15346728017391426, "width_max": 14.370288353514102}