{"data_name": "FiveCitiesPM25", "n_neighbors": "qrf", "level": 0.8, "random_state": 9674, "test_size": 0.2, "n": 21436, "d": 9, "oob_score": NaN, "test_score": NaN, "coverage": 0.7632929104477612, "width_mean": 1.0992014689014793, "width_sd": 0.9294109020094061, "width_min": 0.0, "width_q1": 0.485244227281482, "width_q2": 0.8318472467682589, "width_q3": 1.3864120779470919, "width_max": 9.496922733937582}