{"data_name": "FiveCitiesPM25", "n_neighbors": "qrf", "level": 0.99, "random_state": 8935, "test_size": 0.2, "n": 21436, "d": 9, "oob_score": NaN, "test_score": NaN, "coverage": 0.9524253731343284, "width_mean": 2.1996915444579606, "width_sd": 1.3294104287185649, "width_min": 0.13864120779471012, "width_q1": 1.270877738118168, "width_q2": 1.8745446637242966, "width_q3": 2.797375203107827, "width_max": 10.931628165933118}