{"data_name": "FiveCitiesPM25", "n_neighbors": "qrf", "level": 0.95, "random_state": 2286, "test_size": 0.2, "n": 21436, "d": 9, "oob_score": NaN, "test_score": NaN, "coverage": 0.9020522388059702, "width_mean": 1.7483207030969277, "width_sd": 1.1864308039072202, "width_min": 0.058344841613605924, "width_q1": 0.9364058243134319, "width_q2": 1.4326258138786576, "width_q3": 2.2481538351460744, "width_max": 10.350721505273292}