{"data_name": "FiveCitiesPM25", "n_neighbors": "qrf", "level": 0.95, "random_state": 4506, "test_size": 0.2, "n": 21436, "d": 9, "oob_score": NaN, "test_score": NaN, "coverage": 0.9032182835820896, "width_mean": 1.7258600784009182, "width_sd": 1.1682411467929574, "width_min": 0.023106867965784983, "width_q1": 0.9242747186313949, "width_q2": 1.4337811572769517, "width_q3": 2.2048284577102297, "width_max": 9.034785374621885}