{"data_name": "FiveCitiesPM25", "n_neighbors": "qrf", "level": 0.8, "random_state": 4506, "test_size": 0.2, "n": 21436, "d": 9, "oob_score": NaN, "test_score": NaN, "coverage": 0.7602611940298507, "width_mean": 1.0966757718362825, "width_sd": 0.9177553785339896, "width_min": 0.0, "width_q1": 0.48524422728148203, "width_q2": 0.8549541147340399, "width_q3": 1.409518945912877, "width_max": 8.295365599716765}