{"data_name": "FiveCitiesPM25", "n_neighbors": "qrf", "level": 0.99, "random_state": 409, "test_size": 0.2, "n": 21436, "d": 9, "oob_score": NaN, "test_score": NaN, "coverage": 0.9514925373134329, "width_mean": 2.201205130529376, "width_sd": 1.3515670899677088, "width_min": 0.16244128179946793, "width_q1": 1.247770870152382, "width_q2": 1.843812529329796, "width_q3": 2.842375828471197, "width_max": 11.322365303234541}