{"data_name": "FiveCitiesPM25", "n_neighbors": "qrf", "level": 0.8, "random_state": 1679, "test_size": 0.2, "n": 21436, "d": 9, "oob_score": NaN, "test_score": NaN, "coverage": 0.7672574626865671, "width_mean": 1.1078870215570882, "width_sd": 0.935974706491712, "width_min": 0.00462137359315723, "width_q1": 0.485244227281482, "width_q2": 0.8537987713357496, "width_q3": 1.409518945912877, "width_max": 8.295365599716765}