{"data_name": "FiveCitiesPM25", "n_neighbors": "qrf", "level": 0.9, "random_state": 9674, "test_size": 0.2, "n": 21436, "d": 9, "oob_score": NaN, "test_score": NaN, "coverage": 0.8547108208955224, "width_mean": 1.428684767263275, "width_sd": 1.06238240887916, "width_min": 0.023106867965784983, "width_q1": 0.7183347578863369, "width_q2": 1.1322365303234592, "width_q3": 1.825442569297005, "width_max": 11.137510359508262}