{"data_name": "FiveCitiesPM25", "n_neighbors": "qrf", "level": 0.99, "random_state": 1679, "test_size": 0.2, "n": 21436, "d": 9, "oob_score": NaN, "test_score": NaN, "coverage": 0.9524253731343284, "width_mean": 2.183874790949539, "width_sd": 1.3095514558475592, "width_min": 0.12743437683130365, "width_q1": 1.249099515060415, "width_q2": 1.8716563052285724, "width_q3": 2.764274614746843, "width_max": 10.987431252070497}