{"data_name": "FiveCitiesPM25", "n_neighbors": "qrf", "level": 0.95, "random_state": 1824, "test_size": 0.2, "n": 21436, "d": 9, "oob_score": NaN, "test_score": NaN, "coverage": 0.9064832089552238, "width_mean": 1.7400636890782073, "width_sd": 1.1992958097479545, "width_min": 0.09242747186313993, "width_q1": 0.924274718631395, "width_q2": 1.409518945912877, "width_q3": 2.218548160564923, "width_max": 10.81516955138557}