{"data_name": "FiveCitiesPM25", "n_neighbors": "qrf", "level": 0.9, "random_state": 4012, "test_size": 0.2, "n": 21436, "d": 9, "oob_score": NaN, "test_score": NaN, "coverage": 0.8549440298507462, "width_mean": 1.4347381954650857, "width_sd": 1.0743555330864576, "width_min": 0.02657289816065278, "width_q1": 0.7085143390008767, "width_q2": 1.1333918737217452, "width_q3": 1.8338188089346033, "width_max": 8.787541887387981}