{"data_name": "FiveCitiesPM25", "n_neighbors": "qrf", "level": 0.9, "random_state": 1424, "test_size": 0.2, "n": 21436, "d": 9, "oob_score": NaN, "test_score": NaN, "coverage": 0.8533115671641791, "width_mean": 1.3985547693954825, "width_sd": 1.033572257180683, "width_min": 0.024262211364069364, "width_q1": 0.7163129069393314, "width_q2": 1.1172170661456975, "width_q3": 1.760743338992806, "width_max": 9.693331111646707}