{"data_name": "FiveCitiesPM25", "n_neighbors": "qrf", "level": 0.9, "random_state": 1824, "test_size": 0.2, "n": 21436, "d": 9, "oob_score": NaN, "test_score": NaN, "coverage": 0.8586753731343284, "width_mean": 1.4479308806688715, "width_sd": 1.0966716723601029, "width_min": 0.002310686796578365, "width_q1": 0.716312906939331, "width_q2": 1.132236530323459, "width_q3": 1.853170810855945, "width_max": 9.843525753424316}