{"data_name": "FiveCitiesPM25", "n_neighbors": "qrf", "level": 0.9, "random_state": 4506, "test_size": 0.2, "n": 21436, "d": 9, "oob_score": NaN, "test_score": NaN, "coverage": 0.8488805970149254, "width_mean": 1.4367535799378477, "width_sd": 1.0706354097518636, "width_min": 0.0, "width_q1": 0.716312906939331, "width_q2": 1.139168590713191, "width_q3": 1.8485494372627889, "width_max": 8.919251034792921}