{"data_name": "FiveCitiesPM25", "n_neighbors": "qrf", "level": 0.99, "random_state": 4012, "test_size": 0.2, "n": 21436, "d": 9, "oob_score": NaN, "test_score": NaN, "coverage": 0.9540578358208955, "width_mean": 2.191346667220448, "width_sd": 1.3151017727695637, "width_min": 0.12743437683130687, "width_q1": 1.2832399124798592, "width_q2": 1.8491271089619357, "width_q3": 2.8226194563604503, "width_max": 11.034338194041036}