{"data_name": "FiveCitiesPM25", "n_neighbors": "qrf", "level": 0.99, "random_state": 3657, "test_size": 0.2, "n": 21436, "d": 9, "oob_score": NaN, "test_score": NaN, "coverage": 0.9507929104477612, "width_mean": 2.239368725730753, "width_sd": 1.3390582969081422, "width_min": 0.18485494372627898, "width_q1": 1.270877738118168, "width_q2": 1.91787004116014, "width_q3": 2.884719164018491, "width_max": 11.495782347317764}