{"data_name": "FiveCitiesPM25", "n_neighbors": "qrf", "level": 0.8, "random_state": 3657, "test_size": 0.2, "n": 21436, "d": 9, "oob_score": NaN, "test_score": NaN, "coverage": 0.7590951492537313, "width_mean": 1.1053634799833063, "width_sd": 0.9356518525001438, "width_min": 0.023106867965783984, "width_q1": 0.485244227281482, "width_q2": 0.8341579335648328, "width_q3": 1.3864120779470919, "width_max": 7.671480164640581}