{"data_name": "FiveCitiesPM25", "n_neighbors": "qrf", "level": 0.8, "random_state": 2286, "test_size": 0.2, "n": 21436, "d": 9, "oob_score": NaN, "test_score": NaN, "coverage": 0.7684235074626866, "width_mean": 1.1118531257601707, "width_sd": 0.9327515154096664, "width_min": 0.016174807576049943, "width_q1": 0.4898656008746394, "width_q2": 0.85495411473404, "width_q3": 1.409518945912874, "width_max": 9.635563941732245}