{"data_name": "FiveCitiesPM25", "n_neighbors": "qrf", "level": 0.9, "random_state": 3657, "test_size": 0.2, "n": 21436, "d": 9, "oob_score": NaN, "test_score": NaN, "coverage": 0.8542444029850746, "width_mean": 1.4581088416927466, "width_sd": 1.074246634389521, "width_min": 0.03581564534696635, "width_q1": 0.716312906939331, "width_q2": 1.155343398289244, "width_q3": 1.8716563052285713, "width_max": 9.1041059785192}