{"data_name": "Hydrodynamics", "n_neighbors": "qrf", "level": 0.99, "random_state": 1679, "test_size": 0.2, "n": 308, "d": 6, "oob_score": NaN, "test_score": NaN, "coverage": 0.8548387096774194, "width_mean": 0.1720203027230232, "width_sd": 0.24420473023203615, "width_min": 0.009894139238960986, "width_q1": 0.020942594722466235, "width_q2": 0.04073911831641974, "width_q3": 0.2433958252784303, "width_max": 1.0863764884378697}