{"data_name": "Hydrodynamics", "n_neighbors": "qrf", "level": 0.99, "random_state": 1824, "test_size": 0.2, "n": 308, "d": 6, "oob_score": NaN, "test_score": NaN, "coverage": 0.8548387096774194, "width_mean": 0.21072527112278855, "width_sd": 0.2981459792950728, "width_min": 0.0069291955136849825, "width_q1": 0.019953180798570974, "width_q2": 0.08675016382399997, "width_q3": 0.22674069089284649, "width_max": 1.1899351458056597}