{"data_name": "Hydrodynamics", "n_neighbors": "qrf", "level": 0.99, "random_state": 1424, "test_size": 0.2, "n": 308, "d": 6, "oob_score": NaN, "test_score": NaN, "coverage": 0.8225806451612904, "width_mean": 0.1853989875801952, "width_sd": 0.25140283273882164, "width_min": 0.011213357804155, "width_q1": 0.021546961727646197, "width_q2": 0.0626628818467505, "width_q3": 0.29852596911791895, "width_max": 1.03954422937346}