{"data_name": "Hydrodynamics", "n_neighbors": "qrf", "level": 0.9, "random_state": 409, "test_size": 0.2, "n": 308, "d": 6, "oob_score": NaN, "test_score": NaN, "coverage": 0.6451612903225806, "width_mean": 0.10542258553409446, "width_sd": 0.16086788811435485, "width_min": 0.0020118083119218255, "width_q1": 0.01640778090460973, "width_q2": 0.031001636282075973, "width_q3": 0.1061393786859493, "width_max": 0.68797248174906}