{"data_name": "Hydrodynamics", "n_neighbors": "qrf", "level": 0.9, "random_state": 4506, "test_size": 0.2, "n": 308, "d": 6, "oob_score": NaN, "test_score": NaN, "coverage": 0.7258064516129032, "width_mean": 0.14319319610734216, "width_sd": 0.20166523582897286, "width_min": 0.0072557021085710716, "width_q1": 0.015171013499740038, "width_q2": 0.036278510542855524, "width_q3": 0.18984379664755593, "width_max": 0.8820625131533362}