{"data_name": "Hydrodynamics", "n_neighbors": "qrf", "level": 0.95, "random_state": 3657, "test_size": 0.2, "n": 308, "d": 6, "oob_score": NaN, "test_score": NaN, "coverage": 0.7096774193548387, "width_mean": 0.1625955499606469, "width_sd": 0.25316341158459776, "width_min": 0.009894139238959987, "width_q1": 0.017891901790453774, "width_q2": 0.040236166238439924, "width_q3": 0.13626703266858436, "width_max": 1.0248184521394719}