{"data_name": "Hydrodynamics", "n_neighbors": "qrf", "level": 0.9, "random_state": 3657, "test_size": 0.2, "n": 308, "d": 6, "oob_score": NaN, "test_score": NaN, "coverage": 0.6451612903225806, "width_mean": 0.14532043604371844, "width_sd": 0.22975885991459755, "width_min": 0.006002444471635782, "width_q1": 0.01583062278233696, "width_q2": 0.030012222358180435, "width_q3": 0.119059475508825, "width_max": 1.0085425930913798}