{"data_name": "Hydrodynamics", "n_neighbors": "qrf", "level": 0.95, "random_state": 4012, "test_size": 0.2, "n": 308, "d": 6, "oob_score": NaN, "test_score": NaN, "coverage": 0.7419354838709677, "width_mean": 0.1604180414136206, "width_sd": 0.2732826428523126, "width_min": 0.007915311391168078, "width_q1": 0.01592956417472624, "width_q2": 0.023086324890908005, "width_q3": 0.14642089306256795, "width_max": 1.1899351458056597}