{"data_name": "Hydrodynamics", "n_neighbors": "qrf", "level": 0.9, "random_state": 8935, "test_size": 0.2, "n": 308, "d": 6, "oob_score": NaN, "test_score": NaN, "coverage": 0.6451612903225806, "width_mean": 0.11896372577425503, "width_sd": 0.16234273946788685, "width_min": 0.004617264978181934, "width_q1": 0.02044788776051823, "width_q2": 0.05520929695339998, "width_q3": 0.16242878583960246, "width_max": 0.7968080133776199}