{"data_name": "Hydrodynamics", "n_neighbors": "qrf", "level": 0.99, "random_state": 2286, "test_size": 0.2, "n": 308, "d": 6, "oob_score": NaN, "test_score": NaN, "coverage": 0.8387096774193549, "width_mean": 0.17232196758121784, "width_sd": 0.2298395150287172, "width_min": 0.012532576369350013, "width_q1": 0.023745934173505262, "width_q2": 0.09634912790899805, "width_q3": 0.2049249383825421, "width_max": 1.1154916421717207}