{"data_name": "Hydrodynamics", "n_neighbors": "qrf", "level": 0.99, "random_state": 4506, "test_size": 0.2, "n": 308, "d": 6, "oob_score": NaN, "test_score": NaN, "coverage": 0.8387096774193549, "width_mean": 0.1857936360695178, "width_sd": 0.2504282809283383, "width_min": 0.010560344614383488, "width_q1": 0.019788278477921972, "width_q2": 0.038257338390647544, "width_q3": 0.2776781932298255, "width_max": 1.1001458322120912}