{"data_name": "Hydrodynamics", "n_neighbors": "qrf", "level": 0.8, "random_state": 2286, "test_size": 0.2, "n": 308, "d": 6, "oob_score": NaN, "test_score": NaN, "coverage": 0.6129032258064516, "width_mean": 0.10146812149632975, "width_sd": 0.15807323316514377, "width_min": 0.008574920673765973, "width_q1": 0.017182821811661808, "width_q2": 0.046172649781815955, "width_q3": 0.09613805293856674, "width_max": 0.9049839357235898}