{"data_name": "Hydrodynamics", "n_neighbors": "qrf", "level": 0.9, "random_state": 4012, "test_size": 0.2, "n": 308, "d": 6, "oob_score": NaN, "test_score": NaN, "coverage": 0.6290322580645161, "width_mean": 0.133993774386988, "width_sd": 0.24664675514543138, "width_min": 0.004848128227090132, "width_q1": 0.012697478689999264, "width_q2": 0.022756520249609002, "width_q3": 0.10280835180883277, "width_max": 1.1899351458056597}