{"data_name": "Hydrodynamics", "n_neighbors": "qrf", "level": 0.9, "random_state": 1679, "test_size": 0.2, "n": 308, "d": 6, "oob_score": NaN, "test_score": NaN, "coverage": 0.7903225806451613, "width_mean": 0.12359003378292374, "width_sd": 0.16965831311874346, "width_min": 0.0026384371303890264, "width_q1": 0.015830622782336934, "width_q2": 0.035157174762439736, "width_q3": 0.2103658904523649, "width_max": 0.7968080133776199}