{"data_name": "Hydrodynamics", "n_neighbors": "qrf", "level": 0.8, "random_state": 8935, "test_size": 0.2, "n": 308, "d": 6, "oob_score": NaN, "test_score": NaN, "coverage": 0.532258064516129, "width_mean": 0.09659658777856622, "width_sd": 0.15318593143208817, "width_min": 0.003957655695584927, "width_q1": 0.015171013499739289, "width_q2": 0.03825733839064699, "width_q3": 0.12120320567727, "width_max": 0.7968080133776199}