{"data_name": "Hydrodynamics", "n_neighbors": "qrf", "level": 0.8, "random_state": 9674, "test_size": 0.2, "n": 308, "d": 6, "oob_score": NaN, "test_score": NaN, "coverage": 0.6129032258064516, "width_mean": 0.10162238495758222, "width_sd": 0.16491476002686017, "width_min": 0.0032980464129870324, "width_q1": 0.014511404217142254, "width_q2": 0.031001636282076472, "width_q3": 0.07453584893350299, "width_max": 0.7295278665526896}