{"data_name": "Hydrodynamics", "n_neighbors": "qrf", "level": 0.95, "random_state": 1679, "test_size": 0.2, "n": 308, "d": 6, "oob_score": NaN, "test_score": NaN, "coverage": 0.8064516129032258, "width_mean": 0.14709845542039696, "width_sd": 0.21427219716459578, "width_min": 0.005689130062402126, "width_q1": 0.02021290195359282, "width_q2": 0.036278510542855025, "width_q3": 0.22895862710558035, "width_max": 1.0863764884378697}