{"data_name": "Hydrodynamics", "n_neighbors": "qrf", "level": 0.8, "random_state": 3657, "test_size": 0.2, "n": 308, "d": 6, "oob_score": NaN, "test_score": NaN, "coverage": 0.5806451612903226, "width_mean": 0.11611357534187056, "width_sd": 0.1900661541876599, "width_min": 0.005936483543376059, "width_q1": 0.014016697255194194, "width_q2": 0.028363199151686946, "width_q3": 0.07536036053674948, "width_max": 0.8944301872020399}