{"data_name": "IstanbulStock", "n_neighbors": "qrf", "level": 0.95, "random_state": 2286, "test_size": 0.2, "n": 536, "d": 8, "oob_score": NaN, "test_score": NaN, "coverage": 0.9074074074074074, "width_mean": 1.1518395287712426, "width_sd": 0.3504084645881654, "width_min": 0.6383151341250106, "width_q1": 0.9220449574991838, "width_q2": 1.0999034254223856, "width_q3": 1.2947867977150724, "width_max": 3.030450616893196}