{"data_name": "IstanbulStock", "n_neighbors": "qrf", "level": 0.8, "random_state": 1679, "test_size": 0.2, "n": 536, "d": 8, "oob_score": NaN, "test_score": NaN, "coverage": 0.6574074074074074, "width_mean": 0.7974882369724556, "width_sd": 0.3108002469062305, "width_min": 0.34050559003187447, "width_q1": 0.5710164978708896, "width_q2": 0.7483499564529306, "width_q3": 0.9107886427559304, "width_max": 2.0941700248235002}