{"data_name": "IstanbulStock", "n_neighbors": "qrf", "level": 0.9, "random_state": 4012, "test_size": 0.2, "n": 536, "d": 8, "oob_score": NaN, "test_score": NaN, "coverage": 0.7685185185185185, "width_mean": 0.9166122059298176, "width_sd": 0.3644854398558328, "width_min": 0.30165237715402204, "width_q1": 0.6572079347167644, "width_q2": 0.8468201390277839, "width_q3": 1.1062174345432725, "width_max": 2.3512710791193223}