{"data_name": "IstanbulStock", "n_neighbors": "qrf", "level": 0.8, "random_state": 4012, "test_size": 0.2, "n": 536, "d": 8, "oob_score": NaN, "test_score": NaN, "coverage": 0.6296296296296297, "width_mean": 0.6835909721941924, "width_sd": 0.2939999925312475, "width_min": 0.2891082698402103, "width_q1": 0.513591709236795, "width_q2": 0.6300093617879571, "width_q3": 0.782411065268592, "width_max": 2.0279803962190406}