{"data_name": "IstanbulStock", "n_neighbors": "qrf", "level": 0.99, "random_state": 1679, "test_size": 0.2, "n": 536, "d": 8, "oob_score": NaN, "test_score": NaN, "coverage": 0.8981481481481481, "width_mean": 1.4152838374517367, "width_sd": 0.4754374197596768, "width_min": 0.6382035518047142, "width_q1": 1.0982691259872823, "width_q2": 1.3164289405532839, "width_q3": 1.5799006298586566, "width_max": 3.2050348814063363}