{"data_name": "IstanbulStock", "n_neighbors": "qrf", "level": 0.99, "random_state": 1424, "test_size": 0.2, "n": 536, "d": 8, "oob_score": NaN, "test_score": NaN, "coverage": 0.9166666666666666, "width_mean": 1.4710642129253821, "width_sd": 0.5365660650729962, "width_min": 0.7474394056028909, "width_q1": 1.145486612059706, "width_q2": 1.334470085344813, "width_q3": 1.6537593595931779, "width_max": 3.922953303226576}