{"data_name": "IstanbulStock", "n_neighbors": "qrf", "level": 0.99, "random_state": 3657, "test_size": 0.2, "n": 536, "d": 8, "oob_score": NaN, "test_score": NaN, "coverage": 0.9351851851851852, "width_mean": 1.3818434495537124, "width_sd": 0.4108827979257367, "width_min": 0.8333950364478007, "width_q1": 1.087568812369373, "width_q2": 1.2983199052268177, "width_q3": 1.5652511003704732, "width_max": 3.5238300588596223}