{"data_name": "IstanbulStock", "n_neighbors": "qrf", "level": 0.8, "random_state": 9674, "test_size": 0.2, "n": 536, "d": 8, "oob_score": NaN, "test_score": NaN, "coverage": 0.7407407407407407, "width_mean": 0.7519426943801176, "width_sd": 0.2909393173442692, "width_min": 0.2659715353423252, "width_q1": 0.5703032088698405, "width_q2": 0.6964119479964402, "width_q3": 0.8951664600306104, "width_max": 2.002050373143629}