{"data_name": "IstanbulStock", "n_neighbors": "qrf", "level": 0.99, "random_state": 8935, "test_size": 0.2, "n": 536, "d": 8, "oob_score": NaN, "test_score": NaN, "coverage": 0.9629629629629629, "width_mean": 1.3840092798537365, "width_sd": 0.42565451186831044, "width_min": 0.7620590533321117, "width_q1": 1.121689002917062, "width_q2": 1.3218063307930121, "width_q3": 1.5717564153399122, "width_max": 4.148137005832198}