{"data_name": "IstanbulStock", "n_neighbors": "qrf", "level": 0.95, "random_state": 409, "test_size": 0.2, "n": 536, "d": 8, "oob_score": NaN, "test_score": NaN, "coverage": 0.8703703703703703, "width_mean": 1.2069963009866171, "width_sd": 0.3919453878630666, "width_min": 0.49192130552391, "width_q1": 0.9343135967187066, "width_q2": 1.162253059242718, "width_q3": 1.4180751993252056, "width_max": 2.7388311077135103}