{"data_name": "IstanbulStock", "n_neighbors": "qrf", "level": 0.9, "random_state": 1824, "test_size": 0.2, "n": 536, "d": 8, "oob_score": NaN, "test_score": NaN, "coverage": 0.8425925925925926, "width_mean": 0.9971916602383963, "width_sd": 0.37074437651184133, "width_min": 0.4870465986158182, "width_q1": 0.740899632892942, "width_q2": 0.8979193625351971, "width_q3": 1.1188693102958116, "width_max": 2.73204064007749}