{"data_name": "IstanbulStock", "n_neighbors": "qrf", "level": 0.8, "random_state": 1424, "test_size": 0.2, "n": 536, "d": 8, "oob_score": NaN, "test_score": NaN, "coverage": 0.7129629629629629, "width_mean": 0.7496806476620514, "width_sd": 0.26598324186663813, "width_min": 0.31400902447275925, "width_q1": 0.5634596985831122, "width_q2": 0.713476052172896, "width_q3": 0.923058696886778, "width_max": 1.8957795669368303}