{"data_name": "IstanbulStock", "n_neighbors": "qrf", "level": 0.9, "random_state": 8935, "test_size": 0.2, "n": 536, "d": 8, "oob_score": NaN, "test_score": NaN, "coverage": 0.8240740740740741, "width_mean": 0.9403155605070895, "width_sd": 0.29537038080253475, "width_min": 0.45242653911116104, "width_q1": 0.7182955882991258, "width_q2": 0.8788696082358252, "width_q3": 1.1234354873739658, "width_max": 2.03211135318343}