{"data_name": "IstanbulStock", "n_neighbors": "qrf", "level": 0.95, "random_state": 4012, "test_size": 0.2, "n": 536, "d": 8, "oob_score": NaN, "test_score": NaN, "coverage": 0.8518518518518519, "width_mean": 1.0975271116134826, "width_sd": 0.3780759243430785, "width_min": 0.5385837437108147, "width_q1": 0.8362210894067191, "width_q2": 1.0250535211769565, "width_q3": 1.2482715687161339, "width_max": 2.4213392863173637}