{"data_name": "IstanbulStock", "n_neighbors": "qrf", "level": 0.95, "random_state": 1679, "test_size": 0.2, "n": 536, "d": 8, "oob_score": NaN, "test_score": NaN, "coverage": 0.8425925925925926, "width_mean": 1.1613084095819872, "width_sd": 0.38796394164524894, "width_min": 0.5084688663861964, "width_q1": 0.8951377852117579, "width_q2": 1.0853663659365087, "width_q3": 1.3737034345550867, "width_max": 2.4656768891641203}