{"data_name": "IstanbulStock", "n_neighbors": "qrf", "level": 0.95, "random_state": 9674, "test_size": 0.2, "n": 536, "d": 8, "oob_score": NaN, "test_score": NaN, "coverage": 0.8703703703703703, "width_mean": 1.1293703757207472, "width_sd": 0.36487222194966923, "width_min": 0.4724038849883544, "width_q1": 0.9390207645994255, "width_q2": 1.0713737775473628, "width_q3": 1.2278368214347257, "width_max": 2.647740884336128}