{"data_name": "IstanbulStock", "n_neighbors": "qrf", "level": 0.9, "random_state": 1424, "test_size": 0.2, "n": 536, "d": 8, "oob_score": NaN, "test_score": NaN, "coverage": 0.7962962962962963, "width_mean": 0.9424866372824774, "width_sd": 0.3219149306313827, "width_min": 0.4016018545140061, "width_q1": 0.7126621346169808, "width_q2": 0.8956458067786381, "width_q3": 1.152469371678292, "width_max": 2.42959651205545}