{"data_name": "IstanbulStock", "n_neighbors": "qrf", "level": 0.8, "random_state": 4506, "test_size": 0.2, "n": 536, "d": 8, "oob_score": NaN, "test_score": NaN, "coverage": 0.7407407407407407, "width_mean": 0.7951795330503522, "width_sd": 0.30570121040117865, "width_min": 0.26819199157504503, "width_q1": 0.5998783555502198, "width_q2": 0.7435574050912326, "width_q3": 0.9485621791496641, "width_max": 2.08849470098707}