{"data_name": "IstanbulStock", "n_neighbors": "qrf", "level": 0.8, "random_state": 409, "test_size": 0.2, "n": 536, "d": 8, "oob_score": NaN, "test_score": NaN, "coverage": 0.6851851851851852, "width_mean": 0.8154752400385563, "width_sd": 0.3088423086023098, "width_min": 0.34650106964262095, "width_q1": 0.5765731874259423, "width_q2": 0.7442068009700493, "width_q3": 0.9886881620211021, "width_max": 1.7216280694608612}