{"data_name": "IstanbulStock", "n_neighbors": "qrf", "level": 0.9, "random_state": 2286, "test_size": 0.2, "n": 536, "d": 8, "oob_score": NaN, "test_score": NaN, "coverage": 0.8611111111111112, "width_mean": 0.9975874142690467, "width_sd": 0.3102811544204587, "width_min": 0.4692666553699949, "width_q1": 0.7948335186450805, "width_q2": 0.9733499360894561, "width_q3": 1.1347837978684732, "width_max": 2.6501633047499604}