{"data_name": "IstanbulStock", "n_neighbors": "qrf", "level": 0.95, "random_state": 8935, "test_size": 0.2, "n": 536, "d": 8, "oob_score": NaN, "test_score": NaN, "coverage": 0.8796296296296297, "width_mean": 1.1141141965421475, "width_sd": 0.33807703079623086, "width_min": 0.541308397176495, "width_q1": 0.8981726831554844, "width_q2": 1.080609992804451, "width_q3": 1.2668501779112655, "width_max": 2.7458252272792922}