{"data_name": "IstanbulStock", "n_neighbors": "qrf", "level": 0.8, "random_state": 8935, "test_size": 0.2, "n": 536, "d": 8, "oob_score": NaN, "test_score": NaN, "coverage": 0.7407407407407407, "width_mean": 0.7448000421162552, "width_sd": 0.26979859336994183, "width_min": 0.2417977669132393, "width_q1": 0.5612285225333645, "width_q2": 0.7084827724678926, "width_q3": 0.8842032828649636, "width_max": 1.6988692861373975}