{"data_name": "IstanbulStock", "n_neighbors": "qrf", "level": 0.95, "random_state": 1424, "test_size": 0.2, "n": 536, "d": 8, "oob_score": NaN, "test_score": NaN, "coverage": 0.8611111111111112, "width_mean": 1.1498343665381103, "width_sd": 0.4033976129982337, "width_min": 0.46327397022832606, "width_q1": 0.8959123112060147, "width_q2": 1.0769306200450313, "width_q3": 1.3015772346088574, "width_max": 2.971556063566542}