{"data_name": "IstanbulStock", "n_neighbors": "qrf", "level": 0.8, "random_state": 1824, "test_size": 0.2, "n": 536, "d": 8, "oob_score": NaN, "test_score": NaN, "coverage": 0.7777777777777778, "width_mean": 0.7593370938881101, "width_sd": 0.29406112131743906, "width_min": 0.17652091212976317, "width_q1": 0.5759616613681967, "width_q2": 0.6911372907712077, "width_q3": 0.8837504159402754, "width_max": 2.30873661590011}