{"data_name": "IstanbulStock", "n_neighbors": "qrf", "level": 0.99, "random_state": 1824, "test_size": 0.2, "n": 536, "d": 8, "oob_score": NaN, "test_score": NaN, "coverage": 0.9629629629629629, "width_mean": 1.3973013424980063, "width_sd": 0.4814096408517833, "width_min": 0.66817938384905, "width_q1": 1.0618245985847703, "width_q2": 1.2609165268511604, "width_q3": 1.6817018656894005, "width_max": 3.1515829396598876}