{"data_name": "IstanbulStock", "n_neighbors": "qrf", "level": 0.99, "random_state": 409, "test_size": 0.2, "n": 536, "d": 8, "oob_score": NaN, "test_score": NaN, "coverage": 0.9074074074074074, "width_mean": 1.4917008521465063, "width_sd": 0.4675164648634486, "width_min": 0.80544736212089, "width_q1": 1.1905073464675633, "width_q2": 1.4110630203108518, "width_q3": 1.7116610993098498, "width_max": 3.6328963550953306}