{"data_name": "IstanbulStock", "n_neighbors": "qrf", "level": 0.8, "random_state": 3657, "test_size": 0.2, "n": 536, "d": 8, "oob_score": NaN, "test_score": NaN, "coverage": 0.8055555555555556, "width_mean": 0.7775831066526353, "width_sd": 0.27534052154569755, "width_min": 0.322216192631062, "width_q1": 0.588673080216847, "width_q2": 0.7461081589613003, "width_q3": 0.9069874623480201, "width_max": 2.032572240756992}