{"data_name": "Naval Propulsion Plants", "n_neighbors": "qrf", "level": 0.99, "random_state": 8935, "test_size": 0.2, "n": 11934, "d": 16, "oob_score": NaN, "test_score": NaN, "coverage": 0.993715961457897, "width_mean": 0.4198468133069394, "width_sd": 0.3650066468410975, "width_min": 0.0679337756415499, "width_q1": 0.271735102566199, "width_q2": 0.30604165926518195, "width_q3": 0.3739754349067326, "width_max": 2.9897654659846156}