{"data_name": "Naval Propulsion Plants", "n_neighbors": "qrf", "level": 0.9, "random_state": 9674, "test_size": 0.2, "n": 11934, "d": 16, "oob_score": NaN, "test_score": NaN, "coverage": 0.9886887306242145, "width_mean": 0.26428430136680414, "width_sd": 0.24794656138601215, "width_min": 0.0, "width_q1": 0.13926424006517735, "width_q2": 0.20380132692464992, "width_q3": 0.27173510256619904, "width_max": 2.7241444032261546}