{"data_name": "Naval Propulsion Plants", "n_neighbors": "qrf", "level": 0.9, "random_state": 1824, "test_size": 0.2, "n": 11934, "d": 16, "oob_score": NaN, "test_score": NaN, "coverage": 0.9849183074989527, "width_mean": 0.272083736312161, "width_sd": 0.25630331820720453, "width_min": 0.0033966887820775504, "width_q1": 0.13926424006517715, "width_q2": 0.20380132692465, "width_q3": 0.2717351025661992, "width_max": 2.7886814900856276}