{"data_name": "Naval Propulsion Plants", "n_neighbors": "qrf", "level": 0.8, "random_state": 1424, "test_size": 0.2, "n": 11934, "d": 16, "oob_score": NaN, "test_score": NaN, "coverage": 0.9790532048596565, "width_mean": 0.21279465457556326, "width_sd": 0.18619506975105146, "width_min": 0.06793377564154895, "width_q1": 0.1358675512831, "width_q2": 0.13586755128310002, "width_q3": 0.20380132692465003, "width_max": 2.309748371812698}