{"data_name": "Naval Propulsion Plants", "n_neighbors": "qrf", "level": 0.8, "random_state": 2286, "test_size": 0.2, "n": 11934, "d": 16, "oob_score": NaN, "test_score": NaN, "coverage": 0.9794721407624634, "width_mean": 0.2028963021800328, "width_sd": 0.17700820244313756, "width_min": 0.0, "width_q1": 0.1358675512831, "width_q2": 0.13586755128310002, "width_q3": 0.20380132692465, "width_max": 2.3844755250184027}