{"data_name": "Naval Propulsion Plants", "n_neighbors": "qrf", "level": 0.99, "random_state": 409, "test_size": 0.2, "n": 11934, "d": 16, "oob_score": NaN, "test_score": NaN, "coverage": 0.9958106409719313, "width_mean": 0.4246693429602534, "width_sd": 0.3909696171892297, "width_min": 0.0679337756415499, "width_q1": 0.27173510256619904, "width_q2": 0.30604165926518245, "width_q3": 0.3739754349067326, "width_max": 3.2951277874933824}