{"data_name": "Naval Propulsion Plants", "n_neighbors": "qrf", "level": 0.95, "random_state": 4012, "test_size": 0.2, "n": 11934, "d": 16, "oob_score": NaN, "test_score": NaN, "coverage": 0.9903644742354419, "width_mean": 0.31393401577629965, "width_sd": 0.277580068809434, "width_min": 0.0679337756415499, "width_q1": 0.2038013269246498, "width_q2": 0.2394665591364633, "width_q3": 0.27173510256620204, "width_max": 3.0706066589980585}