{"data_name": "Naval Propulsion Plants", "n_neighbors": "qrf", "level": 0.8, "random_state": 3657, "test_size": 0.2, "n": 11934, "d": 16, "oob_score": NaN, "test_score": NaN, "coverage": 0.9798910766652702, "width_mean": 0.2049567987684066, "width_sd": 0.18161628052384474, "width_min": 0.006793377564155545, "width_q1": 0.1358675512831, "width_q2": 0.13586755128310002, "width_q3": 0.20380132692464992, "width_max": 2.309748371812698}