{"data_name": "Naval Propulsion Plants", "n_neighbors": "qrf", "level": 0.99, "random_state": 1679, "test_size": 0.2, "n": 11934, "d": 16, "oob_score": NaN, "test_score": NaN, "coverage": 0.9953917050691244, "width_mean": 0.4262480134817602, "width_sd": 0.396078851725367, "width_min": 0.10224033234053254, "width_q1": 0.271735102566199, "width_q2": 0.30604165926518223, "width_q3": 0.37397543490673213, "width_max": 3.1599395739666982}