{"data_name": "Naval Propulsion Plants", "n_neighbors": "qrf", "level": 0.9, "random_state": 4012, "test_size": 0.2, "n": 11934, "d": 16, "oob_score": NaN, "test_score": NaN, "coverage": 0.987012987012987, "width_mean": 0.26121490140746556, "width_sd": 0.2381976877209007, "width_min": 0.06793377564154901, "width_q1": 0.13926424006517651, "width_q2": 0.20380132692464992, "width_q3": 0.271735102566199, "width_max": 2.717351025662}