{"data_name": "Naval Propulsion Plants", "n_neighbors": "qrf", "level": 0.9, "random_state": 8935, "test_size": 0.2, "n": 11934, "d": 16, "oob_score": NaN, "test_score": NaN, "coverage": 0.9853372434017595, "width_mean": 0.2674518879729644, "width_sd": 0.2352230480030688, "width_min": 0.06793377564154895, "width_q1": 0.13926424006517674, "width_q2": 0.20380132692465, "width_q3": 0.2717351025661992, "width_max": 2.5169463875194245}