{"data_name": "Naval Propulsion Plants", "n_neighbors": "qrf", "level": 0.9, "random_state": 2286, "test_size": 0.2, "n": 11934, "d": 16, "oob_score": NaN, "test_score": NaN, "coverage": 0.9895266024298283, "width_mean": 0.2591287909112253, "width_sd": 0.22312606826433146, "width_min": 0.06793377564154901, "width_q1": 0.13926424006517713, "width_q2": 0.20380132692464992, "width_q3": 0.27173510256619904, "width_max": 2.5814834743789}