{"data_name": "Naval Propulsion Plants", "n_neighbors": "qrf", "level": 0.8, "random_state": 8935, "test_size": 0.2, "n": 11934, "d": 16, "oob_score": NaN, "test_score": NaN, "coverage": 0.9761206535400084, "width_mean": 0.209516074368648, "width_sd": 0.18208099248364815, "width_min": 0.0, "width_q1": 0.1358675512831, "width_q2": 0.13586755128310002, "width_q3": 0.20380132692465003, "width_max": 2.105947044888048}