{"data_name": "OpticalNetwork", "n_neighbors": "qrf", "level": 0.9, "random_state": 3657, "test_size": 0.2, "n": 630, "d": 9, "oob_score": NaN, "test_score": NaN, "coverage": 0.9126984126984127, "width_mean": 0.5279891385948233, "width_sd": 0.3524296755339293, "width_min": 0.036014607910529906, "width_q1": 0.23443185277509943, "width_q2": 0.41853704251689433, "width_q3": 0.7545924678421393, "width_max": 1.517453730772551}