{"data_name": "OpticalNetwork", "n_neighbors": "qrf", "level": 0.8, "random_state": 9674, "test_size": 0.2, "n": 630, "d": 9, "oob_score": NaN, "test_score": NaN, "coverage": 0.753968253968254, "width_mean": 0.3672298347053092, "width_sd": 0.27577672612969606, "width_min": 0.009533278564550995, "width_q1": 0.19675554144811308, "width_q2": 0.3127508747108089, "width_q3": 0.455817237292414, "width_max": 1.7254057253866422}