{"data_name": "OpticalNetwork", "n_neighbors": "qrf", "level": 0.9, "random_state": 1424, "test_size": 0.2, "n": 630, "d": 9, "oob_score": NaN, "test_score": NaN, "coverage": 0.9047619047619048, "width_mean": 0.6301694087028242, "width_sd": 0.37238298055151386, "width_min": 0.10812228692963999, "width_q1": 0.30528295593712673, "width_q2": 0.5634047484877625, "width_q3": 0.8939664626618079, "width_max": 1.8961666545142568}