{"data_name": "OpticalNetwork", "n_neighbors": "qrf", "level": 0.95, "random_state": 8935, "test_size": 0.2, "n": 630, "d": 9, "oob_score": NaN, "test_score": NaN, "coverage": 0.9126984126984127, "width_mean": 0.6387637628176771, "width_sd": 0.3754966358907166, "width_min": 0.12430041758007998, "width_q1": 0.3742625279272439, "width_q2": 0.5186212039006811, "width_q3": 0.8410456407922634, "width_max": 2.3038808022472006}