{"data_name": "OpticalNetwork", "n_neighbors": "qrf", "level": 0.95, "random_state": 1679, "test_size": 0.2, "n": 630, "d": 9, "oob_score": NaN, "test_score": NaN, "coverage": 0.8650793650793651, "width_mean": 0.6064241224040671, "width_sd": 0.48078073614474576, "width_min": 0.05755275577857999, "width_q1": 0.277598840934291, "width_q2": 0.4661056015395664, "width_q3": 0.7740887948787486, "width_max": 2.034496782302838}