{"data_name": "OpticalNetwork", "n_neighbors": "qrf", "level": 0.99, "random_state": 409, "test_size": 0.2, "n": 630, "d": 9, "oob_score": NaN, "test_score": NaN, "coverage": 0.9444444444444444, "width_mean": 0.8592035214042638, "width_sd": 0.43531355660491217, "width_min": 0.21196590210970312, "width_q1": 0.4809844245396553, "width_q2": 0.7787350667112487, "width_q3": 1.1851201152983302, "width_max": 1.8886441915580479}