{"data_name": "OpticalNetwork", "n_neighbors": "qrf", "level": 0.95, "random_state": 9674, "test_size": 0.2, "n": 630, "d": 9, "oob_score": NaN, "test_score": NaN, "coverage": 0.8968253968253969, "width_mean": 0.6283715155925845, "width_sd": 0.38137239153059016, "width_min": 0.07756087128443001, "width_q1": 0.36716488801910196, "width_q2": 0.5144029488136115, "width_q3": 0.8056949970456517, "width_max": 1.9723058707288028}