{"data_name": "OpticalNetwork", "n_neighbors": "qrf", "level": 0.99, "random_state": 1424, "test_size": 0.2, "n": 630, "d": 9, "oob_score": NaN, "test_score": NaN, "coverage": 0.9444444444444444, "width_mean": 1.062741281190813, "width_sd": 0.5286449984358452, "width_min": 0.18996104533167157, "width_q1": 0.56157441662478, "width_q2": 1.0565095364805126, "width_q3": 1.4498579860089433, "width_max": 2.221447464442103}