{"data_name": "OpticalNetwork", "n_neighbors": "qrf", "level": 0.99, "random_state": 4012, "test_size": 0.2, "n": 630, "d": 9, "oob_score": NaN, "test_score": NaN, "coverage": 0.9603174603174603, "width_mean": 0.9769857518372013, "width_sd": 0.497887620404078, "width_min": 0.17276931728076694, "width_q1": 0.5683872841634524, "width_q2": 0.9172739679060441, "width_q3": 1.3615164735987018, "width_max": 2.29985931814902}