{"data_name": "OpticalNetwork", "n_neighbors": "qrf", "level": 0.95, "random_state": 1424, "test_size": 0.2, "n": 630, "d": 9, "oob_score": NaN, "test_score": NaN, "coverage": 0.9206349206349206, "width_mean": 0.8030403770805308, "width_sd": 0.45070963092118094, "width_min": 0.13315695106134995, "width_q1": 0.42498411217423193, "width_q2": 0.66192393686645, "width_q3": 1.103088355818879, "width_max": 2.046717425401014}