{"data_name": "OpticalNetwork", "n_neighbors": "qrf", "level": 0.8, "random_state": 2286, "test_size": 0.2, "n": 630, "d": 9, "oob_score": NaN, "test_score": NaN, "coverage": 0.8253968253968254, "width_mean": 0.4230310825122719, "width_sd": 0.3800067315529764, "width_min": 0.04052624179910014, "width_q1": 0.18872569131768085, "width_q2": 0.3459172685316785, "width_q3": 0.5492975558711746, "width_max": 2.29675021392581}