{"data_name": "OpticalNetwork", "n_neighbors": "qrf", "level": 0.9, "random_state": 1679, "test_size": 0.2, "n": 630, "d": 9, "oob_score": NaN, "test_score": NaN, "coverage": 0.8253968253968254, "width_mean": 0.5062269775178914, "width_sd": 0.4246338096746243, "width_min": 0.05090790369270004, "width_q1": 0.20894896762446274, "width_q2": 0.3937212171485358, "width_q3": 0.6687160913468267, "width_max": 2.034496782302838}