{"data_name": "OpticalNetwork", "n_neighbors": "qrf", "level": 0.95, "random_state": 1824, "test_size": 0.2, "n": 630, "d": 9, "oob_score": NaN, "test_score": NaN, "coverage": 0.9285714285714286, "width_mean": 0.7442352682905826, "width_sd": 0.42707941299145347, "width_min": 0.06231939506086004, "width_q1": 0.45591908620145577, "width_q2": 0.6352929757497974, "width_q3": 0.8964140546960457, "width_max": 2.181472083332903}