{"data_name": "OpticalNetwork", "n_neighbors": "qrf", "level": 0.9, "random_state": 2286, "test_size": 0.2, "n": 630, "d": 9, "oob_score": NaN, "test_score": NaN, "coverage": 0.9285714285714286, "width_mean": 0.5688175396009245, "width_sd": 0.409384809750684, "width_min": 0.07756087128443001, "width_q1": 0.28868204350775145, "width_q2": 0.4445040701193246, "width_q3": 0.7044457184700135, "width_max": 2.2969056691369705}