{"data_name": "OpticalNetwork", "n_neighbors": "qrf", "level": 0.99, "random_state": 3657, "test_size": 0.2, "n": 630, "d": 9, "oob_score": NaN, "test_score": NaN, "coverage": 0.9682539682539683, "width_mean": 0.9388326316041051, "width_sd": 0.5249870742967071, "width_min": 0.11453405427778951, "width_q1": 0.5428500693780978, "width_q2": 0.8201913426048764, "width_q3": 1.2877700784281843, "width_max": 2.2856850885375906}