{"data_name": "OpticalNetwork", "n_neighbors": "qrf", "level": 0.99, "random_state": 2286, "test_size": 0.2, "n": 630, "d": 9, "oob_score": NaN, "test_score": NaN, "coverage": 0.9761904761904762, "width_mean": 0.9833725415393623, "width_sd": 0.4912209829957869, "width_min": 0.18650849297868982, "width_q1": 0.5900051702565451, "width_q2": 0.872308437738962, "width_q3": 1.2480553974244804, "width_max": 2.30751928785984}