{"data_name": "OpticalNetwork", "n_neighbors": "qrf", "level": 0.8, "random_state": 1824, "test_size": 0.2, "n": 630, "d": 9, "oob_score": NaN, "test_score": NaN, "coverage": 0.8015873015873016, "width_mean": 0.42392595217255136, "width_sd": 0.2758658167414304, "width_min": 0.035926336812699855, "width_q1": 0.20141625541300429, "width_q2": 0.38972694997218427, "width_q3": 0.5725209461151144, "width_max": 1.3158915828506579}