{"data_name": "OpticalNetwork", "n_neighbors": "qrf", "level": 0.99, "random_state": 1679, "test_size": 0.2, "n": 630, "d": 9, "oob_score": NaN, "test_score": NaN, "coverage": 0.9047619047619048, "width_mean": 0.814629341032603, "width_sd": 0.5083368330407515, "width_min": 0.12024720492618357, "width_q1": 0.41059571481171325, "width_q2": 0.6428850134949156, "width_q3": 1.1225895009862463, "width_max": 2.034496782302838}