{"data_name": "OpticalNetwork", "n_neighbors": "qrf", "level": 0.8, "random_state": 1424, "test_size": 0.2, "n": 630, "d": 9, "oob_score": NaN, "test_score": NaN, "coverage": 0.8650793650793651, "width_mean": 0.44660613266681126, "width_sd": 0.29333250082951096, "width_min": 0.04299783253806, "width_q1": 0.20787598339096527, "width_q2": 0.37072561537647075, "width_q3": 0.6387121322041012, "width_max": 1.730172364668912}