{"data_name": "OpticalNetwork", "n_neighbors": "qrf", "level": 0.95, "random_state": 3657, "test_size": 0.2, "n": 630, "d": 9, "oob_score": NaN, "test_score": NaN, "coverage": 0.9285714285714286, "width_mean": 0.6656931720967227, "width_sd": 0.4189480029085017, "width_min": 0.04885927863079398, "width_q1": 0.3083726282589405, "width_q2": 0.5703048511648476, "width_q3": 0.9556958206031809, "width_max": 1.8332766848849786}