{"data_name": "OpticalNetwork", "n_neighbors": "qrf", "level": 0.95, "random_state": 4506, "test_size": 0.2, "n": 630, "d": 9, "oob_score": NaN, "test_score": NaN, "coverage": 0.9444444444444444, "width_mean": 0.7104759810913202, "width_sd": 0.42165964214480617, "width_min": 0.12451680436848528, "width_q1": 0.3992844417892626, "width_q2": 0.6114969880581229, "width_q3": 0.9399929133456915, "width_max": 2.049821625674348}