{"data_name": "OpticalNetwork", "n_neighbors": "qrf", "level": 0.8, "random_state": 409, "test_size": 0.2, "n": 630, "d": 9, "oob_score": NaN, "test_score": NaN, "coverage": 0.6984126984126984, "width_mean": 0.34373634579970863, "width_sd": 0.2536196100472678, "width_min": 0.040692976094979905, "width_q1": 0.1612928730964564, "width_q2": 0.25631229634470243, "width_q3": 0.4469190202371808, "width_max": 1.2448382530555009}