{"data_name": "Parkinsons", "n_neighbors": "qrf", "level": 0.8, "random_state": 4012, "test_size": 0.2, "n": 5875, "d": 21, "oob_score": NaN, "test_score": NaN, "coverage": 0.8093617021276596, "width_mean": 0.9743674461032139, "width_sd": 0.4035583760187175, "width_min": 0.23730445237566, "width_q1": 0.6819620444693452, "width_q2": 0.8934573288679843, "width_q3": 1.171970109787952, "width_max": 3.3583066423798744}