{"data_name": "Parkinsons", "n_neighbors": "qrf", "level": 0.9, "random_state": 1679, "test_size": 0.2, "n": 5875, "d": 21, "oob_score": NaN, "test_score": NaN, "coverage": 0.9072340425531915, "width_mean": 1.265780688632481, "width_sd": 0.4866495872959897, "width_min": 0.30415801177242097, "width_q1": 0.8975202372717361, "width_q2": 1.2079051274921462, "width_q3": 1.525817464015406, "width_max": 3.5485666045767896}