{"data_name": "Parkinsons", "n_neighbors": "qrf", "level": 0.8, "random_state": 1824, "test_size": 0.2, "n": 5875, "d": 21, "oob_score": NaN, "test_score": NaN, "coverage": 0.8136170212765957, "width_mean": 0.9552425551037979, "width_sd": 0.39272858023604124, "width_min": 0.24741390839038013, "width_q1": 0.6860932600083318, "width_q2": 0.8737739447787953, "width_q3": 1.146997021146197, "width_max": 3.46792593300429}