{"data_name": "Parkinsons", "n_neighbors": "qrf", "level": 0.95, "random_state": 4012, "test_size": 0.2, "n": 5875, "d": 21, "oob_score": NaN, "test_score": NaN, "coverage": 0.9438297872340425, "width_mean": 1.505471290735399, "width_sd": 0.5469252710361835, "width_min": 0.2867260308605699, "width_q1": 1.0936382193863723, "width_q2": 1.411823784450569, "width_q3": 1.8261407132157648, "width_max": 3.8406834345500687}