{"data_name": "Parkinsons", "n_neighbors": "qrf", "level": 0.95, "random_state": 9674, "test_size": 0.2, "n": 5875, "d": 21, "oob_score": NaN, "test_score": NaN, "coverage": 0.9523404255319149, "width_mean": 1.4932662557567982, "width_sd": 0.5489687758960076, "width_min": 0.5411455190405998, "width_q1": 1.078491795219466, "width_q2": 1.418195474025246, "width_q3": 1.803085688931397, "width_max": 4.759313308894694}