{"data_name": "Parkinsons", "n_neighbors": "qrf", "level": 0.8, "random_state": 1424, "test_size": 0.2, "n": 5875, "d": 21, "oob_score": NaN, "test_score": NaN, "coverage": 0.8212765957446808, "width_mean": 0.955145327599511, "width_sd": 0.4152833055998272, "width_min": 0.2014131512380194, "width_q1": 0.6833882974530441, "width_q2": 0.8830527860290581, "width_q3": 1.1229146575479056, "width_max": 4.1278275050782804}