{"data_name": "Parkinsons", "n_neighbors": "qrf", "level": 0.95, "random_state": 3657, "test_size": 0.2, "n": 5875, "d": 21, "oob_score": NaN, "test_score": NaN, "coverage": 0.9404255319148936, "width_mean": 1.4808441982548164, "width_sd": 0.5330092420069998, "width_min": 0.40388096464406376, "width_q1": 1.1090469429525815, "width_q2": 1.3947314266150952, "width_q3": 1.7469030702009765, "width_max": 4.759313308894694}