{"data_name": "Parkinsons", "n_neighbors": "qrf", "level": 0.8, "random_state": 2286, "test_size": 0.2, "n": 5875, "d": 21, "oob_score": NaN, "test_score": NaN, "coverage": 0.8204255319148936, "width_mean": 0.9562845134236078, "width_sd": 0.4123819380276436, "width_min": 0.23732521774477533, "width_q1": 0.6652224246802266, "width_q2": 0.8726591723317676, "width_q3": 1.1425106085039936, "width_max": 4.58204263153397}