{"data_name": "Parkinsons", "n_neighbors": "qrf", "level": 0.9, "random_state": 409, "test_size": 0.2, "n": 5875, "d": 21, "oob_score": NaN, "test_score": NaN, "coverage": 0.9148936170212766, "width_mean": 1.2619802275202447, "width_sd": 0.5010342804274663, "width_min": 0.33950613457068557, "width_q1": 0.9117663733962549, "width_q2": 1.1876588926086291, "width_q3": 1.509462003554844, "width_max": 4.3746075232536805}