{"data_name": "Parkinsons", "n_neighbors": "qrf", "level": 0.99, "random_state": 409, "test_size": 0.2, "n": 5875, "d": 21, "oob_score": NaN, "test_score": NaN, "coverage": 0.9753191489361702, "width_mean": 1.9032702541446014, "width_sd": 0.6051406706719806, "width_min": 0.7104148078713627, "width_q1": 1.459771158342844, "width_q2": 1.8323782475768418, "width_q3": 2.253595563143433, "width_max": 4.616897303587303}