{"data_name": "Parkinsons", "n_neighbors": "qrf", "level": 0.99, "random_state": 4012, "test_size": 0.2, "n": 5875, "d": 21, "oob_score": NaN, "test_score": NaN, "coverage": 0.977872340425532, "width_mean": 1.9094885618666972, "width_sd": 0.6228645018085813, "width_min": 0.5485500125000289, "width_q1": 1.451436185087252, "width_q2": 1.8393881990231544, "width_q3": 2.2980673333807013, "width_max": 4.654968422024549}