{"data_name": "Parkinsons", "n_neighbors": "qrf", "level": 0.95, "random_state": 1679, "test_size": 0.2, "n": 5875, "d": 21, "oob_score": NaN, "test_score": NaN, "coverage": 0.9463829787234043, "width_mean": 1.5091948713821235, "width_sd": 0.5337206276303974, "width_min": 0.4194344993369665, "width_q1": 1.1163667355643174, "width_q2": 1.4362285577271736, "width_q3": 1.805002387146079, "width_max": 4.398599721433456}