{"data_name": "Parkinsons", "n_neighbors": "qrf", "level": 0.99, "random_state": 1824, "test_size": 0.2, "n": 5875, "d": 21, "oob_score": NaN, "test_score": NaN, "coverage": 0.9642553191489361, "width_mean": 1.8711590652201382, "width_sd": 0.5878847390429157, "width_min": 0.6071058396913319, "width_q1": 1.437157261537819, "width_q2": 1.8035264065679282, "width_q3": 2.206504350884188, "width_max": 4.82456028447074}