{"data_name": "Parkinsons", "n_neighbors": "qrf", "level": 0.95, "random_state": 8935, "test_size": 0.2, "n": 5875, "d": 21, "oob_score": NaN, "test_score": NaN, "coverage": 0.9395744680851064, "width_mean": 1.484551671672116, "width_sd": 0.535816772169433, "width_min": 0.516297842299141, "width_q1": 1.095336744611115, "width_q2": 1.4181353637462433, "width_q3": 1.7547269694707457, "width_max": 4.544454581157102}