{"data_name": "Parkinsons", "n_neighbors": "qrf", "level": 0.9, "random_state": 8935, "test_size": 0.2, "n": 5875, "d": 21, "oob_score": NaN, "test_score": NaN, "coverage": 0.8978723404255319, "width_mean": 1.2475783325245968, "width_sd": 0.48900259867206936, "width_min": 0.440444407992417, "width_q1": 0.9040285411168867, "width_q2": 1.1664727515442768, "width_q3": 1.4828358822404168, "width_max": 3.9303379156881304}