{"data_name": "Parkinsons", "n_neighbors": "qrf", "level": 0.99, "random_state": 1679, "test_size": 0.2, "n": 5875, "d": 21, "oob_score": NaN, "test_score": NaN, "coverage": 0.9744680851063829, "width_mean": 1.9116212038752263, "width_sd": 0.620472064064309, "width_min": 0.6449564080503365, "width_q1": 1.4283382639219564, "width_q2": 1.865619231867385, "width_q3": 2.266894962373602, "width_max": 4.823865737519676}