{"data_name": "Parkinsons", "n_neighbors": "qrf", "level": 0.8, "random_state": 3657, "test_size": 0.2, "n": 5875, "d": 21, "oob_score": NaN, "test_score": NaN, "coverage": 0.7940425531914893, "width_mean": 0.9550895303783576, "width_sd": 0.39819189292241064, "width_min": 0.14238485725372646, "width_q1": 0.6784373962912433, "width_q2": 0.8888998768051336, "width_q3": 1.1403357093181252, "width_max": 3.8302269782883602}