{"data_name": "Parkinsons", "n_neighbors": "qrf", "level": 0.99, "random_state": 3657, "test_size": 0.2, "n": 5875, "d": 21, "oob_score": NaN, "test_score": NaN, "coverage": 0.9676595744680851, "width_mean": 1.8832023873172743, "width_sd": 0.6145371506389441, "width_min": 0.6107305441611217, "width_q1": 1.4513401999008197, "width_q2": 1.7852534282070702, "width_q3": 2.2613361277082147, "width_max": 4.824298531528521}