{"data_name": "Parkinsons", "n_neighbors": "qrf", "level": 0.8, "random_state": 409, "test_size": 0.2, "n": 5875, "d": 21, "oob_score": NaN, "test_score": NaN, "coverage": 0.8340425531914893, "width_mean": 0.9794544694915749, "width_sd": 0.423347235541801, "width_min": 0.22755128637832622, "width_q1": 0.7035307054910077, "width_q2": 0.9076870712800472, "width_q3": 1.176866365241566, "width_max": 4.3116556674215145}