{"data_name": "Protein", "n_neighbors": "qrf", "level": 0.95, "random_state": 2286, "test_size": 0.2, "n": 45730, "d": 9, "oob_score": NaN, "test_score": NaN, "coverage": 0.9419418324950798, "width_mean": 1.8798462856118654, "width_sd": 0.9704737196607492, "width_min": 0.0, "width_q1": 1.1793602766243976, "width_q2": 2.206885365817625, "width_q3": 2.646488869641165, "width_max": 3.42730169896969}