{"data_name": "Protein", "n_neighbors": "qrf", "level": 0.99, "random_state": 4506, "test_size": 0.2, "n": 45730, "d": 9, "oob_score": NaN, "test_score": NaN, "coverage": 0.9749617319046577, "width_mean": 2.2599035728416164, "width_sd": 0.9059753779595389, "width_min": 0.0, "width_q1": 1.8976675046877338, "width_q2": 2.59903807514074, "width_q3": 2.9168722838509225, "width_max": 3.43150220416841}