{"data_name": "Protein", "n_neighbors": "qrf", "level": 0.9, "random_state": 409, "test_size": 0.2, "n": 45730, "d": 9, "oob_score": NaN, "test_score": NaN, "coverage": 0.9034550623223268, "width_mean": 1.5957818640412393, "width_sd": 0.9687565984230504, "width_min": 0.0, "width_q1": 0.5716058098264116, "width_q2": 1.8636023473278667, "width_q3": 2.4150841414892064, "width_max": 3.3945639094248}