{"data_name": "Protein", "n_neighbors": "qrf", "level": 0.8, "random_state": 3657, "test_size": 0.2, "n": 45730, "d": 9, "oob_score": NaN, "test_score": NaN, "coverage": 0.8269188716378745, "width_mean": 1.2534354944916681, "width_sd": 0.903513447080389, "width_min": 0.0, "width_q1": 0.3090885362373365, "width_q2": 1.2953900390262951, "width_q3": 2.069941949978615, "width_max": 3.3577890584632497}