{"data_name": "Protein", "n_neighbors": "qrf", "level": 0.95, "random_state": 1679, "test_size": 0.2, "n": 45730, "d": 9, "oob_score": NaN, "test_score": NaN, "coverage": 0.9464246665208834, "width_mean": 1.8698423243578066, "width_sd": 0.9718192190284534, "width_min": 0.0, "width_q1": 1.1385381490097828, "width_q2": 2.2081990452158653, "width_q3": 2.6392912140890776, "width_max": 3.4103117178254494}