{"data_name": "Protein", "n_neighbors": "qrf", "level": 0.8, "random_state": 4012, "test_size": 0.2, "n": 45730, "d": 9, "oob_score": NaN, "test_score": NaN, "coverage": 0.8317297179094686, "width_mean": 1.240725572743017, "width_sd": 0.9121439034689528, "width_min": 0.0, "width_q1": 0.27973403298091304, "width_q2": 1.2725405982955178, "width_q3": 2.059420256509057, "width_max": 3.248673989565752}