{"data_name": "Protein", "n_neighbors": "qrf", "level": 0.9, "random_state": 8935, "test_size": 0.2, "n": 45730, "d": 9, "oob_score": NaN, "test_score": NaN, "coverage": 0.9082659085939209, "width_mean": 1.6027648548781666, "width_sd": 0.9689930990107684, "width_min": 0.0, "width_q1": 0.5907695932719343, "width_q2": 1.863945579270177, "width_q3": 2.4161608274034716, "width_max": 3.38312284468121}