{"data_name": "Protein", "n_neighbors": "qrf", "level": 0.95, "random_state": 4012, "test_size": 0.2, "n": 45730, "d": 9, "oob_score": NaN, "test_score": NaN, "coverage": 0.9410671331729717, "width_mean": 1.863893957143878, "width_sd": 0.9795107533063536, "width_min": 0.0, "width_q1": 1.1055398709372593, "width_q2": 2.1961511954313995, "width_q3": 2.646960813561841, "width_max": 3.42954087878379}