{"data_name": "Protein", "n_neighbors": "qrf", "level": 0.9, "random_state": 1679, "test_size": 0.2, "n": 45730, "d": 9, "oob_score": NaN, "test_score": NaN, "coverage": 0.9057511480428603, "width_mean": 1.5920548338200506, "width_sd": 0.9685135049522814, "width_min": 0.0, "width_q1": 0.564042448811986, "width_q2": 1.861624677565048, "width_q3": 2.4072265816670817, "width_max": 3.3839972689151847}