{"data_name": "Protein", "n_neighbors": "qrf", "level": 0.9, "random_state": 2286, "test_size": 0.2, "n": 45730, "d": 9, "oob_score": NaN, "test_score": NaN, "coverage": 0.9044390990596982, "width_mean": 1.6021103935219672, "width_sd": 0.9713254749978117, "width_min": 0.0, "width_q1": 0.5954502145804296, "width_q2": 1.8667976732669695, "width_q3": 2.4233074067736657, "width_max": 3.41613848865558}