{"data_name": "Protein", "n_neighbors": "qrf", "level": 0.9, "random_state": 4012, "test_size": 0.2, "n": 45730, "d": 9, "oob_score": NaN, "test_score": NaN, "coverage": 0.9053137983818063, "width_mean": 1.5917363695258662, "width_sd": 0.9775998161299024, "width_min": 0.0, "width_q1": 0.5559397233167851, "width_q2": 1.8636881553134441, "width_q3": 2.417934192438726, "width_max": 3.41335994436071}