{"data_name": "Protein", "n_neighbors": "qrf", "level": 0.8, "random_state": 2286, "test_size": 0.2, "n": 45730, "d": 9, "oob_score": NaN, "test_score": NaN, "coverage": 0.8248414607478679, "width_mean": 1.2484786177185219, "width_sd": 0.9078490273920546, "width_min": 0.0, "width_q1": 0.2988079223463073, "width_q2": 1.2807127873980877, "width_q3": 2.0745347202542552, "width_max": 3.3925698952837773}