{"data_name": "Protein", "n_neighbors": "qrf", "level": 0.8, "random_state": 8935, "test_size": 0.2, "n": 45730, "d": 9, "oob_score": NaN, "test_score": NaN, "coverage": 0.8352285151979008, "width_mean": 1.2487911355969536, "width_sd": 0.906863314831144, "width_min": 0.0, "width_q1": 0.29987439302419117, "width_q2": 1.280868058991036, "width_q3": 2.0632121522526514, "width_max": 3.317679954347842}