{"data_name": "Protein", "n_neighbors": "qrf", "level": 0.99, "random_state": 9674, "test_size": 0.2, "n": 45730, "d": 9, "oob_score": NaN, "test_score": NaN, "coverage": 0.9778045047015088, "width_mean": 2.283374738279191, "width_sd": 0.903235882252415, "width_min": 0.0, "width_q1": 1.9538155514405764, "width_q2": 2.6111905289457154, "width_q3": 2.930998117019435, "width_max": 3.42954087878379}