{"data_name": "Protein", "n_neighbors": "qrf", "level": 0.99, "random_state": 4012, "test_size": 0.2, "n": 45730, "d": 9, "oob_score": NaN, "test_score": NaN, "coverage": 0.9726656461841242, "width_mean": 2.2613730163443533, "width_sd": 0.9140115201862461, "width_min": 0.0, "width_q1": 1.9012820639278036, "width_q2": 2.5890757680152605, "width_q3": 2.921356364011495, "width_max": 3.4303580976940498}