{"data_name": "Protein", "n_neighbors": "qrf", "level": 0.95, "random_state": 3657, "test_size": 0.2, "n": 45730, "d": 9, "oob_score": NaN, "test_score": NaN, "coverage": 0.9427071944019243, "width_mean": 1.887257831638804, "width_sd": 0.9622192031089752, "width_min": 0.0, "width_q1": 1.185343340571113, "width_q2": 2.222204134290392, "width_q3": 2.641238238142768, "width_max": 3.4236323860626388}