{"data_name": "Protein", "n_neighbors": "qrf", "level": 0.9, "random_state": 4506, "test_size": 0.2, "n": 45730, "d": 9, "oob_score": NaN, "test_score": NaN, "coverage": 0.9080472337633938, "width_mean": 1.589288858755891, "width_sd": 0.9738667574677378, "width_min": 0.0, "width_q1": 0.5568713528744794, "width_q2": 1.8577878347813919, "width_q3": 2.4166143838986605, "width_max": 3.398282255466468}