{"data_name": "Protein", "n_neighbors": "qrf", "level": 0.95, "random_state": 409, "test_size": 0.2, "n": 45730, "d": 9, "oob_score": NaN, "test_score": NaN, "coverage": 0.9417231576645528, "width_mean": 1.8782768102613292, "width_sd": 0.9679248800547625, "width_min": 0.0, "width_q1": 1.1470392687237378, "width_q2": 2.205126302113297, "width_q3": 2.646886242336276, "width_max": 3.4285520439023833}