{"data_name": "Protein", "n_neighbors": "qrf", "level": 0.95, "random_state": 1424, "test_size": 0.2, "n": 45730, "d": 9, "oob_score": NaN, "test_score": NaN, "coverage": 0.9451126175377214, "width_mean": 1.8840916842390873, "width_sd": 0.9648291435164914, "width_min": 0.0, "width_q1": 1.1755111755570873, "width_q2": 2.2140973227006366, "width_q3": 2.642231159118729, "width_max": 3.42954087878379}