{"data_name": "SML2010", "n_neighbors": "qrf", "level": 0.8, "random_state": 1824, "test_size": 0.2, "n": 4137, "d": 21, "oob_score": NaN, "test_score": NaN, "coverage": 0.857487922705314, "width_mean": 0.12183543403151413, "width_sd": 0.12376269935149557, "width_min": 0.008915804140010808, "width_q1": 0.06999268558234306, "width_q2": 0.09641930416902048, "width_q3": 0.12942710259794832, "width_max": 1.1258308643923378}