{"data_name": "SML2010", "n_neighbors": "qrf", "level": 0.9, "random_state": 1824, "test_size": 0.2, "n": 4137, "d": 21, "oob_score": NaN, "test_score": NaN, "coverage": 0.9214975845410628, "width_mean": 0.16661804532088953, "width_sd": 0.15413745480704394, "width_min": 0.014492333177118955, "width_q1": 0.09482175087894928, "width_q2": 0.12768877742571375, "width_q3": 0.17356380521247208, "width_max": 1.1945501871585504}