{"data_name": "SML2010", "n_neighbors": "qrf", "level": 0.99, "random_state": 4506, "test_size": 0.2, "n": 4137, "d": 21, "oob_score": NaN, "test_score": NaN, "coverage": 0.9818840579710145, "width_mean": 0.27586634467143806, "width_sd": 0.20075961047844335, "width_min": 0.02255369350688996, "width_q1": 0.15598645435072506, "width_q2": 0.20776571151047332, "width_q3": 0.3143072688160456, "width_max": 1.517890746138509}