{"data_name": "SML2010", "n_neighbors": "qrf", "level": 0.9, "random_state": 8935, "test_size": 0.2, "n": 4137, "d": 21, "oob_score": NaN, "test_score": NaN, "coverage": 0.9166666666666666, "width_mean": 0.16008397540679473, "width_sd": 0.13853567853212623, "width_min": 0.013899053287680596, "width_q1": 0.09561656477663115, "width_q2": 0.12815600420887097, "width_q3": 0.17527042840588258, "width_max": 1.3531808507264325}