{"data_name": "SML2010", "n_neighbors": "qrf", "level": 0.9, "random_state": 9674, "test_size": 0.2, "n": 4137, "d": 21, "oob_score": NaN, "test_score": NaN, "coverage": 0.9299516908212561, "width_mean": 0.16048015351196643, "width_sd": 0.13769540175817788, "width_min": 0.014069640126119942, "width_q1": 0.09614757292195109, "width_q2": 0.12541453784953333, "width_q3": 0.16868962596813608, "width_max": 1.012651780751195}