{"data_name": "SML2010", "n_neighbors": "qrf", "level": 0.95, "random_state": 1424, "test_size": 0.2, "n": 4137, "d": 21, "oob_score": NaN, "test_score": NaN, "coverage": 0.9516908212560387, "width_mean": 0.1920718281202758, "width_sd": 0.1550174557655107, "width_min": 0.010306162354185577, "width_q1": 0.11610094935617671, "width_q2": 0.15053382721418646, "width_q3": 0.2077289145707657, "width_max": 1.4246869283931618}