{"data_name": "SML2010", "n_neighbors": "qrf", "level": 0.8, "random_state": 4012, "test_size": 0.2, "n": 4137, "d": 21, "oob_score": NaN, "test_score": NaN, "coverage": 0.8502415458937198, "width_mean": 0.1169421748925153, "width_sd": 0.10485986078157111, "width_min": 0.010476749192630086, "width_q1": 0.06997381535685598, "width_q2": 0.09420016565127452, "width_q3": 0.13166133729608703, "width_max": 1.0701169010345504}