{"data_name": "SML2010", "n_neighbors": "qrf", "level": 0.99, "random_state": 9674, "test_size": 0.2, "n": 4137, "d": 21, "oob_score": NaN, "test_score": NaN, "coverage": 0.9734299516908212, "width_mean": 0.2779153133189165, "width_sd": 0.2083851625436205, "width_min": 0.02859820413618186, "width_q1": 0.15609099539994395, "width_q2": 0.20640048843664888, "width_q3": 0.3061960910909788, "width_max": 1.3960274337645848}