{"data_name": "SML2010", "n_neighbors": "qrf", "level": 0.99, "random_state": 2286, "test_size": 0.2, "n": 4137, "d": 21, "oob_score": NaN, "test_score": NaN, "coverage": 0.9770531400966184, "width_mean": 0.27261842935503616, "width_sd": 0.2020244450653722, "width_min": 0.03442744323307201, "width_q1": 0.15416676076617256, "width_q2": 0.2025031830255316, "width_q3": 0.29521282730571613, "width_max": 1.481841067360425}