{"data_name": "SML2010", "n_neighbors": "qrf", "level": 0.9, "random_state": 4506, "test_size": 0.2, "n": 4137, "d": 21, "oob_score": NaN, "test_score": NaN, "coverage": 0.9251207729468599, "width_mean": 0.16135343655311857, "width_sd": 0.14137783952214805, "width_min": 0.01406964012612022, "width_q1": 0.09440094485049808, "width_q2": 0.12753177714962805, "width_q3": 0.17463261478428493, "width_max": 1.210804244587512}