{"data_name": "SML2010", "n_neighbors": "qrf", "level": 0.9, "random_state": 409, "test_size": 0.2, "n": 4137, "d": 21, "oob_score": NaN, "test_score": NaN, "coverage": 0.9335748792270532, "width_mean": 0.1643030971075338, "width_sd": 0.13205701817028756, "width_min": 0.013877918635131298, "width_q1": 0.10374095165954347, "width_q2": 0.12963090103325176, "width_q3": 0.1722851587332005, "width_max": 1.1098711824810354}