{"data_name": "SML2010", "n_neighbors": "qrf", "level": 0.95, "random_state": 1679, "test_size": 0.2, "n": 4137, "d": 21, "oob_score": NaN, "test_score": NaN, "coverage": 0.9528985507246377, "width_mean": 0.19775776800103226, "width_sd": 0.16064936695018692, "width_min": 0.018492820981219626, "width_q1": 0.11623021040078556, "width_q2": 0.15285637456762505, "width_q3": 0.2090554914227834, "width_max": 1.4740114333996819}