{"data_name": "SML2010", "n_neighbors": "qrf", "level": 0.99, "random_state": 409, "test_size": 0.2, "n": 4137, "d": 21, "oob_score": NaN, "test_score": NaN, "coverage": 0.9903381642512077, "width_mean": 0.28397343238908224, "width_sd": 0.19247340418186631, "width_min": 0.046470119217844275, "width_q1": 0.16644293692117343, "width_q2": 0.21225629681102678, "width_q3": 0.3311963470732317, "width_max": 1.3084111652680375}