{"data_name": "SML2010", "n_neighbors": "qrf", "level": 0.95, "random_state": 9674, "test_size": 0.2, "n": 4137, "d": 21, "oob_score": NaN, "test_score": NaN, "coverage": 0.9504830917874396, "width_mean": 0.2018439594466457, "width_sd": 0.16266630586769884, "width_min": 0.018502633498475196, "width_q1": 0.11713032015671182, "width_q2": 0.1525140686772155, "width_q3": 0.21150145005093457, "width_max": 1.2706205949670522}