{"data_name": "SML2010", "n_neighbors": "qrf", "level": 0.95, "random_state": 409, "test_size": 0.2, "n": 4137, "d": 21, "oob_score": NaN, "test_score": NaN, "coverage": 0.9698067632850241, "width_mean": 0.2096704975964814, "width_sd": 0.16306277949403108, "width_min": 0.01406964012612022, "width_q1": 0.12740176129599254, "width_q2": 0.15934244847340417, "width_q3": 0.2136528444591671, "width_max": 1.1402446974314149}