{"data_name": "SML2010", "n_neighbors": "qrf", "level": 0.99, "random_state": 4012, "test_size": 0.2, "n": 4137, "d": 21, "oob_score": NaN, "test_score": NaN, "coverage": 0.9842995169082126, "width_mean": 0.2773317690072635, "width_sd": 0.21088179239713187, "width_min": 0.023187733083390505, "width_q1": 0.15136913661577284, "width_q2": 0.20184899004820786, "width_q3": 0.30696482633702926, "width_max": 1.5554148688555598}