{"data_name": "SML2010", "n_neighbors": "qrf", "level": 0.95, "random_state": 2286, "test_size": 0.2, "n": 4137, "d": 21, "oob_score": NaN, "test_score": NaN, "coverage": 0.9528985507246377, "width_mean": 0.19505241123115896, "width_sd": 0.15312857944515335, "width_min": 0.02454638931874964, "width_q1": 0.11929775425661342, "width_q2": 0.1525797370619285, "width_q3": 0.2042992510877689, "width_max": 1.2783800316889673}